season,week,player_id,name,pos,team,opp,kickoff,logged_at,late,stamp,p_rushY,p_recY,p_rec,p_passY,p_comp,p_pts,bs_rushY,bs_recY,bs_rec,bs_passY,bs_comp,bs_pts,bl_rushY,bl_recY,bl_rec,bl_passY,bl_comp,bl_pts
2026,6,4429804,Jimmy Calloway,WR,Tulsa,Navy,2026-10-10T19:30:00+00:00,2026-10-10T06:31:14+00:00,0,d3d6b084,2.423,39.049,3.2,0.0,0.0,8.499,3.75,30.75,3.0,0.0,0.0,6.45,4.333,17.333,2.333,0.0,0.0,4.5
2026,6,4431647,Chauncey Magwood,WR,Purdue,Minnesota,2026-10-11T00:00:00+00:00,2026-10-10T06:31:14+00:00,0,d3d6b084,0.456,36.448,3.1,0.0,0.0,8.236,3.6,35.4,2.8,0.0,0.0,7.9,0.0,31.333,2.667,0.0,0.0,5.8
2026,6,4432691,Carlos Del Rio-Wilson,QB,Marshall,Coastal Carolina,2026-10-10T23:00:00+00:00,2026-10-10T06:31:14+00:00,0,d3d6b084,41.069,0.0,0.0,213.431,16.981,19.713,41.8,0.0,0.0,195.4,17.4,18.196,45.333,0.0,0.0,261.0,21.0,22.307
2026,6,4432757,Evan Pryor,RB,Florida,South Carolina,2026-10-10T16:45:00+00:00,2026-10-10T06:31:14+00:00,0,d3d6b084,11.836,11.379,1.1,0.0,0.0,4.405,10.0,3.5,1.0,0.0,0.0,2.35,12.0,3.0,1.0,0.0,0.0,2.5
2026,6,4433829,Mitch Griffis,QB,East Carolina,Rice,2026-10-10T20:00:00+00:00,2026-10-10T06:31:14+00:00,0,d3d6b084,19.526,0.0,0.0,97.999,8.778,8.963,18.75,0.0,0.0,106.25,9.0,8.375,24.667,0.0,0.0,96.0,8.667,8.307
2026,6,4565355,Dexter Williams II,QB,Tulsa,Navy,2026-10-10T19:30:00+00:00,2026-10-10T06:31:14+00:00,0,d3d6b084,5.329,0.0,0.0,105.248,9.387,7.992,3.75,0.0,0.0,85.0,8.5,6.275,6.0,0.0,0.0,113.333,11.333,8.467
2026,6,4592532,Billy Edwards,QB,North Carolina,Pittsburgh,2026-10-10T16:00:00+00:00,2026-10-10T06:31:14+00:00,0,d3d6b084,10.15,0.0,0.0,209.643,16.689,15.309,5.0,0.0,0.0,204.75,15.25,13.94,8.0,0.0,0.0,195.667,15.0,15.627
2026,6,4608922,Braydon Bennett,RB,Eastern Michigan,Akron,2026-10-10T19:30:00+00:00,2026-10-10T06:31:14+00:00,0,d3d6b084,43.491,13.76,1.1,0.0,0.0,9.67,32.5,8.167,0.833,0.0,0.0,6.9,30.667,9.0,1.333,0.0,0.0,7.3
2026,6,4683210,Brady Hunt,TE,South Carolina,Florida,2026-10-10T16:45:00+00:00,2026-10-10T06:31:14+00:00,0,d3d6b084,0.864,26.374,2.7,0.0,0.0,6.255,0.0,19.0,2.2,0.0,0.0,4.1,0.0,21.0,2.333,0.0,0.0,4.433
2026,6,4683234,La'Vell Wright,,Pittsburgh,North Carolina,2026-10-10T16:00:00+00:00,2026-10-10T06:31:14+00:00,0,d3d6b084,30.669,8.346,0.8,0.0,0.0,7.163,36.25,8.25,0.75,0.0,0.0,8.2,40.0,11.0,1.0,0.0,0.0,10.1
2026,6,4683719,Jaden Bray,WR,West Virginia,Arizona,2026-10-10T16:00:00+00:00,2026-10-10T06:31:14+00:00,0,d3d6b084,0.417,26.262,2.1,0.0,0.0,5.456,0.8,30.4,1.8,0.0,0.0,4.92,0.0,41.0,1.667,0.0,0.0,5.767
2026,6,4685237,Michael Allen,RB,East Carolina,Rice,2026-10-10T20:00:00+00:00,2026-10-10T06:31:14+00:00,0,d3d6b084,24.416,20.079,2.2,0.0,0.0,9.458,15.25,7.0,1.75,0.0,0.0,6.725,15.333,9.333,2.333,0.0,0.0,8.467
2026,6,4685268,Raleek Brown,RB,Texas,Oklahoma,2026-10-10T19:30:00+00:00,2026-10-10T06:31:14+00:00,0,d3d6b084,36.784,24.983,2.8,0.0,0.0,13.496,49.0,7.5,2.25,0.0,0.0,13.65,54.0,6.333,2.667,0.0,0.0,12.367
2026,6,4685269,Jovantae Barnes,RB,Kentucky,LSU,2026-10-10T23:00:00+00:00,2026-10-10T06:31:14+00:00,0,d3d6b084,31.009,4.259,0.4,0.0,0.0,5.781,42.0,1.333,0.333,0.0,0.0,6.667,42.0,1.333,0.333,0.0,0.0,6.667
2026,6,4685289,Keyan Burnett,TE,UNLV,North Dakota State,2026-10-10T23:00:00+00:00,2026-10-10T06:31:14+00:00,0,d3d6b084,0.0,30.408,2.7,0.0,0.0,7.205,0.0,26.0,2.25,0.0,0.0,6.35,0.0,31.667,2.333,0.0,0.0,7.5
2026,6,4685290,Tychaun Chapman,WR,Memphis,UAB,2026-10-10T23:00:00+00:00,2026-10-10T06:31:14+00:00,0,d3d6b084,0.0,35.043,2.9,0.0,0.0,7.769,0.0,35.2,2.4,0.0,0.0,6.92,0.0,38.0,2.667,0.0,0.0,8.467
2026,6,4685291,Jacurri Brown,QB,Rice,East Carolina,2026-10-10T20:00:00+00:00,2026-10-10T06:31:14+00:00,0,d3d6b084,59.719,0.0,0.0,98.041,8.332,14.945,99.0,0.0,0.0,80.6,7.0,18.724,121.667,0.0,0.0,109.333,8.333,26.54
2026,6,4685311,Jayden Denegal,QB,San Diego State,Oregon State,2026-10-10T22:00:00+00:00,2026-10-10T06:31:14+00:00,0,d3d6b084,7.19,0.0,0.0,156.313,17.151,10.801,2.4,0.0,0.0,141.2,14.0,8.888,-1.0,0.0,0.0,174.667,17.333,8.553
2026,6,4685348,Terrance Gibbs,,Georgia Southern,James Madison,2026-10-10T23:30:00+00:00,2026-10-10T06:31:14+00:00,0,d3d6b084,19.495,24.773,2.4,0.0,0.0,8.851,19.0,4.0,3.0,0.0,0.0,5.3,19.0,4.0,3.0,0.0,0.0,5.3
2026,6,4685364,Andre Greene Jr.,,Georgia Southern,James Madison,2026-10-10T23:30:00+00:00,2026-10-10T06:31:14+00:00,0,d3d6b084,0.0,21.576,2.0,0.0,0.0,4.806,0.0,22.25,2.5,0.0,0.0,4.725,0.0,17.333,2.333,0.0,0.0,4.067
2026,6,4685383,Isaiah Horton,WR,Texas A&M,Missouri,2026-10-10T16:00:00+00:00,2026-10-10T06:31:14+00:00,0,d3d6b084,0.0,52.305,4.0,0.0,0.0,12.264,0.0,49.6,3.4,0.0,0.0,11.76,0.0,46.333,3.333,0.0,0.0,7.967
2026,6,4685401,Josh Hoover,QB,Indiana,Nebraska,2026-10-10T16:00:00+00:00,2026-10-10T06:31:14+00:00,0,d3d6b084,6.07,0.0,0.0,196.53,15.423,19.032,3.6,0.0,0.0,220.2,15.2,22.368,0.0,0.0,0.0,241.667,19.0,21.0
2026,6,4685418,Tavorus Jones,RB,UTEP,Nevada,2026-10-10T23:00:00+00:00,2026-10-10T06:31:14+00:00,0,d3d6b084,47.328,18.174,2.0,0.0,0.0,11.091,49.0,5.5,1.75,0.0,0.0,8.45,57.333,0.0,1.333,0.0,0.0,9.067
2026,6,4685445,Rayshon Luke,RB,Fresno State,Boise State,2026-10-11T02:30:00+00:00,2026-10-10T06:31:14+00:00,0,d3d6b084,57.61,26.653,2.4,0.0,0.0,14.007,57.2,14.4,2.4,0.0,0.0,11.96,87.333,5.333,1.667,0.0,0.0,12.933
2026,6,4685454,Jayden Maiava,QB,USC,Penn State,2026-10-10T23:30:00+00:00,2026-10-10T06:31:14+00:00,0,d3d6b084,7.004,0.0,0.0,241.195,20.455,19.614,-0.667,0.0,0.0,290.667,21.833,23.06,2.333,0.0,0.0,282.667,21.333,19.54
2026,6,4685494,George Pettaway,RB,James Madison,Georgia Southern,2026-10-10T23:30:00+00:00,2026-10-10T06:31:14+00:00,0,d3d6b084,62.409,10.826,1.0,0.0,0.0,13.189,99.4,6.2,0.8,0.0,0.0,18.36,132.667,10.333,1.333,0.0,0.0,19.3
2026,6,4685516,Shazz Preston,WR,Indiana,Nebraska,2026-10-10T16:00:00+00:00,2026-10-10T06:31:14+00:00,0,d3d6b084,0.0,25.665,2.2,0.0,0.0,5.928,0.0,24.6,1.8,0.0,0.0,5.46,0.0,24.667,2.333,0.0,0.0,4.8
2026,6,4685517,Talyn Shettron,WR,Louisiana Tech,Louisiana,2026-10-10T23:30:00+00:00,2026-10-10T06:31:14+00:00,0,d3d6b084,1.018,27.284,2.4,0.0,0.0,6.602,9.25,28.75,2.0,0.0,0.0,8.8,0.0,28.667,2.0,0.0,0.0,4.867
2026,6,4685545,Gavin Sawchuk,RB,Northwestern,Ball State,2026-10-10T16:30:00+00:00,2026-10-10T06:31:14+00:00,0,d3d6b084,47.5,0.0,0.0,0.0,0.0,5.799,42.5,0.0,0.0,0.0,0.0,4.0,33.667,0.0,0.0,0.0,0.0,3.033
2026,6,4685565,Evan Stewart,WR,Oregon,UCLA,2026-10-10T19:30:00+00:00,2026-10-10T06:31:14+00:00,0,d3d6b084,0.8,62.906,4.8,0.0,0.0,14.614,-0.5,69.5,5.5,0.0,0.0,16.65,0.0,68.667,4.667,0.0,0.0,17.533
2026,6,4685574,Conner Weigman,QB,Houston,Kansas State,2026-10-10T19:30:00+00:00,2026-10-10T06:31:14+00:00,0,d3d6b084,22.766,0.0,0.0,183.16,15.84,19.995,31.2,0.0,0.0,237.0,18.2,28.2,40.0,0.0,0.0,253.333,20.667,33.133
2026,6,4685578,Gunner Stockton,QB,Georgia,Alabama,2026-10-10T23:30:00+00:00,2026-10-10T06:31:14+00:00,0,d3d6b084,16.436,0.0,0.0,235.611,16.683,21.827,24.4,0.0,0.0,209.8,15.4,21.032,39.667,0.0,0.0,204.333,16.333,18.473
2026,6,4685694,Steven Angeli,QB,Syracuse,Virginia,2026-10-10T23:30:00+00:00,2026-10-10T06:31:14+00:00,0,d3d6b084,5.449,0.0,0.0,163.867,14.532,10.391,-7.667,0.0,0.0,243.333,19.0,12.633,-7.667,0.0,0.0,243.333,19.0,12.633
2026,6,4685695,Samuel Brown V,,Temple,UConn,2026-10-10T19:45:00+00:00,2026-10-10T06:31:14+00:00,0,d3d6b084,55.166,33.195,2.4,0.0,0.0,16.786,102.5,52.5,2.0,0.0,0.0,29.5,102.5,52.5,2.0,0.0,0.0,29.5
2026,6,4685696,Beau Pribula,QB,Virginia,Syracuse,2026-10-10T23:30:00+00:00,2026-10-10T06:31:14+00:00,0,d3d6b084,16.421,0.0,0.0,165.749,14.53,17.138,12.6,0.0,0.0,192.2,16.0,19.548,-13.0,0.0,0.0,214.667,19.667,18.62
2026,6,4685699,Damari Alston,RB,Tulsa,Navy,2026-10-10T19:30:00+00:00,2026-10-10T06:31:14+00:00,0,d3d6b084,40.855,27.371,2.6,0.0,0.0,14.014,58.4,15.4,2.4,0.0,0.0,15.78,58.0,12.667,2.333,0.0,0.0,15.4
2026,6,4685740,Max Johnson,QB,Georgia Southern,James Madison,2026-10-10T23:30:00+00:00,2026-10-10T06:31:14+00:00,0,d3d6b084,8.035,0.0,0.0,175.266,17.158,12.757,2.8,0.0,0.0,245.8,24.4,16.112,5.667,0.0,0.0,234.667,22.333,17.287
2026,6,4688541,Kyion Grayes,WR,California,Virginia Tech,2026-10-10T19:30:00+00:00,2026-10-10T06:31:14+00:00,0,d3d6b084,0.0,30.968,2.4,0.0,0.0,6.879,0.0,41.0,3.0,0.0,0.0,9.1,0.0,41.0,3.0,0.0,0.0,9.1
2026,6,4688904,Reece Adkins,TE,Massachusetts,Miami (OH),2026-10-10T18:00:00+00:00,2026-10-10T06:31:14+00:00,0,d3d6b084,1.365,20.989,1.9,0.0,0.0,4.921,0.6,15.0,1.8,0.0,0.0,4.56,0.0,20.667,2.0,0.0,0.0,4.067
2026,6,4689529,Kenji Christian,RB,UConn,Temple,2026-10-10T19:45:00+00:00,2026-10-10T06:31:14+00:00,0,d3d6b084,35.451,23.828,2.1,0.0,0.0,10.923,38.25,18.75,1.75,0.0,0.0,10.45,35.667,17.667,1.667,0.0,0.0,7.0
2026,6,4689721,Ty Robinson,WR,Illinois,Michigan State,2026-10-10T19:30:00+00:00,2026-10-10T06:31:14+00:00,0,d3d6b084,0.0,31.879,2.4,0.0,0.0,7.879,0.0,31.8,2.2,0.0,0.0,8.98,0.0,30.667,2.667,0.0,0.0,9.733
2026,6,4690158,Noah Kim,QB,Eastern Michigan,Akron,2026-10-10T19:30:00+00:00,2026-10-10T06:31:14+00:00,0,d3d6b084,7.755,0.0,0.0,239.478,22.235,17.418,-0.667,0.0,0.0,197.833,21.167,14.347,-1.0,0.0,0.0,205.333,20.0,13.78
2026,6,4691315,Umari Hatcher,WR,Syracuse,Virginia,2026-10-10T23:30:00+00:00,2026-10-10T06:31:14+00:00,0,d3d6b084,2.145,110.789,8.4,0.0,0.0,26.494,9.75,108.5,7.25,0.0,0.0,26.575,9.333,95.667,7.0,0.0,0.0,23.5
2026,6,4694149,Walker Eget,QB,Duke,Georgia Tech,2026-10-10T19:30:00+00:00,2026-10-10T06:31:14+00:00,0,d3d6b084,2.948,0.0,0.0,198.403,15.016,14.152,-0.75,0.0,0.0,180.25,14.5,12.885,2.0,0.0,0.0,196.667,15.0,15.733
2026,6,4698179,River Helms,TE,Georgia Southern,James Madison,2026-10-10T23:30:00+00:00,2026-10-10T06:31:14+00:00,0,d3d6b084,0.0,35.069,3.2,0.0,0.0,8.486,0.0,40.6,4.0,0.0,0.0,10.46,0.0,50.0,4.0,0.0,0.0,13.0
2026,6,4698727,Dallan Hayden,RB,Memphis,UAB,2026-10-10T23:00:00+00:00,2026-10-10T06:31:14+00:00,0,d3d6b084,39.738,6.223,0.6,0.0,0.0,7.157,43.0,2.5,0.5,0.0,0.0,6.55,55.0,3.333,0.667,0.0,0.0,8.5
2026,6,4699866,Nic Anderson,WR,Kentucky,LSU,2026-10-10T23:00:00+00:00,2026-10-10T06:31:14+00:00,0,d3d6b084,0.0,28.791,2.5,0.0,0.0,6.707,0.0,30.0,2.25,0.0,0.0,6.75,0.0,38.667,2.667,0.0,0.0,8.533
2026,6,4700147,Joseph Griffin Jr.,WR,Massachusetts,Miami (OH),2026-10-10T18:00:00+00:00,2026-10-10T06:31:14+00:00,0,d3d6b084,0.0,38.723,2.8,0.0,0.0,8.347,0.0,44.667,2.667,0.0,0.0,9.133,0.0,44.667,2.667,0.0,0.0,9.133
2026,6,4700811,Ja'Quez Cross,RB,App State,Old Dominion,2026-10-10T17:00:00+00:00,2026-10-10T06:31:14+00:00,0,d3d6b084,20.768,11.694,1.1,0.0,0.0,5.472,26.25,7.25,1.0,0.0,0.0,4.35,13.0,3.667,0.667,0.0,0.0,2.333
2026,6,4710860,Oran Singleton Jr.,WR,Tulsa,Navy,2026-10-10T19:30:00+00:00,2026-10-10T06:31:14+00:00,0,d3d6b084,3.726,77.189,6.0,0.783,0.063,17.366,5.8,61.2,5.2,0.0,0.0,14.3,12.667,60.333,6.333,0.0,0.0,15.633
2026,6,4711408,Horatio Fields,WR,Ole Miss,Vanderbilt,2026-10-10T19:30:00+00:00,2026-10-10T06:31:14+00:00,0,d3d6b084,0.0,32.81,3.0,0.0,0.0,7.579,0.0,42.5,3.75,0.0,0.0,9.5,0.0,41.0,3.333,0.0,0.0,9.433
2026,6,4711421,C.J. Smith,WR,UAB,Memphis,2026-10-10T23:00:00+00:00,2026-10-10T06:31:14+00:00,0,d3d6b084,0.0,39.686,2.5,0.0,0.0,7.825,0.0,44.6,2.0,0.0,0.0,7.66,0.0,50.667,2.333,0.0,0.0,9.4
2026,6,4714300,Holden Geriner,QB,Pittsburgh,North Carolina,2026-10-10T16:00:00+00:00,2026-10-10T06:31:14+00:00,0,d3d6b084,3.518,0.0,0.0,60.348,5.839,4.731,7.667,0.0,0.0,73.0,6.333,6.353,7.667,0.0,0.0,73.0,6.333,6.353
2026,6,4714341,Ben Ford,WR,Boise State,Fresno State,2026-10-11T02:30:00+00:00,2026-10-10T06:31:14+00:00,0,d3d6b084,0.0,23.62,2.1,0.0,0.0,6.102,0.0,23.0,2.0,0.0,0.0,7.3,0.0,28.0,2.333,0.0,0.0,9.133
2026,6,4717430,Chris Marshall,WR,Arkansas,Tennessee,2026-10-10T20:15:00+00:00,2026-10-10T06:31:14+00:00,0,d3d6b084,0.0,95.406,8.0,0.0,0.0,20.385,0.0,103.4,7.0,0.0,0.0,19.74,0.0,125.0,7.667,0.0,0.0,24.167
2026,6,4726152,Jovanni Bermudez,WR,Temple,UConn,2026-10-10T19:45:00+00:00,2026-10-10T06:31:14+00:00,0,d3d6b084,4.346,28.858,2.9,0.0,0.0,7.817,10.0,19.8,2.4,0.0,0.0,6.58,11.667,17.667,2.667,0.0,0.0,7.6
2026,6,4795295,Katin Houser,QB,Illinois,Michigan State,2026-10-10T19:30:00+00:00,2026-10-10T06:31:14+00:00,0,d3d6b084,17.836,0.0,0.0,246.528,19.483,20.481,21.2,0.0,0.0,249.2,20.4,21.488,19.667,0.0,0.0,264.333,21.667,18.54
2026,6,4801299,Rocco Becht,QB,Penn State,USC,2026-10-10T23:30:00+00:00,2026-10-10T06:31:14+00:00,0,d3d6b084,11.237,0.0,0.0,232.456,16.2,18.884,6.4,0.0,0.0,221.6,16.6,18.104,8.667,0.0,0.0,189.667,16.333,13.453
2026,6,4801307,Tayven Jackson,QB,North Texas,Charlotte,2026-10-10T19:30:00+00:00,2026-10-10T06:31:14+00:00,0,d3d6b084,8.515,0.0,0.0,306.155,22.759,21.309,7.0,0.0,0.0,302.0,24.0,21.98,-0.667,0.0,0.0,361.667,27.667,25.4
2026,6,4801717,Noah Fifita,QB,Arizona,West Virginia,2026-10-10T16:00:00+00:00,2026-10-10T06:31:14+00:00,0,d3d6b084,20.511,0.0,0.0,267.802,21.676,24.097,20.6,0.0,0.0,279.6,24.6,26.644,13.667,0.0,0.0,302.0,26.0,30.113
2026,6,4804879,Quincy Craig,RB,Arizona,West Virginia,2026-10-10T16:00:00+00:00,2026-10-10T06:31:14+00:00,0,d3d6b084,21.927,11.633,1.0,0.0,0.0,5.325,28.4,10.8,1.4,0.0,0.0,5.32,37.333,4.333,0.667,0.0,0.0,4.833
2026,6,4804882,Garrett Oakley,TE,Kansas State,Houston,2026-10-10T19:30:00+00:00,2026-10-10T06:31:14+00:00,0,d3d6b084,0.0,43.373,3.6,0.0,0.0,9.02,0.0,49.0,4.333,0.0,0.0,9.233,0.0,49.0,4.333,0.0,0.0,9.233
2026,6,4805256,Sutton Smith,RB,Arkansas,Tennessee,2026-10-10T20:15:00+00:00,2026-10-10T06:31:14+00:00,0,d3d6b084,27.732,22.747,2.4,0.0,0.0,9.504,25.2,21.0,2.2,0.0,0.0,7.82,25.667,21.333,2.0,0.0,0.0,8.7
2026,6,4808744,Jaylon Glover,RB,UNLV,North Dakota State,2026-10-10T23:00:00+00:00,2026-10-10T06:31:14+00:00,0,d3d6b084,26.016,12.647,1.2,0.0,0.0,6.442,29.667,6.0,1.0,0.0,0.0,4.233,29.667,6.0,1.0,0.0,0.0,4.233
2026,6,4808767,Xavier Townsend,WR,Purdue,Minnesota,2026-10-11T00:00:00+00:00,2026-10-10T06:31:14+00:00,0,d3d6b084,0.833,66.565,6.1,0.0,0.0,15.605,0.8,61.4,5.6,0.0,0.0,14.22,1.333,67.333,5.0,0.0,0.0,15.867
2026,6,4812374,Terrell Crosby Jr.,WR,Toledo,Buffalo,2026-10-10T19:30:00+00:00,2026-10-10T06:31:14+00:00,0,d3d6b084,3.187,37.79,2.7,0.0,0.0,7.963,4.0,39.0,3.0,0.0,0.0,7.3,4.0,39.0,3.0,0.0,0.0,7.3
2026,6,4816098,Makhi Hughes,RB,Houston,Kansas State,2026-10-10T19:30:00+00:00,2026-10-10T06:31:14+00:00,0,d3d6b084,47.33,16.339,1.5,0.0,0.0,10.427,62.0,13.8,1.4,0.0,0.0,11.18,56.0,20.333,1.667,0.0,0.0,9.3
2026,6,4816108,Tyler Powell,TE,Arizona,West Virginia,2026-10-10T16:00:00+00:00,2026-10-10T06:31:14+00:00,0,d3d6b084,0.0,35.391,3.2,0.0,0.0,9.502,0.0,25.5,4.0,0.0,0.0,12.55,0.0,25.5,4.0,0.0,0.0,12.55
2026,6,4816307,Joseph Himon II,RB,Northwestern,Ball State,2026-10-10T16:30:00+00:00,2026-10-10T06:31:14+00:00,0,d3d6b084,48.506,15.138,1.2,0.0,0.0,11.865,69.25,15.25,1.0,0.0,0.0,18.45,63.333,15.333,1.0,0.0,0.0,18.867
2026,6,4819250,AJ Bianco,QB,Nevada,UTEP,2026-10-10T23:00:00+00:00,2026-10-10T06:31:14+00:00,0,d3d6b084,12.573,0.0,0.0,63.085,5.442,6.469,23.5,0.0,0.0,58.0,6.0,9.17,23.5,0.0,0.0,58.0,6.0,9.17
2026,6,4826637,Henry Boyer,TE,Kentucky,LSU,2026-10-10T23:00:00+00:00,2026-10-10T06:31:14+00:00,0,d3d6b084,0.822,21.268,1.8,0.0,0.0,5.843,0.4,23.2,1.6,0.0,0.0,7.56,0.0,21.667,2.0,0.0,0.0,8.167
2026,6,4827047,Aidan Laughery,RB,Illinois,Michigan State,2026-10-10T19:30:00+00:00,2026-10-10T06:31:14+00:00,0,d3d6b084,53.146,8.76,0.8,0.0,0.0,8.896,64.2,4.0,0.8,0.0,0.0,8.82,85.0,-1.0,0.667,0.0,0.0,11.067
2026,6,4827049,Max Reese,TE,North Texas,Charlotte,2026-10-10T19:30:00+00:00,2026-10-10T06:31:14+00:00,0,d3d6b084,0.947,31.341,2.3,0.0,0.0,7.131,0.6,42.2,2.8,0.0,0.0,9.48,1.0,62.0,3.333,0.0,0.0,11.633
2026,6,4831976,Javon Tracy,WR,Minnesota,Purdue,2026-10-11T00:00:00+00:00,2026-10-10T06:31:14+00:00,0,d3d6b084,0.0,74.104,5.8,0.0,0.0,15.312,0.0,60.0,5.4,0.0,0.0,12.6,0.0,50.333,5.0,0.0,0.0,12.033
2026,6,4832875,Leon Haughton Jr.,TE,Old Dominion,App State,2026-10-10T17:00:00+00:00,2026-10-10T06:31:14+00:00,0,d3d6b084,0.0,26.817,2.5,0.0,0.0,6.918,0.0,23.6,2.0,0.0,0.0,6.76,0.0,21.667,2.333,0.0,0.0,6.5
2026,6,4832952,Mekhi Collins,WR,North Dakota State,UNLV,2026-10-10T23:00:00+00:00,2026-10-10T06:31:14+00:00,0,d3d6b084,0.0,31.314,2.3,0.0,0.0,7.168,0.0,32.8,2.0,0.0,0.0,7.68,0.0,37.333,1.667,0.0,0.0,7.4
2026,6,4837391,Maurice Turner,RB,Tulane,Army,2026-10-10T16:00:00+00:00,2026-10-10T06:31:14+00:00,0,d3d6b084,54.348,17.662,1.2,0.0,0.0,11.686,69.25,20.25,1.0,0.0,0.0,14.45,87.333,12.333,1.0,0.0,0.0,16.967
2026,6,4838527,Josh Dallas,WR,Georgia Southern,James Madison,2026-10-10T23:30:00+00:00,2026-10-10T06:31:14+00:00,0,d3d6b084,1.679,37.567,4.5,0.0,0.0,9.377,2.0,35.8,5.8,0.0,0.0,9.58,2.0,32.333,5.0,0.0,0.0,8.433
2026,6,4838556,Kaleb Webb,WR,Maryland,Ohio State,2026-10-10T20:15:00+00:00,2026-10-10T06:31:14+00:00,0,d3d6b084,0.0,35.853,3.3,0.0,0.0,7.609,0.0,47.0,3.4,0.0,0.0,7.9,0.0,55.333,3.667,0.0,0.0,8.867
2026,6,4869422,Braden Pegan,WR,Utah,Kansas,2026-10-11T02:15:00+00:00,2026-10-10T06:31:14+00:00,0,d3d6b084,0.878,70.867,5.1,0.0,0.0,17.266,3.0,66.0,4.25,0.0,0.0,18.65,0.0,61.0,4.333,0.0,0.0,16.433
2026,6,4869582,Cam Barfield,RB,Hawai'i,Arizona State,2026-10-11T02:30:00+00:00,2026-10-10T06:31:14+00:00,0,d3d6b084,20.178,27.027,2.8,0.0,0.0,9.321,14.333,12.667,2.333,0.0,0.0,5.033,14.333,12.667,2.333,0.0,0.0,5.033
2026,6,4869599,Chrishon Mccray,WR,Michigan State,Illinois,2026-10-10T19:30:00+00:00,2026-10-10T06:31:14+00:00,0,d3d6b084,1.233,44.446,4.1,0.0,0.0,9.826,0.8,30.0,3.6,0.0,0.0,6.68,0.0,23.667,2.667,0.0,0.0,5.033
2026,6,4869601,Chance Morrow,WR,Buffalo,Toledo,2026-10-10T19:30:00+00:00,2026-10-10T06:31:14+00:00,0,d3d6b084,0.0,78.167,7.3,0.0,0.0,21.009,0.0,80.0,6.4,0.0,0.0,21.6,0.0,59.667,4.667,0.0,0.0,12.633
2026,6,4869602,Toby Payne,TE,Marshall,Coastal Carolina,2026-10-10T23:00:00+00:00,2026-10-10T06:31:14+00:00,0,d3d6b084,0.0,38.519,3.6,0.0,0.0,8.4,0.0,29.4,3.8,0.0,0.0,6.74,0.0,28.667,3.333,0.0,0.0,6.2
2026,6,4869603,Cam Pickett,WR,Kansas,Utah,2026-10-11T02:15:00+00:00,2026-10-10T06:31:14+00:00,0,d3d6b084,0.0,44.182,4.8,0.0,0.0,10.741,0.0,27.5,4.0,0.0,0.0,6.75,0.0,27.5,4.0,0.0,0.0,6.75
2026,6,4869694,Langston Lewis,WR,Central Michigan,Ohio,2026-10-10T19:30:00+00:00,2026-10-10T06:31:14+00:00,0,d3d6b084,3.319,23.417,1.7,0.0,0.0,5.599,3.8,22.8,1.4,0.0,0.0,5.26,-1.333,33.667,1.333,0.0,0.0,6.567
2026,6,4869728,Jeremiah Hasley,TE,Duke,Georgia Tech,2026-10-10T19:30:00+00:00,2026-10-10T06:31:14+00:00,0,d3d6b084,0.0,54.946,4.0,0.0,0.0,10.692,0.0,48.75,3.25,0.0,0.0,8.125,0.0,53.0,3.667,0.0,0.0,8.967
2026,6,4869730,Nik McMillan,WR,Kansas,Utah,2026-10-11T02:15:00+00:00,2026-10-10T06:31:14+00:00,0,d3d6b084,0.0,52.433,4.0,0.0,0.0,11.644,0.0,64.0,3.5,0.0,0.0,12.9,0.0,42.0,2.667,0.0,0.0,8.867
2026,6,4869821,D.C. Temple,TE,Oregon State,San Diego State,2026-10-10T22:00:00+00:00,2026-10-10T06:31:14+00:00,0,d3d6b084,0.0,31.687,2.9,0.0,0.0,7.414,0.0,27.6,3.2,0.0,0.0,7.16,0.0,31.0,3.0,0.0,0.0,8.1
2026,6,4869962,Ashton Hollins,WR,Georgia Southern,James Madison,2026-10-10T23:30:00+00:00,2026-10-10T06:31:14+00:00,0,d3d6b084,0.0,48.036,3.7,0.0,0.0,10.926,0.0,67.333,4.667,0.0,0.0,15.067,0.0,67.333,4.667,0.0,0.0,15.067
2026,6,4870513,Maddux Madsen,QB,Boise State,Fresno State,2026-10-11T02:30:00+00:00,2026-10-10T06:31:14+00:00,0,d3d6b084,13.051,2.208,0.2,210.054,18.089,19.064,21.0,1.2,0.2,211.6,17.4,20.884,30.0,0.0,0.0,218.667,18.333,21.08
2026,6,4870518,Zeon Chriss,QB,Tulane,Army,2026-10-10T16:00:00+00:00,2026-10-10T06:31:14+00:00,0,d3d6b084,16.611,0.0,0.0,61.062,4.746,6.375,15.0,0.0,0.0,64.0,6.0,4.06,15.0,0.0,0.0,64.0,6.0,4.06
2026,6,4870607,Jackson Arnold,QB,UNLV,North Dakota State,2026-10-10T23:00:00+00:00,2026-10-10T06:31:14+00:00,0,d3d6b084,47.292,0.0,0.0,216.863,17.322,24.927,54.0,0.0,0.0,213.6,15.8,26.144,42.333,0.0,0.0,220.333,15.333,24.713
2026,6,4870608,Benjamin Brahmer,TE,Penn State,USC,2026-10-10T23:30:00+00:00,2026-10-10T06:31:14+00:00,0,d3d6b084,0.0,39.034,3.1,0.0,0.0,9.662,0.0,35.6,3.2,0.0,0.0,10.36,0.0,30.333,3.333,0.0,0.0,6.367
2026,6,4870609,CJ Baxter Jr.,RB,Kentucky,LSU,2026-10-10T23:00:00+00:00,2026-10-10T06:31:14+00:00,0,d3d6b084,62.666,16.424,1.6,0.0,0.0,15.833,72.2,12.4,1.4,0.0,0.0,17.06,94.667,15.667,1.667,0.0,0.0,20.7
2026,6,4870635,Anthony Brown,WR,Tulane,Army,2026-10-10T16:00:00+00:00,2026-10-10T06:31:14+00:00,0,d3d6b084,0.0,43.412,3.2,0.0,0.0,9.325,0.0,36.0,2.75,0.0,0.0,7.85,0.0,42.667,2.333,0.0,0.0,8.6
2026,6,4870656,Johntay Cook II,WR,Ole Miss,Vanderbilt,2026-10-10T19:30:00+00:00,2026-10-10T06:31:14+00:00,0,d3d6b084,1.218,19.603,1.9,0.0,0.0,5.139,-1.0,20.333,2.333,0.0,0.0,6.267,-1.0,20.333,2.333,0.0,0.0,6.267
2026,6,4870699,Karmello English,WR,Coastal Carolina,Marshall,2026-10-10T23:00:00+00:00,2026-10-10T06:31:14+00:00,0,d3d6b084,1.127,45.952,3.7,0.0,0.0,10.21,2.0,33.8,3.0,0.0,0.0,7.58,0.0,45.0,3.667,0.0,0.0,9.833
2026,6,4870713,Rico Flores,,Virginia,Syracuse,2026-10-10T23:30:00+00:00,2026-10-10T06:31:14+00:00,0,d3d6b084,0.0,53.948,4.4,0.0,0.0,12.041,0.0,50.667,3.667,0.0,0.0,10.733,0.0,50.667,3.667,0.0,0.0,10.733
2026,6,4870745,Nyck Harbor,WR,South Carolina,Florida,2026-10-10T16:45:00+00:00,2026-10-10T06:31:14+00:00,0,d3d6b084,0.0,36.342,3.0,0.0,0.0,7.992,0.0,39.0,2.6,0.0,0.0,7.7,0.0,30.0,2.0,0.0,0.0,7.0
2026,6,4870754,Rodney Gallagher,WR,Arizona,West Virginia,2026-10-10T16:00:00+00:00,2026-10-10T06:31:14+00:00,0,d3d6b084,0.0,29.31,2.7,0.0,0.0,6.559,0.0,22.0,3.333,0.0,0.0,5.533,0.0,22.0,3.333,0.0,0.0,5.533
2026,6,4870760,Justice Haynes,RB,Georgia Tech,Duke,2026-10-10T19:30:00+00:00,2026-10-10T06:31:14+00:00,0,d3d6b084,84.678,27.73,3.2,0.0,0.0,20.926,98.25,11.75,2.75,0.0,0.0,21.0,109.667,14.333,3.333,0.0,0.0,25.4
2026,6,4870768,Jaden Greathouse,WR,Notre Dame,Stanford,2026-10-10T19:30:00+00:00,2026-10-10T06:31:14+00:00,0,d3d6b084,0.0,31.992,2.5,0.0,0.0,7.195,0.0,27.0,2.0,0.0,0.0,6.2,0.0,34.0,2.333,0.0,0.0,7.733
2026,6,4870770,Nathaniel Joseph,WR,East Carolina,Rice,2026-10-10T20:00:00+00:00,2026-10-10T06:31:14+00:00,0,d3d6b084,1.578,61.249,5.8,0.0,0.0,13.522,0.75,49.75,4.75,0.0,0.0,9.8,1.0,58.667,5.333,0.0,0.0,11.3
2026,6,4870799,Nico Iamaleava,QB,UCLA,Oregon,2026-10-10T19:30:00+00:00,2026-10-10T06:31:14+00:00,0,d3d6b084,27.814,0.0,0.0,206.072,15.799,16.51,35.75,0.0,0.0,205.0,15.5,16.775,38.0,0.0,0.0,212.0,16.0,17.28
2026,6,4870802,Sedrick Irvin,RB,Stanford,Notre Dame,2026-10-10T19:30:00+00:00,2026-10-10T06:31:14+00:00,0,d3d6b084,31.214,13.841,1.5,0.0,0.0,7.396,29.0,7.2,1.2,0.0,0.0,4.82,20.333,10.333,1.667,0.0,0.0,4.733
2026,6,4870819,Eli Holstein,QB,Virginia,Syracuse,2026-10-10T23:30:00+00:00,2026-10-10T06:31:14+00:00,0,d3d6b084,4.146,0.0,0.0,52.388,4.252,5.066,-4.5,0.0,0.0,90.0,6.0,9.15,-4.5,0.0,0.0,90.0,6.0,9.15
2026,6,4870835,Brandon Inniss,WR,Ohio State,Maryland,2026-10-10T20:15:00+00:00,2026-10-10T06:31:14+00:00,0,d3d6b084,0.0,33.306,2.7,0.0,0.0,7.442,0.0,36.75,2.5,0.0,0.0,7.675,0.0,37.0,2.333,0.0,0.0,8.033
2026,6,4870850,Omarion Miller,WR,Arizona State,Hawai'i,2026-10-11T02:30:00+00:00,2026-10-10T06:31:14+00:00,0,d3d6b084,1.459,84.979,7.4,0.0,0.0,19.999,1.25,58.5,6.25,0.0,0.0,14.975,1.667,44.0,5.667,0.0,0.0,11.9
2026,6,4870857,Avery Johnson,QB,Kansas State,Houston,2026-10-10T19:30:00+00:00,2026-10-10T06:31:14+00:00,0,d3d6b084,44.884,0.0,0.0,237.435,21.454,23.638,72.75,0.0,0.0,227.5,22.0,27.375,89.333,0.0,0.0,237.0,24.333,27.08
2026,6,4870858,Cayden Lee,WR,Missouri,Texas A&M,2026-10-10T16:00:00+00:00,2026-10-10T06:31:14+00:00,0,d3d6b084,0.0,101.641,6.7,0.0,0.0,21.52,0.0,99.2,6.6,0.0,0.0,21.32,0.0,98.667,7.667,0.0,0.0,21.533
2026,6,4870869,Brett Norfleet,TE,Missouri,Texas A&M,2026-10-10T16:00:00+00:00,2026-10-10T06:31:14+00:00,0,d3d6b084,0.0,23.37,2.0,0.0,0.0,5.581,0.0,16.5,2.0,0.0,0.0,5.15,0.0,17.667,2.0,0.0,0.0,5.767
2026,6,4870870,Ty Lockwood,TE,Arkansas,Tennessee,2026-10-10T20:15:00+00:00,2026-10-10T06:31:14+00:00,0,d3d6b084,0.0,33.228,3.7,0.0,0.0,8.811,0.0,26.0,3.333,0.0,0.0,7.933,0.0,26.0,3.333,0.0,0.0,7.933
2026,6,4870906,Arch Manning,QB,Texas,Oklahoma,2026-10-10T19:30:00+00:00,2026-10-10T06:31:14+00:00,0,d3d6b084,15.77,0.0,0.0,180.952,15.91,14.574,19.75,0.0,0.0,216.25,18.5,16.875,24.333,0.0,0.0,186.667,18.0,13.233
2026,6,4870912,Traylon Ray,WR,Ole Miss,Vanderbilt,2026-10-10T19:30:00+00:00,2026-10-10T06:31:14+00:00,0,d3d6b084,0.0,32.915,2.7,0.0,0.0,7.236,0.0,47.0,3.25,0.0,0.0,9.45,0.0,52.667,3.667,0.0,0.0,10.933
2026,6,4870921,Dante Moore,QB,Oregon,UCLA,2026-10-10T19:30:00+00:00,2026-10-10T06:31:14+00:00,0,d3d6b084,3.705,0.0,0.0,154.582,11.475,12.39,-1.75,0.0,0.0,231.5,17.25,18.085,-0.667,0.0,0.0,182.667,13.667,15.24
2026,6,4870923,Jahlil McClain,WR,Fresno State,Boise State,2026-10-11T02:30:00+00:00,2026-10-10T06:31:14+00:00,0,d3d6b084,0.0,44.777,3.3,0.0,0.0,9.658,0.0,33.75,3.0,0.0,0.0,7.875,0.0,40.667,3.667,0.0,0.0,9.733
2026,6,4870934,Rueben Owens,RB,Texas A&M,Missouri,2026-10-10T16:00:00+00:00,2026-10-10T06:31:14+00:00,0,d3d6b084,43.215,17.066,1.6,0.0,0.0,9.635,58.2,11.2,1.4,0.0,0.0,9.54,59.667,8.0,1.333,0.0,0.0,8.1
2026,6,4870959,Shamar Porter,WR,UConn,Temple,2026-10-10T19:45:00+00:00,2026-10-10T06:31:14+00:00,0,d3d6b084,0.0,31.364,2.1,0.0,0.0,6.849,0.0,39.2,1.8,0.0,0.0,8.12,0.0,41.0,1.667,0.0,0.0,7.767
2026,6,4870965,Tastean Reddicks,WR,UNLV,North Dakota State,2026-10-10T23:00:00+00:00,2026-10-10T06:31:14+00:00,0,d3d6b084,0.0,61.127,4.2,0.0,0.0,12.975,0.0,68.0,3.5,0.0,0.0,13.05,0.0,75.667,3.667,0.0,0.0,14.9
2026,6,4870971,Marcel Reed,QB,Texas A&M,Missouri,2026-10-10T16:00:00+00:00,2026-10-10T06:31:14+00:00,0,d3d6b084,22.463,0.0,0.0,163.167,15.023,14.162,34.0,0.0,0.0,181.6,17.0,17.064,44.333,0.0,0.0,170.667,16.333,15.593
2026,6,4870999,Malachi Singleton,QB,App State,Old Dominion,2026-10-10T17:00:00+00:00,2026-10-10T06:31:14+00:00,0,d3d6b084,12.892,3.463,0.3,282.732,23.53,22.033,5.0,3.5,0.25,301.5,24.0,22.66,9.667,4.667,0.333,305.0,24.667,22.967
2026,6,4871022,Robby Washington,WR,Coastal Carolina,Marshall,2026-10-10T23:00:00+00:00,2026-10-10T06:31:14+00:00,0,d3d6b084,1.658,36.262,2.6,0.0,0.0,7.888,2.4,32.8,2.2,0.0,0.0,6.92,0.0,20.333,2.333,0.0,0.0,4.367
2026,6,4871039,Jelani Thurman,TE,North Carolina,Pittsburgh,2026-10-10T16:00:00+00:00,2026-10-10T06:31:14+00:00,0,d3d6b084,0.0,60.785,4.8,0.0,0.0,14.575,0.0,58.25,4.0,0.0,0.0,14.325,0.0,46.333,4.0,0.0,0.0,14.633
2026,6,4871040,Creed Whittemore,WR,Utah,Kansas,2026-10-11T02:15:00+00:00,2026-10-10T06:31:14+00:00,0,d3d6b084,0.0,32.35,2.4,0.0,0.0,6.486,0.0,32.75,2.0,0.0,0.0,5.275,0.0,34.667,2.0,0.0,0.0,5.467
2026,6,4871053,Daylan Smothers,RB,Texas,Oklahoma,2026-10-10T19:30:00+00:00,2026-10-10T06:31:14+00:00,0,d3d6b084,45.985,37.563,3.6,0.0,0.0,16.764,66.0,23.667,3.0,0.0,0.0,17.967,66.0,23.667,3.0,0.0,0.0,17.967
2026,6,4871062,Asaad Waseem,WR,Purdue,Minnesota,2026-10-11T00:00:00+00:00,2026-10-10T06:31:14+00:00,0,d3d6b084,0.0,84.326,5.9,0.0,0.0,16.217,0.0,90.6,5.4,0.0,0.0,15.46,0.0,93.667,5.0,0.0,0.0,14.033
2026,6,4871065,Treyaun Webb,,App State,Old Dominion,2026-10-10T17:00:00+00:00,2026-10-10T06:31:14+00:00,0,d3d6b084,23.231,0.0,0.0,0.0,0.0,4.755,18.667,0.0,0.0,0.0,0.0,5.867,18.667,0.0,0.0,0.0,0.0,5.867
2026,6,4871091,D'Wayne' Winfield,QB,Louisiana,Louisiana Tech,2026-10-10T23:30:00+00:00,2026-10-10T06:31:14+00:00,0,d3d6b084,48.818,0.0,0.0,173.704,15.971,19.326,71.6,0.0,0.0,169.8,16.6,23.552,61.0,0.0,0.0,149.333,17.333,21.407
2026,6,4871148,Jaylin Lucas,RB,Tulane,Army,2026-10-10T16:00:00+00:00,2026-10-10T06:31:14+00:00,0,d3d6b084,51.488,20.722,1.8,0.0,0.0,11.494,59.5,9.5,1.5,0.0,0.0,9.9,78.333,11.0,1.667,0.0,0.0,12.6
2026,6,4873234,Victor Rosa,RB,Ohio,Central Michigan,2026-10-10T19:30:00+00:00,2026-10-10T06:31:14+00:00,0,d3d6b084,43.752,13.752,1.4,0.0,0.0,11.379,43.8,5.2,1.2,0.0,0.0,10.9,65.0,5.667,1.0,0.0,0.0,14.067
2026,6,4873442,Xavier Brown,RB,Virginia,Syracuse,2026-10-10T23:30:00+00:00,2026-10-10T06:31:14+00:00,0,d3d6b084,26.331,16.582,1.4,0.0,0.0,8.238,33.2,15.8,1.2,0.0,0.0,9.7,37.333,3.333,1.0,0.0,0.0,7.067
2026,6,4873588,CJ Campbell,RB,Duke,Georgia Tech,2026-10-10T19:30:00+00:00,2026-10-10T06:31:14+00:00,0,d3d6b084,34.734,8.161,0.7,0.0,0.0,6.239,34.75,5.5,0.75,0.0,0.0,4.775,38.0,0.0,0.0,0.0,0.0,3.8
2026,6,4875127,Lanorris Sellers,QB,South Carolina,Florida,2026-10-10T16:45:00+00:00,2026-10-10T06:31:14+00:00,0,d3d6b084,53.306,0.0,0.0,189.831,17.845,19.238,78.2,0.0,0.0,211.8,18.4,22.892,90.333,0.0,0.0,231.0,21.0,23.607
2026,6,4875755,Mason Blakemore,RB,Kent State,Western Michigan,2026-10-10T19:30:00+00:00,2026-10-10T06:31:14+00:00,0,d3d6b084,28.412,11.637,1.1,0.0,0.0,6.826,33.2,6.6,1.0,0.0,0.0,6.18,24.0,1.333,0.667,0.0,0.0,5.2
2026,6,4875861,Ayo Adeyi,RB,Oklahoma State,UCF,2026-10-10T16:00:00+00:00,2026-10-10T06:31:14+00:00,0,d3d6b084,27.329,7.653,0.7,0.0,0.0,5.231,39.75,5.75,0.75,0.0,0.0,5.3,45.0,4.333,0.667,0.0,0.0,5.6
2026,6,4876642,Maleek Huggins,WR,Miami (OH),Massachusetts,2026-10-10T18:00:00+00:00,2026-10-10T06:31:14+00:00,0,d3d6b084,0.0,44.402,3.3,0.0,0.0,9.169,0.0,52.4,2.8,0.0,0.0,9.24,0.0,61.667,2.667,0.0,0.0,10.833
2026,6,4877714,Jaden Smith,WR,UTEP,Nevada,2026-10-10T23:00:00+00:00,2026-10-10T06:31:14+00:00,0,d3d6b084,2.083,30.962,3.2,0.0,0.0,7.547,3.6,17.4,2.4,1.6,0.2,4.564,6.0,26.333,3.667,0.0,0.0,6.9
2026,6,4878681,Davis Warren,QB,Stanford,Notre Dame,2026-10-10T19:30:00+00:00,2026-10-10T06:31:14+00:00,0,d3d6b084,4.672,0.0,0.0,224.25,21.376,13.78,-6.8,0.0,0.0,241.4,20.4,12.576,-15.0,0.0,0.0,227.667,19.667,12.273
2026,6,4879192,Jonah Burton,WR,Duke,Georgia Tech,2026-10-10T19:30:00+00:00,2026-10-10T06:31:14+00:00,0,d3d6b084,0.0,52.519,3.9,0.0,0.0,11.098,0.0,46.75,3.25,0.0,0.0,9.425,0.0,49.667,3.333,0.0,0.0,10.3
2026,6,4879292,Kam Thomas,RB,UTEP,Nevada,2026-10-10T23:00:00+00:00,2026-10-10T06:31:14+00:00,0,d3d6b084,5.048,27.206,1.9,0.0,0.0,6.565,-0.25,35.5,1.5,0.0,0.0,6.525,1.333,47.333,2.0,0.0,0.0,8.867
2026,6,4879567,Trent Walker,WR,Houston,Kansas State,2026-10-10T19:30:00+00:00,2026-10-10T06:31:14+00:00,0,d3d6b084,0.0,37.249,3.0,0.0,0.0,8.09,0.0,39.6,2.8,0.0,0.0,7.96,0.0,46.333,3.333,0.0,0.0,9.967
2026,6,4879655,Henry Rutledge,RB,Charlotte,North Texas,2026-10-10T19:30:00+00:00,2026-10-10T06:31:14+00:00,0,d3d6b084,24.176,6.683,0.6,0.0,0.0,5.005,34.0,4.6,0.6,0.0,0.0,5.66,51.333,5.333,0.333,0.0,0.0,8.0
2026,6,4881032,Taron Dickens,QB,Northern Illinois,Air Force,2026-10-10T23:30:00+00:00,2026-10-10T06:31:14+00:00,0,d3d6b084,4.654,0.0,0.0,190.539,17.369,11.518,-13.0,0.0,0.0,209.25,21.0,9.07,-11.0,0.0,0.0,247.0,25.0,12.113
2026,6,4885469,Darrin Fugitt,TE,App State,Old Dominion,2026-10-10T17:00:00+00:00,2026-10-10T06:31:14+00:00,0,d3d6b084,0.0,51.89,4.5,0.0,0.0,11.636,0.0,48.0,4.0,0.0,0.0,10.3,0.0,48.333,4.0,0.0,0.0,8.833
2026,6,4891198,Tre Spivey,WR,Arizona,West Virginia,2026-10-10T16:00:00+00:00,2026-10-10T06:31:14+00:00,0,d3d6b084,1.424,53.195,3.7,0.0,0.0,12.489,1.6,62.8,4.4,0.0,0.0,15.64,0.0,85.0,5.333,0.0,0.0,19.833
2026,6,4894839,Brandon White,WR,Kansas State,Houston,2026-10-10T19:30:00+00:00,2026-10-10T06:31:14+00:00,0,d3d6b084,7.011,27.251,2.8,0.0,0.0,7.949,9.25,19.5,3.25,0.0,0.0,7.625,10.0,19.333,3.667,0.0,0.0,8.6
2026,6,4897730,Braylon McReynolds,RB,UAB,Memphis,2026-10-10T23:00:00+00:00,2026-10-10T06:31:14+00:00,0,d3d6b084,55.267,10.158,0.9,0.0,0.0,11.908,52.0,6.2,0.8,0.0,0.0,11.42,43.0,2.0,0.667,0.0,0.0,11.167
2026,6,4899137,Johnny Thompson Jr.,RB,Ball State,Northwestern,2026-10-10T16:30:00+00:00,2026-10-10T06:31:14+00:00,0,d3d6b084,21.635,9.745,1.0,0.0,0.0,5.222,14.8,9.6,1.2,0.0,0.0,3.64,21.667,12.333,1.0,0.0,0.0,4.4
2026,6,4899361,Kedrick Reescano,RB,Arizona,West Virginia,2026-10-10T16:00:00+00:00,2026-10-10T06:31:14+00:00,0,d3d6b084,43.582,14.159,1.3,0.0,0.0,10.61,43.6,9.4,1.6,0.0,0.0,10.5,40.333,8.333,1.667,0.0,0.0,8.533
2026,6,4899366,Semaj Morgan,WR,UCLA,Oregon,2026-10-10T19:30:00+00:00,2026-10-10T06:31:14+00:00,0,d3d6b084,0.0,53.671,4.3,0.0,0.0,12.551,0.0,43.5,3.5,0.0,0.0,10.85,0.0,53.667,4.0,0.0,0.0,13.367
2026,6,4899472,Chris Culliver,WR,Marshall,Coastal Carolina,2026-10-10T23:00:00+00:00,2026-10-10T06:31:14+00:00,0,d3d6b084,0.0,18.459,1.6,0.0,0.0,4.048,0.0,12.0,1.6,0.0,0.0,2.8,0.0,15.333,1.667,0.0,0.0,3.2
2026,6,4899484,Andrew Rappleyea,TE,Penn State,USC,2026-10-10T23:30:00+00:00,2026-10-10T06:31:14+00:00,0,d3d6b084,0.0,28.914,2.5,0.0,0.0,6.84,0.0,20.75,2.5,0.0,0.0,6.075,0.0,21.667,3.0,0.0,0.0,7.167
2026,6,4900771,Marquis Gillis,RB,Arizona State,Hawai'i,2026-10-11T02:30:00+00:00,2026-10-10T06:31:14+00:00,0,d3d6b084,22.582,7.308,0.6,0.0,0.0,5.18,23.75,2.0,0.5,0.0,0.0,4.575,22.667,2.667,0.667,0.0,0.0,3.2
2026,6,4905609,Fredrick Moore,WR,Michigan State,Illinois,2026-10-10T19:30:00+00:00,2026-10-10T06:31:14+00:00,0,d3d6b084,0.0,39.383,3.5,0.0,0.0,9.186,0.0,24.4,2.8,0.0,0.0,6.44,0.0,26.333,3.333,0.0,0.0,5.967
2026,6,4907786,Rocky Beers,TE,Oklahoma,Texas,2026-10-10T19:30:00+00:00,2026-10-10T06:31:14+00:00,0,d3d6b084,0.0,65.844,5.6,0.0,0.0,15.177,0.0,63.75,4.5,0.0,0.0,13.625,0.0,70.667,5.333,0.0,0.0,14.067
2026,6,4909541,Ty Harding,WR,Massachusetts,Miami (OH),2026-10-10T18:00:00+00:00,2026-10-10T06:31:14+00:00,0,d3d6b084,6.121,51.59,4.1,0.0,0.0,12.641,18.0,47.2,3.8,0.0,0.0,13.92,25.667,44.0,4.333,0.0,0.0,15.3
2026,6,4910239,Justus Ross-Simmons,WR,Syracuse,Virginia,2026-10-10T23:30:00+00:00,2026-10-10T06:31:14+00:00,0,d3d6b084,0.0,49.855,3.9,0.0,0.0,10.095,0.0,53.667,3.333,0.0,0.0,8.7,0.0,53.667,3.333,0.0,0.0,8.7
2026,6,4911529,Trinidad Chambliss,QB,Ole Miss,Vanderbilt,2026-10-10T19:30:00+00:00,2026-10-10T06:31:14+00:00,0,d3d6b084,19.004,0.0,0.0,228.519,20.292,19.308,27.0,0.0,0.0,305.5,25.5,27.67,16.0,0.0,0.0,295.333,27.0,25.08
2026,6,4911929,Alonza Barnett,QB,UCF,Oklahoma State,2026-10-10T16:00:00+00:00,2026-10-10T06:31:14+00:00,0,d3d6b084,19.402,0.0,0.0,127.275,11.56,12.14,11.0,0.0,0.0,172.0,15.5,14.48,11.0,0.0,0.0,172.0,15.5,14.48
2026,6,4911971,Jahiem White,RB,North Texas,Charlotte,2026-10-10T19:30:00+00:00,2026-10-10T06:31:14+00:00,0,d3d6b084,91.445,32.982,3.4,0.0,0.0,24.899,114.2,31.0,4.2,0.0,0.0,30.72,128.667,28.333,4.0,0.0,0.0,33.7
2026,6,4912040,Jordan Williams,TE,Sacramento State,Bowling Green,2026-10-10T16:00:00+00:00,2026-10-10T06:31:14+00:00,0,d3d6b084,0.0,36.277,3.7,0.0,0.0,8.306,0.0,24.4,3.0,0.0,0.0,5.44,0.0,30.667,3.333,0.0,0.0,6.4
2026,6,4912067,Chase Sowell,WR,Penn State,USC,2026-10-10T23:30:00+00:00,2026-10-10T06:31:14+00:00,0,d3d6b084,0.0,52.251,3.7,0.0,0.0,11.191,0.0,52.8,3.8,0.0,0.0,11.48,0.0,57.667,4.0,0.0,0.0,11.767
2026,6,4912302,Makhilyn Young,RB,Vanderbilt,Ole Miss,2026-10-10T19:30:00+00:00,2026-10-10T06:31:14+00:00,0,d3d6b084,31.601,24.96,2.3,0.0,0.0,10.268,26.8,14.4,1.8,0.0,0.0,7.12,24.0,16.333,2.333,0.0,0.0,8.367
2026,6,4912342,Wayne Knight,RB,UCLA,Oregon,2026-10-10T19:30:00+00:00,2026-10-10T06:31:14+00:00,0,d3d6b084,81.545,28.655,2.4,0.0,0.0,23.288,111.25,22.0,2.0,0.0,0.0,28.825,124.667,19.333,2.0,0.0,0.0,28.4
2026,6,4912453,Lucky Sutton,RB,San Diego State,Oregon State,2026-10-10T22:00:00+00:00,2026-10-10T06:31:14+00:00,0,d3d6b084,44.136,0.0,0.0,0.0,0.0,8.312,50.0,0.0,0.0,0.0,0.0,11.0,50.0,0.0,0.0,0.0,0.0,11.0
2026,6,4915980,John Mateer,QB,Oklahoma,Texas,2026-10-10T19:30:00+00:00,2026-10-10T06:31:14+00:00,0,d3d6b084,23.195,0.0,0.0,199.57,18.254,17.183,19.0,0.0,0.0,220.75,18.0,17.23,23.0,0.0,0.0,219.333,20.333,15.74
2026,6,4916888,Bert Emanuel Jr.,WR,San Diego State,Oregon State,2026-10-10T22:00:00+00:00,2026-10-10T06:31:14+00:00,0,d3d6b084,3.674,20.216,1.9,0.0,0.0,5.104,5.5,20.0,1.5,0.0,0.0,4.05,5.0,26.667,2.0,0.0,0.0,5.167
2026,6,4917858,Cole Cabana,RB,Western Michigan,Kent State,2026-10-10T19:30:00+00:00,2026-10-10T06:31:14+00:00,0,d3d6b084,12.377,9.181,0.8,0.0,0.0,4.393,6.333,0.333,0.667,0.0,0.0,3.333,6.333,0.333,0.667,0.0,0.0,3.333
2026,6,4917981,AJ Newberry,RB,Oregon State,San Diego State,2026-10-10T22:00:00+00:00,2026-10-10T06:31:14+00:00,0,d3d6b084,46.931,34.879,3.1,0.0,0.0,14.419,54.2,31.8,3.4,0.8,0.2,15.232,82.0,29.0,3.333,0.0,0.0,16.433
2026,6,4918099,Kenny Minchey,QB,Kentucky,LSU,2026-10-10T23:00:00+00:00,2026-10-10T06:31:14+00:00,0,d3d6b084,7.498,0.0,0.0,204.155,18.541,16.65,-0.2,0.0,0.0,229.6,19.4,17.364,0.333,0.0,0.0,233.667,20.333,17.047
2026,6,4918103,Cam Cook,RB,West Virginia,Arizona,2026-10-10T16:00:00+00:00,2026-10-10T06:31:14+00:00,0,d3d6b084,89.964,16.086,1.7,0.0,0.0,17.412,130.4,8.6,1.4,0.0,0.0,21.3,152.667,10.667,1.667,0.0,0.0,22.0
2026,6,4918108,Jordan Napier,WR,San Diego State,Oregon State,2026-10-10T22:00:00+00:00,2026-10-10T06:31:14+00:00,0,d3d6b084,3.74,26.155,3.2,1.889,0.202,7.48,6.667,10.333,2.667,-3.667,0.333,4.22,6.667,10.333,2.667,-3.667,0.333,4.22
2026,6,4918110,Roderick Robinson II,RB,UAB,Memphis,2026-10-10T23:00:00+00:00,2026-10-10T06:31:14+00:00,0,d3d6b084,74.636,8.379,0.7,0.0,0.0,10.55,67.6,6.8,0.6,0.0,0.0,9.04,55.0,6.667,0.333,0.0,0.0,6.167
2026,6,4918414,Dylan Edwards,RB,Kansas,Utah,2026-10-11T02:15:00+00:00,2026-10-10T06:31:14+00:00,0,d3d6b084,47.399,28.778,2.9,0.0,0.0,14.245,74.25,24.5,2.5,0.0,0.0,16.625,88.333,21.333,2.0,0.0,0.0,18.633
2026,6,4918417,Ayden Greene,WR,Virginia Tech,California,2026-10-10T19:30:00+00:00,2026-10-10T06:31:14+00:00,0,d3d6b084,0.0,40.336,3.0,0.0,0.0,8.468,0.0,53.25,3.0,0.0,0.0,9.825,0.0,63.333,3.0,0.0,0.0,11.333
2026,6,4920153,William Watson III,QB,Massachusetts,Miami (OH),2026-10-10T18:00:00+00:00,2026-10-10T06:31:14+00:00,0,d3d6b084,28.09,0.0,0.0,211.176,18.062,20.896,33.4,0.0,0.0,164.0,14.8,19.9,29.0,0.0,0.0,157.0,15.333,18.513
2026,6,4920162,Seth Davis,RB,Tulsa,Navy,2026-10-10T19:30:00+00:00,2026-10-10T06:31:14+00:00,0,d3d6b084,36.635,0.0,0.0,0.0,0.0,5.947,90.0,0.0,0.0,0.0,0.0,15.0,90.0,0.0,0.0,0.0,0.0,15.0
2026,6,4920192,Carson Conklin,QB,Sacramento State,Bowling Green,2026-10-10T16:00:00+00:00,2026-10-10T06:31:14+00:00,0,d3d6b084,5.878,0.0,0.0,226.933,22.875,12.017,-13.0,0.0,0.0,222.0,25.0,5.58,-13.0,0.0,0.0,222.0,25.0,5.58
2026,6,4920227,Giovanni Lopez,QB,Wake Forest,NC State,2026-10-10T16:00:00+00:00,2026-10-10T06:31:14+00:00,0,d3d6b084,37.66,0.0,0.0,256.958,18.093,25.902,38.6,0.0,0.0,275.4,19.6,28.676,31.667,0.0,0.0,267.333,20.333,27.527
2026,6,4920901,Darius Taylor,RB,Minnesota,Purdue,2026-10-11T00:00:00+00:00,2026-10-10T06:31:14+00:00,0,d3d6b084,46.715,36.71,3.0,0.0,0.0,17.967,34.75,26.0,2.75,0.0,0.0,16.325,27.667,24.333,2.667,0.0,0.0,11.867
2026,6,4921108,DeSean Bishop,RB,Tennessee,Arkansas,2026-10-10T20:15:00+00:00,2026-10-10T06:31:14+00:00,0,d3d6b084,79.81,13.887,1.3,0.0,0.0,16.888,108.0,7.6,1.0,0.0,0.0,20.76,98.667,7.667,1.333,0.0,0.0,19.967
2026,6,4921110,Chase Hendricks,WR,California,Virginia Tech,2026-10-10T19:30:00+00:00,2026-10-10T06:31:14+00:00,0,d3d6b084,0.805,51.805,5.2,0.0,0.0,12.761,-0.2,53.4,6.4,0.0,0.0,14.12,0.0,56.667,7.0,0.0,0.0,12.667
2026,6,4921113,Joshua Manning,WR,Kansas State,Houston,2026-10-10T19:30:00+00:00,2026-10-10T06:31:14+00:00,0,d3d6b084,0.0,45.773,3.9,0.0,0.0,11.128,0.0,49.667,4.667,0.0,0.0,13.633,0.0,49.667,4.667,0.0,0.0,13.633
2026,6,4921116,Jamal Roberts,RB,Missouri,Texas A&M,2026-10-10T16:00:00+00:00,2026-10-10T06:31:14+00:00,0,d3d6b084,100.269,20.579,1.7,0.0,0.0,20.268,121.2,15.2,1.6,0.0,0.0,22.24,144.667,26.667,2.333,0.0,0.0,27.467
2026,6,4921154,Eugene Wilson,WR,LSU,Kentucky,2026-10-10T23:00:00+00:00,2026-10-10T06:31:14+00:00,0,d3d6b084,2.278,32.323,3.1,0.0,0.0,7.35,2.6,42.0,3.8,0.0,0.0,8.06,1.0,27.333,3.0,0.0,0.0,5.833
2026,6,4921292,Isaiah Augustave,RB,South Carolina,Florida,2026-10-10T16:45:00+00:00,2026-10-10T06:31:14+00:00,0,d3d6b084,15.233,5.924,0.6,0.0,0.0,4.155,28.5,0.5,0.5,0.0,0.0,6.4,23.667,0.667,0.667,0.0,0.0,5.1
2026,6,4922983,Manny Covey,RB,Memphis,UAB,2026-10-10T23:00:00+00:00,2026-10-10T06:31:14+00:00,0,d3d6b084,39.158,5.373,0.5,0.0,0.0,5.985,43.6,3.6,0.4,0.0,0.0,5.12,23.0,5.333,0.333,0.0,0.0,3.167
2026,6,4922988,Jamari Johnson,TE,Oregon,UCLA,2026-10-10T19:30:00+00:00,2026-10-10T06:31:14+00:00,0,d3d6b084,0.0,70.138,4.9,0.0,0.0,14.599,0.0,88.0,5.5,0.0,0.0,17.3,0.0,88.0,5.5,0.0,0.0,17.3
2026,6,4922993,Devin Roche,RB,Old Dominion,App State,2026-10-10T17:00:00+00:00,2026-10-10T06:31:14+00:00,0,d3d6b084,36.602,9.015,0.8,0.0,0.0,6.318,50.6,9.6,0.6,0.0,0.0,6.22,52.333,16.0,1.0,0.0,0.0,7.167
2026,6,4922996,Dylan Wade,TE,UCF,Oklahoma State,2026-10-10T16:00:00+00:00,2026-10-10T06:31:14+00:00,0,d3d6b084,0.0,31.59,3.2,0.0,0.0,7.437,0.0,17.667,2.667,0.0,0.0,4.433,0.0,17.667,2.667,0.0,0.0,4.433
2026,6,4923226,Collin Dixon,WR,Illinois,Michigan State,2026-10-10T19:30:00+00:00,2026-10-10T06:31:14+00:00,0,d3d6b084,0.981,112.621,8.3,0.0,0.0,28.054,3.0,109.2,8.0,0.0,0.0,28.82,5.0,103.333,7.667,0.0,0.0,24.5
2026,6,4924150,Keaton Kubecka,WR,Kansas,Utah,2026-10-11T02:15:00+00:00,2026-10-10T06:31:14+00:00,0,d3d6b084,1.676,18.756,1.8,0.0,0.0,4.549,4.0,16.75,1.5,0.0,0.0,3.575,5.333,19.667,1.667,0.0,0.0,4.167
2026,6,4940235,Taeshaun Lyons,WR,UNLV,North Dakota State,2026-10-10T23:00:00+00:00,2026-10-10T06:31:14+00:00,0,d3d6b084,0.0,37.456,3.4,0.0,0.0,8.175,0.0,30.0,2.75,0.0,0.0,5.75,0.0,32.333,3.0,0.0,0.0,6.233
2026,6,5008017,Benjamin Hall,RB,North Carolina,Pittsburgh,2026-10-10T16:00:00+00:00,2026-10-10T06:31:14+00:00,0,d3d6b084,57.834,13.405,1.2,0.0,0.0,10.549,62.75,10.5,1.0,0.0,0.0,11.075,71.667,13.333,1.0,0.0,0.0,13.5
2026,6,5010409,Jayden Mandal,QB,Fresno State,Boise State,2026-10-11T02:30:00+00:00,2026-10-10T06:31:14+00:00,0,d3d6b084,25.59,2.877,0.2,253.189,18.208,20.223,23.8,4.2,0.2,206.8,18.2,16.672,43.333,0.0,0.0,213.667,20.333,17.88
2026,6,5030333,Sedrick Alexander,RB,Vanderbilt,Ole Miss,2026-10-10T19:30:00+00:00,2026-10-10T06:31:14+00:00,0,d3d6b084,44.625,18.171,1.7,0.0,0.0,13.052,40.0,9.4,1.4,0.0,0.0,12.34,33.667,9.333,1.333,0.0,0.0,11.633
2026,6,5031157,Reed Harris,WR,Arizona State,Hawai'i,2026-10-11T02:30:00+00:00,2026-10-10T06:31:14+00:00,0,d3d6b084,0.0,139.546,7.8,0.0,0.0,29.263,0.0,124.75,6.5,0.0,0.0,26.475,0.0,120.667,6.667,0.0,0.0,24.733
2026,6,5041960,Jayvontay Conner,TE,Vanderbilt,Ole Miss,2026-10-10T19:30:00+00:00,2026-10-10T06:31:14+00:00,0,d3d6b084,0.0,52.909,4.4,0.0,0.0,11.098,0.0,42.0,3.667,0.0,0.0,7.867,0.0,42.0,3.667,0.0,0.0,7.867
2026,6,5044387,Anthony Colandrea,QB,Nebraska,Indiana,2026-10-10T16:00:00+00:00,2026-10-10T06:31:14+00:00,0,d3d6b084,31.347,0.0,0.0,193.52,17.034,20.626,49.8,0.0,0.0,228.4,18.8,26.516,64.333,0.0,0.0,215.0,18.667,24.7
2026,6,5054036,Jackson Brousseau,QB,California,Virginia Tech,2026-10-10T19:30:00+00:00,2026-10-10T06:31:14+00:00,0,d3d6b084,2.456,0.0,0.0,87.567,7.686,6.061,0.333,0.0,0.0,99.667,9.667,6.687,0.333,0.0,0.0,99.667,9.667,6.687
2026,6,5057381,Ryder Burton,QB,UAB,Memphis,2026-10-10T23:00:00+00:00,2026-10-10T06:31:14+00:00,0,d3d6b084,18.304,0.0,0.0,181.492,14.171,13.81,10.2,0.0,0.0,158.2,12.4,10.948,-1.0,0.0,0.0,152.333,12.0,7.993
2026,6,5074245,Broc Lowry,QB,Western Michigan,Kent State,2026-10-10T19:30:00+00:00,2026-10-10T06:31:14+00:00,0,d3d6b084,33.844,0.0,0.0,177.491,16.288,16.731,34.0,0.0,0.0,147.8,15.4,14.712,31.667,0.0,0.0,146.0,16.0,14.007
2026,6,5075390,Ian Strong,WR,California,Virginia Tech,2026-10-10T19:30:00+00:00,2026-10-10T06:31:14+00:00,0,d3d6b084,0.0,47.956,3.7,0.0,0.0,9.894,0.0,59.8,4.6,0.0,0.0,11.78,0.0,47.0,5.0,0.0,0.0,11.7
2026,6,5075392,Keldric Luster,QB,Ball State,Northwestern,2026-10-10T16:30:00+00:00,2026-10-10T06:31:14+00:00,0,d3d6b084,20.592,0.0,0.0,118.85,14.14,10.667,13.5,0.0,0.0,165.5,19.0,11.72,14.667,0.0,0.0,191.0,19.333,14.44
2026,6,5075800,Emory Williams,QB,East Carolina,Rice,2026-10-10T20:00:00+00:00,2026-10-10T06:31:14+00:00,0,d3d6b084,7.409,0.0,0.0,105.019,9.114,8.209,-3.667,0.0,0.0,128.667,10.333,7.78,-3.667,0.0,0.0,128.667,10.333,7.78
2026,6,5075805,Aidan Chiles,QB,Northwestern,Ball State,2026-10-10T16:30:00+00:00,2026-10-10T06:31:14+00:00,0,d3d6b084,20.875,0.0,0.0,251.691,18.154,24.181,10.25,0.0,0.0,225.0,15.75,23.525,7.667,0.0,0.0,209.0,16.333,23.793
2026,6,5075952,Trey Cornist,RB,UConn,Temple,2026-10-10T19:45:00+00:00,2026-10-10T06:31:14+00:00,0,d3d6b084,21.858,7.973,0.7,0.0,0.0,6.061,22.8,6.0,0.6,0.0,0.0,8.28,10.0,8.667,0.667,0.0,0.0,8.533
2026,6,5075962,Baylin Brooks,WR,Western Michigan,Kent State,2026-10-10T19:30:00+00:00,2026-10-10T06:31:14+00:00,0,d3d6b084,0.0,36.409,3.4,0.0,0.0,9.416,0.0,21.2,2.8,0.0,0.0,7.32,0.0,19.0,3.333,0.0,0.0,5.233
2026,6,5076952,Devin Mccuin,WR,Ohio State,Maryland,2026-10-10T20:15:00+00:00,2026-10-10T06:31:14+00:00,0,d3d6b084,0.0,46.481,3.7,0.0,0.0,10.511,0.0,49.0,3.4,0.0,0.0,10.7,0.0,47.667,3.333,0.0,0.0,10.1
2026,6,5077060,Amare Thomas,WR,Houston,Kansas State,2026-10-10T19:30:00+00:00,2026-10-10T06:31:14+00:00,0,d3d6b084,0.0,64.195,5.5,0.0,0.0,15.83,0.0,66.0,5.4,0.0,0.0,16.8,0.0,56.0,5.333,0.0,0.0,14.933
2026,6,5077500,Luke Duncan,QB,Nevada,UTEP,2026-10-10T23:00:00+00:00,2026-10-10T06:31:14+00:00,0,d3d6b084,0.0,0.0,0.0,87.168,7.761,4.427,0.0,0.0,0.0,51.0,7.0,0.04,0.0,0.0,0.0,51.0,7.0,0.04
2026,6,5077502,Carson Hansen,RB,Penn State,USC,2026-10-10T23:30:00+00:00,2026-10-10T06:31:14+00:00,0,d3d6b084,33.504,6.116,0.5,0.0,0.0,6.672,39.8,4.4,0.6,0.0,0.0,7.42,22.333,3.0,0.333,0.0,0.0,6.867
2026,6,5077787,Jaxon Smolik,QB,Temple,UConn,2026-10-10T19:45:00+00:00,2026-10-10T06:31:14+00:00,0,d3d6b084,10.666,0.0,0.0,44.874,4.502,4.413,23.0,0.0,0.0,38.667,4.667,4.513,23.0,0.0,0.0,38.667,4.667,4.513
2026,6,5077876,TJ Horton,RB,Ball State,Northwestern,2026-10-10T16:30:00+00:00,2026-10-10T06:31:14+00:00,0,d3d6b084,52.346,9.702,1.3,0.0,0.0,11.514,60.4,2.4,1.8,0.0,0.0,12.88,57.667,3.333,0.667,0.0,0.0,12.767
2026,6,5078053,Isaiah Thacker,WR,Ball State,Northwestern,2026-10-10T16:30:00+00:00,2026-10-10T06:31:14+00:00,0,d3d6b084,2.484,26.324,2.8,0.0,0.0,6.55,1.75,28.0,3.25,0.0,0.0,6.225,2.333,33.667,4.0,0.0,0.0,7.6
2026,6,5078063,Connor Walendzak,RB,Toledo,Buffalo,2026-10-10T19:30:00+00:00,2026-10-10T06:31:14+00:00,0,d3d6b084,67.053,18.446,1.6,0.0,0.0,17.482,67.2,11.8,1.8,0.0,0.0,19.3,75.333,12.333,1.667,0.0,0.0,20.433
2026,6,5078144,Landen Chambers,RB,UCF,Oklahoma State,2026-10-10T16:00:00+00:00,2026-10-10T06:31:14+00:00,0,d3d6b084,23.794,2.223,0.2,0.0,0.0,5.081,27.6,1.2,0.2,0.0,0.0,6.68,27.333,0.0,0.0,0.0,0.0,4.733
2026,6,5078165,Junior Sherrill,WR,Vanderbilt,Ole Miss,2026-10-10T19:30:00+00:00,2026-10-10T06:31:14+00:00,0,d3d6b084,1.018,106.16,6.9,0.0,0.0,21.829,0.6,94.8,5.6,0.0,0.0,18.74,0.0,103.333,6.333,0.0,0.0,22.667
2026,6,5078166,Ajani Sheppard,QB,Temple,UConn,2026-10-10T19:45:00+00:00,2026-10-10T06:31:14+00:00,0,d3d6b084,29.776,0.0,0.0,133.982,9.744,15.175,46.8,0.0,0.0,126.2,8.0,17.728,67.0,0.0,0.0,166.0,10.667,24.673
2026,6,5078223,Re'Shaun Sanford II,RB,Houston,Kansas State,2026-10-10T19:30:00+00:00,2026-10-10T06:31:14+00:00,0,d3d6b084,46.504,23.545,2.0,0.0,0.0,11.692,62.8,23.2,1.8,0.0,0.0,12.8,70.667,26.667,2.333,0.0,0.0,12.067
2026,6,5078225,Jaron Tibbs,WR,Kansas State,Houston,2026-10-10T19:30:00+00:00,2026-10-10T06:31:14+00:00,0,d3d6b084,0.0,39.534,3.4,0.0,0.0,8.906,0.0,42.0,4.0,0.0,0.0,9.7,0.0,43.0,4.0,0.0,0.0,8.3
2026,6,5078227,Braeden Wisloski,WR,James Madison,Georgia Southern,2026-10-10T23:30:00+00:00,2026-10-10T06:31:14+00:00,0,d3d6b084,1.598,45.273,3.7,0.0,0.0,9.501,2.0,43.75,3.25,0.0,0.0,7.575,1.667,55.667,4.0,0.0,0.0,9.4
2026,6,5078244,Caleb Komolafe,RB,Northwestern,Ball State,2026-10-10T16:30:00+00:00,2026-10-10T06:31:14+00:00,0,d3d6b084,80.264,25.02,2.1,0.0,0.0,16.761,72.5,20.25,1.75,0.0,0.0,13.775,81.333,14.667,1.667,0.0,0.0,12.933
2026,6,5078312,Nyziah Hunter,,Nebraska,Indiana,2026-10-10T16:00:00+00:00,2026-10-10T06:31:14+00:00,0,d3d6b084,2.411,19.755,1.9,0.0,0.0,4.881,1.6,14.8,1.6,0.0,0.0,3.24,0.333,17.667,2.0,0.0,0.0,3.8
2026,6,5078453,London Humphreys,WR,Georgia,Alabama,2026-10-10T23:30:00+00:00,2026-10-10T06:31:14+00:00,0,d3d6b084,1.257,30.257,2.8,0.0,0.0,7.776,3.667,14.0,2.333,0.0,0.0,6.1,3.667,14.0,2.333,0.0,0.0,6.1
2026,6,5078533,Jabari Smith,WR,Ball State,Northwestern,2026-10-10T16:30:00+00:00,2026-10-10T06:31:14+00:00,0,d3d6b084,0.0,51.573,5.0,0.0,0.0,13.369,0.0,66.0,6.0,0.0,0.0,18.6,0.0,66.0,6.0,0.0,0.0,18.6
2026,6,5078810,Sam Leavitt,QB,LSU,Kentucky,2026-10-10T23:00:00+00:00,2026-10-10T06:31:14+00:00,0,d3d6b084,28.55,0.0,0.0,161.888,13.697,16.736,44.0,0.0,0.0,244.0,18.4,26.36,28.333,0.0,0.0,215.333,17.0,20.447
2026,6,5078916,Joe Jackson,RB,Kansas State,Houston,2026-10-10T19:30:00+00:00,2026-10-10T06:31:14+00:00,0,d3d6b084,42.351,26.239,2.3,0.0,0.0,12.734,47.25,26.5,2.75,0.0,0.0,14.625,50.333,19.333,3.0,0.0,0.0,11.967
2026,6,5079289,Tawaski Abrams,WR,Florida,South Carolina,2026-10-10T16:45:00+00:00,2026-10-10T06:31:14+00:00,0,d3d6b084,0.0,33.672,2.3,0.0,0.0,7.009,0.0,41.5,2.0,0.0,0.0,7.65,0.0,34.333,2.333,0.0,0.0,7.767
2026,6,5079298,Lloyd Avant,RB,Oklahoma,Texas,2026-10-10T19:30:00+00:00,2026-10-10T06:31:14+00:00,0,d3d6b084,40.121,16.52,1.8,0.0,0.0,9.981,41.0,7.75,1.5,0.0,0.0,7.875,28.333,8.333,1.667,0.0,0.0,5.333
2026,6,5079301,CJ Bailey,QB,NC State,Wake Forest,2026-10-10T16:00:00+00:00,2026-10-10T06:31:14+00:00,0,d3d6b084,18.818,2.903,0.3,238.52,21.378,19.125,23.6,0.0,0.2,253.2,19.6,20.288,20.0,0.0,0.333,300.333,24.333,24.347
2026,6,5079322,Jadan Baugh,RB,Florida,South Carolina,2026-10-10T16:45:00+00:00,2026-10-10T06:31:14+00:00,0,d3d6b084,100.938,14.059,1.3,0.0,0.0,23.79,122.6,7.0,1.0,0.0,0.0,27.16,105.667,11.667,1.667,0.0,0.0,25.4
2026,6,5079326,Terry Bussey,WR,Texas A&M,Missouri,2026-10-10T16:00:00+00:00,2026-10-10T06:31:14+00:00,0,d3d6b084,6.454,49.604,4.1,0.0,0.0,11.786,5.0,46.0,3.5,0.0,0.0,11.6,5.0,46.0,3.5,0.0,0.0,11.6
2026,6,5079329,Mazeo Bennett,WR,South Carolina,Florida,2026-10-10T16:45:00+00:00,2026-10-10T06:31:14+00:00,0,d3d6b084,1.767,47.634,4.5,0.0,0.0,11.283,1.6,40.2,3.6,0.0,0.0,8.98,2.667,53.0,4.333,0.0,0.0,9.9
2026,6,5079335,Chauncey Bowens,RB,Georgia,Alabama,2026-10-10T23:30:00+00:00,2026-10-10T06:31:14+00:00,0,d3d6b084,26.885,31.359,2.4,0.0,0.0,14.184,24.8,26.4,2.0,0.0,0.0,15.32,32.0,18.333,2.0,0.0,0.0,18.7
2026,6,5079345,Mario Craver,WR,Texas A&M,Missouri,2026-10-10T16:00:00+00:00,2026-10-10T06:31:14+00:00,0,d3d6b084,0.811,59.659,5.5,0.0,0.0,14.379,1.2,47.0,4.6,0.0,0.0,11.82,2.0,53.333,5.0,0.0,0.0,10.533
2026,6,5079348,Jason Brown Jr.,RB,Arizona State,Hawai'i,2026-10-11T02:30:00+00:00,2026-10-10T06:31:14+00:00,0,d3d6b084,24.237,7.622,0.6,0.0,0.0,5.697,32.0,3.0,0.5,0.0,0.0,7.0,32.0,3.0,0.5,0.0,0.0,7.0
2026,6,5079354,Braylon Burnside,WR,Memphis,UAB,2026-10-10T23:00:00+00:00,2026-10-10T06:31:14+00:00,0,d3d6b084,0.0,31.893,2.5,0.0,0.0,7.617,0.0,35.75,2.0,0.0,0.0,8.575,0.0,31.667,2.333,0.0,0.0,7.5
2026,6,5079357,Aaron Butler,WR,Oregon State,San Diego State,2026-10-10T22:00:00+00:00,2026-10-10T06:31:14+00:00,0,d3d6b084,5.496,32.239,2.4,0.0,0.0,7.871,14.0,38.75,2.75,0.0,0.0,11.025,12.0,38.0,2.333,0.0,0.0,11.333
2026,6,5079369,C.J. Carr,QB,Notre Dame,Stanford,2026-10-10T19:30:00+00:00,2026-10-10T06:31:14+00:00,0,d3d6b084,7.39,0.0,0.0,226.867,16.465,20.02,5.6,0.0,0.0,239.4,17.6,23.936,11.333,0.0,0.0,235.0,17.667,25.533
2026,6,5079376,Cam Coleman,WR,Texas,Oklahoma,2026-10-10T19:30:00+00:00,2026-10-10T06:31:14+00:00,0,d3d6b084,0.0,45.99,3.3,0.0,0.0,11.642,0.0,48.5,2.75,0.0,0.0,13.6,0.0,41.333,2.667,0.0,0.0,10.8
2026,6,5079386,Ric'Darious Farmer,WR,UCF,Oklahoma State,2026-10-10T16:00:00+00:00,2026-10-10T06:31:14+00:00,0,d3d6b084,0.921,22.026,2.0,0.0,0.0,4.991,1.2,19.0,1.8,0.0,0.0,3.82,0.0,10.667,1.0,0.0,0.0,2.067
2026,6,5079402,Tyseer Denmark,,Virginia Tech,California,2026-10-10T19:30:00+00:00,2026-10-10T06:31:14+00:00,0,d3d6b084,2.434,16.076,1.5,0.0,0.0,4.019,-1.25,14.75,1.5,0.0,0.0,2.85,-1.667,7.667,1.333,0.0,0.0,1.933
2026,6,5079405,Stacy Gage,RB,LSU,Kentucky,2026-10-10T23:00:00+00:00,2026-10-10T06:31:14+00:00,0,d3d6b084,24.373,5.074,0.5,0.0,0.0,5.214,41.5,2.5,0.5,0.0,0.0,7.9,44.333,3.333,0.667,0.0,0.0,9.433
2026,6,5079419,TJ Engleman,RB,East Carolina,Rice,2026-10-10T20:00:00+00:00,2026-10-10T06:31:14+00:00,0,d3d6b084,57.811,6.988,0.6,0.0,0.0,10.307,62.5,8.25,0.5,0.0,0.0,12.075,84.0,11.0,0.667,0.0,0.0,16.167
2026,6,5079420,Trey'Dez Green,TE,LSU,Kentucky,2026-10-10T23:00:00+00:00,2026-10-10T06:31:14+00:00,0,d3d6b084,2.712,49.594,4.0,0.0,0.0,11.111,2.333,74.0,4.667,0.0,0.0,14.3,2.333,74.0,4.667,0.0,0.0,14.3
2026,6,5079465,Michael Hawkins Jr.,QB,West Virginia,Arizona,2026-10-10T16:00:00+00:00,2026-10-10T06:31:14+00:00,0,d3d6b084,72.466,0.0,0.0,156.715,10.694,26.698,114.8,0.0,0.0,167.2,9.4,36.368,125.0,0.0,0.0,183.0,10.333,40.487
2026,6,5079468,Davion Gause,RB,NC State,Wake Forest,2026-10-10T16:00:00+00:00,2026-10-10T06:31:14+00:00,0,d3d6b084,45.2,31.583,3.1,0.0,0.0,13.653,47.0,29.25,2.5,0.0,0.0,11.625,50.333,32.0,3.0,0.0,0.0,11.233
2026,6,5079475,Micah Gilbert,WR,Notre Dame,Stanford,2026-10-10T19:30:00+00:00,2026-10-10T06:31:14+00:00,0,d3d6b084,0.0,75.379,4.5,0.0,0.0,14.753,0.0,73.6,3.6,0.0,0.0,13.36,0.0,95.667,4.333,0.0,0.0,15.9
2026,6,5079482,Dilin Jones,RB,LSU,Kentucky,2026-10-10T23:00:00+00:00,2026-10-10T06:31:14+00:00,0,d3d6b084,67.606,15.573,1.9,0.0,0.0,15.252,85.4,9.6,2.2,0.0,0.0,17.7,82.667,11.0,2.333,0.0,0.0,17.7
2026,6,5079499,Audric Harris,WR,Hawai'i,Arizona State,2026-10-11T02:30:00+00:00,2026-10-10T06:31:14+00:00,0,d3d6b084,0.0,41.517,3.3,0.0,0.0,8.444,0.0,41.5,2.75,0.0,0.0,6.9,0.0,51.0,2.667,0.0,0.0,7.767
2026,6,5079506,Daniel Hill,RB,Alabama,Georgia,2026-10-10T23:30:00+00:00,2026-10-10T06:31:14+00:00,0,d3d6b084,43.212,10.283,1.1,0.0,0.0,10.494,49.4,9.2,1.2,0.0,0.0,11.66,32.0,8.0,0.667,0.0,0.0,6.333
2026,6,5079516,KJ Jackson,QB,Arkansas,Tennessee,2026-10-10T20:15:00+00:00,2026-10-10T06:31:14+00:00,0,d3d6b084,18.9,0.0,0.0,139.195,14.78,12.272,17.0,0.0,0.0,207.6,19.0,16.004,8.0,0.0,0.0,210.667,19.0,16.227
2026,6,5079524,Keenan Jackson,WR,NC State,Wake Forest,2026-10-10T16:00:00+00:00,2026-10-10T06:31:14+00:00,0,d3d6b084,0.0,65.689,5.5,0.0,0.0,16.899,0.0,67.8,4.4,0.0,0.0,17.18,0.0,70.0,5.333,0.0,0.0,22.333
2026,6,5079537,Ju'Juan Johnson,RB,Syracuse,Virginia,2026-10-10T23:30:00+00:00,2026-10-10T06:31:14+00:00,0,d3d6b084,31.331,29.04,2.9,0.0,0.0,12.177,29.5,14.0,2.5,0.0,0.0,9.85,29.5,14.0,2.5,0.0,0.0,9.85
2026,6,5079561,Dwight Phillips Jr.,RB,Georgia,Alabama,2026-10-10T23:30:00+00:00,2026-10-10T06:31:14+00:00,0,d3d6b084,22.355,22.82,1.8,0.0,0.0,8.52,32.0,17.2,1.4,0.0,0.0,8.72,43.667,27.333,2.0,0.0,0.0,13.1
2026,6,5079572,Dylan Raiola,QB,Oregon,UCLA,2026-10-10T19:30:00+00:00,2026-10-10T06:31:14+00:00,0,d3d6b084,0.934,0.0,0.0,138.161,10.333,10.965,-4.5,0.0,0.0,206.5,15.0,17.81,-4.5,0.0,0.0,206.5,15.0,17.81
2026,6,5079577,Quinton Martin Jr.,RB,Penn State,USC,2026-10-10T23:30:00+00:00,2026-10-10T06:31:14+00:00,0,d3d6b084,33.149,9.7,0.9,0.0,0.0,7.131,39.5,1.0,1.0,0.0,0.0,6.55,40.0,1.667,0.667,0.0,0.0,4.833
2026,6,5079580,Mike Matthews,WR,Tennessee,Arkansas,2026-10-10T20:15:00+00:00,2026-10-10T06:31:14+00:00,0,d3d6b084,0.0,63.66,4.4,0.0,0.0,14.004,0.0,63.6,3.6,0.0,0.0,13.56,0.0,56.667,4.0,0.0,0.0,11.667
2026,6,5079589,Braylen Russell,RB,Arkansas,Tennessee,2026-10-10T20:15:00+00:00,2026-10-10T06:31:14+00:00,0,d3d6b084,29.111,6.85,0.7,0.0,0.0,6.016,27.2,5.0,0.6,0.0,0.0,5.02,24.667,4.667,0.667,0.0,0.0,3.6
2026,6,5079600,Nick Marsh,WR,Indiana,Nebraska,2026-10-10T16:00:00+00:00,2026-10-10T06:31:14+00:00,0,d3d6b084,0.0,71.016,5.6,0.0,0.0,16.974,0.0,68.2,4.6,0.0,0.0,16.22,0.0,84.333,6.333,0.0,0.0,18.767
2026,6,5079604,Isaiah Marshall,QB,Kansas,Utah,2026-10-11T02:15:00+00:00,2026-10-10T06:31:14+00:00,0,d3d6b084,35.253,3.085,0.3,165.64,13.588,15.87,58.5,1.5,0.25,202.5,14.25,19.35,61.667,2.0,0.333,188.0,14.333,18.22
2026,6,5079613,Emmett Mosley V,WR,Texas,Oklahoma,2026-10-10T19:30:00+00:00,2026-10-10T06:31:14+00:00,0,d3d6b084,0.0,45.99,3.6,0.0,0.0,9.276,0.0,43.25,3.0,0.0,0.0,7.325,0.0,45.333,3.0,0.0,0.0,7.533
2026,6,5079619,Kalieb Osborne,QB,UConn,Temple,2026-10-10T19:45:00+00:00,2026-10-10T06:31:14+00:00,0,d3d6b084,38.126,0.0,0.0,221.528,16.21,23.289,51.8,0.0,0.0,232.8,16.2,27.492,46.333,0.0,0.0,247.667,17.333,27.54
2026,6,5079647,Caleb Odom,TE,Ole Miss,Vanderbilt,2026-10-10T19:30:00+00:00,2026-10-10T06:31:14+00:00,0,d3d6b084,0.0,45.312,3.6,0.0,0.0,9.79,0.0,67.0,4.333,0.0,0.0,13.033,0.0,67.0,4.333,0.0,0.0,13.033
2026,6,5079651,Devon Rice,RB,Hawai'i,Arizona State,2026-10-11T02:30:00+00:00,2026-10-10T06:31:14+00:00,0,d3d6b084,66.241,23.088,2.6,0.0,0.0,16.786,55.2,12.8,2.4,0.0,0.0,14.0,56.0,4.0,1.333,0.0,0.0,11.333
2026,6,5079687,Jordan Shipp,WR,North Carolina,Pittsburgh,2026-10-10T16:00:00+00:00,2026-10-10T06:31:14+00:00,0,d3d6b084,0.0,74.093,6.0,0.0,0.0,14.783,0.0,68.25,5.0,0.0,0.0,11.825,0.0,67.333,5.0,0.0,0.0,11.733
2026,6,5079712,Julian Sayin,QB,Ohio State,Maryland,2026-10-10T20:15:00+00:00,2026-10-10T06:31:14+00:00,0,d3d6b084,7.252,0.0,0.0,236.629,17.239,19.238,1.2,0.0,0.0,306.0,20.6,24.96,7.333,0.0,0.0,310.667,21.667,27.16
2026,6,5079714,Rico Scott,WR,Alabama,Georgia,2026-10-10T23:30:00+00:00,2026-10-10T06:31:14+00:00,0,d3d6b084,0.833,35.479,3.4,0.0,0.0,9.516,0.8,39.2,3.2,0.0,0.0,10.8,1.333,43.667,3.667,0.0,0.0,12.167
2026,6,5079720,Jeremiah Smith,WR,Ohio State,Maryland,2026-10-10T20:15:00+00:00,2026-10-10T06:31:14+00:00,0,d3d6b084,0.456,157.392,9.8,0.0,0.0,35.303,1.0,164.6,8.8,0.0,0.0,36.16,0.0,169.333,9.333,0.0,0.0,38.267
2026,6,5079736,Alex Taylor,WR,Georgia Southern,James Madison,2026-10-10T23:30:00+00:00,2026-10-10T06:31:14+00:00,0,d3d6b084,0.811,36.258,2.7,0.0,0.0,8.612,0.0,48.6,3.2,0.0,0.0,11.66,0.0,69.0,4.333,0.0,0.0,17.233
2026,6,5079742,Aneyas Williams,RB,Notre Dame,Stanford,2026-10-10T19:30:00+00:00,2026-10-10T06:31:14+00:00,0,d3d6b084,53.427,18.416,1.8,0.0,0.0,13.683,53.2,6.8,1.4,0.0,0.0,12.2,49.0,7.667,2.0,0.0,0.0,11.667
2026,6,5079745,Joshisa Trader,WR,NC State,Wake Forest,2026-10-10T16:00:00+00:00,2026-10-10T06:31:14+00:00,0,d3d6b084,0.0,44.169,4.0,3.343,0.346,9.57,0.0,44.2,3.2,1.0,0.4,7.66,0.0,50.0,3.667,1.667,0.667,8.733
2026,6,5079749,Yasin Willis,RB,Kansas,Utah,2026-10-11T02:15:00+00:00,2026-10-10T06:31:14+00:00,0,d3d6b084,28.405,11.473,1.2,0.0,0.0,7.824,41.667,4.0,1.0,0.0,0.0,9.233,41.667,4.0,1.0,0.0,0.0,9.233
2026,6,5079772,Damarion Witten,WR,Miami (OH),Massachusetts,2026-10-10T18:00:00+00:00,2026-10-10T06:31:14+00:00,0,d3d6b084,0.0,44.147,3.0,0.0,0.0,9.356,0.0,54.8,2.4,0.0,0.0,10.28,0.0,58.0,3.0,0.0,0.0,8.8
2026,6,5080703,Isaiah Sategna,WR,Oklahoma,Texas,2026-10-10T19:30:00+00:00,2026-10-10T06:31:14+00:00,0,d3d6b084,4.454,69.694,6.1,0.0,0.0,16.823,4.25,66.75,5.0,0.0,0.0,14.85,5.667,63.667,5.333,0.0,0.0,13.933
2026,6,5080888,Matt Wagner,TE,Boise State,Fresno State,2026-10-11T02:30:00+00:00,2026-10-10T06:31:14+00:00,0,d3d6b084,0.0,38.127,3.4,0.0,0.0,10.307,0.0,39.2,3.4,0.0,0.0,12.12,0.0,49.0,3.667,0.0,0.0,14.567
2026,6,5081107,Luke Lindenmeyer,,Nebraska,Indiana,2026-10-10T16:00:00+00:00,2026-10-10T06:31:14+00:00,0,d3d6b084,0.0,28.936,2.8,0.0,0.0,7.041,0.0,23.2,2.4,0.0,0.0,5.92,0.0,26.0,2.667,0.0,0.0,7.267
2026,6,5081163,Anthony Favrow,RB,Missouri,Texas A&M,2026-10-10T16:00:00+00:00,2026-10-10T06:31:14+00:00,0,d3d6b084,30.791,12.712,1.0,0.0,0.0,7.249,30.0,9.0,1.0,0.0,0.0,4.9,30.0,9.0,1.0,0.0,0.0,4.9
2026,6,5081172,Xayvion Turner-Bradshaw,WR,Marshall,Coastal Carolina,2026-10-10T23:00:00+00:00,2026-10-10T06:31:14+00:00,0,d3d6b084,1.512,67.972,4.6,0.0,0.0,15.794,1.0,64.8,4.4,0.0,0.0,16.98,0.0,76.0,5.667,0.0,0.0,19.267
2026,6,5081213,DJ Black,WR,South Carolina,Florida,2026-10-10T16:45:00+00:00,2026-10-10T06:31:14+00:00,0,d3d6b084,0.0,41.791,3.2,0.0,0.0,9.108,0.0,52.0,2.667,0.0,0.0,9.867,0.0,52.0,2.667,0.0,0.0,9.867
2026,6,5081332,Jaziun Patterson,RB,Michigan State,Illinois,2026-10-10T19:30:00+00:00,2026-10-10T06:31:14+00:00,0,d3d6b084,35.526,3.66,0.3,0.0,0.0,6.776,40.5,0.75,0.25,0.0,0.0,7.375,46.333,1.0,0.333,0.0,0.0,9.067
2026,6,5082118,Zach Mundell,WR,Army,Tulane,2026-10-10T16:00:00+00:00,2026-10-10T06:31:14+00:00,0,d3d6b084,19.397,27.334,2.2,3.479,0.257,10.024,39.75,21.0,1.75,9.25,0.25,13.945,18.0,28.0,2.333,12.333,0.333,11.093
2026,6,5082271,Quinton Jackson,RB,Rice,East Carolina,2026-10-10T20:00:00+00:00,2026-10-10T06:31:14+00:00,0,d3d6b084,34.312,13.874,1.2,0.0,0.0,10.101,61.0,6.0,1.0,0.0,0.0,19.7,61.0,6.0,1.0,0.0,0.0,19.7
2026,6,5082315,Nathan Acevedo,,San Diego State,Oregon State,2026-10-10T22:00:00+00:00,2026-10-10T06:31:14+00:00,0,d3d6b084,1.823,40.021,4.0,0.0,0.0,10.468,2.2,35.4,3.2,0.0,0.0,9.16,3.667,41.333,3.667,0.0,0.0,10.167
2026,6,5082330,John Alan Richter,QB,Toledo,Buffalo,2026-10-10T19:30:00+00:00,2026-10-10T06:31:14+00:00,0,d3d6b084,2.341,0.0,0.0,263.334,16.981,20.033,-1.2,0.0,0.0,272.4,19.6,20.976,4.0,0.0,0.0,304.667,23.667,23.253
2026,6,5082548,A.J. Turner,RB,Minnesota,Purdue,2026-10-11T00:00:00+00:00,2026-10-10T06:31:14+00:00,0,d3d6b084,23.957,6.413,0.5,0.0,0.0,5.446,22.0,2.5,0.5,0.0,0.0,5.95,22.0,2.5,0.5,0.0,0.0,5.95
2026,6,5082584,DJ Epps,WR,West Virginia,Arizona,2026-10-10T16:00:00+00:00,2026-10-10T06:31:14+00:00,0,d3d6b084,2.6,59.628,3.4,0.0,0.0,13.052,5.0,78.6,2.8,0.0,0.0,15.76,0.667,81.667,3.0,0.0,0.0,16.9
2026,6,5082587,Matthew Coleman,WR,Sacramento State,Bowling Green,2026-10-10T16:00:00+00:00,2026-10-10T06:31:14+00:00,0,d3d6b084,1.018,80.584,6.3,0.0,0.0,18.224,-1.0,73.8,5.2,0.0,0.0,15.88,0.0,61.333,5.333,0.0,0.0,11.133
2026,6,5083135,Carson Kent,,Pittsburgh,North Carolina,2026-10-10T16:00:00+00:00,2026-10-10T06:31:14+00:00,0,d3d6b084,0.893,27.498,2.5,0.0,0.0,6.541,0.4,31.4,2.4,0.0,0.0,6.78,0.667,41.0,3.0,0.0,0.0,9.167
2026,6,5083175,Anthony Woods,RB,UCLA,Oregon,2026-10-10T19:30:00+00:00,2026-10-10T06:31:14+00:00,0,d3d6b084,49.761,12.756,1.2,0.0,0.0,11.98,67.25,3.5,1.0,0.0,0.0,14.075,50.333,4.333,1.0,0.0,0.0,10.467
2026,6,5083205,Nick Devereaux,WR,Eastern Michigan,Akron,2026-10-10T19:30:00+00:00,2026-10-10T06:31:14+00:00,0,d3d6b084,0.0,48.619,4.1,0.0,0.0,11.765,0.0,35.75,3.75,0.0,0.0,10.325,0.0,23.333,3.0,0.0,0.0,7.333
2026,6,5083370,Jacory Barney Jr.,WR,Nebraska,Indiana,2026-10-10T16:00:00+00:00,2026-10-10T06:31:14+00:00,0,d3d6b084,1.712,43.229,3.7,0.0,0.0,10.358,2.6,46.6,3.6,0.0,0.0,10.92,1.667,19.333,1.667,0.0,0.0,3.767
2026,6,5083407,Hunter Hopperton,FB,Kent State,Western Michigan,2026-10-10T19:30:00+00:00,2026-10-10T06:31:14+00:00,0,d3d6b084,3.804,18.45,1.9,0.0,0.0,4.958,1.0,10.4,1.8,0.0,0.0,2.94,1.667,8.0,0.667,0.0,0.0,1.633
2026,6,5083747,Justin Bowick,WR,Oklahoma State,UCF,2026-10-10T16:00:00+00:00,2026-10-10T06:31:14+00:00,0,d3d6b084,0.0,72.899,5.1,0.0,0.0,16.756,0.0,86.0,5.0,0.0,0.0,19.6,0.0,107.333,6.0,0.0,0.0,22.733
2026,6,5083748,Cam Thompson,WR,Northern Illinois,Air Force,2026-10-10T23:30:00+00:00,2026-10-10T06:31:14+00:00,0,d3d6b084,1.352,45.82,3.6,0.0,0.0,10.518,0.0,36.0,3.0,0.0,0.0,8.6,0.0,36.0,3.0,0.0,0.0,8.6
2026,6,5083848,Jamar Curtis,RB,Sacramento State,Bowling Green,2026-10-10T16:00:00+00:00,2026-10-10T06:31:14+00:00,0,d3d6b084,34.179,13.209,1.4,0.0,0.0,8.463,24.0,3.0,1.25,0.0,0.0,5.2,23.667,1.333,1.0,0.0,0.0,5.167
2026,6,5084047,Nate Frazier,RB,Georgia,Alabama,2026-10-10T23:30:00+00:00,2026-10-10T06:31:14+00:00,0,d3d6b084,36.534,3.644,0.3,0.0,0.0,8.6,52.75,1.25,0.25,0.0,0.0,13.15,46.333,1.667,0.333,0.0,0.0,9.133
2026,6,5084210,Joshon Barbie,RB,Marshall,Coastal Carolina,2026-10-10T23:00:00+00:00,2026-10-10T06:31:14+00:00,0,d3d6b084,42.058,16.923,1.5,0.0,0.0,10.636,41.4,10.8,1.6,0.0,0.0,10.42,52.667,12.667,1.333,0.0,0.0,13.867
2026,6,5084459,Cincere Rhaney,RB,Sacramento State,Bowling Green,2026-10-10T16:00:00+00:00,2026-10-10T06:31:14+00:00,0,d3d6b084,39.316,6.394,0.6,0.0,0.0,6.511,30.0,2.0,0.5,0.0,0.0,3.7,28.333,2.667,0.667,0.0,0.0,3.767
2026,6,5084582,Jordan Gant,RB,Akron,Eastern Michigan,2026-10-10T19:30:00+00:00,2026-10-10T06:31:14+00:00,0,d3d6b084,60.091,21.637,1.9,1.444,0.122,14.234,57.8,18.6,1.8,0.0,0.0,12.44,64.333,22.667,1.333,0.0,0.0,13.367
2026,6,5084769,Angel H Flores,QB,Central Michigan,Ohio,2026-10-10T19:30:00+00:00,2026-10-10T06:31:14+00:00,0,d3d6b084,65.989,0.0,0.0,59.612,5.865,13.702,94.8,0.0,0.0,40.2,5.2,15.888,108.333,0.0,0.0,43.333,5.333,19.567
2026,6,5084798,Ismail Mahdi,RB,Arizona,West Virginia,2026-10-10T16:00:00+00:00,2026-10-10T06:31:14+00:00,0,d3d6b084,27.709,4.995,0.4,0.0,0.0,4.851,36.0,2.5,0.5,0.0,0.0,4.35,36.0,2.5,0.5,0.0,0.0,4.35
2026,6,5084967,Victor Snow,WR,NC State,Wake Forest,2026-10-10T16:00:00+00:00,2026-10-10T06:31:14+00:00,0,d3d6b084,0.0,19.209,2.0,0.0,0.0,4.533,0.0,15.2,1.6,0.0,0.0,2.92,0.0,21.333,2.0,0.0,0.0,4.133
2026,6,5085006,Jalen Buckley,RB,Western Michigan,Kent State,2026-10-10T19:30:00+00:00,2026-10-10T06:31:14+00:00,0,d3d6b084,55.291,20.561,1.8,0.0,0.0,14.963,57.4,10.6,1.4,0.0,0.0,14.2,65.667,14.667,2.0,0.0,0.0,14.033
2026,6,5085337,Keyone Jenkins,QB,UCF,Oklahoma State,2026-10-10T16:00:00+00:00,2026-10-10T06:31:14+00:00,0,d3d6b084,10.056,0.0,0.0,116.134,11.253,10.518,5.6,0.0,0.0,108.2,10.6,10.888,10.0,0.0,0.0,166.333,16.333,16.32
2026,6,5085354,Lynel Billups-Williams,WR,Miami (OH),Massachusetts,2026-10-10T18:00:00+00:00,2026-10-10T06:31:14+00:00,0,d3d6b084,0.0,52.698,4.5,0.0,0.0,12.127,0.0,53.0,3.8,0.0,0.0,11.5,0.0,53.667,3.667,0.0,0.0,11.033
2026,6,5085972,Kainoa Carvalho,WR,Hawai'i,Arizona State,2026-10-11T02:30:00+00:00,2026-10-10T06:31:14+00:00,0,d3d6b084,0.0,61.181,5.5,0.0,0.0,12.811,0.0,49.8,4.4,0.0,0.0,9.38,0.0,50.333,5.333,0.0,0.0,10.367
2026,6,5086034,Camryn Edwards,RB,Michigan State,Illinois,2026-10-10T19:30:00+00:00,2026-10-10T06:31:14+00:00,0,d3d6b084,55.664,13.314,1.1,0.0,0.0,11.776,76.0,8.75,1.0,0.0,0.0,13.725,68.667,9.333,0.667,0.0,0.0,12.133
2026,6,5086388,Kewan Lacy,RB,Ole Miss,Vanderbilt,2026-10-10T19:30:00+00:00,2026-10-10T06:31:14+00:00,0,d3d6b084,50.518,16.372,1.9,0.0,0.0,14.194,63.667,5.333,2.333,0.0,0.0,17.233,63.667,5.333,2.333,0.0,0.0,17.233
2026,6,5087156,Nathan Hayes,QB,North Dakota State,UNLV,2026-10-10T23:00:00+00:00,2026-10-10T06:31:14+00:00,0,d3d6b084,19.91,0.0,0.0,219.973,16.966,18.787,24.4,0.0,0.0,199.0,15.0,19.2,36.667,0.0,0.0,208.333,14.333,21.667
2026,6,5087747,Jayce Freeman,WR,Temple,UConn,2026-10-10T19:45:00+00:00,2026-10-10T06:31:14+00:00,0,d3d6b084,0.0,27.615,2.0,0.0,0.0,5.886,0.0,32.4,1.6,0.0,0.0,6.04,0.0,35.0,2.0,0.0,0.0,5.5
2026,6,5088952,Eric Olsen,TE,Oregon State,San Diego State,2026-10-10T22:00:00+00:00,2026-10-10T06:31:14+00:00,0,d3d6b084,0.0,50.949,4.5,0.0,0.0,12.634,0.0,47.2,4.8,0.0,0.0,13.12,0.0,59.667,5.667,0.0,0.0,17.633
2026,6,5089003,Colin Chase,WR,Temple,UConn,2026-10-10T19:45:00+00:00,2026-10-10T06:31:14+00:00,0,d3d6b084,1.82,38.175,2.6,0.0,0.0,8.66,5.75,50.25,2.25,0.0,0.0,10.85,7.667,52.667,2.0,0.0,0.0,12.033
2026,6,5089539,Censere Lee,WR,Pittsburgh,North Carolina,2026-10-10T16:00:00+00:00,2026-10-10T06:31:14+00:00,0,d3d6b084,0.0,36.663,3.6,0.0,0.0,10.309,0.0,39.6,3.6,0.0,0.0,12.36,0.0,31.333,3.667,0.0,0.0,12.8
2026,6,5089540,Cole Gonzales,QB,Charlotte,North Texas,2026-10-10T19:30:00+00:00,2026-10-10T06:31:14+00:00,0,d3d6b084,7.676,0.0,0.0,138.167,13.202,8.847,5.6,0.0,0.0,160.4,15.8,10.176,-3.0,0.0,0.0,117.333,12.333,2.727
2026,6,5089860,Chance Williams,RB,Charlotte,North Texas,2026-10-10T19:30:00+00:00,2026-10-10T06:31:14+00:00,0,d3d6b084,45.429,29.688,2.8,0.0,0.0,12.757,58.0,16.5,2.5,0.0,0.0,9.95,58.0,16.5,2.5,0.0,0.0,9.95
2026,6,5091725,Lee Beebe,RB,Indiana,Nebraska,2026-10-10T16:00:00+00:00,2026-10-10T06:31:14+00:00,0,d3d6b084,76.337,5.078,0.5,0.0,0.0,12.72,104.0,0.8,0.4,0.0,0.0,15.68,125.0,1.333,0.667,0.0,0.0,21.3
2026,6,5091890,Kadin Semonza,QB,Tulane,Army,2026-10-10T16:00:00+00:00,2026-10-10T06:31:14+00:00,0,d3d6b084,5.258,0.0,0.0,157.148,11.209,11.342,-12.75,0.0,0.0,161.5,12.5,9.435,-13.667,0.0,0.0,168.667,13.0,11.047
2026,6,5092352,Chris Lofton,WR,App State,Old Dominion,2026-10-10T17:00:00+00:00,2026-10-10T06:31:14+00:00,0,d3d6b084,1.622,52.404,4.5,0.0,0.0,12.175,0.0,49.333,4.0,0.0,0.0,10.6,0.0,49.333,4.0,0.0,0.0,10.6
2026,6,5092410,Dorian Fleming,TE,Maryland,Ohio State,2026-10-10T20:15:00+00:00,2026-10-10T06:31:14+00:00,0,d3d6b084,0.0,33.487,3.7,0.0,0.0,8.402,0.0,34.2,3.6,0.0,0.0,8.22,0.0,46.333,4.667,0.0,0.0,11.3
2026,6,5092470,Tiaquelin Mims,WR,UAB,Memphis,2026-10-10T23:00:00+00:00,2026-10-10T06:31:14+00:00,0,d3d6b084,0.0,47.226,3.4,0.0,0.0,9.715,0.0,44.6,2.8,0.0,0.0,8.26,0.0,53.333,3.0,0.0,0.0,10.0
2026,6,5092483,Josiah Freeman,WR,Fresno State,Boise State,2026-10-11T02:30:00+00:00,2026-10-10T06:31:14+00:00,0,d3d6b084,3.143,96.147,6.6,0.0,0.0,20.458,4.25,80.5,6.25,0.0,0.0,19.225,5.667,74.0,6.333,0.0,0.0,20.3
2026,6,5092811,CJ Miller,RB,Toledo,Buffalo,2026-10-10T19:30:00+00:00,2026-10-10T06:31:14+00:00,0,d3d6b084,65.195,12.236,1.0,0.0,0.0,13.52,69.2,6.6,1.0,0.0,0.0,14.38,89.333,11.0,1.667,0.0,0.0,19.367
2026,6,5092954,Max Dowling,TE,Massachusetts,Miami (OH),2026-10-10T18:00:00+00:00,2026-10-10T06:31:14+00:00,0,d3d6b084,0.0,30.346,2.9,0.0,0.0,8.109,0.0,20.0,2.75,0.0,0.0,7.75,0.0,24.333,2.667,0.0,0.0,9.1
2026,6,5093837,Chris Hunter,WR,Arizona,West Virginia,2026-10-10T16:00:00+00:00,2026-10-10T06:31:14+00:00,0,d3d6b084,0.474,29.77,2.3,0.0,0.0,6.538,0.6,31.0,2.6,0.0,0.0,6.96,0.0,44.0,3.667,0.0,0.0,10.067
2026,6,5094032,Nico Brown,WR,Stanford,Notre Dame,2026-10-10T19:30:00+00:00,2026-10-10T06:31:14+00:00,0,d3d6b084,0.0,44.775,3.9,0.0,0.0,10.285,0.0,49.333,3.333,0.0,0.0,10.267,0.0,49.333,3.333,0.0,0.0,10.267
2026,6,5099305,Antonio Meeks,WR,Wake Forest,NC State,2026-10-10T16:00:00+00:00,2026-10-10T06:31:14+00:00,0,d3d6b084,0.0,27.834,1.9,0.0,0.0,5.808,0.0,38.75,2.0,0.0,0.0,7.375,0.0,20.667,1.667,0.0,0.0,3.733
2026,6,5100582,Hudson Clement,WR,Illinois,Michigan State,2026-10-10T19:30:00+00:00,2026-10-10T06:31:14+00:00,0,d3d6b084,0.0,61.217,4.5,0.0,0.0,11.682,0.0,59.8,4.2,0.0,0.0,10.18,0.0,76.0,4.667,0.0,0.0,12.267
2026,6,5101124,Micah Alejado,QB,Hawai'i,Arizona State,2026-10-11T02:30:00+00:00,2026-10-10T06:31:14+00:00,0,d3d6b084,15.506,0.0,0.0,258.052,25.443,15.563,6.0,0.0,0.0,272.2,26.4,13.688,10.333,0.0,0.0,304.333,28.0,14.873
2026,6,5102556,Cataurus Hicks,WR,Pittsburgh,North Carolina,2026-10-10T16:00:00+00:00,2026-10-10T06:31:14+00:00,0,d3d6b084,0.0,39.985,2.8,0.0,0.0,8.894,0.0,63.0,3.0,0.0,0.0,12.7,0.0,45.667,2.333,0.0,0.0,10.567
2026,6,5103639,Trelain Maddox,RB,Georgia Tech,Duke,2026-10-10T19:30:00+00:00,2026-10-10T06:31:14+00:00,0,d3d6b084,21.908,29.364,2.6,0.0,0.0,10.701,26.0,26.333,2.333,0.0,0.0,11.567,26.0,26.333,2.333,0.0,0.0,11.567
2026,6,5104738,Ryan Browne,QB,Purdue,Minnesota,2026-10-11T00:00:00+00:00,2026-10-10T06:31:14+00:00,0,d3d6b084,4.555,0.0,0.0,211.013,17.526,14.154,-5.6,0.0,0.0,278.0,22.0,16.56,-7.333,0.0,0.0,248.0,18.333,13.853
2026,6,5105269,Sacovie White,WR,Georgia,Alabama,2026-10-10T23:30:00+00:00,2026-10-10T06:31:14+00:00,0,d3d6b084,1.233,39.541,3.0,0.0,0.0,8.825,2.0,33.75,2.5,0.0,0.0,7.575,2.667,33.667,2.333,0.0,0.0,7.967
2026,6,5105849,Devon Dampier,QB,Utah,Kansas,2026-10-11T02:15:00+00:00,2026-10-10T06:31:14+00:00,0,d3d6b084,25.999,0.0,0.0,200.829,16.796,20.196,34.0,0.0,0.0,224.0,17.75,23.86,35.0,0.0,0.0,240.0,19.333,24.433
2026,6,5106299,Ca'Lil Valentine,RB,Illinois,Michigan State,2026-10-10T19:30:00+00:00,2026-10-10T06:31:14+00:00,0,d3d6b084,41.318,7.654,0.6,0.0,0.0,7.296,45.0,9.2,0.6,0.0,0.0,7.22,27.0,11.0,0.333,0.0,0.0,4.133
2026,6,5106301,Kedren Young,RB,Notre Dame,Stanford,2026-10-10T19:30:00+00:00,2026-10-10T06:31:14+00:00,0,d3d6b084,15.41,14.411,1.2,0.0,0.0,5.47,8.0,9.5,1.0,0.0,0.0,2.75,8.0,9.5,1.0,0.0,0.0,2.75
2026,6,5108225,Josiah Martin,WR,North Texas,Charlotte,2026-10-10T19:30:00+00:00,2026-10-10T06:31:14+00:00,0,d3d6b084,2.995,30.495,2.3,0.0,0.0,6.526,5.25,40.25,2.75,0.0,0.0,7.3,2.0,45.0,3.0,0.0,0.0,7.7
2026,6,5110019,Kyan Mason,WR,Akron,Eastern Michigan,2026-10-10T19:30:00+00:00,2026-10-10T06:31:14+00:00,0,d3d6b084,1.006,36.871,3.4,0.0,0.0,8.175,2.2,28.6,3.0,0.0,0.0,6.08,3.667,43.667,3.667,0.0,0.0,8.4
2026,6,5110454,James Peoples,RB,Penn State,USC,2026-10-10T23:30:00+00:00,2026-10-10T06:31:14+00:00,0,d3d6b084,40.077,5.072,0.4,0.0,0.0,7.388,42.4,3.8,0.4,0.0,0.0,7.42,46.333,6.333,0.667,0.0,0.0,9.933
2026,6,5110535,Kyson Brown,RB,Arizona State,Hawai'i,2026-10-11T02:30:00+00:00,2026-10-10T06:31:14+00:00,0,d3d6b084,65.293,14.434,1.2,2.418,0.189,11.984,65.25,6.75,1.0,1.5,0.25,9.51,60.333,5.333,1.0,2.0,0.333,7.313
2026,6,5114311,Jackson Harris,WR,LSU,Kentucky,2026-10-10T23:00:00+00:00,2026-10-10T06:31:14+00:00,0,d3d6b084,0.0,39.567,2.7,0.0,0.0,8.252,0.0,63.4,3.0,0.0,0.0,11.74,0.0,68.333,3.667,0.0,0.0,14.5
2026,6,5114313,Jordan Onovughe,WR,Stanford,Notre Dame,2026-10-10T19:30:00+00:00,2026-10-10T06:31:14+00:00,0,d3d6b084,0.0,28.671,2.9,0.0,0.0,6.618,0.0,24.5,2.5,0.0,0.0,4.95,0.0,28.667,2.333,0.0,0.0,5.2
2026,6,5114332,Jaivian Thomas,RB,UCLA,Oregon,2026-10-10T19:30:00+00:00,2026-10-10T06:31:14+00:00,0,d3d6b084,32.207,6.985,0.6,0.0,0.0,7.71,38.75,3.25,0.5,0.0,0.0,9.2,38.0,4.333,0.667,0.0,0.0,10.9
2026,6,5119841,Dru Deshields,QB,Kent State,Western Michigan,2026-10-10T19:30:00+00:00,2026-10-10T06:31:14+00:00,0,d3d6b084,26.233,0.0,0.0,161.771,14.811,13.65,36.6,0.0,0.0,150.4,14.0,14.676,27.333,0.0,0.0,147.0,14.0,12.28
2026,6,5120299,Patrick Overmyer,TE,Houston,Kansas State,2026-10-10T19:30:00+00:00,2026-10-10T06:31:14+00:00,0,d3d6b084,0.0,63.065,5.3,0.0,0.0,14.084,0.0,63.2,5.0,0.0,0.0,13.52,0.0,72.0,5.667,0.0,0.0,14.533
2026,6,5120669,Akeem Wright,WR,Boise State,Fresno State,2026-10-11T02:30:00+00:00,2026-10-10T06:31:14+00:00,0,d3d6b084,0.0,28.282,2.1,0.0,0.0,6.056,0.0,41.5,2.25,0.0,0.0,7.9,0.0,27.333,1.667,0.0,0.0,4.4
2026,6,5120970,Ismael Cisse,WR,Arkansas,Tennessee,2026-10-10T20:15:00+00:00,2026-10-10T06:31:14+00:00,0,d3d6b084,1.32,27.233,2.6,0.0,0.0,7.5,-0.667,30.0,2.333,0.0,0.0,9.267,-0.667,30.0,2.333,0.0,0.0,9.267
2026,6,5121334,Jayce Brown,WR,LSU,Kentucky,2026-10-10T23:00:00+00:00,2026-10-10T06:31:14+00:00,0,d3d6b084,0.915,19.051,1.8,0.0,0.0,4.424,1.0,22.25,2.0,0.0,0.0,4.325,1.333,25.0,2.333,0.0,0.0,4.967
2026,6,5121384,Ezekiel Avit,WR,Fresno State,Boise State,2026-10-11T02:30:00+00:00,2026-10-10T06:31:14+00:00,0,d3d6b084,0.0,48.943,2.9,0.0,0.0,10.032,0.0,46.8,2.6,0.0,0.0,9.68,0.0,41.667,3.333,0.0,0.0,9.5
2026,6,5121453,Eli Finley,TE,Louisiana Tech,Louisiana,2026-10-10T23:30:00+00:00,2026-10-10T06:31:14+00:00,0,d3d6b084,0.0,57.351,5.4,0.0,0.0,14.029,0.0,52.75,4.5,0.0,0.0,12.525,0.0,53.0,4.667,0.0,0.0,11.633
2026,6,5121541,Cam Wallace,RB,Penn State,USC,2026-10-10T23:30:00+00:00,2026-10-10T06:31:14+00:00,0,d3d6b084,24.286,3.796,0.3,0.0,0.0,5.094,31.25,1.75,0.25,0.0,0.0,6.55,27.667,2.333,0.333,0.0,0.0,5.333
2026,6,5121666,Kameran Shanks,WR,Wake Forest,NC State,2026-10-10T16:00:00+00:00,2026-10-10T06:31:14+00:00,0,d3d6b084,0.0,36.227,2.8,0.0,0.0,7.858,0.0,40.5,3.0,0.0,0.0,8.55,0.0,35.667,2.333,0.0,0.0,5.9
2026,6,5121691,Blaze Berlowitz,QB,Vanderbilt,Ole Miss,2026-10-10T19:30:00+00:00,2026-10-10T06:31:14+00:00,0,d3d6b084,18.487,3.454,0.3,69.771,5.17,7.768,22.0,0.0,0.25,92.0,6.5,8.13,14.333,0.0,0.333,73.0,5.0,5.353
2026,6,5121721,Jekail Middlebrook,RB,Virginia,Syracuse,2026-10-10T23:30:00+00:00,2026-10-10T06:31:14+00:00,0,d3d6b084,40.84,18.498,1.8,0.0,0.0,10.253,48.4,10.2,1.4,0.0,0.0,9.66,54.333,15.333,2.0,0.0,0.0,12.967
2026,6,5121936,Brandon Phelps,WR,Arizona,West Virginia,2026-10-10T16:00:00+00:00,2026-10-10T06:31:14+00:00,0,d3d6b084,0.0,19.133,1.3,0.0,0.0,4.336,0.0,27.6,1.6,0.0,0.0,6.76,0.0,29.0,2.0,0.0,0.0,6.9
2026,6,5122082,Justin Stevenson,WR,North Texas,Charlotte,2026-10-10T19:30:00+00:00,2026-10-10T06:31:14+00:00,0,d3d6b084,0.0,55.974,4.2,0.0,0.0,12.57,0.0,66.2,4.8,0.0,0.0,15.02,0.0,80.333,6.667,0.0,0.0,20.7
2026,6,5122147,Vaughn Blue,RB,Central Michigan,Ohio,2026-10-10T19:30:00+00:00,2026-10-10T06:31:14+00:00,0,d3d6b084,28.315,13.829,1.2,0.0,0.0,7.359,34.0,7.0,1.0,0.0,0.0,6.6,37.0,9.667,1.0,0.0,0.0,7.667
2026,6,5122231,Harlem Berry,RB,LSU,Kentucky,2026-10-10T23:00:00+00:00,2026-10-10T06:31:14+00:00,0,d3d6b084,33.57,0.0,0.0,0.0,0.0,4.714,49.0,0.0,0.0,0.0,0.0,6.4,62.333,0.0,0.0,0.0,0.0,8.233
2026,6,5122554,Xavier Robinson,RB,Oklahoma,Texas,2026-10-10T19:30:00+00:00,2026-10-10T06:31:14+00:00,0,d3d6b084,12.332,9.928,1.0,0.0,0.0,4.145,12.5,4.5,0.75,0.0,0.0,2.45,6.667,6.0,1.0,0.0,0.0,2.267
2026,6,5123048,Jason Patterson,RB,Kentucky,LSU,2026-10-10T23:00:00+00:00,2026-10-10T06:31:14+00:00,0,d3d6b084,50.282,4.308,0.4,0.0,0.0,8.738,71.0,3.6,0.4,0.0,0.0,11.26,74.667,0.667,0.333,0.0,0.0,13.867
2026,6,5125335,Rodney Fields Jr.,RB,Kansas State,Houston,2026-10-10T19:30:00+00:00,2026-10-10T06:31:14+00:00,0,d3d6b084,58.394,7.387,0.7,0.0,0.0,12.299,68.5,0.25,0.75,0.0,0.0,13.625,57.667,0.333,1.0,0.0,0.0,12.8
2026,6,5125593,Bailey Stockton,WR,Florida,South Carolina,2026-10-10T16:45:00+00:00,2026-10-10T06:31:14+00:00,0,d3d6b084,0.8,33.493,3.2,0.0,0.0,8.144,-0.4,26.2,3.0,0.0,0.0,6.78,-0.667,23.333,2.667,0.0,0.0,4.933
2026,6,5125733,Joey Mattord,RB,Eastern Michigan,Akron,2026-10-10T19:30:00+00:00,2026-10-10T06:31:14+00:00,0,d3d6b084,37.945,21.584,2.2,0.0,0.0,10.48,26.5,9.167,2.0,0.0,0.0,6.567,46.0,10.667,1.667,0.0,0.0,9.333
2026,6,5125750,Jediyah Willoughby,WR,UConn,Temple,2026-10-10T19:45:00+00:00,2026-10-10T06:31:14+00:00,0,d3d6b084,0.0,27.085,1.9,0.0,0.0,5.691,0.0,32.6,1.6,0.0,0.0,6.06,0.0,29.0,1.333,0.0,0.0,4.233
2026,6,5125754,Jai'Den Thomas,RB,UNLV,North Dakota State,2026-10-10T23:00:00+00:00,2026-10-10T06:31:14+00:00,0,d3d6b084,70.661,27.714,2.7,0.0,0.0,17.18,76.6,21.6,2.4,0.0,0.0,17.02,65.333,18.667,1.667,0.0,0.0,16.067
2026,6,5125905,Corri Milliner,WR,North Texas,Charlotte,2026-10-10T19:30:00+00:00,2026-10-10T06:31:14+00:00,0,d3d6b084,0.0,48.072,3.3,0.0,0.0,9.444,0.0,65.0,4.0,0.0,0.0,11.7,0.0,64.667,4.333,0.0,0.0,12.8
2026,6,5126513,Jayden Scott,RB,NC State,Wake Forest,2026-10-10T16:00:00+00:00,2026-10-10T06:31:14+00:00,0,d3d6b084,61.618,7.696,0.8,0.0,0.0,12.112,71.6,4.2,0.6,0.0,0.0,12.78,70.0,7.0,1.0,0.0,0.0,12.367
2026,6,5126524,Jakorion Caffey,RB,Kent State,Western Michigan,2026-10-10T19:30:00+00:00,2026-10-10T06:31:14+00:00,0,d3d6b084,16.035,9.193,0.9,0.0,0.0,5.019,10.75,1.0,0.75,0.0,0.0,3.425,14.0,0.333,0.667,0.0,0.0,4.1
2026,6,5127724,Christian Clark,RB,South Carolina,Florida,2026-10-10T16:45:00+00:00,2026-10-10T06:31:14+00:00,0,d3d6b084,16.498,8.342,0.8,0.0,0.0,4.265,19.0,4.667,0.667,0.0,0.0,3.033,19.0,4.667,0.667,0.0,0.0,3.033
2026,6,5127805,JJ Harrell,WR,Old Dominion,App State,2026-10-10T17:00:00+00:00,2026-10-10T06:31:14+00:00,0,d3d6b084,0.0,22.383,2.0,0.0,0.0,4.856,0.0,24.0,1.8,0.0,0.0,4.2,0.0,13.0,1.0,0.0,0.0,2.3
2026,6,5127885,Kwazi Gilmer,,Nebraska,Indiana,2026-10-10T16:00:00+00:00,2026-10-10T06:31:14+00:00,0,d3d6b084,0.0,80.707,6.7,0.0,0.0,20.934,0.0,77.4,5.8,0.0,0.0,20.74,0.0,96.667,6.0,0.0,0.0,21.667
2026,6,5132629,Braylon Staley,WR,Tennessee,Arkansas,2026-10-10T20:15:00+00:00,2026-10-10T06:31:14+00:00,0,d3d6b084,0.0,43.489,4.4,0.0,0.0,11.339,0.0,28.0,3.4,0.0,0.0,8.6,0.0,37.333,4.667,0.0,0.0,10.4
2026,6,5132652,Ricky Johnson,WR,Utah,Kansas,2026-10-11T02:15:00+00:00,2026-10-10T06:31:14+00:00,0,d3d6b084,0.0,31.981,2.7,0.0,0.0,6.819,0.0,25.25,2.25,0.0,0.0,4.775,0.0,25.333,2.333,0.0,0.0,4.867
2026,6,5132812,Aaron Philo,QB,Florida,South Carolina,2026-10-10T16:45:00+00:00,2026-10-10T06:31:14+00:00,0,d3d6b084,14.727,0.0,0.0,211.384,16.214,17.88,14.4,0.0,0.0,222.8,16.8,19.952,13.0,0.0,0.0,199.0,17.333,14.927
2026,6,5136049,Duke Watson,RB,UCF,Oklahoma State,2026-10-10T16:00:00+00:00,2026-10-10T06:31:14+00:00,0,d3d6b084,64.421,12.374,1.4,0.0,0.0,12.636,80.8,1.4,1.2,0.0,0.0,13.02,94.667,0.0,1.0,0.0,0.0,14.467
2026,6,5136838,Willie Rodriguez,TE,Kentucky,LSU,2026-10-10T23:00:00+00:00,2026-10-10T06:31:14+00:00,0,d3d6b084,1.625,42.778,4.5,0.0,0.0,10.638,1.0,38.8,4.4,0.0,0.0,9.58,1.667,32.333,3.333,0.0,0.0,6.733
2026,6,5138451,Luke Reynolds,TE,Virginia Tech,California,2026-10-10T19:30:00+00:00,2026-10-10T06:31:14+00:00,0,d3d6b084,2.031,75.711,7.5,0.0,0.0,19.667,0.2,74.6,7.4,0.0,0.0,19.68,1.0,71.667,8.0,0.0,0.0,17.267
2026,6,5141362,Jordan Allen,WR,Georgia Tech,Duke,2026-10-10T19:30:00+00:00,2026-10-10T06:31:14+00:00,0,d3d6b084,0.811,53.835,4.7,0.0,0.0,11.332,0.0,53.25,4.5,0.0,0.0,9.575,0.0,33.333,3.333,0.0,0.0,6.667
2026,6,5141364,Russell Babineaux,WR,Louisiana,Louisiana Tech,2026-10-10T23:30:00+00:00,2026-10-10T06:31:14+00:00,0,d3d6b084,0.421,27.376,2.6,0.0,0.0,6.641,1.0,23.2,2.8,0.0,0.0,6.42,0.0,7.0,2.333,0.0,0.0,3.033
2026,6,5141378,Cutter Boley,QB,Arizona State,Hawai'i,2026-10-11T02:30:00+00:00,2026-10-10T06:31:14+00:00,0,d3d6b084,16.534,3.811,0.3,284.321,19.667,24.647,11.25,1.5,0.25,260.0,19.5,22.425,15.667,2.0,0.333,217.667,19.0,17.14
2026,6,5141394,Lotzeir Brooks,WR,Alabama,Georgia,2026-10-10T23:30:00+00:00,2026-10-10T06:31:14+00:00,0,d3d6b084,1.203,55.331,4.4,0.0,0.0,11.645,0.6,70.4,4.2,0.0,0.0,12.5,0.0,91.667,4.667,0.0,0.0,15.833
2026,6,5141395,EJ Colson,QB,UTEP,Nevada,2026-10-10T23:00:00+00:00,2026-10-10T06:31:14+00:00,0,d3d6b084,23.859,0.0,0.0,116.101,10.655,13.367,18.6,0.0,0.0,108.2,9.8,12.388,6.333,0.0,0.0,83.333,9.667,6.967
2026,6,5141419,Harry Dalton III,RB,Maryland,Ohio State,2026-10-10T20:15:00+00:00,2026-10-10T06:31:14+00:00,0,d3d6b084,29.009,5.053,0.6,0.0,0.0,7.327,37.667,-4.667,0.667,0.0,0.0,9.967,37.667,-4.667,0.667,0.0,0.0,9.967
2026,6,5141423,Jordon Davison,RB,Oregon,UCLA,2026-10-10T19:30:00+00:00,2026-10-10T06:31:14+00:00,0,d3d6b084,43.554,8.024,0.7,0.0,0.0,10.502,65.0,3.25,0.75,0.0,0.0,15.075,56.667,4.333,0.667,0.0,0.0,14.767
2026,6,5141473,AJ Hill,QB,Arkansas,Tennessee,2026-10-10T20:15:00+00:00,2026-10-10T06:31:14+00:00,0,d3d6b084,4.327,5.668,0.6,67.537,6.864,6.618,-14.5,-2.5,0.5,90.5,8.0,4.42,-14.5,-2.5,0.5,90.5,8.0,4.42
2026,6,5141499,Dierre Hill Jr.,RB,Oregon,UCLA,2026-10-10T19:30:00+00:00,2026-10-10T06:31:14+00:00,0,d3d6b084,33.274,36.685,2.7,0.0,0.0,13.274,46.0,42.25,3.0,0.0,0.0,16.075,49.333,54.333,3.0,0.0,0.0,19.033
2026,6,5141506,Deuce Knight,QB,Ole Miss,Vanderbilt,2026-10-10T19:30:00+00:00,2026-10-10T06:31:14+00:00,0,d3d6b084,11.218,0.0,0.0,46.472,3.916,5.02,27.0,0.0,0.0,68.0,4.0,10.42,27.0,0.0,0.0,68.0,4.0,10.42
2026,6,5141517,Bo Jackson,RB,Ohio State,Maryland,2026-10-10T20:15:00+00:00,2026-10-10T06:31:14+00:00,0,d3d6b084,52.284,18.822,1.9,0.0,0.0,11.751,70.6,13.2,1.8,0.0,0.0,12.58,65.333,5.333,1.333,0.0,0.0,10.4
2026,6,5141522,Iverson Howard,RB,Maryland,Ohio State,2026-10-10T20:15:00+00:00,2026-10-10T06:31:14+00:00,0,d3d6b084,29.29,12.368,1.5,0.0,0.0,8.903,42.2,8.0,1.6,0.0,0.0,11.42,30.0,8.333,1.333,0.0,0.0,7.167
2026,6,5141525,Koby Howard,WR,Penn State,USC,2026-10-10T23:30:00+00:00,2026-10-10T06:31:14+00:00,0,d3d6b084,3.458,77.307,3.8,0.0,0.0,15.043,8.0,114.667,4.0,0.0,0.0,22.267,8.0,114.667,4.0,0.0,0.0,22.267
2026,6,5141549,David McComb,QB,Miami (OH),Massachusetts,2026-10-10T18:00:00+00:00,2026-10-10T06:31:14+00:00,0,d3d6b084,8.827,0.0,0.0,177.812,12.396,13.951,11.25,0.0,0.0,280.0,16.25,23.325,21.333,0.0,0.0,293.333,16.333,27.2
2026,6,5141561,Jamarion Morrow,RB,Texas A&M,Missouri,2026-10-10T16:00:00+00:00,2026-10-10T06:31:14+00:00,0,d3d6b084,24.746,25.797,2.3,0.0,0.0,10.093,28.0,18.0,2.0,0.0,0.0,9.6,28.0,18.0,2.0,0.0,0.0,9.6
2026,6,5141582,Donovan Olugbode,WR,Missouri,Texas A&M,2026-10-10T16:00:00+00:00,2026-10-10T06:31:14+00:00,0,d3d6b084,0.0,77.777,5.1,2.288,0.177,18.468,0.0,83.2,5.4,0.0,0.0,20.72,0.0,59.667,4.333,0.0,0.0,16.3
2026,6,5141586,Dakorien Moore,WR,Oregon,UCLA,2026-10-10T19:30:00+00:00,2026-10-10T06:31:14+00:00,0,d3d6b084,0.0,44.733,3.0,0.0,0.0,10.748,0.0,58.5,3.5,0.0,0.0,15.35,0.0,47.0,2.667,0.0,0.0,13.367
2026,6,5141597,Cooper Perry,WR,California,Virginia Tech,2026-10-10T19:30:00+00:00,2026-10-10T06:31:14+00:00,0,d3d6b084,0.0,21.963,1.7,0.0,0.0,4.914,0.0,27.75,2.0,0.0,0.0,6.275,0.0,30.667,2.333,0.0,0.0,7.4
2026,6,5141598,Daune Morris,RB,Tennessee,Arkansas,2026-10-10T20:15:00+00:00,2026-10-10T06:31:14+00:00,0,d3d6b084,42.721,8.349,0.8,0.0,0.0,8.092,59.8,2.2,0.6,0.0,0.0,9.0,60.333,3.667,1.0,0.0,0.0,9.067
2026,6,5141607,Isaiah Mozee,RB,Nebraska,Indiana,2026-10-10T16:00:00+00:00,2026-10-10T06:31:14+00:00,0,d3d6b084,31.61,17.933,1.7,0.0,0.0,8.599,39.0,13.4,1.4,0.0,0.0,7.84,36.333,17.667,2.0,0.0,0.0,7.4
2026,6,5141629,Keelon Russell,QB,Alabama,Georgia,2026-10-10T23:30:00+00:00,2026-10-10T06:31:14+00:00,0,d3d6b084,26.475,1.849,0.2,245.533,19.444,23.303,36.8,-2.0,0.2,282.8,18.8,27.992,35.667,0.0,0.0,323.333,20.0,35.833
2026,6,5141656,Nate Roberts,TE,Ohio State,Maryland,2026-10-10T20:15:00+00:00,2026-10-10T06:31:14+00:00,0,d3d6b084,0.0,22.749,2.1,0.0,0.0,5.514,0.0,18.4,1.8,0.0,0.0,4.84,0.0,19.0,2.333,0.0,0.0,6.233
2026,6,5141668,Taevion Swint,RB,UCF,Oklahoma State,2026-10-10T16:00:00+00:00,2026-10-10T06:31:14+00:00,0,d3d6b084,24.076,7.329,0.7,0.0,0.0,5.847,27.0,3.0,0.6,0.0,0.0,6.0,29.333,-0.333,0.667,0.0,0.0,5.567
2026,6,5141671,Talyn Taylor,WR,Georgia,Alabama,2026-10-10T23:30:00+00:00,2026-10-10T06:31:14+00:00,0,d3d6b084,0.946,49.518,3.6,0.0,0.0,12.076,7.75,44.0,3.0,0.0,0.0,12.675,0.0,49.333,3.0,0.0,0.0,11.933
2026,6,5141677,Ja'Kyrian Turner,RB,Pittsburgh,North Carolina,2026-10-10T16:00:00+00:00,2026-10-10T06:31:14+00:00,0,d3d6b084,42.631,49.452,4.9,0.0,0.0,18.951,52.0,52.0,5.0,0.0,0.0,21.4,52.0,52.0,5.0,0.0,0.0,21.4
2026,6,5141684,Austin Simmons,QB,Missouri,Texas A&M,2026-10-10T16:00:00+00:00,2026-10-10T06:31:14+00:00,0,d3d6b084,4.966,0.0,0.0,233.624,15.862,18.913,2.0,0.0,0.0,254.0,18.4,20.76,1.333,0.0,0.0,242.0,18.667,17.813
2026,6,5141695,Malik Washington,QB,Maryland,Ohio State,2026-10-10T20:15:00+00:00,2026-10-10T06:31:14+00:00,0,d3d6b084,8.474,0.0,0.0,194.734,20.409,12.624,7.4,0.0,0.0,257.6,24.8,15.444,10.0,0.0,0.0,251.667,23.667,14.4
2026,6,5141697,Winston Watkins,WR,LSU,Kentucky,2026-10-10T23:00:00+00:00,2026-10-10T06:31:14+00:00,0,d3d6b084,2.422,47.956,3.8,0.0,0.0,10.755,4.6,70.8,4.6,0.0,0.0,14.54,1.0,67.0,3.667,0.0,0.0,12.467
2026,6,5141701,Isaiah West,RB,Ohio State,Maryland,2026-10-10T20:15:00+00:00,2026-10-10T06:31:14+00:00,0,d3d6b084,15.079,8.362,0.8,0.0,0.0,4.411,16.0,5.4,0.8,0.0,0.0,4.14,15.333,3.0,0.333,0.0,0.0,4.167
2026,6,5141711,Ryan Williams,WR,Alabama,Georgia,2026-10-10T23:30:00+00:00,2026-10-10T06:31:14+00:00,0,d3d6b084,1.712,53.822,4.0,0.0,0.0,12.754,2.6,75.2,4.0,0.0,0.0,16.38,1.333,67.667,3.667,0.0,0.0,18.567
2026,6,5141723,Dallas Wilson,WR,Florida,South Carolina,2026-10-10T16:45:00+00:00,2026-10-10T06:31:14+00:00,0,d3d6b084,0.844,56.071,3.9,0.0,0.0,12.626,1.2,60.4,3.6,0.0,0.0,14.56,2.0,50.333,3.333,0.0,0.0,14.567
2026,6,5141742,Jabree Coleman,RB,South Carolina,Florida,2026-10-10T16:45:00+00:00,2026-10-10T06:31:14+00:00,0,d3d6b084,19.986,7.136,0.7,0.0,0.0,5.708,34.6,4.0,0.6,0.0,0.0,9.06,21.333,4.667,0.667,0.0,0.0,4.933
2026,6,5141795,Braylon Isom,WR,Miami (OH),Massachusetts,2026-10-10T18:00:00+00:00,2026-10-10T06:31:14+00:00,0,d3d6b084,0.0,35.524,3.0,0.0,0.0,7.444,0.0,38.25,2.5,0.0,0.0,6.325,0.0,37.667,2.667,0.0,0.0,6.433
2026,6,5141975,Tanook Hines,WR,USC,Penn State,2026-10-10T23:30:00+00:00,2026-10-10T06:31:14+00:00,0,d3d6b084,0.0,25.207,2.7,0.0,0.0,7.398,0.0,28.25,2.75,0.0,0.0,10.075,0.0,31.667,3.0,0.0,0.0,10.167
2026,6,5142591,Kaleb Edwards,TE,Alabama,Georgia,2026-10-10T23:30:00+00:00,2026-10-10T06:31:14+00:00,0,d3d6b084,0.0,25.408,2.3,0.0,0.0,5.996,0.0,32.75,2.25,0.0,0.0,7.025,0.0,36.667,2.333,0.0,0.0,8.0
2026,6,5142600,Waden Charles,WR,UCF,Oklahoma State,2026-10-10T16:00:00+00:00,2026-10-10T06:31:14+00:00,0,d3d6b084,0.0,48.433,4.2,0.0,0.0,11.719,0.0,42.25,3.5,0.0,0.0,10.725,0.0,42.667,3.333,0.0,0.0,9.6
2026,6,5143191,Micah Ford,RB,Stanford,Notre Dame,2026-10-10T19:30:00+00:00,2026-10-10T06:31:14+00:00,0,d3d6b084,64.49,23.883,2.8,0.0,0.0,17.296,60.4,13.0,2.2,0.0,0.0,14.34,58.667,18.667,3.0,0.0,0.0,12.733
2026,6,5144078,Ethan Grunkemeyer,QB,Virginia Tech,California,2026-10-10T19:30:00+00:00,2026-10-10T06:31:14+00:00,0,d3d6b084,6.127,0.0,0.0,204.403,20.139,16.649,-4.8,0.0,0.0,289.2,26.2,22.688,-1.667,0.0,0.0,298.333,27.667,24.1
2026,6,5144164,Riley Wormley,RB,USC,Penn State,2026-10-10T23:30:00+00:00,2026-10-10T06:31:14+00:00,0,d3d6b084,12.723,12.527,1.4,0.0,0.0,5.727,11.833,13.0,1.5,0.0,0.0,6.983,19.0,13.667,1.333,0.0,0.0,8.6
2026,6,5144288,Ben Grice,WR,Rice,East Carolina,2026-10-10T20:00:00+00:00,2026-10-10T06:31:14+00:00,0,d3d6b084,9.69,17.382,1.5,0.0,0.0,5.309,24.0,12.8,1.2,0.0,0.0,6.08,36.0,24.0,1.333,0.0,0.0,9.333
2026,6,5144959,Drake Lindsey,QB,Minnesota,Purdue,2026-10-11T00:00:00+00:00,2026-10-10T06:31:14+00:00,0,d3d6b084,4.692,0.0,0.0,200.361,16.702,13.827,-2.6,0.0,0.0,217.4,21.0,14.036,-2.333,0.0,0.0,181.333,18.333,15.02
2026,6,5144962,Jalen Smith,WR,Minnesota,Purdue,2026-10-11T00:00:00+00:00,2026-10-10T06:31:14+00:00,0,d3d6b084,0.0,41.134,3.3,0.0,0.0,9.934,0.0,30.25,3.0,0.0,0.0,9.025,0.0,31.667,3.0,0.0,0.0,10.167
2026,6,5145453,Jeremiah Melvin,WR,East Carolina,Rice,2026-10-10T20:00:00+00:00,2026-10-10T06:31:14+00:00,0,d3d6b084,0.0,79.188,6.6,0.0,0.0,17.819,0.0,77.0,5.5,0.0,0.0,16.2,0.0,77.0,5.5,0.0,0.0,16.2
2026,6,5145737,Matthew Fuller,RB,South Carolina,Florida,2026-10-10T16:45:00+00:00,2026-10-10T06:31:14+00:00,0,d3d6b084,67.178,34.247,3.7,0.0,0.0,19.866,86.6,21.8,2.8,0.0,0.0,20.64,78.0,33.667,4.333,0.0,0.0,23.5
2026,6,5145788,Gael Ochoa,QB,Rice,East Carolina,2026-10-10T20:00:00+00:00,2026-10-10T06:31:14+00:00,0,d3d6b084,9.915,0.0,0.0,32.926,2.826,4.173,34.0,0.0,0.0,17.0,2.0,10.08,34.0,0.0,0.0,17.0,2.0,10.08
2026,6,5146670,Alessio Milivojevic,QB,Michigan State,Illinois,2026-10-10T19:30:00+00:00,2026-10-10T06:31:14+00:00,0,d3d6b084,4.946,0.0,0.0,198.603,16.878,11.573,-5.6,0.0,0.0,170.2,16.0,7.848,-12.333,0.0,0.0,144.667,14.0,3.22
2026,6,5146708,Sean Patrick,RB,Akron,Eastern Michigan,2026-10-10T19:30:00+00:00,2026-10-10T06:31:14+00:00,0,d3d6b084,36.091,24.225,2.3,0.0,0.0,10.307,39.0,18.2,2.2,0.0,0.0,8.92,31.667,5.0,1.667,0.0,0.0,5.0
2026,6,5146711,Da'Jaun Riggs,RB,Oregon,UCLA,2026-10-10T19:30:00+00:00,2026-10-10T06:31:14+00:00,0,d3d6b084,18.637,11.218,0.9,0.0,0.0,5.031,35.0,10.5,1.0,0.0,0.0,5.55,35.0,10.5,1.0,0.0,0.0,5.55
2026,6,5146712,Dylan Riley,RB,Boise State,Fresno State,2026-10-11T02:30:00+00:00,2026-10-10T06:31:14+00:00,0,d3d6b084,99.979,14.438,1.4,0.0,0.0,17.849,137.0,11.2,1.4,0.0,0.0,22.02,143.0,13.333,1.333,0.0,0.0,26.633
2026,6,5146724,Turbo Richard,RB,Indiana,Nebraska,2026-10-10T16:00:00+00:00,2026-10-10T06:31:14+00:00,0,d3d6b084,74.084,6.958,0.6,0.0,0.0,13.013,117.4,9.4,0.6,0.0,0.0,19.28,140.333,1.333,0.333,0.0,0.0,18.5
2026,6,5146728,Koby Young,WR,Houston,Kansas State,2026-10-10T19:30:00+00:00,2026-10-10T06:31:14+00:00,0,d3d6b084,3.451,23.139,1.6,0.0,0.0,6.383,7.6,35.2,1.6,0.0,0.0,10.68,9.0,25.0,1.333,0.0,0.0,8.733
2026,6,5146735,Charlie Becker,WR,Indiana,Nebraska,2026-10-10T16:00:00+00:00,2026-10-10T06:31:14+00:00,0,d3d6b084,0.0,92.132,6.4,0.0,0.0,23.3,0.0,95.4,5.4,0.0,0.0,24.54,0.0,110.667,6.667,0.0,0.0,23.733
2026,6,5146739,Tra'Mar Harris,WR,Purdue,Minnesota,2026-10-11T00:00:00+00:00,2026-10-10T06:31:14+00:00,0,d3d6b084,0.0,35.377,3.0,0.0,0.0,8.913,0.0,35.0,2.667,0.0,0.0,10.167,0.0,35.0,2.667,0.0,0.0,10.167
2026,6,5146757,Zach Williams,WR,USC,Penn State,2026-10-10T23:30:00+00:00,2026-10-10T06:31:14+00:00,0,d3d6b084,0.47,28.141,2.3,0.0,0.0,6.119,-1.167,43.0,2.333,0.0,0.0,7.517,0.0,47.333,2.333,0.0,0.0,7.067
2026,6,5146764,Benjamin Blackburn,TE,Stanford,Notre Dame,2026-10-10T19:30:00+00:00,2026-10-10T06:31:14+00:00,0,d3d6b084,0.0,38.36,4.4,0.0,0.0,9.182,0.0,31.8,4.0,0.0,0.0,7.18,0.0,19.333,2.667,0.0,0.0,4.6
2026,6,5146903,Brayden Roggow,QB,Akron,Eastern Michigan,2026-10-10T19:30:00+00:00,2026-10-10T06:31:14+00:00,0,d3d6b084,4.678,0.0,0.0,137.388,11.836,9.028,-6.2,0.0,0.0,121.0,10.6,6.82,-14.0,0.0,0.0,168.333,13.667,5.0
2026,6,5147053,Wayne Harris,WR,Kent State,Western Michigan,2026-10-10T19:30:00+00:00,2026-10-10T06:31:14+00:00,0,d3d6b084,0.842,41.271,3.3,0.0,0.0,9.067,0.4,38.2,2.8,0.0,0.0,7.66,0.667,32.667,2.667,0.0,0.0,6.0
2026,6,5147347,Austyn Dendy,RB,Bowling Green,Sacramento State,2026-10-10T16:00:00+00:00,2026-10-10T06:31:14+00:00,0,d3d6b084,53.093,5.431,0.5,0.0,0.0,8.678,37.0,1.4,0.4,0.0,0.0,5.24,32.0,2.333,0.667,0.0,0.0,4.1
2026,6,5147376,Kameron Courtney,WR,Virginia,Syracuse,2026-10-10T23:30:00+00:00,2026-10-10T06:31:14+00:00,0,d3d6b084,0.0,51.47,4.6,0.0,0.0,12.634,0.0,41.5,3.75,0.0,0.0,10.9,0.0,51.333,4.0,0.0,0.0,13.133
2026,6,5147379,Sire Gaines,RB,Boise State,Fresno State,2026-10-11T02:30:00+00:00,2026-10-10T06:31:14+00:00,0,d3d6b084,56.947,21.645,2.0,0.0,0.0,14.064,78.0,19.333,2.0,0.0,0.0,17.733,78.0,19.333,2.0,0.0,0.0,17.733
2026,6,5147757,Arrington Maiden,QB,James Madison,Georgia Southern,2026-10-10T23:30:00+00:00,2026-10-10T06:31:14+00:00,0,d3d6b084,9.081,0.0,0.0,50.687,4.047,5.505,23.0,0.0,0.0,111.0,7.0,14.74,23.0,0.0,0.0,111.0,7.0,14.74
2026,6,5147861,Adam Mohammed,RB,California,Virginia Tech,2026-10-10T19:30:00+00:00,2026-10-10T06:31:14+00:00,0,d3d6b084,67.609,37.26,3.3,0.0,0.0,19.095,84.0,42.0,4.25,0.0,0.0,22.85,72.0,40.667,3.333,0.0,0.0,20.6
2026,6,5148535,Brett Eskildsen,WR,Penn State,USC,2026-10-10T23:30:00+00:00,2026-10-10T06:31:14+00:00,0,d3d6b084,0.0,39.585,3.5,0.0,0.0,9.177,0.0,32.0,3.75,0.0,0.0,8.45,0.0,26.667,3.333,0.0,0.0,6.0
2026,6,5148611,Will Wilson,QB,NC State,Wake Forest,2026-10-10T16:00:00+00:00,2026-10-10T06:31:14+00:00,0,d3d6b084,23.789,0.0,0.0,2.381,0.279,6.954,33.2,0.0,0.0,6.6,1.6,11.584,27.667,0.0,0.0,0.0,0.0,6.767
2026,6,5148664,Corey Simms,WR,USC,Penn State,2026-10-10T23:30:00+00:00,2026-10-10T06:31:14+00:00,0,d3d6b084,0.0,30.323,2.8,0.0,0.0,7.044,0.0,44.5,3.0,0.0,0.0,8.95,0.0,45.333,2.667,0.0,0.0,9.2
2026,6,5148741,Khamani Alexander,RB,Charlotte,North Texas,2026-10-10T19:30:00+00:00,2026-10-10T06:31:14+00:00,0,d3d6b084,34.943,17.531,1.7,0.0,0.0,10.131,40.2,9.4,1.4,0.0,0.0,9.76,17.0,14.0,2.0,0.0,0.0,8.767
2026,6,5148777,Titan Lacaden,WR,Hawai'i,Arizona State,2026-10-11T02:30:00+00:00,2026-10-10T06:31:14+00:00,0,d3d6b084,0.0,20.92,2.2,0.0,0.0,5.003,0.0,10.8,1.8,0.0,0.0,2.88,0.0,15.0,2.0,0.0,0.0,3.5
2026,6,5148787,Wyatt Young,WR,Oklahoma State,UCF,2026-10-10T16:00:00+00:00,2026-10-10T06:31:14+00:00,0,d3d6b084,1.679,80.513,5.3,0.0,0.0,17.134,2.5,102.5,5.5,0.0,0.0,20.5,2.667,108.667,4.667,0.0,0.0,21.8
2026,6,5148822,Chris Barnes,WR,Oklahoma State,UCF,2026-10-10T16:00:00+00:00,2026-10-10T06:31:14+00:00,0,d3d6b084,0.0,38.752,3.0,0.0,0.0,7.864,0.0,48.333,3.0,0.0,0.0,7.833,0.0,48.333,3.0,0.0,0.0,7.833
2026,6,5149006,Evans Chuba,QB,Purdue,Minnesota,2026-10-11T00:00:00+00:00,2026-10-10T06:31:14+00:00,0,d3d6b084,5.561,0.0,0.0,42.916,4.141,4.039,-5.0,0.0,0.0,48.0,5.5,3.42,-5.0,0.0,0.0,48.0,5.5,3.42
2026,6,5149007,Miles Coleman,WR,Oklahoma State,UCF,2026-10-10T16:00:00+00:00,2026-10-10T06:31:14+00:00,0,d3d6b084,0.0,32.959,2.9,0.0,0.0,7.627,0.0,34.25,3.0,0.0,0.0,7.925,0.0,32.333,2.667,0.0,0.0,7.9
2026,6,5149056,Jadyn Glasser,QB,Central Michigan,Ohio,2026-10-10T19:30:00+00:00,2026-10-10T06:31:14+00:00,0,d3d6b084,5.988,0.0,0.0,56.074,4.902,4.236,-0.25,0.0,0.0,45.75,4.75,1.805,0.333,0.0,0.0,55.667,5.0,2.593
2026,6,5149220,Baron Tipton,WR,North Texas,Charlotte,2026-10-10T19:30:00+00:00,2026-10-10T06:31:14+00:00,0,d3d6b084,0.0,21.236,1.8,0.0,0.0,4.953,0.0,24.25,2.25,0.0,0.0,6.175,0.0,28.0,2.333,0.0,0.0,7.133
2026,6,5149831,Kayden McGee,WR,UNLV,North Dakota State,2026-10-10T23:00:00+00:00,2026-10-10T06:31:14+00:00,0,d3d6b084,5.825,34.049,2.3,0.0,0.0,8.388,5.75,47.0,2.0,0.0,0.0,10.275,1.667,46.667,1.667,0.0,0.0,8.5
2026,6,5149910,Tristen Brown,WR,Vanderbilt,Ole Miss,2026-10-10T19:30:00+00:00,2026-10-10T06:31:14+00:00,0,d3d6b084,0.0,28.75,2.2,0.0,0.0,5.831,0.0,26.0,1.8,0.0,0.0,4.4,0.0,35.0,2.0,0.0,0.0,5.5
2026,6,5150003,Terrance Shelton Jr.,RB,Buffalo,Toledo,2026-10-10T19:30:00+00:00,2026-10-10T06:31:14+00:00,0,d3d6b084,33.4,21.284,2.4,0.0,0.0,9.954,40.0,5.5,2.0,0.0,0.0,6.55,40.0,5.5,2.0,0.0,0.0,6.55
2026,6,5150297,Cale Hellums,QB,Army,Tulane,2026-10-10T16:00:00+00:00,2026-10-10T06:31:14+00:00,0,d3d6b084,67.918,0.0,0.0,118.208,9.43,22.242,75.25,0.0,0.0,84.25,7.0,22.645,71.333,0.0,0.0,92.667,8.0,22.507
2026,6,5150316,Samari Howard,WR,Army,Tulane,2026-10-10T16:00:00+00:00,2026-10-10T06:31:14+00:00,0,d3d6b084,51.095,23.925,2.0,0.0,0.0,11.81,73.25,18.25,1.75,0.0,0.0,12.4,76.667,7.0,1.333,0.0,0.0,11.7
2026,6,5150326,Carson Smith,RB,Army,Tulane,2026-10-10T16:00:00+00:00,2026-10-10T06:31:14+00:00,0,d3d6b084,32.464,5.125,0.4,0.0,0.0,6.124,33.333,6.667,0.333,0.0,0.0,6.333,33.333,6.667,0.333,0.0,0.0,6.333
2026,6,5150424,Jordan Faison,WR,Notre Dame,Stanford,2026-10-10T19:30:00+00:00,2026-10-10T06:31:14+00:00,0,d3d6b084,0.0,87.399,6.2,0.0,0.0,19.859,0.0,74.2,5.0,0.0,0.0,17.22,0.0,78.667,5.667,0.0,0.0,17.533
2026,6,5150825,Donovan Delaney,RB,Kent State,Western Michigan,2026-10-10T19:30:00+00:00,2026-10-10T06:31:14+00:00,0,d3d6b084,16.844,6.774,0.6,0.0,0.0,4.063,10.0,2.0,0.5,0.0,0.0,1.7,10.0,2.0,0.5,0.0,0.0,1.7
2026,6,5150834,Destyn Hill,WR,Tulane,Army,2026-10-10T16:00:00+00:00,2026-10-10T06:31:14+00:00,0,d3d6b084,0.0,67.368,4.8,0.0,0.0,14.093,0.0,56.333,4.0,0.0,0.0,11.3,0.0,56.333,4.0,0.0,0.0,11.3
2026,6,5150998,Blake Baker,QB,Louisiana Tech,Louisiana,2026-10-10T23:30:00+00:00,2026-10-10T06:31:14+00:00,0,d3d6b084,5.85,4.034,0.4,78.116,6.044,8.118,-8.333,0.0,0.333,120.0,7.0,9.3,-8.333,0.0,0.333,120.0,7.0,9.3
2026,6,5151111,Jamarian Samuel,RB,Georgia Southern,James Madison,2026-10-10T23:30:00+00:00,2026-10-10T06:31:14+00:00,0,d3d6b084,16.019,9.992,1.0,0.0,0.0,5.013,21.5,4.25,1.25,0.0,0.0,5.325,13.333,5.333,1.0,0.0,0.0,2.867
2026,6,5151112,David Mbadinga,RB,Georgia Southern,James Madison,2026-10-10T23:30:00+00:00,2026-10-10T06:31:14+00:00,0,d3d6b084,37.543,16.224,1.5,0.0,0.0,8.204,45.4,15.8,1.8,0.0,0.0,7.92,65.0,16.333,2.333,0.0,0.0,10.467
2026,6,5151369,Messiah Burch,RB,Buffalo,Toledo,2026-10-10T19:30:00+00:00,2026-10-10T06:31:14+00:00,0,d3d6b084,50.76,12.303,1.5,0.0,0.0,9.773,70.4,2.6,1.2,0.0,0.0,9.7,87.333,2.333,1.333,0.0,0.0,12.3
2026,6,5151892,Ja'Kobi Jackson,RB,Ohio State,Maryland,2026-10-10T20:15:00+00:00,2026-10-10T06:31:14+00:00,0,d3d6b084,40.375,0.0,0.0,0.0,0.0,8.335,55.6,0.0,0.0,0.0,0.0,12.76,58.333,0.0,0.0,0.0,0.0,13.833
2026,6,5152153,Tyler Mizzell,QB,Ball State,Northwestern,2026-10-10T16:30:00+00:00,2026-10-10T06:31:14+00:00,0,d3d6b084,9.045,0.0,0.0,42.548,4.166,4.153,3.6,0.0,0.0,41.8,3.8,2.832,6.0,0.0,0.0,59.333,5.667,4.307
2026,6,5152158,Deuce Alexander,WR,Ole Miss,Vanderbilt,2026-10-10T19:30:00+00:00,2026-10-10T06:31:14+00:00,0,d3d6b084,0.852,76.708,5.7,0.0,0.0,17.477,1.0,107.25,6.75,0.0,0.0,23.575,1.333,90.0,7.333,0.0,0.0,20.467
2026,6,5152796,Onterrio Smith Jr.,WR,Sacramento State,Bowling Green,2026-10-10T16:00:00+00:00,2026-10-10T06:31:14+00:00,0,d3d6b084,0.0,54.732,5.0,0.0,0.0,12.289,0.0,48.0,4.4,0.0,0.0,10.4,0.0,44.667,3.333,0.0,0.0,9.8
2026,6,5153074,Carlos Hernandez,WR,Wake Forest,NC State,2026-10-10T16:00:00+00:00,2026-10-10T06:31:14+00:00,0,d3d6b084,0.0,115.336,7.5,0.0,0.0,22.753,0.0,120.6,7.4,0.0,0.0,22.86,0.0,116.667,8.667,0.0,0.0,24.0
2026,6,5153377,Brock Chappell,TE,Louisiana,Louisiana Tech,2026-10-10T23:30:00+00:00,2026-10-10T06:31:14+00:00,0,d3d6b084,0.0,24.928,2.1,0.0,0.0,5.306,0.0,25.0,2.25,0.0,0.0,4.75,0.0,17.667,2.0,0.0,0.0,3.767
2026,6,5153389,Colton Hinton,WR,Coastal Carolina,Marshall,2026-10-10T23:00:00+00:00,2026-10-10T06:31:14+00:00,0,d3d6b084,0.0,48.129,2.9,0.0,0.0,11.316,0.0,55.0,2.5,0.0,0.0,14.0,0.0,55.667,2.333,0.0,0.0,13.9
2026,6,5153399,Adjatay Dabbs,WR,Toledo,Buffalo,2026-10-10T19:30:00+00:00,2026-10-10T06:31:14+00:00,0,d3d6b084,0.0,72.69,4.7,0.0,0.0,16.002,0.0,73.4,5.0,0.0,0.0,17.14,0.0,77.333,5.667,0.0,0.0,15.4
2026,6,5153499,Donnie Cheers,WR,Nevada,UTEP,2026-10-10T23:00:00+00:00,2026-10-10T06:31:14+00:00,0,d3d6b084,7.253,26.275,1.8,0.0,0.0,6.914,5.25,30.25,1.5,0.0,0.0,8.05,-2.0,29.667,1.667,0.0,0.0,4.433
2026,6,5153730,Jaden Barnes,WR,Charlotte,North Texas,2026-10-10T19:30:00+00:00,2026-10-10T06:31:14+00:00,0,d3d6b084,0.848,62.905,6.0,0.0,0.0,13.571,-1.2,52.4,5.4,0.0,0.0,10.32,-2.0,50.667,5.333,0.0,0.0,9.867
2026,6,5153782,Amari Odom,QB,Syracuse,Virginia,2026-10-10T23:30:00+00:00,2026-10-10T06:31:14+00:00,0,d3d6b084,5.422,0.0,0.0,82.306,8.155,8.208,0.667,0.0,0.0,130.333,12.0,14.613,0.667,0.0,0.0,130.333,12.0,14.613
2026,6,5153885,Rodney Nelson,,Miami (OH),Massachusetts,2026-10-10T18:00:00+00:00,2026-10-10T06:31:14+00:00,0,d3d6b084,25.576,5.314,0.5,0.0,0.0,4.49,30.8,4.4,0.4,0.0,0.0,3.92,43.667,7.333,0.667,0.0,0.0,5.767
2026,6,5153889,Joshua Derry,WR,UCF,Oklahoma State,2026-10-10T16:00:00+00:00,2026-10-10T06:31:14+00:00,0,d3d6b084,0.0,50.209,4.2,0.0,0.0,10.966,0.0,44.0,3.4,0.0,0.0,9.0,0.0,55.333,4.0,0.0,0.0,11.533
2026,6,5153978,Camden Coleman,QB,James Madison,Georgia Southern,2026-10-10T23:30:00+00:00,2026-10-10T06:31:14+00:00,0,d3d6b084,13.163,0.0,0.0,179.729,15.23,15.97,18.8,0.0,0.0,196.0,16.2,18.52,29.0,0.0,0.0,250.667,21.333,26.26
2026,6,5154224,DJ Scott,RB,North Dakota State,UNLV,2026-10-10T23:00:00+00:00,2026-10-10T06:31:14+00:00,0,d3d6b084,63.2,20.153,1.9,0.0,0.0,15.466,59.6,12.0,1.6,0.0,0.0,13.56,62.333,10.667,1.333,0.0,0.0,12.633
2026,6,5154420,Ahmad Miller,RB,Syracuse,Virginia,2026-10-10T23:30:00+00:00,2026-10-10T06:31:14+00:00,0,d3d6b084,27.298,4.324,0.4,0.0,0.0,5.284,34.0,0.667,0.333,0.0,0.0,5.8,34.0,0.667,0.333,0.0,0.0,5.8
2026,6,5154734,Griffin Wilde,WR,Northwestern,Ball State,2026-10-10T16:30:00+00:00,2026-10-10T06:31:14+00:00,0,d3d6b084,0.0,72.226,4.9,0.0,0.0,15.2,0.0,70.25,4.0,0.0,0.0,14.025,0.0,59.0,4.333,0.0,0.0,14.233
2026,6,5155273,Egypt Nelson,WR,Western Michigan,Kent State,2026-10-10T19:30:00+00:00,2026-10-10T06:31:14+00:00,0,d3d6b084,0.0,27.219,2.5,0.0,0.0,6.6,0.0,16.2,2.2,0.0,0.0,5.02,0.0,14.667,2.0,0.0,0.0,3.467
2026,6,5156152,Jaquari Lewis,RB,App State,Old Dominion,2026-10-10T17:00:00+00:00,2026-10-10T06:31:14+00:00,0,d3d6b084,51.366,11.888,1.1,0.0,0.0,12.626,55.0,8.25,1.0,0.0,0.0,13.325,50.333,9.667,1.0,0.0,0.0,13.0
2026,6,5156879,Jaylen Hampton,WR,Charlotte,North Texas,2026-10-10T19:30:00+00:00,2026-10-10T06:31:14+00:00,0,d3d6b084,0.0,58.034,5.1,0.0,0.0,13.77,0.0,52.75,4.75,0.0,0.0,13.025,0.0,31.333,3.667,0.0,0.0,6.8
2026,6,5156928,Caden Jensen,TE,Louisiana,Louisiana Tech,2026-10-10T23:30:00+00:00,2026-10-10T06:31:14+00:00,0,d3d6b084,0.0,37.802,3.2,0.0,0.0,8.027,0.0,36.667,3.333,0.0,0.0,7.0,0.0,36.667,3.333,0.0,0.0,7.0
2026,6,5157187,Cameron Bates,WR,Boise State,Fresno State,2026-10-11T02:30:00+00:00,2026-10-10T06:31:14+00:00,0,d3d6b084,0.0,20.054,2.0,0.0,0.0,5.555,0.0,14.75,2.0,0.0,0.0,6.225,0.0,14.667,2.0,0.0,0.0,5.133
2026,6,5157261,Ja'Vin Simpkins,RB,UAB,Memphis,2026-10-10T23:00:00+00:00,2026-10-10T06:31:14+00:00,0,d3d6b084,26.934,5.748,0.5,0.0,0.0,4.739,21.6,2.6,0.4,0.0,0.0,2.62,26.0,2.667,0.333,0.0,0.0,3.2
2026,6,5157331,Adrian Norton,WR,Marshall,Coastal Carolina,2026-10-10T23:00:00+00:00,2026-10-10T06:31:14+00:00,0,d3d6b084,1.02,40.547,3.7,0.0,0.0,9.038,0.5,26.5,3.5,0.0,0.0,6.2,0.0,35.333,4.667,0.0,0.0,8.2
2026,6,5157391,Jayden Clerveaux,RB,Central Michigan,Ohio,2026-10-10T19:30:00+00:00,2026-10-10T06:31:14+00:00,0,d3d6b084,34.158,8.064,0.7,0.0,0.0,6.566,43.8,3.4,0.6,0.0,0.0,6.52,58.667,5.333,0.667,0.0,0.0,9.067
2026,6,5157399,Nyeoti Punni,RB,North Dakota State,UNLV,2026-10-10T23:00:00+00:00,2026-10-10T06:31:14+00:00,0,d3d6b084,24.037,5.577,0.5,0.0,0.0,4.337,25.8,1.6,0.4,0.0,0.0,2.94,13.333,2.667,0.667,0.0,0.0,1.933
2026,6,5157528,Nathan Levicki,TE,Western Michigan,Kent State,2026-10-10T19:30:00+00:00,2026-10-10T06:31:14+00:00,0,d3d6b084,0.0,32.228,2.4,0.0,0.0,6.51,0.0,28.0,2.0,0.0,0.0,4.8,0.0,36.0,2.333,0.0,0.0,5.933
2026,6,5158251,Khalil Wilkins,QB,Marshall,Coastal Carolina,2026-10-10T23:00:00+00:00,2026-10-10T06:31:14+00:00,0,d3d6b084,15.632,14.384,1.0,7.618,0.562,5.485,24.2,17.6,1.0,14.2,1.0,5.748,33.667,27.333,1.333,16.0,0.667,8.073
2026,6,5158343,Braxton Woodson,QB,Navy,Tulsa,2026-10-10T19:30:00+00:00,2026-10-10T06:31:14+00:00,0,d3d6b084,59.396,0.0,0.0,42.807,3.795,13.51,99.667,0.0,0.0,23.667,2.333,18.58,99.667,0.0,0.0,23.667,2.333,18.58
2026,6,5158373,Vic Listorti,RB,Navy,Tulsa,2026-10-10T19:30:00+00:00,2026-10-10T06:31:14+00:00,0,d3d6b084,30.132,12.619,1.0,0.0,0.0,7.603,43.75,13.75,0.75,0.0,0.0,9.0,31.333,18.333,1.0,0.0,0.0,7.3
2026,6,5158748,Jackson Sharman,QB,Sacramento State,Bowling Green,2026-10-10T16:00:00+00:00,2026-10-10T06:31:14+00:00,0,d3d6b084,6.84,0.0,0.0,197.527,19.001,12.858,-6.5,0.0,0.0,214.0,20.5,11.41,-9.0,0.0,0.0,203.0,21.333,7.22
2026,6,5158756,Damien Moun,WR,Nevada,UTEP,2026-10-10T23:00:00+00:00,2026-10-10T06:31:14+00:00,0,d3d6b084,0.0,55.742,5.8,0.0,0.0,12.832,0.0,31.5,4.75,0.0,0.0,7.9,0.0,37.0,5.333,0.0,0.0,9.033
2026,6,5158759,Raiden Brown,WR,Sacramento State,Bowling Green,2026-10-10T16:00:00+00:00,2026-10-10T06:31:14+00:00,0,d3d6b084,1.228,41.142,4.0,0.0,0.0,9.317,4.8,29.8,3.2,0.0,0.0,6.66,8.0,34.0,3.667,0.0,0.0,7.867
2026,6,5158939,Tradarian Ball,RB,Oregon,UCLA,2026-10-10T19:30:00+00:00,2026-10-10T06:31:14+00:00,0,d3d6b084,25.189,22.436,1.8,0.0,0.0,9.351,47.0,21.0,2.0,0.0,0.0,14.8,47.0,21.0,2.0,0.0,0.0,14.8
2026,6,5158948,Jared Curtis,QB,Vanderbilt,Ole Miss,2026-10-10T19:30:00+00:00,2026-10-10T06:31:14+00:00,0,d3d6b084,36.906,0.0,0.0,183.904,15.062,17.588,33.25,0.0,0.0,186.5,15.75,16.785,37.0,0.0,0.0,228.667,18.667,20.847
2026,6,5158951,Davion Brown,,Virginia Tech,California,2026-10-10T19:30:00+00:00,2026-10-10T06:31:14+00:00,0,d3d6b084,0.0,22.477,1.9,0.0,0.0,5.109,0.0,27.4,2.0,0.0,0.0,5.74,0.0,29.0,1.667,0.0,0.0,6.567
2026,6,5158959,Tron Baker,WR,USC,Penn State,2026-10-10T23:30:00+00:00,2026-10-10T06:31:14+00:00,0,d3d6b084,0.0,18.629,1.8,0.0,0.0,4.203,0.0,27.75,2.0,0.0,0.0,4.775,0.0,22.0,1.333,0.0,0.0,3.533
2026,6,5158973,Faizon Brandon,QB,Tennessee,Arkansas,2026-10-10T20:15:00+00:00,2026-10-10T06:31:14+00:00,0,d3d6b084,23.0,0.0,0.0,145.654,12.864,15.651,26.0,0.0,0.0,139.4,12.2,16.976,13.333,0.0,0.0,107.667,12.667,9.64
2026,6,5158975,KJ Edwards,RB,Texas A&M,Missouri,2026-10-10T16:00:00+00:00,2026-10-10T06:31:14+00:00,0,d3d6b084,22.939,7.297,0.7,0.0,0.0,5.5,36.2,1.6,0.6,0.0,0.0,6.78,38.333,2.0,0.667,0.0,0.0,8.7
2026,6,5158978,Damon Ferguson Jr.,RB,Pittsburgh,North Carolina,2026-10-10T16:00:00+00:00,2026-10-10T06:31:14+00:00,0,d3d6b084,38.116,18.779,2.1,0.0,0.0,11.222,54.0,15.6,2.2,0.0,0.0,13.96,63.0,9.667,1.667,0.0,0.0,12.933
2026,6,5159087,Jonaz Walton,RB,Notre Dame,Stanford,2026-10-10T19:30:00+00:00,2026-10-10T06:31:14+00:00,0,d3d6b084,53.379,7.486,0.6,0.0,0.0,8.037,57.0,7.0,0.5,0.0,0.0,6.9,60.0,9.333,0.667,0.0,0.0,7.6
2026,6,5160469,Trent Mosley,WR,USC,Penn State,2026-10-10T23:30:00+00:00,2026-10-10T06:31:14+00:00,0,d3d6b084,2.083,52.708,4.2,0.0,0.0,13.654,2.667,85.0,4.333,0.0,0.0,21.1,2.667,85.0,4.333,0.0,0.0,21.1
2026,6,5161013,Kayden Dixon-Wyatt,WR,USC,Penn State,2026-10-10T23:30:00+00:00,2026-10-10T06:31:14+00:00,0,d3d6b084,0.953,45.255,4.0,0.0,0.0,10.819,-0.833,62.0,4.167,0.0,0.0,13.117,-1.667,63.667,4.0,0.0,0.0,12.2
2026,6,5161776,Judah Price,RB,Marshall,Coastal Carolina,2026-10-10T23:00:00+00:00,2026-10-10T06:31:14+00:00,0,d3d6b084,21.319,17.764,1.3,0.0,0.0,6.468,20.75,18.25,1.25,0.0,0.0,5.15,26.333,24.333,1.667,0.0,0.0,6.733
2026,6,5161820,Isaiah Ene,RB,Sacramento State,Bowling Green,2026-10-10T16:00:00+00:00,2026-10-10T06:31:14+00:00,0,d3d6b084,32.774,17.127,1.7,0.0,0.0,8.73,28.2,9.6,1.4,0.0,0.0,6.18,25.0,10.333,1.667,0.0,0.0,4.867
2026,6,5161835,Jaylen McGill,RB,North Carolina,Pittsburgh,2026-10-10T16:00:00+00:00,2026-10-10T06:31:14+00:00,0,d3d6b084,21.796,3.544,0.3,0.0,0.0,4.268,25.25,5.0,0.25,0.0,0.0,4.775,22.667,6.667,0.333,0.0,0.0,3.267
2026,6,5162858,Bryson Hammer,WR,Toledo,Buffalo,2026-10-10T19:30:00+00:00,2026-10-10T06:31:14+00:00,0,d3d6b084,0.0,51.923,2.9,0.0,0.0,10.08,0.0,63.6,3.2,0.0,0.0,11.76,0.0,70.667,3.333,0.0,0.0,14.4
2026,6,5164313,Jaron-Keawe Sagapolutele,QB,California,Virginia Tech,2026-10-10T19:30:00+00:00,2026-10-10T06:31:14+00:00,0,d3d6b084,2.539,0.0,0.0,178.59,15.375,11.757,-8.0,0.0,0.0,236.0,21.4,13.84,-6.333,0.0,0.0,242.333,20.667,13.393
2026,6,5164332,Nate Sheppard,RB,Duke,Georgia Tech,2026-10-10T19:30:00+00:00,2026-10-10T06:31:14+00:00,0,d3d6b084,129.719,31.613,3.0,0.0,0.0,29.235,161.0,17.5,2.5,0.0,0.0,33.6,139.0,17.0,2.333,0.0,0.0,31.933
2026,6,5164343,Marshall Pritchett,TE,Alabama,Georgia,2026-10-10T23:30:00+00:00,2026-10-10T06:31:14+00:00,0,d3d6b084,2.072,22.54,1.8,0.0,0.0,4.96,2.0,37.0,1.75,0.0,0.0,5.65,2.667,40.333,2.0,0.0,0.0,6.3
2026,6,5164351,Aveion Chenault,WR,Western Michigan,Kent State,2026-10-10T19:30:00+00:00,2026-10-10T06:31:14+00:00,0,d3d6b084,0.0,75.333,5.2,0.0,0.0,15.038,0.0,68.0,4.5,0.0,0.0,12.8,0.0,73.0,4.0,0.0,0.0,13.3
2026,6,5164730,Autavius Ison,RB,Toledo,Buffalo,2026-10-10T19:30:00+00:00,2026-10-10T06:31:14+00:00,0,d3d6b084,38.668,0.0,0.0,0.0,0.0,5.474,35.0,0.0,0.0,0.0,0.0,4.7,48.0,0.0,0.0,0.0,0.0,4.8
2026,6,5164749,Noah Jennings,WR,Minnesota,Purdue,2026-10-11T00:00:00+00:00,2026-10-10T06:31:14+00:00,0,d3d6b084,2.493,81.028,5.7,0.0,0.0,16.269,6.4,69.0,5.2,0.0,0.0,13.94,10.667,66.667,5.333,0.0,0.0,15.067
2026,6,5165154,Mason Mini,TE,California,Virginia Tech,2026-10-10T19:30:00+00:00,2026-10-10T06:31:14+00:00,0,d3d6b084,2.018,29.021,2.3,2.372,0.184,6.847,1.0,38.0,3.0,6.5,0.25,8.66,1.333,31.333,2.667,8.667,0.333,6.28
2026,6,5165803,Corey Scott,WR,James Madison,Georgia Southern,2026-10-10T23:30:00+00:00,2026-10-10T06:31:14+00:00,0,d3d6b084,0.0,59.177,4.7,0.0,0.0,14.511,0.0,57.8,4.2,0.0,0.0,14.78,0.0,72.0,4.667,0.0,0.0,17.867
2026,6,5165807,Marcus Stokes,QB,Memphis,UAB,2026-10-10T23:00:00+00:00,2026-10-10T06:31:14+00:00,0,d3d6b084,26.855,0.0,0.0,266.696,19.748,24.029,30.4,0.0,0.0,274.2,18.0,24.608,29.0,0.0,0.0,320.0,21.0,28.7
2026,6,5167252,Duncan Brune,RB,Ohio,Central Michigan,2026-10-10T19:30:00+00:00,2026-10-10T06:31:14+00:00,0,d3d6b084,57.277,13.641,1.2,0.0,0.0,10.1,61.333,9.667,1.0,0.0,0.0,8.1,61.333,9.667,1.0,0.0,0.0,8.1
2026,6,5168770,Carver Cheeks,WR,UTEP,Nevada,2026-10-10T23:00:00+00:00,2026-10-10T06:31:14+00:00,0,d3d6b084,0.0,36.89,3.1,0.0,0.0,9.44,0.0,33.6,2.6,0.0,0.0,9.56,0.0,38.667,2.667,0.0,0.0,10.533
2026,6,5171031,Matt Vezza,QB,Ohio,Central Michigan,2026-10-10T19:30:00+00:00,2026-10-10T06:31:14+00:00,0,d3d6b084,25.796,0.0,0.0,81.507,7.332,10.29,36.4,0.0,0.0,87.6,8.0,12.944,36.667,0.0,0.0,119.333,10.0,17.107
2026,6,5172036,JC Evans,QB,James Madison,Georgia Southern,2026-10-10T23:30:00+00:00,2026-10-10T06:31:14+00:00,0,d3d6b084,24.909,0.0,0.0,48.159,4.45,7.263,69.0,0.0,0.0,61.0,7.0,13.34,69.0,0.0,0.0,61.0,7.0,13.34
2026,6,5173431,Wayshawn Parker,RB,Utah,Kansas,2026-10-11T02:15:00+00:00,2026-10-10T06:31:14+00:00,0,d3d6b084,62.021,52.128,4.6,0.0,0.0,25.992,82.0,38.5,3.75,0.0,0.0,29.3,85.667,43.667,4.0,0.0,0.0,28.933
2026,6,5175334,Bryson Donelson,RB,Fresno State,Boise State,2026-10-11T02:30:00+00:00,2026-10-10T06:31:14+00:00,0,d3d6b084,47.498,10.558,0.9,0.0,0.0,11.379,41.2,1.6,0.8,0.0,0.0,9.88,29.667,3.0,1.0,0.0,0.0,6.267
2026,6,5186586,Ty Clark III,RB,Wake Forest,NC State,2026-10-10T16:00:00+00:00,2026-10-10T06:31:14+00:00,0,d3d6b084,54.857,2.458,0.2,0.0,0.0,9.422,51.6,2.6,0.2,0.0,0.0,9.22,39.0,4.333,0.333,0.0,0.0,8.667
2026,6,5189515,Nolan James Jr.,RB,Notre Dame,Stanford,2026-10-10T19:30:00+00:00,2026-10-10T06:31:14+00:00,0,d3d6b084,55.505,25.537,2.3,0.0,0.0,16.126,52.4,17.4,2.0,0.0,0.0,16.18,71.333,7.0,1.667,0.0,0.0,15.5
2026,6,5191056,Donovan Hamilton,WR,Ball State,Northwestern,2026-10-10T16:30:00+00:00,2026-10-10T06:31:14+00:00,0,d3d6b084,0.0,35.791,3.5,0.0,0.0,8.343,0.0,44.0,4.0,0.0,0.0,9.6,0.0,56.333,5.0,0.0,0.0,12.633
2026,6,5191162,Alberto Mendoza,QB,Georgia Tech,Duke,2026-10-10T19:30:00+00:00,2026-10-10T06:31:14+00:00,0,d3d6b084,5.792,0.0,0.0,224.633,19.956,15.187,-6.75,0.0,0.0,243.75,21.0,14.325,-1.667,0.0,0.0,246.0,22.333,16.673
2026,6,5192899,Ashten Emory,RB,California,Virginia Tech,2026-10-10T19:30:00+00:00,2026-10-10T06:31:14+00:00,0,d3d6b084,21.498,10.133,0.9,0.0,0.0,6.251,20.6,7.4,1.0,0.0,0.0,6.2,32.0,12.333,1.667,0.0,0.0,10.1
2026,6,5193102,Miles Burris,WR,Akron,Eastern Michigan,2026-10-10T19:30:00+00:00,2026-10-10T06:31:14+00:00,0,d3d6b084,0.0,18.785,1.7,0.0,0.0,4.571,0.0,14.6,1.6,0.0,0.0,4.26,0.0,22.0,1.333,0.0,0.0,3.533
2026,6,5193110,Dom Dorwart,WR,Ohio,Central Michigan,2026-10-10T19:30:00+00:00,2026-10-10T06:31:14+00:00,0,d3d6b084,1.165,34.305,2.7,0.0,0.0,8.251,4.2,32.0,2.2,0.0,0.0,8.22,7.0,38.0,2.333,0.0,0.0,10.833
2026,6,5193112,Jalen Dupree,RB,Kansas,Utah,2026-10-11T02:15:00+00:00,2026-10-10T06:31:14+00:00,0,d3d6b084,34.02,0.0,0.0,0.0,0.0,6.285,51.5,0.0,0.0,0.0,0.0,11.15,51.5,0.0,0.0,0.0,0.0,11.15
2026,6,5193284,Winn Sharp,WR,Bowling Green,Sacramento State,2026-10-10T16:00:00+00:00,2026-10-10T06:31:14+00:00,0,d3d6b084,0.0,50.294,3.9,0.0,0.0,10.698,0.0,54.25,3.75,0.0,0.0,10.675,0.0,59.333,3.667,0.0,0.0,11.6
2026,6,5193292,La'Don Bryant,WR,Northern Illinois,Air Force,2026-10-10T23:30:00+00:00,2026-10-10T06:31:14+00:00,0,d3d6b084,0.0,54.624,4.1,0.0,0.0,10.787,0.0,46.25,3.5,0.0,0.0,8.125,0.0,47.667,3.333,0.0,0.0,8.1
2026,6,5193298,Chris Durr Jr.,WR,Maryland,Ohio State,2026-10-10T20:15:00+00:00,2026-10-10T06:31:14+00:00,0,d3d6b084,0.47,78.242,8.2,0.0,0.0,20.047,6.0,92.2,8.4,0.0,0.0,23.02,0.0,104.667,8.667,0.0,0.0,25.133
2026,6,5193300,Eli Jacon-Duffy,TE,Bowling Green,Sacramento State,2026-10-10T16:00:00+00:00,2026-10-10T06:31:14+00:00,0,d3d6b084,0.0,31.62,3.0,0.0,0.0,7.565,0.0,25.6,2.8,0.0,0.0,6.56,0.0,22.0,3.0,0.0,0.0,7.2
2026,6,5193302,Telly Johnson Jr.,RB,Northern Illinois,Air Force,2026-10-10T23:30:00+00:00,2026-10-10T06:31:14+00:00,0,d3d6b084,64.812,25.08,2.4,0.0,0.0,15.537,63.25,10.25,2.0,0.0,0.0,12.35,79.0,12.667,2.0,0.0,0.0,15.167
2026,6,5193341,Marcel Williams,,Akron,Eastern Michigan,2026-10-10T19:30:00+00:00,2026-10-10T06:31:14+00:00,0,d3d6b084,0.0,48.921,4.4,0.0,0.0,10.441,0.0,40.75,4.0,0.0,0.0,7.825,0.0,44.0,4.0,0.0,0.0,8.4
2026,6,5193346,Quinn Henicle,QB,Old Dominion,App State,2026-10-10T17:00:00+00:00,2026-10-10T06:31:14+00:00,0,d3d6b084,37.387,0.0,0.0,93.264,8.507,13.181,58.75,0.0,0.0,116.75,9.5,18.545,55.667,0.0,0.0,110.0,9.667,14.3
2026,6,5193349,Maurki James,RB,Old Dominion,App State,2026-10-10T17:00:00+00:00,2026-10-10T06:31:14+00:00,0,d3d6b084,12.862,8.01,0.8,0.0,0.0,4.288,10.0,2.667,0.667,0.0,0.0,3.933,10.0,2.667,0.667,0.0,0.0,3.933
2026,6,5193496,Jay Harris,RB,Kansas State,Houston,2026-10-10T19:30:00+00:00,2026-10-10T06:31:14+00:00,0,d3d6b084,22.492,0.0,0.0,0.0,0.0,4.873,29.333,0.0,0.0,0.0,0.0,8.6,29.333,0.0,0.0,0.0,0.0,8.6
2026,6,5193720,Javon Brown,WR,UConn,Temple,2026-10-10T19:45:00+00:00,2026-10-10T06:31:14+00:00,0,d3d6b084,0.0,51.148,4.0,0.0,0.0,11.703,0.0,50.5,3.5,0.0,0.0,11.55,0.0,36.667,2.667,0.0,0.0,8.333
2026,6,5194306,Ashton Gray,RB,East Carolina,Rice,2026-10-10T20:00:00+00:00,2026-10-10T06:31:14+00:00,0,d3d6b084,55.964,4.423,0.4,0.0,0.0,8.021,50.667,3.0,0.333,0.0,0.0,5.7,50.667,3.0,0.333,0.0,0.0,5.7
2026,6,5194308,Kyle Koch,WR,North Texas,Charlotte,2026-10-10T19:30:00+00:00,2026-10-10T06:31:14+00:00,0,d3d6b084,0.0,39.99,3.0,0.0,0.0,9.234,0.0,54.333,3.667,0.0,0.0,13.1,0.0,54.333,3.667,0.0,0.0,13.1
2026,6,5194795,Na'eem Abdul-Rahim Gladding,,Maryland,Ohio State,2026-10-10T20:15:00+00:00,2026-10-10T06:31:14+00:00,0,d3d6b084,0.0,45.826,4.3,0.0,0.0,11.086,0.0,59.75,4.5,0.0,0.0,13.475,0.0,60.667,4.0,0.0,0.0,12.067
2026,6,5194804,Steven Blanco,RB,Louisiana,Louisiana Tech,2026-10-10T23:30:00+00:00,2026-10-10T06:31:14+00:00,0,d3d6b084,23.413,6.809,0.6,0.0,0.0,6.361,24.8,4.0,0.6,0.0,0.0,8.08,33.667,4.333,0.667,0.0,0.0,8.133
2026,6,5195300,Matt Zollers,QB,Missouri,Texas A&M,2026-10-10T16:00:00+00:00,2026-10-10T06:31:14+00:00,0,d3d6b084,8.293,0.0,0.0,42.107,3.325,4.207,13.0,0.0,0.0,43.5,4.0,6.04,13.0,0.0,0.0,43.5,4.0,6.04
2026,6,5195481,Radarious Jackson,WR,Tennessee,Arkansas,2026-10-10T20:15:00+00:00,2026-10-10T06:31:14+00:00,0,d3d6b084,0.0,30.946,2.6,0.0,0.0,6.547,0.0,28.75,2.25,0.0,0.0,5.125,0.0,25.667,2.0,0.0,0.0,4.567
2026,6,5195617,Shaun Terry II,WR,Missouri,Texas A&M,2026-10-10T16:00:00+00:00,2026-10-10T06:31:14+00:00,0,d3d6b084,0.0,36.152,2.9,0.0,0.0,8.252,0.0,32.0,3.0,0.0,0.0,8.2,0.0,32.0,3.0,0.0,0.0,8.2
2026,6,5198312,Jaylin Brown,RB,Pittsburgh,North Carolina,2026-10-10T16:00:00+00:00,2026-10-10T06:31:14+00:00,0,d3d6b084,13.253,14.564,1.5,0.0,0.0,5.446,20.5,8.0,1.5,0.0,0.0,4.35,20.5,8.0,1.5,0.0,0.0,4.35
2026,6,5198318,Isaiah Mizell,WR,Arizona,West Virginia,2026-10-10T16:00:00+00:00,2026-10-10T06:31:14+00:00,0,d3d6b084,0.0,36.947,2.7,0.0,0.0,8.348,0.0,44.0,3.25,0.0,0.0,10.65,0.0,45.667,3.667,0.0,0.0,12.233
2026,6,5198324,Cibastian Broughton,QB,Akron,Eastern Michigan,2026-10-10T19:30:00+00:00,2026-10-10T06:31:14+00:00,0,d3d6b084,32.329,0.0,0.0,71.4,8.323,9.531,43.5,0.0,0.0,95.0,13.25,12.15,30.667,0.0,0.0,89.667,10.667,11.987
2026,6,5198506,Brandon Smith,RB,Oregon,UCLA,2026-10-10T19:30:00+00:00,2026-10-10T06:31:14+00:00,0,d3d6b084,52.1,0.0,0.0,0.0,0.0,8.738,71.0,0.0,0.0,0.0,0.0,13.1,71.0,0.0,0.0,0.0,0.0,13.1
2026,6,5199859,Dalen Penson,WR,Georgia Tech,Duke,2026-10-10T19:30:00+00:00,2026-10-10T06:31:14+00:00,0,d3d6b084,0.0,58.172,4.5,0.0,0.0,11.484,0.0,60.25,4.0,0.0,0.0,10.025,0.0,56.0,4.333,0.0,0.0,9.933
2026,6,5203476,Daniel Bray,RB,Utah,Kansas,2026-10-11T02:15:00+00:00,2026-10-10T06:31:14+00:00,0,d3d6b084,15.805,29.522,2.9,0.0,0.0,9.369,25.0,14.25,2.25,0.0,0.0,7.675,29.0,19.0,3.0,0.0,0.0,9.8
2026,6,5203477,Dominic Knicely,,Coastal Carolina,Marshall,2026-10-10T23:00:00+00:00,2026-10-10T06:31:14+00:00,0,d3d6b084,45.478,14.433,1.4,0.0,0.0,10.453,38.6,3.6,1.2,0.0,0.0,7.82,47.667,2.667,1.333,0.0,0.0,6.367
2026,6,5203604,Javari Barnett,RB,Illinois,Michigan State,2026-10-10T19:30:00+00:00,2026-10-10T06:31:14+00:00,0,d3d6b084,23.638,0.0,0.0,0.0,0.0,4.011,27.0,0.0,0.0,0.0,0.0,5.7,27.0,0.0,0.0,0.0,0.0,5.7
2026,6,5203606,Derrek Cooper,RB,Texas,Oklahoma,2026-10-10T19:30:00+00:00,2026-10-10T06:31:14+00:00,0,d3d6b084,18.883,4.569,0.4,0.0,0.0,4.301,19.0,2.0,0.333,0.0,0.0,4.433,19.0,2.0,0.333,0.0,0.0,4.433
2026,6,5205097,Carter Jones,QB,Nevada,UTEP,2026-10-10T23:00:00+00:00,2026-10-10T06:31:14+00:00,0,d3d6b084,24.149,0.0,0.0,166.426,12.191,13.269,25.333,0.0,0.0,190.667,14.0,13.827,25.333,0.0,0.0,190.667,14.0,13.827
2026,6,5205460,Davion Chandler,WR,Indiana,Nebraska,2026-10-10T16:00:00+00:00,2026-10-10T06:31:14+00:00,0,d3d6b084,0.0,21.163,1.9,0.0,0.0,6.307,0.0,19.2,1.6,0.0,0.0,8.32,0.0,17.0,2.0,0.0,0.0,7.7
2026,6,5207804,Jeremiah Scoby,TE,Bowling Green,Sacramento State,2026-10-10T16:00:00+00:00,2026-10-10T06:31:14+00:00,0,d3d6b084,1.422,37.999,3.5,0.0,0.0,8.391,-0.6,36.4,3.6,0.0,0.0,7.18,-1.0,20.333,2.0,0.0,0.0,3.933
2026,6,5207925,Tyvonn Byars,RB,Rice,East Carolina,2026-10-10T20:00:00+00:00,2026-10-10T06:31:14+00:00,0,d3d6b084,29.401,0.0,0.0,0.0,0.0,4.105,41.6,0.0,0.0,0.0,0.0,5.16,26.667,0.0,0.0,0.0,0.0,4.333
2026,6,5207930,DAndre Hardeman Jr.,RB,Rice,East Carolina,2026-10-10T20:00:00+00:00,2026-10-10T06:31:14+00:00,0,d3d6b084,29.436,0.0,0.0,0.0,0.0,4.179,40.0,0.0,0.0,0.0,0.0,5.2,36.667,0.0,0.0,0.0,0.0,3.667
2026,6,5207931,Terrence Lewis,WR,Oklahoma State,UCF,2026-10-10T16:00:00+00:00,2026-10-10T06:31:14+00:00,0,d3d6b084,0.0,34.096,3.0,0.0,0.0,8.482,0.0,34.25,3.0,0.0,0.0,9.425,0.0,39.0,3.0,0.0,0.0,10.9
2026,6,5208095,Mason Heintschel,QB,Pittsburgh,North Carolina,2026-10-10T16:00:00+00:00,2026-10-10T06:31:14+00:00,0,d3d6b084,15.406,0.0,0.0,204.292,17.691,18.838,22.4,0.0,0.0,260.8,19.6,24.872,25.333,0.0,0.0,213.0,16.333,22.053
2026,6,5209304,Kourdey Glass,RB,Oregon State,San Diego State,2026-10-10T22:00:00+00:00,2026-10-10T06:31:14+00:00,0,d3d6b084,25.462,30.98,2.7,0.0,0.0,10.77,25.0,15.0,3.0,0.0,0.0,7.0,25.0,15.0,3.0,0.0,0.0,7.0
2026,6,5209382,Cardae Mack,RB,Arizona State,Hawai'i,2026-10-11T02:30:00+00:00,2026-10-10T06:31:14+00:00,0,d3d6b084,15.848,11.072,0.8,0.0,0.0,4.486,20.0,12.667,0.667,0.0,0.0,3.933,20.0,12.667,0.667,0.0,0.0,3.933
2026,6,5209464,Brian Rowe Jr.,WR,UCLA,Oregon,2026-10-10T19:30:00+00:00,2026-10-10T06:31:14+00:00,0,d3d6b084,0.908,44.155,3.3,0.0,0.0,8.9,5.0,40.75,2.75,0.0,0.0,7.325,0.0,45.0,2.667,0.0,0.0,7.167
2026,6,5210164,Bryce Yates,WR,Pittsburgh,North Carolina,2026-10-10T16:00:00+00:00,2026-10-10T06:31:14+00:00,0,d3d6b084,0.0,36.744,3.0,0.0,0.0,7.931,0.0,48.0,3.0,0.0,0.0,9.0,0.0,53.333,3.0,0.0,0.0,8.333
2026,6,5210729,Xay Davis,RB,Virginia,Syracuse,2026-10-10T23:30:00+00:00,2026-10-10T06:31:14+00:00,0,d3d6b084,24.918,17.243,1.4,0.0,0.0,7.251,32.0,15.6,1.0,0.0,0.0,6.76,13.333,26.0,1.667,0.0,0.0,5.267
2026,6,5211691,Preston Bowman,WR,Ohio,Central Michigan,2026-10-10T19:30:00+00:00,2026-10-10T06:31:14+00:00,0,d3d6b084,2.48,19.612,1.8,0.0,0.0,4.778,2.0,12.6,1.4,0.0,0.0,2.86,0.0,22.0,2.0,0.0,0.0,4.2
2026,6,5211694,Harold Mack,WR,Eastern Michigan,Akron,2026-10-10T19:30:00+00:00,2026-10-10T06:31:14+00:00,0,d3d6b084,0.0,66.547,5.2,0.0,0.0,14.682,0.0,52.8,4.6,0.0,0.0,12.08,0.0,59.333,4.667,0.0,0.0,12.267
2026,6,5211769,Brayden Trimble,WR,Illinois,Michigan State,2026-10-10T19:30:00+00:00,2026-10-10T06:31:14+00:00,0,d3d6b084,0.0,34.056,3.3,0.0,0.0,7.627,0.0,23.2,3.0,0.0,0.0,5.32,0.0,29.333,3.667,0.0,0.0,6.6
2026,6,5211889,Messiah Hampton,WR,Oregon,UCLA,2026-10-10T19:30:00+00:00,2026-10-10T06:31:14+00:00,0,d3d6b084,0.0,49.708,4.2,0.0,0.0,12.088,0.0,47.333,4.667,0.0,0.0,13.4,0.0,47.333,4.667,0.0,0.0,13.4
2026,6,5212635,Mikkel Skinner,TE,Kentucky,LSU,2026-10-10T23:00:00+00:00,2026-10-10T06:31:14+00:00,0,d3d6b084,4.255,28.379,2.5,0.0,0.0,7.417,5.667,30.333,2.333,0.0,0.0,7.933,5.667,30.333,2.333,0.0,0.0,7.933
2026,6,5212641,Weston Bryan,QB,Georgia Southern,James Madison,2026-10-10T23:30:00+00:00,2026-10-10T06:31:14+00:00,0,d3d6b084,19.654,0.0,0.0,5.068,0.452,5.6,30.4,0.0,0.0,2.6,0.4,9.144,46.667,0.0,0.0,4.333,0.667,12.84
2026,6,5212654,Braden Atkinson,QB,Oregon State,San Diego State,2026-10-10T22:00:00+00:00,2026-10-10T06:31:14+00:00,0,d3d6b084,5.304,1.207,0.1,357.617,25.461,27.729,-1.2,0.8,0.2,365.4,27.2,30.576,12.667,0.0,0.0,346.0,25.333,33.773
2026,6,5212990,Darius Johnson,,Syracuse,Virginia,2026-10-10T23:30:00+00:00,2026-10-10T06:31:14+00:00,0,d3d6b084,0.0,48.259,4.7,0.0,0.0,10.885,0.0,36.333,4.0,0.0,0.0,7.633,0.0,36.333,4.0,0.0,0.0,7.633
2026,6,5214409,Jeffrey Overton Jr.,RB,Virginia Tech,California,2026-10-10T19:30:00+00:00,2026-10-10T06:31:14+00:00,0,d3d6b084,96.733,32.275,3.1,0.0,0.0,22.119,91.0,30.0,3.0,0.0,0.0,20.9,101.333,39.333,3.667,0.0,0.0,23.4
2026,6,5214448,Jayden Savoury,TE,Michigan State,Illinois,2026-10-10T19:30:00+00:00,2026-10-10T06:31:14+00:00,0,d3d6b084,0.0,48.173,4.0,0.0,0.0,9.912,0.0,35.8,3.4,0.0,0.0,6.98,0.0,26.667,3.0,0.0,0.0,5.667
2026,6,5214651,Caleb Smith,WR,Arizona,West Virginia,2026-10-10T16:00:00+00:00,2026-10-10T06:31:14+00:00,0,d3d6b084,0.0,25.928,1.9,0.0,0.0,5.621,0.0,31.25,2.25,0.0,0.0,6.875,0.0,38.667,2.667,0.0,0.0,8.533
2026,6,5214955,Michael Scott,WR,James Madison,Georgia Southern,2026-10-10T23:30:00+00:00,2026-10-10T06:31:14+00:00,0,d3d6b084,0.825,34.575,3.0,0.0,0.0,8.106,2.0,32.25,2.75,0.0,0.0,7.675,2.667,28.0,2.667,0.0,0.0,7.733
2026,6,5215172,Kenny Darby,WR,Kentucky,LSU,2026-10-10T23:00:00+00:00,2026-10-10T06:31:14+00:00,0,d3d6b084,0.861,63.969,5.5,0.0,0.0,15.323,1.8,64.4,5.0,0.0,0.0,15.22,0.0,67.667,5.667,0.0,0.0,16.433
2026,6,5215337,Preston Douglas,TE,NC State,Wake Forest,2026-10-10T16:00:00+00:00,2026-10-10T06:31:14+00:00,0,d3d6b084,0.0,50.954,4.8,0.0,0.0,11.645,0.0,48.2,3.8,0.0,0.0,9.82,0.0,56.667,4.667,0.0,0.0,10.333
2026,6,5215629,Kevin Roche Jr.,TE,Georgia Tech,Duke,2026-10-10T19:30:00+00:00,2026-10-10T06:31:14+00:00,0,d3d6b084,0.0,55.52,5.0,0.0,0.0,11.776,0.0,50.0,4.5,0.0,0.0,9.5,0.0,54.333,4.667,0.0,0.0,10.1
2026,6,5216547,Synkwan Smith,RB,Pittsburgh,North Carolina,2026-10-10T16:00:00+00:00,2026-10-10T06:31:14+00:00,0,d3d6b084,36.157,10.637,1.0,0.0,0.0,7.618,47.0,14.0,1.0,0.0,0.0,7.1,47.0,14.0,1.0,0.0,0.0,7.1
2026,6,5216690,Nino Hill,RB,Buffalo,Toledo,2026-10-10T19:30:00+00:00,2026-10-10T06:31:14+00:00,0,d3d6b084,35.317,0.0,0.0,0.0,0.0,6.193,41.333,0.0,0.0,0.0,0.0,7.8,41.333,0.0,0.0,0.0,0.0,7.8
2026,6,5217700,Gio Richardson,WR,Arizona,West Virginia,2026-10-10T16:00:00+00:00,2026-10-10T06:31:14+00:00,0,d3d6b084,1.557,50.624,4.0,0.0,0.0,10.431,5.667,56.667,5.0,0.0,0.0,10.9,5.667,56.667,5.0,0.0,0.0,10.9
2026,6,5218381,Jalen Mickens,WR,Louisiana Tech,Louisiana,2026-10-10T23:30:00+00:00,2026-10-10T06:31:14+00:00,0,d3d6b084,5.914,83.456,6.5,0.0,0.0,19.081,13.5,85.5,5.25,0.0,0.0,19.4,7.667,69.667,6.0,0.0,0.0,17.4
2026,6,5218582,Jaden Reddell,TE,Georgia,Alabama,2026-10-10T23:30:00+00:00,2026-10-10T06:31:14+00:00,0,d3d6b084,3.695,17.738,1.4,0.0,0.0,4.796,9.5,15.5,1.25,0.0,0.0,6.75,3.0,8.0,1.0,0.0,0.0,4.1
2026,6,5218633,Ryan Wingo,WR,Texas,Oklahoma,2026-10-10T19:30:00+00:00,2026-10-10T06:31:14+00:00,0,d3d6b084,0.74,66.735,5.5,0.0,0.0,15.4,-2.5,59.75,4.75,0.0,0.0,13.475,-3.333,39.333,4.0,0.0,0.0,9.6
2026,6,5218787,Que'Sean Brown,WR,Virginia Tech,California,2026-10-10T19:30:00+00:00,2026-10-10T06:31:14+00:00,0,d3d6b084,0.0,71.605,6.6,0.0,0.0,16.348,0.0,74.2,6.6,0.0,0.0,16.42,0.0,73.667,6.667,0.0,0.0,16.033
2026,6,5218820,Johnnie Daniels,RB,Tulane,Army,2026-10-10T16:00:00+00:00,2026-10-10T06:31:14+00:00,0,d3d6b084,51.214,0.0,0.0,0.0,0.0,8.163,42.0,0.0,0.0,0.0,0.0,7.2,45.667,0.0,0.0,0.0,0.0,8.567
2026,6,5218869,Sitani Mikaele,RB,Hawai'i,Arizona State,2026-10-11T02:30:00+00:00,2026-10-10T06:31:14+00:00,0,d3d6b084,19.54,15.158,1.4,0.0,0.0,6.653,13.4,9.2,1.0,0.0,0.0,4.46,4.333,15.333,1.667,0.0,0.0,3.633
2026,6,5218881,Tama Uiliata,WR,Hawai'i,Arizona State,2026-10-11T02:30:00+00:00,2026-10-10T06:31:14+00:00,0,d3d6b084,4.758,78.416,8.0,1.976,0.177,19.272,3.0,61.25,6.75,1.75,0.25,15.745,4.0,61.0,6.333,2.333,0.333,14.26
2026,6,5218907,Luke Harpring,TE,Florida,South Carolina,2026-10-10T16:45:00+00:00,2026-10-10T06:31:14+00:00,0,d3d6b084,0.0,27.059,2.2,0.0,0.0,5.621,0.0,26.0,2.0,0.0,0.0,4.6,0.0,26.0,2.0,0.0,0.0,4.6
2026,6,5218961,Fame Ijeboi,RB,Purdue,Minnesota,2026-10-11T00:00:00+00:00,2026-10-10T06:31:14+00:00,0,d3d6b084,58.55,22.012,2.2,0.0,0.0,16.391,70.8,17.6,2.2,0.0,0.0,18.24,51.0,5.333,1.0,0.0,0.0,10.633
2026,6,5219011,EJ Reid,WR,UAB,Memphis,2026-10-10T23:00:00+00:00,2026-10-10T06:31:14+00:00,0,d3d6b084,2.627,40.199,3.8,0.0,0.0,9.962,8.4,28.0,3.2,0.0,0.0,9.24,14.0,16.333,3.0,0.0,0.0,8.033
2026,6,5219017,Nakai Amachree,RB,Bowling Green,Sacramento State,2026-10-10T16:00:00+00:00,2026-10-10T06:31:14+00:00,0,d3d6b084,30.095,29.145,2.6,0.0,0.0,10.662,22.6,25.4,2.4,0.0,0.0,8.2,16.333,29.667,2.667,0.0,0.0,9.267
2026,6,5219436,Bradyn Anderson,WR,Army,Tulane,2026-10-10T16:00:00+00:00,2026-10-10T06:31:14+00:00,0,d3d6b084,3.844,28.996,2.2,0.0,0.0,6.579,12.25,25.5,1.75,0.0,0.0,7.025,6.333,31.667,2.0,0.0,0.0,5.8
2026,6,5219834,Drew Mestemaker,QB,Oklahoma State,UCF,2026-10-10T16:00:00+00:00,2026-10-10T06:31:14+00:00,0,d3d6b084,11.605,0.0,0.0,231.668,18.173,17.892,26.5,0.0,0.0,317.75,23.75,26.11,34.333,0.0,0.0,343.333,22.0,31.167
2026,6,5219932,Elijah Porter,RB,Northern Illinois,Air Force,2026-10-10T23:30:00+00:00,2026-10-10T06:31:14+00:00,0,d3d6b084,17.522,17.631,1.6,0.0,0.0,6.954,14.75,6.0,1.25,0.0,0.0,4.575,17.667,8.0,1.667,0.0,0.0,5.9
2026,6,5220133,Sam Lee,TE,Toledo,Buffalo,2026-10-10T19:30:00+00:00,2026-10-10T06:31:14+00:00,0,d3d6b084,0.0,30.748,2.4,0.0,0.0,6.408,0.0,26.0,2.667,0.0,0.0,5.267,0.0,26.0,2.667,0.0,0.0,5.267
2026,6,5220352,Hunter Tipton,TE,Memphis,UAB,2026-10-10T23:00:00+00:00,2026-10-10T06:31:14+00:00,0,d3d6b084,0.0,70.179,4.8,0.0,0.0,16.64,0.0,73.4,3.8,0.0,0.0,17.14,0.0,101.667,4.667,0.0,0.0,22.833
2026,6,5220469,Michael Barrow,WR,Navy,Tulsa,2026-10-10T19:30:00+00:00,2026-10-10T06:31:14+00:00,0,d3d6b084,32.621,11.861,1.1,0.0,0.0,6.792,43.25,6.75,1.0,0.0,0.0,5.75,43.667,5.333,0.667,0.0,0.0,5.233
2026,6,5220473,Jackson Gutierrez,QB,Navy,Tulsa,2026-10-10T19:30:00+00:00,2026-10-10T06:31:14+00:00,0,d3d6b084,51.534,0.0,0.0,109.573,7.141,17.511,68.25,0.0,0.0,86.0,4.25,19.015,80.667,0.0,0.0,114.667,5.667,20.32
2026,6,5220476,Charles Robinson,WR,Navy,Tulsa,2026-10-10T19:30:00+00:00,2026-10-10T06:31:14+00:00,0,d3d6b084,5.601,26.005,2.4,0.0,0.0,7.336,8.0,16.667,2.0,0.0,0.0,6.467,8.0,16.667,2.0,0.0,0.0,6.467
2026,6,5220671,Herschel Turner,RB,Nevada,UTEP,2026-10-10T23:00:00+00:00,2026-10-10T06:31:14+00:00,0,d3d6b084,50.514,22.725,1.8,0.0,0.0,13.144,58.5,19.0,1.5,0.0,0.0,13.5,60.667,18.667,1.667,0.0,0.0,13.267
2026,6,5221103,Landon Strother,WR,Louisiana,Louisiana Tech,2026-10-10T23:30:00+00:00,2026-10-10T06:31:14+00:00,0,d3d6b084,2.627,36.276,3.2,0.0,0.0,8.27,5.333,32.333,3.333,0.0,0.0,7.1,5.333,32.333,3.333,0.0,0.0,7.1
2026,6,5222394,Dashawn Martin,WR,Virginia,Syracuse,2026-10-10T23:30:00+00:00,2026-10-10T06:31:14+00:00,0,d3d6b084,0.509,33.953,2.8,0.0,0.0,9.416,2.8,29.6,2.2,0.0,0.0,10.24,0.0,24.667,3.0,0.0,0.0,9.467
2026,6,5222564,Cam Settles,RB,Arkansas,Tennessee,2026-10-10T20:15:00+00:00,2026-10-10T06:31:14+00:00,0,d3d6b084,23.96,22.362,2.9,0.0,0.0,9.209,20.25,9.25,2.5,0.0,0.0,5.45,18.667,12.0,3.0,0.0,0.0,6.067
2026,6,5222591,Jason Wright,QB,Buffalo,Toledo,2026-10-10T19:30:00+00:00,2026-10-10T06:31:14+00:00,0,d3d6b084,17.094,0.0,0.0,98.372,9.874,9.013,22.5,0.0,0.0,138.75,12.25,11.8,29.0,0.0,0.0,123.333,12.0,11.167
2026,6,5222594,Amareon Blue,RB,Eastern Michigan,Akron,2026-10-10T19:30:00+00:00,2026-10-10T06:31:14+00:00,0,d3d6b084,64.235,9.432,0.8,0.0,0.0,11.936,51.5,5.667,0.833,0.0,0.0,9.55,44.333,0.0,0.0,0.0,0.0,8.433
2026,6,5222654,Trenton Chaney,WR,Louisiana,Louisiana Tech,2026-10-10T23:30:00+00:00,2026-10-10T06:31:14+00:00,0,d3d6b084,3.869,34.976,2.9,0.0,0.0,7.962,6.0,35.0,3.0,0.0,0.0,7.1,6.0,35.0,3.0,0.0,0.0,7.1
2026,6,5222657,Darrell Smith,RB,Louisiana,Louisiana Tech,2026-10-10T23:30:00+00:00,2026-10-10T06:31:14+00:00,0,d3d6b084,27.945,5.676,0.5,0.0,0.0,5.929,39.0,2.25,0.5,0.0,0.0,7.125,24.0,3.0,0.667,0.0,0.0,2.7
2026,6,5222671,Jaylin Carter,RB,Memphis,UAB,2026-10-10T23:00:00+00:00,2026-10-10T06:31:14+00:00,0,d3d6b084,89.27,11.382,1.0,0.0,0.0,17.59,102.6,11.2,0.8,0.0,0.0,20.58,77.667,12.667,1.0,0.0,0.0,14.033
2026,6,5222752,Drew Wagner,WR,Northwestern,Ball State,2026-10-10T16:30:00+00:00,2026-10-10T06:31:14+00:00,0,d3d6b084,7.559,37.695,3.6,0.0,0.0,9.521,10.75,24.25,3.0,0.0,0.0,6.5,13.0,18.0,3.0,0.0,0.0,6.1
2026,6,5222761,Jamarion McDougle,WR,Ball State,Northwestern,2026-10-10T16:30:00+00:00,2026-10-10T06:31:14+00:00,0,d3d6b084,0.0,26.011,2.5,0.0,0.0,5.789,0.0,33.75,3.0,0.0,0.0,6.375,0.0,39.667,3.333,0.0,0.0,7.3
2026,6,5223093,Jeremiah Ware,,Georgia Southern,James Madison,2026-10-10T23:30:00+00:00,2026-10-10T06:31:14+00:00,0,d3d6b084,0.0,24.761,2.1,0.0,0.0,5.171,0.0,32.8,2.8,0.0,0.0,6.08,0.0,22.0,2.0,0.0,0.0,4.2
2026,6,5223119,Owen Allen,RB,Air Force,Northern Illinois,2026-10-10T23:30:00+00:00,2026-10-10T06:31:14+00:00,0,d3d6b084,34.736,0.0,0.0,0.0,0.0,4.395,34.5,0.0,0.0,0.0,0.0,3.45,33.333,0.0,0.0,0.0,0.0,3.333
2026,6,5223131,Rocco Conti,RB,Air Force,Northern Illinois,2026-10-10T23:30:00+00:00,2026-10-10T06:31:14+00:00,0,d3d6b084,37.025,6.32,0.6,0.0,0.0,6.687,46.75,5.25,0.5,0.0,0.0,7.2,37.667,7.0,0.333,0.0,0.0,6.8
2026,6,5223788,Donnell Gee Jr.,WR,Tulsa,Navy,2026-10-10T19:30:00+00:00,2026-10-10T06:31:14+00:00,0,d3d6b084,0.0,37.908,2.9,0.0,0.0,8.479,0.0,33.0,2.667,0.0,0.0,7.967,0.0,33.0,2.667,0.0,0.0,7.967
2026,6,5224011,Baylor Hayes,QB,Tulsa,Navy,2026-10-10T19:30:00+00:00,2026-10-10T06:31:14+00:00,0,d3d6b084,13.357,0.0,0.0,180.854,16.772,14.894,18.667,0.0,0.0,188.0,19.333,18.387,18.667,0.0,0.0,188.0,19.333,18.387
2026,6,5224178,Caleb Cunningham,WR,Ole Miss,Vanderbilt,2026-10-10T19:30:00+00:00,2026-10-10T06:31:14+00:00,0,d3d6b084,0.0,39.489,3.7,0.0,0.0,8.825,0.0,46.5,4.5,0.0,0.0,9.15,0.0,46.5,4.5,0.0,0.0,9.15
2026,6,5224355,Nate Branch,WR,App State,Old Dominion,2026-10-10T17:00:00+00:00,2026-10-10T06:31:14+00:00,0,d3d6b084,3.365,60.41,5.7,0.0,0.0,13.669,9.5,50.75,5.0,0.0,0.0,12.525,-2.0,49.333,5.0,0.0,0.0,9.733
2026,6,5224789,Landen Clark,QB,LSU,Kentucky,2026-10-10T23:00:00+00:00,2026-10-10T06:31:14+00:00,0,d3d6b084,14.488,0.0,0.0,45.275,3.619,6.689,23.5,0.0,0.0,58.75,3.5,11.7,23.667,0.0,0.0,54.333,3.0,12.54
2026,6,5224792,TJ Thomas Jr.,RB,Minnesota,Purdue,2026-10-11T00:00:00+00:00,2026-10-10T06:31:14+00:00,0,d3d6b084,58.308,29.415,2.8,0.0,0.0,14.074,61.4,15.6,2.6,0.0,0.0,11.3,85.333,5.0,2.333,0.0,0.0,13.367
2026,6,5225335,Noah Grevious,WR,James Madison,Georgia Southern,2026-10-10T23:30:00+00:00,2026-10-10T06:31:14+00:00,0,d3d6b084,0.0,32.149,2.9,0.0,0.0,7.585,0.0,29.0,2.75,0.0,0.0,7.15,0.0,25.667,2.333,0.0,0.0,6.9
2026,6,5225343,Owen Sweeney,WR,Marshall,Coastal Carolina,2026-10-10T23:00:00+00:00,2026-10-10T06:31:14+00:00,0,d3d6b084,0.0,26.781,2.0,1.621,0.124,5.474,0.0,25.6,2.0,0.0,0.0,4.56,0.0,26.667,2.0,0.0,0.0,4.667
2026,6,5225646,Rico Bond,WR,Toledo,Buffalo,2026-10-10T19:30:00+00:00,2026-10-10T06:31:14+00:00,0,d3d6b084,0.0,38.403,2.4,0.0,0.0,7.632,0.0,48.0,2.75,0.0,0.0,9.05,0.0,19.0,2.333,0.0,0.0,4.233
2026,6,5225880,Xai'Shaun Edwards,RB,Missouri,Texas A&M,2026-10-10T16:00:00+00:00,2026-10-10T06:31:14+00:00,0,d3d6b084,23.519,3.705,0.3,0.0,0.0,4.345,26.6,2.8,0.4,0.0,0.0,4.54,14.333,0.0,0.0,0.0,0.0,1.433
2026,6,5226453,Brennan Ridley,WR,Bowling Green,Sacramento State,2026-10-10T16:00:00+00:00,2026-10-10T06:31:14+00:00,0,d3d6b084,3.482,41.661,4.1,0.0,0.0,9.795,-0.4,33.4,3.8,0.0,0.0,7.1,0.333,38.333,4.0,0.0,0.0,7.867
2026,6,5227018,Mekhi Nelson,,Nebraska,Indiana,2026-10-10T16:00:00+00:00,2026-10-10T06:31:14+00:00,0,d3d6b084,44.33,21.725,1.8,0.0,0.0,13.051,53.2,24.0,1.6,0.0,0.0,15.32,51.333,7.0,1.333,0.0,0.0,13.167
2026,6,5227209,Anthony Reagan Jr.,RB,Louisiana,Louisiana Tech,2026-10-10T23:30:00+00:00,2026-10-10T06:31:14+00:00,0,d3d6b084,26.547,6.78,0.6,0.0,0.0,5.947,32.0,3.8,0.6,0.0,0.0,6.38,33.333,6.0,0.667,0.0,0.0,6.267
2026,6,5227400,Travis Terrell Jr.,RB,Purdue,Minnesota,2026-10-11T00:00:00+00:00,2026-10-10T06:31:14+00:00,0,d3d6b084,18.221,11.855,1.1,0.0,0.0,5.322,15.0,7.333,1.0,0.0,0.0,2.9,15.0,7.333,1.0,0.0,0.0,2.9
2026,6,5228002,Jackson Williams,WR,North Dakota State,UNLV,2026-10-10T23:00:00+00:00,2026-10-10T06:31:14+00:00,0,d3d6b084,5.057,76.57,5.3,0.0,0.0,15.676,7.4,71.6,4.4,0.0,0.0,13.5,12.333,87.333,4.333,0.0,0.0,16.3
2026,6,5228015,Reis Kessel,TE,North Dakota State,UNLV,2026-10-10T23:00:00+00:00,2026-10-10T06:31:14+00:00,0,d3d6b084,0.0,36.702,3.1,0.0,0.0,8.279,0.0,30.0,2.6,0.0,0.0,6.8,0.0,34.0,2.667,0.0,0.0,6.067
2026,6,5228607,Demon June,RB,North Carolina,Pittsburgh,2026-10-10T16:00:00+00:00,2026-10-10T06:31:14+00:00,0,d3d6b084,35.038,3.422,0.3,0.0,0.0,8.573,32.0,3.0,0.25,0.0,0.0,9.5,34.333,4.0,0.333,0.0,0.0,11.833
2026,6,5228760,Derrick Eley,WR,Charlotte,North Texas,2026-10-10T19:30:00+00:00,2026-10-10T06:31:14+00:00,0,d3d6b084,0.0,34.592,2.6,0.0,0.0,7.333,0.0,37.8,2.4,0.0,0.0,7.18,0.0,23.667,2.0,0.0,0.0,4.033
2026,6,5228762,Nick Poulos,QB,Ohio,Central Michigan,2026-10-10T19:30:00+00:00,2026-10-10T06:31:14+00:00,0,d3d6b084,24.027,0.0,0.0,84.071,7.359,9.54,40.5,0.0,0.0,90.0,8.0,12.65,40.5,0.0,0.0,90.0,8.0,12.65
2026,6,5228764,Riley Neer,WR,Ohio,Central Michigan,2026-10-10T19:30:00+00:00,2026-10-10T06:31:14+00:00,0,d3d6b084,0.0,72.944,5.5,0.0,0.0,17.203,0.0,67.4,4.6,0.0,0.0,16.14,0.0,65.0,4.333,0.0,0.0,14.833
2026,6,5228882,Ryder Treadway,WR,UConn,Temple,2026-10-10T19:45:00+00:00,2026-10-10T06:31:14+00:00,0,d3d6b084,0.0,34.927,2.8,0.0,0.0,7.15,0.0,30.8,2.2,0.0,0.0,5.28,0.0,37.667,2.667,0.0,0.0,6.433
2026,6,5229589,Javon Ross,WR,Tulsa,Navy,2026-10-10T19:30:00+00:00,2026-10-10T06:31:14+00:00,0,d3d6b084,0.0,31.79,2.7,0.0,0.0,7.274,0.0,24.4,2.6,0.0,0.0,6.24,0.0,19.667,1.667,0.0,0.0,5.633
2026,6,5230932,Daryl Barnett Jr.,WR,Toledo,Buffalo,2026-10-10T19:30:00+00:00,2026-10-10T06:31:14+00:00,0,d3d6b084,0.0,27.748,1.9,0.0,0.0,6.272,0.0,28.8,2.0,0.0,0.0,7.28,0.0,38.667,2.333,0.0,0.0,10.2
2026,6,5231354,Caden High,WR,Stanford,Notre Dame,2026-10-10T19:30:00+00:00,2026-10-10T06:31:14+00:00,0,d3d6b084,1.136,56.006,4.9,0.0,0.0,14.127,-1.0,59.0,4.25,0.0,0.0,14.55,-1.333,48.0,3.667,0.0,0.0,14.333
2026,6,5232049,Raymond Moore III,QB,UTEP,Nevada,2026-10-10T23:00:00+00:00,2026-10-10T06:31:14+00:00,0,d3d6b084,38.274,0.0,0.0,28.94,2.753,7.135,58.8,0.0,0.0,15.6,1.8,7.904,50.667,0.0,0.0,17.333,2.0,6.76
2026,6,5233016,King Miller,RB,USC,Penn State,2026-10-10T23:30:00+00:00,2026-10-10T06:31:14+00:00,0,d3d6b084,94.817,5.453,0.6,0.0,0.0,14.521,82.167,4.667,0.667,0.0,0.0,12.35,85.667,7.333,0.667,0.0,0.0,11.967
2026,6,5238020,Brendon Haygood,RB,North Texas,Charlotte,2026-10-10T19:30:00+00:00,2026-10-10T06:31:14+00:00,0,d3d6b084,35.719,3.5,0.3,0.0,0.0,7.108,38.0,1.0,0.333,0.0,0.0,8.233,38.0,1.0,0.333,0.0,0.0,8.233
2026,6,5238868,Liam Szarka,QB,Air Force,Northern Illinois,2026-10-10T23:30:00+00:00,2026-10-10T06:31:14+00:00,0,d3d6b084,77.812,0.0,0.0,95.067,7.697,20.518,97.75,0.0,0.0,74.0,4.75,23.235,113.333,0.0,0.0,92.333,5.333,25.027
2026,6,5238869,Matt Long,WR,Air Force,Northern Illinois,2026-10-10T23:30:00+00:00,2026-10-10T06:31:14+00:00,0,d3d6b084,9.615,19.2,1.6,0.0,0.0,6.286,13.667,26.667,1.333,0.0,0.0,9.367,13.667,26.667,1.333,0.0,0.0,9.367
2026,6,5239156,Jack Foley,WR,Wake Forest,NC State,2026-10-10T16:00:00+00:00,2026-10-10T06:31:14+00:00,0,d3d6b084,0.0,64.945,4.4,0.0,0.0,14.404,0.0,86.0,4.5,0.0,0.0,19.1,0.0,86.0,4.5,0.0,0.0,19.1
2026,6,5244755,Levi Davis,QB,Ohio,Central Michigan,2026-10-10T19:30:00+00:00,2026-10-10T06:31:14+00:00,0,d3d6b084,11.375,0.0,0.0,37.798,3.289,4.413,18.5,0.0,0.0,42.75,3.75,5.56,23.667,0.0,0.0,56.667,4.667,7.3
2026,6,5245054,Josiah Lucas,RB,San Diego State,Oregon State,2026-10-10T22:00:00+00:00,2026-10-10T06:31:14+00:00,0,d3d6b084,40.419,15.97,2.0,0.0,0.0,11.003,53.0,-0.667,1.667,0.0,0.0,10.9,53.0,-0.667,1.667,0.0,0.0,10.9
2026,6,5254150,Javion Kinnard,RB,San Diego State,Oregon State,2026-10-10T22:00:00+00:00,2026-10-10T06:31:14+00:00,0,d3d6b084,57.146,23.241,2.2,0.0,0.0,12.681,78.0,22.5,1.75,0.0,0.0,13.3,77.667,29.667,2.0,0.0,0.0,14.733
2026,6,5257046,Grayson Rigdon,RB,Arizona State,Hawai'i,2026-10-11T02:30:00+00:00,2026-10-10T06:31:14+00:00,0,d3d6b084,16.256,21.391,1.2,0.0,0.0,7.077,13.0,55.0,1.0,0.0,0.0,13.8,13.0,55.0,1.0,0.0,0.0,13.8
2026,6,5258016,Caleb Hawkins,RB,Oklahoma State,UCF,2026-10-10T16:00:00+00:00,2026-10-10T06:31:14+00:00,0,d3d6b084,87.218,21.477,2.5,0.0,0.0,17.245,110.25,10.75,2.75,0.0,0.0,17.85,120.667,4.667,1.667,0.0,0.0,18.2
2026,6,5258024,Marvis Parrish,RB,Michigan State,Illinois,2026-10-10T19:30:00+00:00,2026-10-10T06:31:14+00:00,0,d3d6b084,17.856,8.158,0.7,0.0,0.0,4.241,17.8,3.0,0.6,0.0,0.0,2.68,16.667,5.333,0.667,0.0,0.0,2.867
2026,6,5258999,JJ Garner,RB,Louisiana,Louisiana Tech,2026-10-10T23:30:00+00:00,2026-10-10T06:31:14+00:00,0,d3d6b084,21.915,5.43,0.5,0.0,0.0,4.964,30.8,2.0,0.6,0.0,0.0,6.28,35.667,1.333,0.333,0.0,0.0,8.033
2026,6,5260691,Rodney Bullard Jr.,WR,Michigan State,Illinois,2026-10-10T19:30:00+00:00,2026-10-10T06:31:14+00:00,0,d3d6b084,0.0,45.062,3.3,0.0,0.0,9.403,0.0,41.2,3.0,0.0,0.0,8.32,0.0,30.0,1.667,0.0,0.0,4.667
2026,6,5260847,Marcellous Hawkins,RB,Virginia Tech,California,2026-10-10T19:30:00+00:00,2026-10-10T06:31:14+00:00,0,d3d6b084,54.383,12.149,1.2,0.0,0.0,12.499,47.6,8.8,1.2,0.0,0.0,11.44,42.0,8.667,1.333,0.0,0.0,6.067
2026,6,5261613,Tylik Hill,RB,Syracuse,Virginia,2026-10-10T23:30:00+00:00,2026-10-10T06:31:14+00:00,0,d3d6b084,64.31,4.384,0.4,0.0,0.0,9.519,95.333,1.667,0.333,0.0,0.0,12.033,95.333,1.667,0.333,0.0,0.0,12.033
2026,6,5262650,Julius Gillick,RB,Fresno State,Boise State,2026-10-11T02:30:00+00:00,2026-10-10T06:31:14+00:00,0,d3d6b084,24.629,6.98,0.5,0.0,0.0,5.868,20.4,5.2,0.4,0.0,0.0,5.36,18.0,8.667,0.667,0.0,0.0,7.333
2026,6,5263766,Craig Dandridge,WR,Georgia,Alabama,2026-10-10T23:30:00+00:00,2026-10-10T06:31:14+00:00,0,d3d6b084,0.811,32.178,2.1,0.0,0.0,6.664,1.2,35.4,1.8,0.0,0.0,6.66,2.0,28.333,1.667,0.0,0.0,6.7
2026,6,5264658,Jermane Hayes,WR,Memphis,UAB,2026-10-10T23:00:00+00:00,2026-10-10T06:31:14+00:00,0,d3d6b084,0.0,58.325,5.5,0.0,0.0,14.081,0.0,48.4,4.4,0.0,0.0,11.64,0.0,61.667,5.333,0.0,0.0,13.5
2026,6,5264686,Mark Bowman,TE,USC,Penn State,2026-10-10T23:30:00+00:00,2026-10-10T06:31:14+00:00,0,d3d6b084,0.0,37.321,4.2,0.0,0.0,9.886,0.0,40.8,4.2,0.0,0.0,10.68,0.0,53.0,5.0,0.0,0.0,14.3
2026,6,5264688,EJ Crowell,RB,Alabama,Georgia,2026-10-10T23:30:00+00:00,2026-10-10T06:31:14+00:00,0,d3d6b084,29.714,4.157,0.4,0.0,0.0,6.287,40.8,5.4,0.4,0.0,0.0,8.62,50.0,4.667,0.333,0.0,0.0,7.8
2026,6,5264764,Elijah Faulkner,RB,Massachusetts,Miami (OH),2026-10-10T18:00:00+00:00,2026-10-10T06:31:14+00:00,0,d3d6b084,49.269,9.448,0.8,0.0,0.0,8.378,49.2,7.6,0.8,0.0,0.0,8.68,37.333,5.0,0.667,0.0,0.0,4.567
2026,6,5265178,Dominic Kelley,RB,Nevada,UTEP,2026-10-10T23:00:00+00:00,2026-10-10T06:31:14+00:00,0,d3d6b084,74.845,21.655,1.9,0.0,0.0,16.184,85.25,12.0,1.5,0.0,0.0,15.725,63.0,16.0,2.0,0.0,0.0,11.9
2026,6,5265325,Jevon Edwards,RB,Coastal Carolina,Marshall,2026-10-10T23:00:00+00:00,2026-10-10T06:31:14+00:00,0,d3d6b084,38.324,10.87,0.9,0.0,0.0,7.178,28.2,7.0,0.8,0.0,0.0,4.32,23.333,8.0,0.667,0.0,0.0,3.8
2026,6,5265445,Jordan Clark,WR,Rice,East Carolina,2026-10-10T20:00:00+00:00,2026-10-10T06:31:14+00:00,0,d3d6b084,1.561,30.549,2.8,0.0,0.0,6.968,1.0,20.4,2.2,0.0,0.0,4.34,1.667,28.667,3.0,0.0,0.0,6.033
2026,6,5265446,Clayton Coppock,WR,Coastal Carolina,Marshall,2026-10-10T23:00:00+00:00,2026-10-10T06:31:14+00:00,0,d3d6b084,0.0,46.116,3.0,0.0,0.0,10.347,0.0,46.2,2.6,0.0,0.0,10.62,0.0,40.667,2.333,0.0,0.0,6.067
2026,6,5265528,Jalen Bonds,RB,Ball State,Northwestern,2026-10-10T16:30:00+00:00,2026-10-10T06:31:14+00:00,0,d3d6b084,33.073,17.939,1.7,0.0,0.0,10.043,31.5,23.25,2.0,0.0,0.0,11.975,39.0,29.0,2.333,0.0,0.0,15.133
2026,6,5266919,Corey Barber Jr.,WR,LSU,Kentucky,2026-10-10T23:00:00+00:00,2026-10-10T06:31:14+00:00,0,d3d6b084,0.0,37.06,3.4,0.0,0.0,9.659,0.0,49.0,4.0,0.0,0.0,14.9,0.0,49.0,4.0,0.0,0.0,14.9
2026,6,5271174,Decorie Johnson,RB,Eastern Michigan,Akron,2026-10-10T19:30:00+00:00,2026-10-10T06:31:14+00:00,0,d3d6b084,23.75,7.937,0.6,0.0,0.0,5.054,16.5,8.0,0.5,0.0,0.0,2.95,16.5,8.0,0.5,0.0,0.0,2.95
2026,6,5272781,Jayvian Tanelus,RB,Duke,Georgia Tech,2026-10-10T19:30:00+00:00,2026-10-10T06:31:14+00:00,0,d3d6b084,36.818,0.0,0.0,0.0,0.0,6.788,45.0,0.0,0.0,0.0,0.0,10.5,45.0,0.0,0.0,0.0,0.0,10.5
2026,6,5277128,Tyree Sams,WR,California,Virginia Tech,2026-10-10T19:30:00+00:00,2026-10-10T06:31:14+00:00,0,d3d6b084,13.178,42.685,4.0,0.0,0.0,11.845,28.0,24.0,5.0,0.0,0.0,10.2,28.0,24.0,5.0,0.0,0.0,10.2
2026,6,5289321,Shavane Anderson Jr.,RB,Syracuse,Virginia,2026-10-10T23:30:00+00:00,2026-10-10T06:31:14+00:00,0,d3d6b084,36.182,8.714,0.8,0.0,0.0,8.89,48.667,5.0,0.667,0.0,0.0,12.033,48.667,5.0,0.667,0.0,0.0,12.033
2026,6,5289510,Jesse Legree,WR,Oregon State,San Diego State,2026-10-10T22:00:00+00:00,2026-10-10T06:31:14+00:00,0,d3d6b084,0.0,109.948,5.0,0.0,0.0,23.192,0.0,148.2,5.6,0.0,0.0,31.22,0.0,121.667,5.0,0.0,0.0,29.167
2026,6,5290565,Jamal Rule,RB,Nebraska,Indiana,2026-10-10T16:00:00+00:00,2026-10-10T06:31:14+00:00,0,d3d6b084,54.676,13.895,1.1,0.0,0.0,13.284,83.25,20.5,1.0,0.0,0.0,20.375,70.333,11.667,0.667,0.0,0.0,14.867
2026,6,5290570,Kristion Brooks,WR,Louisiana,Louisiana Tech,2026-10-10T23:30:00+00:00,2026-10-10T06:31:14+00:00,0,d3d6b084,0.0,21.23,1.8,0.0,0.0,4.534,0.0,19.6,1.8,0.0,0.0,3.76,0.0,25.667,2.333,0.0,0.0,4.9
2026,6,5290573,Rasean Jones,WR,Boise State,Fresno State,2026-10-11T02:30:00+00:00,2026-10-10T06:31:14+00:00,0,d3d6b084,2.833,62.965,4.7,0.0,0.0,13.138,5.2,71.8,4.6,0.0,0.0,14.5,2.333,74.0,5.333,0.0,0.0,14.633
2026,6,5291690,Broderick Vehrs,QB,Oklahoma State,UCF,2026-10-10T16:00:00+00:00,2026-10-10T06:31:14+00:00,0,d3d6b084,7.391,0.0,0.0,36.272,3.522,4.034,8.0,0.0,0.0,37.0,6.0,6.28,8.0,0.0,0.0,37.0,6.0,6.28
2026,6,5293035,Scoop Smith,WR,Miami (OH),Massachusetts,2026-10-10T18:00:00+00:00,2026-10-10T06:31:14+00:00,0,d3d6b084,1.249,34.178,3.5,0.0,0.0,8.623,3.0,26.4,2.8,0.0,0.0,6.94,1.667,19.667,3.333,0.0,0.0,7.467
2026,6,5293573,Aeryn Hampton,WR,Oregon State,San Diego State,2026-10-10T22:00:00+00:00,2026-10-10T06:31:14+00:00,0,d3d6b084,0.0,37.211,3.0,0.0,0.0,8.073,0.0,39.4,3.4,0.0,0.0,8.54,0.0,39.667,3.0,0.0,0.0,8.967
2026,6,5293685,Godspower Nwawuihe,RB,Army,Tulane,2026-10-10T16:00:00+00:00,2026-10-10T06:31:14+00:00,0,d3d6b084,54.796,9.906,0.8,0.0,0.0,11.29,54.667,8.0,0.667,0.0,0.0,12.933,54.667,8.0,0.667,0.0,0.0,12.933
2026,6,5294219,Atticus Joseph,WR,Stanford,Notre Dame,2026-10-10T19:30:00+00:00,2026-10-10T06:31:14+00:00,0,d3d6b084,0.0,22.29,2.2,0.0,0.0,5.588,0.0,20.75,2.0,0.0,0.0,5.575,0.0,10.333,1.333,0.0,0.0,2.367
2026,6,5294263,Byrd Ficklin,QB,Utah,Kansas,2026-10-11T02:15:00+00:00,2026-10-10T06:31:14+00:00,0,d3d6b084,14.349,3.598,0.3,23.188,1.755,4.981,29.75,2.75,0.25,41.5,2.25,8.66,16.333,3.667,0.333,24.333,1.667,5.307
2026,6,5294293,Javin Gordon,RB,Tennessee,Arkansas,2026-10-10T20:15:00+00:00,2026-10-10T06:31:14+00:00,0,d3d6b084,34.941,7.138,0.6,0.0,0.0,6.286,39.5,9.0,0.5,0.0,0.0,5.35,39.5,9.0,0.5,0.0,0.0,5.35
2026,6,5295066,Brec Long,TE,North Texas,Charlotte,2026-10-10T19:30:00+00:00,2026-10-10T06:31:14+00:00,0,d3d6b084,0.0,18.968,1.6,0.0,0.0,4.068,0.0,21.75,2.0,0.0,0.0,4.175,0.0,24.333,2.0,0.0,0.0,4.433
2026,6,5295211,Jayon Farrar,WR,Fresno State,Boise State,2026-10-11T02:30:00+00:00,2026-10-10T06:31:14+00:00,0,d3d6b084,1.612,25.511,2.2,0.0,0.0,5.86,4.0,11.25,2.0,0.0,0.0,3.525,5.333,13.333,2.333,0.0,0.0,4.2
2026,6,5295318,Waymond Jordan,RB,USC,Penn State,2026-10-10T23:30:00+00:00,2026-10-10T06:31:14+00:00,0,d3d6b084,52.227,7.128,0.8,0.0,0.0,9.377,44.167,5.667,0.833,0.0,0.0,7.65,34.333,5.667,0.667,0.0,0.0,6.667
2026,6,5295488,Justin Ruffin Jr.,WR,Central Michigan,Ohio,2026-10-10T19:30:00+00:00,2026-10-10T06:31:14+00:00,0,d3d6b084,1.682,27.364,2.6,0.0,0.0,6.497,1.75,14.25,2.25,0.0,0.0,3.85,1.667,16.0,2.0,0.0,0.0,3.767
2026,6,5295525,Ben Prosper,WR,Eastern Michigan,Akron,2026-10-10T19:30:00+00:00,2026-10-10T06:31:14+00:00,0,d3d6b084,2.5,64.404,5.3,0.0,0.0,14.149,-0.6,50.2,4.8,0.0,0.0,10.96,-1.0,46.667,4.333,0.0,0.0,10.9
2026,6,5295532,Joshua Long,TE,Eastern Michigan,Akron,2026-10-10T19:30:00+00:00,2026-10-10T06:31:14+00:00,0,d3d6b084,0.0,42.935,4.1,0.0,0.0,10.042,0.0,28.0,3.667,0.0,0.0,7.467,0.0,28.667,3.333,0.0,0.0,8.2
2026,6,5295550,DeJuan Williams,RB,Maryland,Ohio State,2026-10-10T20:15:00+00:00,2026-10-10T06:31:14+00:00,0,d3d6b084,34.801,18.148,1.9,0.0,0.0,10.703,97.0,17.5,2.0,0.0,0.0,22.45,97.0,17.5,2.0,0.0,0.0,22.45
2026,6,5295590,Da'Realyst Clark,WR,Kent State,Western Michigan,2026-10-10T19:30:00+00:00,2026-10-10T06:31:14+00:00,0,d3d6b084,1.62,58.136,4.9,2.333,0.187,13.012,0.2,48.4,4.0,5.8,0.2,10.292,0.333,51.667,4.333,9.667,0.333,11.92
2026,6,5295811,Vernell Brown III,WR,Florida,South Carolina,2026-10-10T16:45:00+00:00,2026-10-10T06:31:14+00:00,0,d3d6b084,2.96,63.922,4.6,0.0,0.0,14.226,4.0,67.75,4.25,0.0,0.0,14.425,0.667,51.333,3.667,0.0,0.0,10.867
2026,6,5295814,Tramell Jones Jr.,QB,Florida,South Carolina,2026-10-10T16:45:00+00:00,2026-10-10T06:31:14+00:00,0,d3d6b084,2.64,0.0,0.0,54.314,4.468,4.092,2.667,0.0,0.0,70.667,5.667,5.427,2.667,0.0,0.0,70.667,5.667,5.427
2026,6,5295815,Duke Clark,RB,Florida,South Carolina,2026-10-10T16:45:00+00:00,2026-10-10T06:31:14+00:00,0,d3d6b084,36.224,12.505,1.2,0.0,0.0,9.318,52.0,5.2,1.0,0.0,0.0,11.52,59.0,5.333,1.333,0.0,0.0,11.767
2026,6,5295919,Ryan Huff,QB,Old Dominion,App State,2026-10-10T17:00:00+00:00,2026-10-10T06:31:14+00:00,0,d3d6b084,3.372,0.0,0.0,74.615,6.888,5.084,-16.333,0.0,0.0,93.0,7.667,2.753,-16.333,0.0,0.0,93.0,7.667,2.753
2026,6,5295921,Josh Rodriguez,WR,Old Dominion,App State,2026-10-10T17:00:00+00:00,2026-10-10T06:31:14+00:00,0,d3d6b084,0.0,31.849,2.9,0.0,0.0,6.89,0.0,30.0,2.4,0.0,0.0,5.4,0.0,13.333,2.333,0.0,0.0,3.667
2026,6,5295923,TJ Johnson,WR,Old Dominion,App State,2026-10-10T17:00:00+00:00,2026-10-10T06:31:14+00:00,0,d3d6b084,0.0,42.095,3.7,0.0,0.0,10.307,0.0,40.75,3.0,0.0,0.0,10.075,0.0,46.0,3.333,0.0,0.0,7.933
2026,6,5295930,Trequan Jones,,Tulsa,Navy,2026-10-10T19:30:00+00:00,2026-10-10T06:31:14+00:00,0,d3d6b084,26.263,4.677,0.4,0.0,0.0,5.192,44.2,0.4,0.4,0.0,0.0,7.26,20.333,0.333,0.333,0.0,0.0,2.4
2026,6,5296150,DeAree Rogers,WR,Northern Illinois,Air Force,2026-10-10T23:30:00+00:00,2026-10-10T06:31:14+00:00,0,d3d6b084,0.0,98.639,9.7,0.0,0.0,23.964,0.0,63.0,7.75,0.0,0.0,17.05,0.0,83.0,10.0,0.0,0.0,22.3
2026,6,5296166,Ofa Mataele,RB,Western Michigan,Kent State,2026-10-10T19:30:00+00:00,2026-10-10T06:31:14+00:00,0,d3d6b084,29.159,12.393,1.1,0.0,0.0,7.206,26.0,3.6,0.8,0.0,0.0,4.96,28.667,6.0,1.333,0.0,0.0,6.8
2026,6,5296226,Zane Smith,RB,Houston,Kansas State,2026-10-10T19:30:00+00:00,2026-10-10T06:31:14+00:00,0,d3d6b084,40.187,0.0,0.0,0.0,0.0,5.503,69.0,0.0,0.0,0.0,0.0,6.9,69.0,0.0,0.0,0.0,0.0,6.9
2026,6,5296247,Cyncir Bowers,RB,UConn,Temple,2026-10-10T19:45:00+00:00,2026-10-10T06:31:14+00:00,0,d3d6b084,52.944,13.855,1.3,0.0,0.0,12.535,69.8,7.2,1.0,0.0,0.0,14.5,98.333,9.667,1.333,0.0,0.0,19.8
2026,6,5296364,Keveun Mason,RB,Temple,UConn,2026-10-10T19:45:00+00:00,2026-10-10T06:31:14+00:00,0,d3d6b084,47.0,17.428,1.7,0.0,0.0,10.683,72.2,11.0,1.4,0.0,0.0,12.12,42.333,6.333,1.333,0.0,0.0,6.2
2026,6,5296374,Andrew Burnette,,Louisiana Tech,Louisiana,2026-10-10T23:30:00+00:00,2026-10-10T06:31:14+00:00,0,d3d6b084,28.245,5.722,0.6,0.0,0.0,5.792,30.5,-0.25,0.5,0.0,0.0,5.025,29.333,-0.333,0.667,0.0,0.0,5.567
2026,6,5296376,Trey Kukuk,QB,Louisiana Tech,Louisiana,2026-10-10T23:30:00+00:00,2026-10-10T06:31:14+00:00,0,d3d6b084,29.39,0.0,0.0,110.722,11.887,11.558,41.75,0.0,0.0,117.0,12.0,12.855,39.0,0.0,0.0,141.0,14.667,12.207
2026,6,5296386,Dylone Brooks,RB,Louisiana Tech,Louisiana,2026-10-10T23:30:00+00:00,2026-10-10T06:31:14+00:00,0,d3d6b084,31.362,24.287,2.0,0.0,0.0,10.885,56.333,32.333,1.667,0.0,0.0,16.533,56.333,32.333,1.667,0.0,0.0,16.533
2026,6,5296438,Tristian Gardner,WR,Coastal Carolina,Marshall,2026-10-10T23:00:00+00:00,2026-10-10T06:31:14+00:00,0,d3d6b084,0.0,46.254,3.1,0.0,0.0,9.307,0.0,43.6,2.6,0.0,0.0,8.16,0.0,48.333,3.0,0.0,0.0,9.833
2026,6,5296439,Deuce Bailey,QB,Coastal Carolina,Marshall,2026-10-10T23:00:00+00:00,2026-10-10T06:31:14+00:00,0,d3d6b084,40.523,0.0,0.0,276.548,17.936,25.219,34.2,0.0,0.0,253.4,17.0,22.356,43.667,0.0,0.0,230.333,17.333,20.58
2026,6,5297931,Myles Mitchell,RB,North Dakota State,UNLV,2026-10-10T23:00:00+00:00,2026-10-10T06:31:14+00:00,0,d3d6b084,54.447,13.6,1.3,0.0,0.0,12.58,53.5,3.75,1.0,0.0,0.0,11.225,46.667,5.0,1.333,0.0,0.0,12.5
2026,6,5298748,Nick Herman,RB,James Madison,Georgia Southern,2026-10-10T23:30:00+00:00,2026-10-10T06:31:14+00:00,0,d3d6b084,31.235,12.048,1.1,0.0,0.0,7.967,51.8,9.0,1.0,0.0,0.0,10.68,41.333,11.0,1.0,0.0,0.0,8.233
2026,6,5300543,Sam Pickett III,WR,App State,Old Dominion,2026-10-10T17:00:00+00:00,2026-10-10T06:31:14+00:00,0,d3d6b084,0.0,78.313,5.7,0.0,0.0,17.503,0.0,81.5,5.0,0.0,0.0,17.65,0.0,83.333,5.0,0.0,0.0,15.333
2026,6,5300926,TJ Lester,RB,Marshall,Coastal Carolina,2026-10-10T23:00:00+00:00,2026-10-10T06:31:14+00:00,0,d3d6b084,22.408,15.506,1.1,0.0,0.0,7.386,21.4,16.4,1.0,0.0,0.0,8.38,31.667,27.333,1.667,0.0,0.0,11.567
2026,6,5301871,Cole Keller,TE,James Madison,Georgia Southern,2026-10-10T23:30:00+00:00,2026-10-10T06:31:14+00:00,0,d3d6b084,0.0,32.198,2.7,0.0,0.0,8.301,0.0,30.6,2.4,0.0,0.0,9.06,0.0,32.0,3.0,0.0,0.0,12.2
2026,6,5305463,Nicholas Woodford,RB,Central Michigan,Ohio,2026-10-10T19:30:00+00:00,2026-10-10T06:31:14+00:00,0,d3d6b084,13.91,19.151,1.9,0.0,0.0,6.869,17.75,4.25,1.5,0.0,0.0,5.2,21.0,5.667,2.0,0.0,0.0,6.667
2026,6,5306440,Evan Medders,QB,Air Force,Northern Illinois,2026-10-10T23:30:00+00:00,2026-10-10T06:31:14+00:00,0,d3d6b084,21.132,0.0,0.0,19.875,1.78,5.041,36.333,0.0,0.0,15.667,1.0,7.593,36.333,0.0,0.0,15.667,1.0,7.593
2026,6,5310132,Daniel Swinney,RB,Sacramento State,Bowling Green,2026-10-10T16:00:00+00:00,2026-10-10T06:31:14+00:00,0,d3d6b084,39.727,6.278,0.6,0.0,0.0,7.276,34.75,1.0,0.5,0.0,0.0,5.575,27.0,0.333,0.333,0.0,0.0,3.067
2026,6,5327601,Brandon White,RB,Kent State,Western Michigan,2026-10-10T19:30:00+00:00,2026-10-10T06:31:14+00:00,0,d3d6b084,25.434,15.029,1.6,0.0,0.0,7.381,25.2,3.0,1.2,0.0,0.0,5.22,26.333,5.0,2.0,0.0,0.0,7.133
2026,6,5327659,Trae'shawn Brown,RB,Alabama,Georgia,2026-10-10T23:30:00+00:00,2026-10-10T06:31:14+00:00,0,d3d6b084,39.434,8.467,0.9,0.0,0.0,10.481,42.2,5.2,0.8,0.0,0.0,11.54,58.0,6.0,1.0,0.0,0.0,13.4
2026,6,5328086,Elijah Holmes,QB,Buffalo,Toledo,2026-10-10T19:30:00+00:00,2026-10-10T06:31:14+00:00,0,d3d6b084,8.485,0.0,0.0,109.365,14.021,9.448,7.5,0.0,0.0,126.5,17.5,10.81,7.5,0.0,0.0,126.5,17.5,10.81
2026,6,5328488,Luke Dehnicke,TE,Northwestern,Ball State,2026-10-10T16:30:00+00:00,2026-10-10T06:31:14+00:00,0,d3d6b084,0.0,64.779,4.4,0.0,0.0,12.269,0.0,69.333,3.667,0.0,0.0,10.6,0.0,69.333,3.667,0.0,0.0,10.6
2026,6,5382529,Deuce Lawrence,RB,Wake Forest,NC State,2026-10-10T16:00:00+00:00,2026-10-10T06:31:14+00:00,0,d3d6b084,48.057,9.869,0.9,0.0,0.0,9.471,47.0,6.2,1.0,0.0,0.0,8.72,46.0,7.333,0.667,0.0,0.0,8.0
2026,6,5382927,Jordan Thompson,RB,Memphis,UAB,2026-10-10T23:00:00+00:00,2026-10-10T06:31:14+00:00,0,d3d6b084,56.871,0.0,0.0,0.0,0.0,9.359,79.0,0.0,0.0,0.0,0.0,13.9,79.0,0.0,0.0,0.0,0.0,13.9
2026,6,5382987,Jaden Miller,RB,Louisiana Tech,Louisiana,2026-10-10T23:30:00+00:00,2026-10-10T06:31:14+00:00,0,d3d6b084,21.286,4.149,0.4,0.0,0.0,4.75,15.333,2.0,0.333,0.0,0.0,4.067,15.333,2.0,0.333,0.0,0.0,4.067
2026,6,5384681,Derrick Salley Jr.,WR,Kansas State,Houston,2026-10-10T19:30:00+00:00,2026-10-10T06:31:14+00:00,0,d3d6b084,0.0,64.359,4.6,0.0,0.0,13.474,0.0,89.0,5.5,0.0,0.0,16.9,0.0,89.0,5.5,0.0,0.0,16.9
2026,6,5385753,Jay Kastantin,QB,Bowling Green,Sacramento State,2026-10-10T16:00:00+00:00,2026-10-10T06:31:14+00:00,0,d3d6b084,13.667,0.0,0.0,202.702,19.037,13.607,7.0,0.0,0.0,174.0,16.6,10.06,2.0,0.0,0.0,174.667,16.333,10.52
2026,6,5387611,Jaylen Andrews,WR,Buffalo,Toledo,2026-10-10T19:30:00+00:00,2026-10-10T06:31:14+00:00,0,d3d6b084,0.0,27.089,3.0,0.0,0.0,6.575,0.0,19.25,2.5,0.0,0.0,4.425,0.0,16.333,2.333,0.0,0.0,3.967
2026,6,5387612,Clint Walker,TE,Buffalo,Toledo,2026-10-10T19:30:00+00:00,2026-10-10T06:31:14+00:00,0,d3d6b084,0.0,27.495,3.1,0.0,0.0,6.713,0.0,20.5,2.75,0.0,0.0,4.8,0.0,13.667,2.0,0.0,0.0,3.367
2026,6,5388331,Curtis Kimmons IV,RB,Massachusetts,Miami (OH),2026-10-10T18:00:00+00:00,2026-10-10T06:31:14+00:00,0,d3d6b084,52.868,6.8,0.6,0.0,0.0,10.208,52.4,3.4,0.6,0.0,0.0,9.78,57.667,2.333,0.333,0.0,0.0,10.333
2026,6,5388332,Jabari Lewis,WR,Massachusetts,Miami (OH),2026-10-10T18:00:00+00:00,2026-10-10T06:31:14+00:00,0,d3d6b084,0.0,47.285,3.5,0.0,0.0,9.395,0.0,50.667,3.333,0.0,0.0,8.4,0.0,50.667,3.333,0.0,0.0,8.4
2026,6,5388435,Caleb Heavner,QB,Miami (OH),Massachusetts,2026-10-10T18:00:00+00:00,2026-10-10T06:31:14+00:00,0,d3d6b084,11.48,0.0,0.0,50.719,5.233,4.718,15.0,0.0,0.0,58.5,6.0,4.59,16.333,0.0,0.0,71.0,7.0,5.807
2026,6,5397589,Elijah Alexander,TE,Akron,Eastern Michigan,2026-10-10T19:30:00+00:00,2026-10-10T06:31:14+00:00,0,d3d6b084,0.955,22.866,2.2,0.0,0.0,6.704,0.6,17.4,2.2,0.0,0.0,7.6,1.0,8.667,1.333,0.0,0.0,2.3
2026,6,5397590,Gentz Hilburn,WR,Akron,Eastern Michigan,2026-10-10T19:30:00+00:00,2026-10-10T06:31:14+00:00,0,d3d6b084,0.0,48.109,4.4,0.0,0.0,10.754,0.0,35.0,4.0,0.0,0.0,7.5,0.0,35.0,4.0,0.0,0.0,7.5
