ts,event,commence,game,home,away,player,stat,book,line,over,under
2026-10-10T18:24:13+00:00,21b26266f3d78af02eb672e606275d95,2026-10-11T13:30:00Z,PHI @ JAX,JAX,PHI,Trevor Lawrence,comp,draftkings,20.5,105,-134
2026-10-10T18:24:13+00:00,21b26266f3d78af02eb672e606275d95,2026-10-11T13:30:00Z,PHI @ JAX,JAX,PHI,Jalen Hurts,comp,draftkings,18.5,-116,-110
2026-10-10T18:24:13+00:00,21b26266f3d78af02eb672e606275d95,2026-10-11T13:30:00Z,PHI @ JAX,JAX,PHI,Trevor Lawrence,passY,draftkings,228.5,-112,-112
2026-10-10T18:24:13+00:00,21b26266f3d78af02eb672e606275d95,2026-10-11T13:30:00Z,PHI @ JAX,JAX,PHI,Jalen Hurts,passY,draftkings,186.5,-112,-112
2026-10-10T18:24:13+00:00,21b26266f3d78af02eb672e606275d95,2026-10-11T13:30:00Z,PHI @ JAX,JAX,PHI,Parker Washington,recY,draftkings,63.5,-111,-113
2026-10-10T18:24:13+00:00,21b26266f3d78af02eb672e606275d95,2026-10-11T13:30:00Z,PHI @ JAX,JAX,PHI,Dontayvion Wicks,recY,draftkings,46.5,-110,-114
2026-10-10T18:24:13+00:00,21b26266f3d78af02eb672e606275d95,2026-10-11T13:30:00Z,PHI @ JAX,JAX,PHI,Dallas Goedert,recY,draftkings,44.5,-110,-115
2026-10-10T18:24:13+00:00,21b26266f3d78af02eb672e606275d95,2026-10-11T13:30:00Z,PHI @ JAX,JAX,PHI,Jakobi Meyers,recY,draftkings,42.5,-112,-112
2026-10-10T18:24:13+00:00,21b26266f3d78af02eb672e606275d95,2026-10-11T13:30:00Z,PHI @ JAX,JAX,PHI,Makai Lemon,recY,draftkings,35.5,-112,-112
2026-10-10T18:24:13+00:00,21b26266f3d78af02eb672e606275d95,2026-10-11T13:30:00Z,PHI @ JAX,JAX,PHI,Brenton Strange,recY,draftkings,31.5,-115,-109
2026-10-10T18:24:13+00:00,21b26266f3d78af02eb672e606275d95,2026-10-11T13:30:00Z,PHI @ JAX,JAX,PHI,Brian Thomas Jr,recY,draftkings,24.5,-112,-112
2026-10-10T18:24:13+00:00,21b26266f3d78af02eb672e606275d95,2026-10-11T13:30:00Z,PHI @ JAX,JAX,PHI,Darius Cooper,recY,draftkings,19.5,-111,-113
2026-10-10T18:24:13+00:00,21b26266f3d78af02eb672e606275d95,2026-10-11T13:30:00Z,PHI @ JAX,JAX,PHI,Will Shipley,recY,draftkings,16.5,-110,-114
2026-10-10T18:24:13+00:00,21b26266f3d78af02eb672e606275d95,2026-10-11T13:30:00Z,PHI @ JAX,JAX,PHI,Josh Cameron,recY,draftkings,10.5,-114,-110
2026-10-10T18:24:13+00:00,21b26266f3d78af02eb672e606275d95,2026-10-11T13:30:00Z,PHI @ JAX,JAX,PHI,Bhayshul Tuten,recY,draftkings,10.5,-106,-119
2026-10-10T18:24:13+00:00,21b26266f3d78af02eb672e606275d95,2026-10-11T13:30:00Z,PHI @ JAX,JAX,PHI,Parker Washington,rec,draftkings,4.5,-125,-102
2026-10-10T18:24:13+00:00,21b26266f3d78af02eb672e606275d95,2026-10-11T13:30:00Z,PHI @ JAX,JAX,PHI,Dallas Goedert,rec,draftkings,4.5,100,-127
2026-10-10T18:24:13+00:00,21b26266f3d78af02eb672e606275d95,2026-10-11T13:30:00Z,PHI @ JAX,JAX,PHI,Dontayvion Wicks,rec,draftkings,3.5,-125,-102
2026-10-10T18:24:13+00:00,21b26266f3d78af02eb672e606275d95,2026-10-11T13:30:00Z,PHI @ JAX,JAX,PHI,Makai Lemon,rec,draftkings,3.5,-122,-104
2026-10-10T18:24:13+00:00,21b26266f3d78af02eb672e606275d95,2026-10-11T13:30:00Z,PHI @ JAX,JAX,PHI,Jakobi Meyers,rec,draftkings,3.5,-118,-108
2026-10-10T18:24:13+00:00,21b26266f3d78af02eb672e606275d95,2026-10-11T13:30:00Z,PHI @ JAX,JAX,PHI,Brenton Strange,rec,draftkings,3.5,134,-172
2026-10-10T18:24:13+00:00,21b26266f3d78af02eb672e606275d95,2026-10-11T13:30:00Z,PHI @ JAX,JAX,PHI,Will Shipley,rec,draftkings,2.5,-109,-117
2026-10-10T18:24:13+00:00,21b26266f3d78af02eb672e606275d95,2026-10-11T13:30:00Z,PHI @ JAX,JAX,PHI,Darius Cooper,rec,draftkings,2.5,129,-166
2026-10-10T18:24:13+00:00,21b26266f3d78af02eb672e606275d95,2026-10-11T13:30:00Z,PHI @ JAX,JAX,PHI,Brian Thomas Jr,rec,draftkings,1.5,-177,138
2026-10-10T18:24:13+00:00,21b26266f3d78af02eb672e606275d95,2026-10-11T13:30:00Z,PHI @ JAX,JAX,PHI,Bhayshul Tuten,rec,draftkings,1.5,-107,-119
2026-10-10T18:24:13+00:00,21b26266f3d78af02eb672e606275d95,2026-10-11T13:30:00Z,PHI @ JAX,JAX,PHI,Josh Cameron,rec,draftkings,1.5,148,-190
2026-10-10T18:24:13+00:00,21b26266f3d78af02eb672e606275d95,2026-10-11T13:30:00Z,PHI @ JAX,JAX,PHI,Bhayshul Tuten,rushY,draftkings,67.5,-112,-112
2026-10-10T18:24:13+00:00,21b26266f3d78af02eb672e606275d95,2026-10-11T13:30:00Z,PHI @ JAX,JAX,PHI,Will Shipley,rushY,draftkings,35.5,-110,-114
2026-10-10T18:24:13+00:00,21b26266f3d78af02eb672e606275d95,2026-10-11T13:30:00Z,PHI @ JAX,JAX,PHI,Jalen Hurts,rushY,draftkings,28.5,-109,-115
2026-10-10T18:24:13+00:00,21b26266f3d78af02eb672e606275d95,2026-10-11T13:30:00Z,PHI @ JAX,JAX,PHI,Chris Rodriguez Jr.,rushY,draftkings,26.5,-113,-111
2026-10-10T18:24:13+00:00,21b26266f3d78af02eb672e606275d95,2026-10-11T13:30:00Z,PHI @ JAX,JAX,PHI,Dameon Pierce,rushY,draftkings,22.5,-114,-110
2026-10-10T18:24:13+00:00,21b26266f3d78af02eb672e606275d95,2026-10-11T13:30:00Z,PHI @ JAX,JAX,PHI,Trevor Lawrence,rushY,draftkings,14.5,-115,-109
2026-10-10T18:24:13+00:00,21b26266f3d78af02eb672e606275d95,2026-10-11T13:30:00Z,PHI @ JAX,JAX,PHI,Josh Hines-Allen,sacks,draftkings,0.75,-107,-117
2026-10-10T18:24:13+00:00,21b26266f3d78af02eb672e606275d95,2026-10-11T13:30:00Z,PHI @ JAX,JAX,PHI,Nolan Smith,sacks,draftkings,0.25,140,-178
2026-10-10T18:24:13+00:00,21b26266f3d78af02eb672e606275d95,2026-10-11T13:30:00Z,PHI @ JAX,JAX,PHI,Jalen Carter,sacks,draftkings,0.25,151,-193
2026-10-10T18:24:13+00:00,21b26266f3d78af02eb672e606275d95,2026-10-11T13:30:00Z,PHI @ JAX,JAX,PHI,Arik Armstead,sacks,draftkings,0.25,190,-245
2026-10-10T18:24:13+00:00,21b26266f3d78af02eb672e606275d95,2026-10-11T13:30:00Z,PHI @ JAX,JAX,PHI,Jalen Hurts,passY,fanduel,186.5,-113,-113
2026-10-10T18:24:13+00:00,21b26266f3d78af02eb672e606275d95,2026-10-11T13:30:00Z,PHI @ JAX,JAX,PHI,Trevor Lawrence,passY,fanduel,225.5,-113,-113
2026-10-10T18:24:13+00:00,21b26266f3d78af02eb672e606275d95,2026-10-11T13:30:00Z,PHI @ JAX,JAX,PHI,Makai Lemon,recY,fanduel,31.5,-113,-113
2026-10-10T18:24:13+00:00,21b26266f3d78af02eb672e606275d95,2026-10-11T13:30:00Z,PHI @ JAX,JAX,PHI,Will Shipley,recY,fanduel,15.5,-113,-113
2026-10-10T18:24:13+00:00,21b26266f3d78af02eb672e606275d95,2026-10-11T13:30:00Z,PHI @ JAX,JAX,PHI,Bhayshul Tuten,recY,fanduel,9.5,-113,-113
2026-10-10T18:24:13+00:00,21b26266f3d78af02eb672e606275d95,2026-10-11T13:30:00Z,PHI @ JAX,JAX,PHI,Dontayvion Wicks,recY,fanduel,44.5,-113,-113
2026-10-10T18:24:13+00:00,21b26266f3d78af02eb672e606275d95,2026-10-11T13:30:00Z,PHI @ JAX,JAX,PHI,Josh Cameron,recY,fanduel,11.5,-113,-113
2026-10-10T18:24:13+00:00,21b26266f3d78af02eb672e606275d95,2026-10-11T13:30:00Z,PHI @ JAX,JAX,PHI,Darius Cooper,recY,fanduel,20.5,-113,-113
2026-10-10T18:24:13+00:00,21b26266f3d78af02eb672e606275d95,2026-10-11T13:30:00Z,PHI @ JAX,JAX,PHI,Jakobi Meyers,recY,fanduel,41.5,-113,-113
2026-10-10T18:24:13+00:00,21b26266f3d78af02eb672e606275d95,2026-10-11T13:30:00Z,PHI @ JAX,JAX,PHI,Brian Thomas Jr,recY,fanduel,24.5,-113,-113
2026-10-10T18:24:13+00:00,21b26266f3d78af02eb672e606275d95,2026-10-11T13:30:00Z,PHI @ JAX,JAX,PHI,Dallas Goedert,recY,fanduel,42.5,-113,-113
2026-10-10T18:24:13+00:00,21b26266f3d78af02eb672e606275d95,2026-10-11T13:30:00Z,PHI @ JAX,JAX,PHI,Brenton Strange,recY,fanduel,33.5,-113,-113
2026-10-10T18:24:13+00:00,21b26266f3d78af02eb672e606275d95,2026-10-11T13:30:00Z,PHI @ JAX,JAX,PHI,Parker Washington,recY,fanduel,60.5,-113,-113
2026-10-10T18:24:13+00:00,21b26266f3d78af02eb672e606275d95,2026-10-11T13:30:00Z,PHI @ JAX,JAX,PHI,Brian Thomas Jr,rec,fanduel,2.5,134,-180
2026-10-10T18:24:13+00:00,21b26266f3d78af02eb672e606275d95,2026-10-11T13:30:00Z,PHI @ JAX,JAX,PHI,Bhayshul Tuten,rec,fanduel,1.5,-114,-114
2026-10-10T18:24:13+00:00,21b26266f3d78af02eb672e606275d95,2026-10-11T13:30:00Z,PHI @ JAX,JAX,PHI,Will Shipley,rec,fanduel,2.5,-108,-122
2026-10-10T18:24:13+00:00,21b26266f3d78af02eb672e606275d95,2026-10-11T13:30:00Z,PHI @ JAX,JAX,PHI,Parker Washington,rec,fanduel,4.5,-130,-102
2026-10-10T18:24:13+00:00,21b26266f3d78af02eb672e606275d95,2026-10-11T13:30:00Z,PHI @ JAX,JAX,PHI,Jakobi Meyers,rec,fanduel,3.5,-122,-106
2026-10-10T18:24:13+00:00,21b26266f3d78af02eb672e606275d95,2026-10-11T13:30:00Z,PHI @ JAX,JAX,PHI,Darius Cooper,rec,fanduel,2.5,112,-148
2026-10-10T18:24:13+00:00,21b26266f3d78af02eb672e606275d95,2026-10-11T13:30:00Z,PHI @ JAX,JAX,PHI,Dallas Goedert,rec,fanduel,4.5,112,-148
2026-10-10T18:24:13+00:00,21b26266f3d78af02eb672e606275d95,2026-10-11T13:30:00Z,PHI @ JAX,JAX,PHI,Josh Cameron,rec,fanduel,1.5,130,-174
2026-10-10T18:24:13+00:00,21b26266f3d78af02eb672e606275d95,2026-10-11T13:30:00Z,PHI @ JAX,JAX,PHI,Dontayvion Wicks,rec,fanduel,3.5,-138,104
2026-10-10T18:24:13+00:00,21b26266f3d78af02eb672e606275d95,2026-10-11T13:30:00Z,PHI @ JAX,JAX,PHI,Brenton Strange,rec,fanduel,3.5,112,-148
2026-10-10T18:24:13+00:00,21b26266f3d78af02eb672e606275d95,2026-10-11T13:30:00Z,PHI @ JAX,JAX,PHI,Makai Lemon,rec,fanduel,3.5,-112,-118
2026-10-10T18:24:13+00:00,21b26266f3d78af02eb672e606275d95,2026-10-11T13:30:00Z,PHI @ JAX,JAX,PHI,Dameon Pierce,rushY,fanduel,24.5,-113,-113
2026-10-10T18:24:13+00:00,21b26266f3d78af02eb672e606275d95,2026-10-11T13:30:00Z,PHI @ JAX,JAX,PHI,Will Shipley,rushY,fanduel,33.5,-113,-113
2026-10-10T18:24:13+00:00,21b26266f3d78af02eb672e606275d95,2026-10-11T13:30:00Z,PHI @ JAX,JAX,PHI,Chris Rodriguez Jr.,rushY,fanduel,26.5,-113,-113
2026-10-10T18:24:13+00:00,21b26266f3d78af02eb672e606275d95,2026-10-11T13:30:00Z,PHI @ JAX,JAX,PHI,Jalen Hurts,rushY,fanduel,27.5,-113,-113
2026-10-10T18:24:13+00:00,21b26266f3d78af02eb672e606275d95,2026-10-11T13:30:00Z,PHI @ JAX,JAX,PHI,Bhayshul Tuten,rushY,fanduel,65.5,-113,-113
2026-10-10T18:24:13+00:00,21b26266f3d78af02eb672e606275d95,2026-10-11T13:30:00Z,PHI @ JAX,JAX,PHI,Trevor Lawrence,rushY,fanduel,13.5,-113,-113
2026-10-10T18:24:13+00:00,21b26266f3d78af02eb672e606275d95,2026-10-11T13:30:00Z,PHI @ JAX,JAX,PHI,Josh Hines-Allen,sacks,fanduel,0.5,102,
2026-10-10T18:24:13+00:00,21b26266f3d78af02eb672e606275d95,2026-10-11T13:30:00Z,PHI @ JAX,JAX,PHI,Travon Walker,sacks,fanduel,0.5,178,
2026-10-10T18:24:13+00:00,21b26266f3d78af02eb672e606275d95,2026-10-11T13:30:00Z,PHI @ JAX,JAX,PHI,Jalen Carter,sacks,fanduel,0.5,188,
2026-10-10T18:24:13+00:00,21b26266f3d78af02eb672e606275d95,2026-10-11T13:30:00Z,PHI @ JAX,JAX,PHI,Nolan Smith,sacks,fanduel,0.5,182,
2026-10-10T18:24:13+00:00,21b26266f3d78af02eb672e606275d95,2026-10-11T13:30:00Z,PHI @ JAX,JAX,PHI,Arik Armstead,sacks,fanduel,0.5,235,
2026-10-10T18:24:13+00:00,21b26266f3d78af02eb672e606275d95,2026-10-11T13:30:00Z,PHI @ JAX,JAX,PHI,Moro Ojomo,sacks,fanduel,0.5,240,
2026-10-10T18:24:13+00:00,21b26266f3d78af02eb672e606275d95,2026-10-11T13:30:00Z,PHI @ JAX,JAX,PHI,Jalyx Hunt,sacks,fanduel,0.5,290,
2026-10-10T18:24:13+00:00,21b26266f3d78af02eb672e606275d95,2026-10-11T13:30:00Z,PHI @ JAX,JAX,PHI,Ruke Orhorhoro,sacks,fanduel,0.5,310,
2026-10-10T18:24:13+00:00,21b26266f3d78af02eb672e606275d95,2026-10-11T13:30:00Z,PHI @ JAX,JAX,PHI,Dennis Gardeck,sacks,fanduel,0.5,360,
2026-10-10T18:24:13+00:00,21b26266f3d78af02eb672e606275d95,2026-10-11T13:30:00Z,PHI @ JAX,JAX,PHI,Zack Baun,sacks,fanduel,0.5,450,
2026-10-10T18:24:13+00:00,21b26266f3d78af02eb672e606275d95,2026-10-11T13:30:00Z,PHI @ JAX,JAX,PHI,Jordan Davis,sacks,fanduel,0.5,450,
2026-10-10T18:24:13+00:00,21b26266f3d78af02eb672e606275d95,2026-10-11T13:30:00Z,PHI @ JAX,JAX,PHI,Trevor Lawrence,comp,betmgm,19.5,-115,-115
2026-10-10T18:24:13+00:00,21b26266f3d78af02eb672e606275d95,2026-10-11T13:30:00Z,PHI @ JAX,JAX,PHI,Jalen Hurts,comp,betmgm,19.5,100,-135
2026-10-10T18:24:13+00:00,21b26266f3d78af02eb672e606275d95,2026-10-11T13:30:00Z,PHI @ JAX,JAX,PHI,Trevor Lawrence,passY,betmgm,223.5,-115,-115
2026-10-10T18:24:13+00:00,21b26266f3d78af02eb672e606275d95,2026-10-11T13:30:00Z,PHI @ JAX,JAX,PHI,Jalen Hurts,passY,betmgm,189.5,-115,-115
2026-10-10T18:24:13+00:00,21b26266f3d78af02eb672e606275d95,2026-10-11T13:30:00Z,PHI @ JAX,JAX,PHI,Josh Cameron,recY,betmgm,11.5,-115,-115
2026-10-10T18:24:13+00:00,21b26266f3d78af02eb672e606275d95,2026-10-11T13:30:00Z,PHI @ JAX,JAX,PHI,Parker Washington,recY,betmgm,60.5,-115,-115
2026-10-10T18:24:13+00:00,21b26266f3d78af02eb672e606275d95,2026-10-11T13:30:00Z,PHI @ JAX,JAX,PHI,Jakobi Meyers,recY,betmgm,39.5,-135,100
2026-10-10T18:24:13+00:00,21b26266f3d78af02eb672e606275d95,2026-10-11T13:30:00Z,PHI @ JAX,JAX,PHI,Bhayshul Tuten,recY,betmgm,8.5,-120,-110
2026-10-10T18:24:13+00:00,21b26266f3d78af02eb672e606275d95,2026-10-11T13:30:00Z,PHI @ JAX,JAX,PHI,Brian Thomas Jr,recY,betmgm,24.5,-111,-120
2026-10-10T18:24:13+00:00,21b26266f3d78af02eb672e606275d95,2026-10-11T13:30:00Z,PHI @ JAX,JAX,PHI,Brenton Strange,recY,betmgm,33.5,-110,-120
2026-10-10T18:24:13+00:00,21b26266f3d78af02eb672e606275d95,2026-10-11T13:30:00Z,PHI @ JAX,JAX,PHI,Makai Lemon,recY,betmgm,33.5,-115,-115
2026-10-10T18:24:13+00:00,21b26266f3d78af02eb672e606275d95,2026-10-11T13:30:00Z,PHI @ JAX,JAX,PHI,Will Shipley,recY,betmgm,14.5,-115,-115
2026-10-10T18:24:13+00:00,21b26266f3d78af02eb672e606275d95,2026-10-11T13:30:00Z,PHI @ JAX,JAX,PHI,Dallas Goedert,recY,betmgm,42.5,-115,-115
2026-10-10T18:24:13+00:00,21b26266f3d78af02eb672e606275d95,2026-10-11T13:30:00Z,PHI @ JAX,JAX,PHI,Dontayvion Wicks,recY,betmgm,43.5,-115,-115
2026-10-10T18:24:13+00:00,21b26266f3d78af02eb672e606275d95,2026-10-11T13:30:00Z,PHI @ JAX,JAX,PHI,Jakobi Meyers,rec,betmgm,3.5,-125,-105
2026-10-10T18:24:13+00:00,21b26266f3d78af02eb672e606275d95,2026-10-11T13:30:00Z,PHI @ JAX,JAX,PHI,Brenton Strange,rec,betmgm,3.5,115,-155
2026-10-10T18:24:13+00:00,21b26266f3d78af02eb672e606275d95,2026-10-11T13:30:00Z,PHI @ JAX,JAX,PHI,Brian Thomas Jr,rec,betmgm,1.5,-200,150
2026-10-10T18:24:13+00:00,21b26266f3d78af02eb672e606275d95,2026-10-11T13:30:00Z,PHI @ JAX,JAX,PHI,Josh Cameron,rec,betmgm,1.5,135,-185
2026-10-10T18:24:13+00:00,21b26266f3d78af02eb672e606275d95,2026-10-11T13:30:00Z,PHI @ JAX,JAX,PHI,Bhayshul Tuten,rec,betmgm,1.5,-115,-115
2026-10-10T18:24:13+00:00,21b26266f3d78af02eb672e606275d95,2026-10-11T13:30:00Z,PHI @ JAX,JAX,PHI,Parker Washington,rec,betmgm,4.5,-125,-105
2026-10-10T18:24:13+00:00,21b26266f3d78af02eb672e606275d95,2026-10-11T13:30:00Z,PHI @ JAX,JAX,PHI,Will Shipley,rec,betmgm,2.5,-115,-115
2026-10-10T18:24:13+00:00,21b26266f3d78af02eb672e606275d95,2026-10-11T13:30:00Z,PHI @ JAX,JAX,PHI,Dallas Goedert,rec,betmgm,4.5,-105,-125
2026-10-10T18:24:13+00:00,21b26266f3d78af02eb672e606275d95,2026-10-11T13:30:00Z,PHI @ JAX,JAX,PHI,Dontayvion Wicks,rec,betmgm,3.5,-140,105
2026-10-10T18:24:13+00:00,21b26266f3d78af02eb672e606275d95,2026-10-11T13:30:00Z,PHI @ JAX,JAX,PHI,Makai Lemon,rec,betmgm,3.5,-140,105
2026-10-10T18:24:13+00:00,21b26266f3d78af02eb672e606275d95,2026-10-11T13:30:00Z,PHI @ JAX,JAX,PHI,Chris Rodriguez Jr.,rushY,betmgm,27.5,-115,-115
2026-10-10T18:24:13+00:00,21b26266f3d78af02eb672e606275d95,2026-10-11T13:30:00Z,PHI @ JAX,JAX,PHI,Will Shipley,rushY,betmgm,34.5,100,-135
2026-10-10T18:24:13+00:00,21b26266f3d78af02eb672e606275d95,2026-10-11T13:30:00Z,PHI @ JAX,JAX,PHI,Jalen Hurts,rushY,betmgm,25.5,-115,-115
2026-10-10T18:24:13+00:00,21b26266f3d78af02eb672e606275d95,2026-10-11T13:30:00Z,PHI @ JAX,JAX,PHI,Bhayshul Tuten,rushY,betmgm,65.5,-110,-120
2026-10-10T18:24:13+00:00,21b26266f3d78af02eb672e606275d95,2026-10-11T13:30:00Z,PHI @ JAX,JAX,PHI,Trevor Lawrence,rushY,betmgm,13.5,-111,-120
2026-10-10T18:24:13+00:00,21b26266f3d78af02eb672e606275d95,2026-10-11T13:30:00Z,PHI @ JAX,JAX,PHI,Dameon Pierce,rushY,betmgm,23.5,-115,-115
2026-10-10T18:24:13+00:00,21b26266f3d78af02eb672e606275d95,2026-10-11T13:30:00Z,PHI @ JAX,JAX,PHI,Trevor Lawrence,comp,espnbet,19.5,-130,100
2026-10-10T18:24:13+00:00,21b26266f3d78af02eb672e606275d95,2026-10-11T13:30:00Z,PHI @ JAX,JAX,PHI,Jalen Hurts,comp,espnbet,18.5,-125,-105
2026-10-10T18:24:13+00:00,21b26266f3d78af02eb672e606275d95,2026-10-11T13:30:00Z,PHI @ JAX,JAX,PHI,Trevor Lawrence,passY,espnbet,229.5,-105,-125
2026-10-10T18:24:13+00:00,21b26266f3d78af02eb672e606275d95,2026-10-11T13:30:00Z,PHI @ JAX,JAX,PHI,Jalen Hurts,passY,espnbet,186.5,-120,-110
2026-10-10T18:24:13+00:00,21b26266f3d78af02eb672e606275d95,2026-10-11T13:30:00Z,PHI @ JAX,JAX,PHI,Parker Washington,recY,espnbet,61.5,-120,-110
2026-10-10T18:24:13+00:00,21b26266f3d78af02eb672e606275d95,2026-10-11T13:30:00Z,PHI @ JAX,JAX,PHI,Makai Lemon,recY,espnbet,35.5,-125,-105
2026-10-10T18:24:13+00:00,21b26266f3d78af02eb672e606275d95,2026-10-11T13:30:00Z,PHI @ JAX,JAX,PHI,Dontayvion Wicks,recY,espnbet,43.5,-125,-105
2026-10-10T18:24:13+00:00,21b26266f3d78af02eb672e606275d95,2026-10-11T13:30:00Z,PHI @ JAX,JAX,PHI,Jakobi Meyers,recY,espnbet,39.5,-130,100
2026-10-10T18:24:13+00:00,21b26266f3d78af02eb672e606275d95,2026-10-11T13:30:00Z,PHI @ JAX,JAX,PHI,Dallas Goedert,recY,espnbet,40.5,-135,105
2026-10-10T18:24:13+00:00,21b26266f3d78af02eb672e606275d95,2026-10-11T13:30:00Z,PHI @ JAX,JAX,PHI,Brenton Strange,recY,espnbet,29.5,-125,-105
2026-10-10T18:24:13+00:00,21b26266f3d78af02eb672e606275d95,2026-10-11T13:30:00Z,PHI @ JAX,JAX,PHI,Brian Thomas Jr,recY,espnbet,22.5,-130,100
2026-10-10T18:24:13+00:00,21b26266f3d78af02eb672e606275d95,2026-10-11T13:30:00Z,PHI @ JAX,JAX,PHI,Darius Cooper,recY,espnbet,19.5,-110,-120
2026-10-10T18:24:13+00:00,21b26266f3d78af02eb672e606275d95,2026-10-11T13:30:00Z,PHI @ JAX,JAX,PHI,Bhayshul Tuten,recY,espnbet,9.5,-120,-110
2026-10-10T18:24:13+00:00,21b26266f3d78af02eb672e606275d95,2026-10-11T13:30:00Z,PHI @ JAX,JAX,PHI,Will Shipley,recY,espnbet,18.5,110,-140
2026-10-10T18:24:13+00:00,21b26266f3d78af02eb672e606275d95,2026-10-11T13:30:00Z,PHI @ JAX,JAX,PHI,Josh Cameron,recY,espnbet,9.5,-125,-105
2026-10-10T18:24:13+00:00,21b26266f3d78af02eb672e606275d95,2026-10-11T13:30:00Z,PHI @ JAX,JAX,PHI,Makai Lemon,rec,espnbet,3.5,-115,-115
2026-10-10T18:24:13+00:00,21b26266f3d78af02eb672e606275d95,2026-10-11T13:30:00Z,PHI @ JAX,JAX,PHI,Parker Washington,rec,espnbet,4.5,-125,-105
2026-10-10T18:24:13+00:00,21b26266f3d78af02eb672e606275d95,2026-10-11T13:30:00Z,PHI @ JAX,JAX,PHI,Dontayvion Wicks,rec,espnbet,3.5,-125,-105
2026-10-10T18:24:13+00:00,21b26266f3d78af02eb672e606275d95,2026-10-11T13:30:00Z,PHI @ JAX,JAX,PHI,Jakobi Meyers,rec,espnbet,3.5,-120,-110
2026-10-10T18:24:13+00:00,21b26266f3d78af02eb672e606275d95,2026-10-11T13:30:00Z,PHI @ JAX,JAX,PHI,Brenton Strange,rec,espnbet,3.5,135,-180
2026-10-10T18:24:13+00:00,21b26266f3d78af02eb672e606275d95,2026-10-11T13:30:00Z,PHI @ JAX,JAX,PHI,Dallas Goedert,rec,espnbet,4.5,100,-130
2026-10-10T18:24:13+00:00,21b26266f3d78af02eb672e606275d95,2026-10-11T13:30:00Z,PHI @ JAX,JAX,PHI,Brian Thomas Jr,rec,espnbet,1.5,-190,140
2026-10-10T18:24:13+00:00,21b26266f3d78af02eb672e606275d95,2026-10-11T13:30:00Z,PHI @ JAX,JAX,PHI,Bhayshul Tuten,rec,espnbet,1.5,-105,-125
2026-10-10T18:24:13+00:00,21b26266f3d78af02eb672e606275d95,2026-10-11T13:30:00Z,PHI @ JAX,JAX,PHI,Darius Cooper,rec,espnbet,2.5,130,-170
2026-10-10T18:24:13+00:00,21b26266f3d78af02eb672e606275d95,2026-10-11T13:30:00Z,PHI @ JAX,JAX,PHI,Will Shipley,rec,espnbet,2.5,-105,-125
2026-10-10T18:24:13+00:00,21b26266f3d78af02eb672e606275d95,2026-10-11T13:30:00Z,PHI @ JAX,JAX,PHI,Josh Cameron,rec,espnbet,1.5,140,-190
2026-10-10T18:24:13+00:00,21b26266f3d78af02eb672e606275d95,2026-10-11T13:30:00Z,PHI @ JAX,JAX,PHI,Bhayshul Tuten,rushY,espnbet,69.5,-110,-120
2026-10-10T18:24:13+00:00,21b26266f3d78af02eb672e606275d95,2026-10-11T13:30:00Z,PHI @ JAX,JAX,PHI,Will Shipley,rushY,espnbet,34.5,-115,-115
2026-10-10T18:24:13+00:00,21b26266f3d78af02eb672e606275d95,2026-10-11T13:30:00Z,PHI @ JAX,JAX,PHI,Chris Rodriguez Jr.,rushY,espnbet,24.5,-125,-105
2026-10-10T18:24:13+00:00,21b26266f3d78af02eb672e606275d95,2026-10-11T13:30:00Z,PHI @ JAX,JAX,PHI,Jalen Hurts,rushY,espnbet,29.5,100,-130
2026-10-10T18:24:13+00:00,21b26266f3d78af02eb672e606275d95,2026-10-11T13:30:00Z,PHI @ JAX,JAX,PHI,Dameon Pierce,rushY,espnbet,24.5,100,-130
2026-10-10T18:24:13+00:00,21b26266f3d78af02eb672e606275d95,2026-10-11T13:30:00Z,PHI @ JAX,JAX,PHI,Trevor Lawrence,rushY,espnbet,13.5,-130,100
2026-10-10T18:24:13+00:00,21b26266f3d78af02eb672e606275d95,2026-10-11T13:30:00Z,PHI @ JAX,JAX,PHI,Jalen Hurts,comp,betrivers,18.5,-118,
2026-10-10T18:24:13+00:00,21b26266f3d78af02eb672e606275d95,2026-10-11T13:30:00Z,PHI @ JAX,JAX,PHI,Trevor Lawrence,comp,betrivers,19.5,-107,
2026-10-10T18:24:13+00:00,21b26266f3d78af02eb672e606275d95,2026-10-11T13:30:00Z,PHI @ JAX,JAX,PHI,Trevor Lawrence,passY,betrivers,227.5,-114,-117
2026-10-10T18:24:13+00:00,21b26266f3d78af02eb672e606275d95,2026-10-11T13:30:00Z,PHI @ JAX,JAX,PHI,Jalen Hurts,passY,betrivers,184.5,-115,-114
2026-10-10T18:24:13+00:00,21b26266f3d78af02eb672e606275d95,2026-10-11T13:30:00Z,PHI @ JAX,JAX,PHI,Jakobi Meyers,recY,betrivers,41.5,-113,-118
2026-10-10T18:24:13+00:00,21b26266f3d78af02eb672e606275d95,2026-10-11T13:30:00Z,PHI @ JAX,JAX,PHI,Bhayshul Tuten,recY,betrivers,9.5,-117,-113
2026-10-10T18:24:13+00:00,21b26266f3d78af02eb672e606275d95,2026-10-11T13:30:00Z,PHI @ JAX,JAX,PHI,Josh Cameron,recY,betrivers,11.5,-112,-120
2026-10-10T18:24:13+00:00,21b26266f3d78af02eb672e606275d95,2026-10-11T13:30:00Z,PHI @ JAX,JAX,PHI,Parker Washington,recY,betrivers,61.5,-114,-117
2026-10-10T18:24:13+00:00,21b26266f3d78af02eb672e606275d95,2026-10-11T13:30:00Z,PHI @ JAX,JAX,PHI,Dontayvion Wicks,recY,betrivers,42.5,-115,-114
2026-10-10T18:24:13+00:00,21b26266f3d78af02eb672e606275d95,2026-10-11T13:30:00Z,PHI @ JAX,JAX,PHI,Brian Thomas Jr,recY,betrivers,25.5,-115,-115
2026-10-10T18:24:13+00:00,21b26266f3d78af02eb672e606275d95,2026-10-11T13:30:00Z,PHI @ JAX,JAX,PHI,Makai Lemon,recY,betrivers,33.5,-117,-114
2026-10-10T18:24:13+00:00,21b26266f3d78af02eb672e606275d95,2026-10-11T13:30:00Z,PHI @ JAX,JAX,PHI,Darius Cooper,recY,betrivers,19.5,-115,-115
2026-10-10T18:24:13+00:00,21b26266f3d78af02eb672e606275d95,2026-10-11T13:30:00Z,PHI @ JAX,JAX,PHI,Brenton Strange,recY,betrivers,34.5,-115,-115
2026-10-10T18:24:13+00:00,21b26266f3d78af02eb672e606275d95,2026-10-11T13:30:00Z,PHI @ JAX,JAX,PHI,Will Shipley,recY,betrivers,14.5,-114,-117
2026-10-10T18:24:13+00:00,21b26266f3d78af02eb672e606275d95,2026-10-11T13:30:00Z,PHI @ JAX,JAX,PHI,Dallas Goedert,recY,betrivers,41.5,-113,-118
2026-10-10T18:24:13+00:00,21b26266f3d78af02eb672e606275d95,2026-10-11T13:30:00Z,PHI @ JAX,JAX,PHI,Josh Cameron,rec,betrivers,1.5,123,
2026-10-10T18:24:13+00:00,21b26266f3d78af02eb672e606275d95,2026-10-11T13:30:00Z,PHI @ JAX,JAX,PHI,Jakobi Meyers,rec,betrivers,3.5,-127,
2026-10-10T18:24:13+00:00,21b26266f3d78af02eb672e606275d95,2026-10-11T13:30:00Z,PHI @ JAX,JAX,PHI,Parker Washington,rec,betrivers,4.5,-125,
2026-10-10T18:24:13+00:00,21b26266f3d78af02eb672e606275d95,2026-10-11T13:30:00Z,PHI @ JAX,JAX,PHI,Will Shipley,rec,betrivers,2.5,-121,
2026-10-10T18:24:13+00:00,21b26266f3d78af02eb672e606275d95,2026-10-11T13:30:00Z,PHI @ JAX,JAX,PHI,Darius Cooper,rec,betrivers,2.5,112,
2026-10-10T18:24:13+00:00,21b26266f3d78af02eb672e606275d95,2026-10-11T13:30:00Z,PHI @ JAX,JAX,PHI,Makai Lemon,rec,betrivers,3.5,-125,
2026-10-10T18:24:13+00:00,21b26266f3d78af02eb672e606275d95,2026-10-11T13:30:00Z,PHI @ JAX,JAX,PHI,Dallas Goedert,rec,betrivers,4.5,102,
2026-10-10T18:24:13+00:00,21b26266f3d78af02eb672e606275d95,2026-10-11T13:30:00Z,PHI @ JAX,JAX,PHI,Brenton Strange,rec,betrivers,3.5,102,
2026-10-10T18:24:13+00:00,21b26266f3d78af02eb672e606275d95,2026-10-11T13:30:00Z,PHI @ JAX,JAX,PHI,Bhayshul Tuten,rec,betrivers,1.5,-110,
2026-10-10T18:24:13+00:00,21b26266f3d78af02eb672e606275d95,2026-10-11T13:30:00Z,PHI @ JAX,JAX,PHI,Brian Thomas Jr,rec,betrivers,2.5,130,
2026-10-10T18:24:13+00:00,21b26266f3d78af02eb672e606275d95,2026-10-11T13:30:00Z,PHI @ JAX,JAX,PHI,Dontayvion Wicks,rec,betrivers,3.5,-120,
2026-10-10T18:24:13+00:00,21b26266f3d78af02eb672e606275d95,2026-10-11T13:30:00Z,PHI @ JAX,JAX,PHI,Trevor Lawrence,rushY,betrivers,13.5,-113,-118
2026-10-10T18:24:13+00:00,21b26266f3d78af02eb672e606275d95,2026-10-11T13:30:00Z,PHI @ JAX,JAX,PHI,Dameon Pierce,rushY,betrivers,20.5,-115,-115
2026-10-10T18:24:13+00:00,21b26266f3d78af02eb672e606275d95,2026-10-11T13:30:00Z,PHI @ JAX,JAX,PHI,Will Shipley,rushY,betrivers,33.5,-114,-117
2026-10-10T18:24:13+00:00,21b26266f3d78af02eb672e606275d95,2026-10-11T13:30:00Z,PHI @ JAX,JAX,PHI,Jalen Hurts,rushY,betrivers,27.5,-112,-120
2026-10-10T18:24:13+00:00,21b26266f3d78af02eb672e606275d95,2026-10-11T13:30:00Z,PHI @ JAX,JAX,PHI,Bhayshul Tuten,rushY,betrivers,65.5,-113,-118
2026-10-10T18:24:13+00:00,21b26266f3d78af02eb672e606275d95,2026-10-11T13:30:00Z,PHI @ JAX,JAX,PHI,Chris Rodriguez Jr.,rushY,betrivers,26.5,-114,-117
2026-10-10T18:24:13+00:00,21b26266f3d78af02eb672e606275d95,2026-10-11T13:30:00Z,PHI @ JAX,JAX,PHI,Trevor Lawrence,passY,underdog,224.5,-137,-137
2026-10-10T18:24:13+00:00,21b26266f3d78af02eb672e606275d95,2026-10-11T13:30:00Z,PHI @ JAX,JAX,PHI,Brian Thomas Jr,recY,underdog,24.5,-137,-137
2026-10-10T18:24:13+00:00,21b26266f3d78af02eb672e606275d95,2026-10-11T13:30:00Z,PHI @ JAX,JAX,PHI,Parker Washington,recY,underdog,59.5,-137,-137
2026-10-10T18:24:13+00:00,21b26266f3d78af02eb672e606275d95,2026-10-11T13:30:00Z,PHI @ JAX,JAX,PHI,Jakobi Meyers,rec,underdog,3.5,-137,-137
2026-10-10T18:24:13+00:00,21b26266f3d78af02eb672e606275d95,2026-10-11T13:30:00Z,PHI @ JAX,JAX,PHI,Bhayshul Tuten,rec,underdog,1.5,-137,-137
2026-10-10T18:24:13+00:00,21b26266f3d78af02eb672e606275d95,2026-10-11T13:30:00Z,PHI @ JAX,JAX,PHI,Will Shipley,rec,underdog,2.5,-137,-137
2026-10-10T18:24:13+00:00,21b26266f3d78af02eb672e606275d95,2026-10-11T13:30:00Z,PHI @ JAX,JAX,PHI,Makai Lemon,rec,underdog,3.5,-137,-137
2026-10-10T18:24:13+00:00,21b26266f3d78af02eb672e606275d95,2026-10-11T13:30:00Z,PHI @ JAX,JAX,PHI,Johnny Mundt,rec,underdog,0.5,-137,-137
2026-10-10T18:24:13+00:00,21b26266f3d78af02eb672e606275d95,2026-10-11T13:30:00Z,PHI @ JAX,JAX,PHI,Dameon Pierce,rushY,underdog,24.5,-137,-137
2026-10-10T18:24:13+00:00,21b26266f3d78af02eb672e606275d95,2026-10-11T13:30:00Z,PHI @ JAX,JAX,PHI,Josh Hines-Allen,sacks,underdog,0.75,-137,-137
2026-10-10T18:24:13+00:00,21b26266f3d78af02eb672e606275d95,2026-10-11T13:30:00Z,PHI @ JAX,JAX,PHI,Trevor Lawrence,comp,fanatics,19.5,-135,-115
2026-10-10T18:24:13+00:00,21b26266f3d78af02eb672e606275d95,2026-10-11T13:30:00Z,PHI @ JAX,JAX,PHI,Trevor Lawrence,passY,fanatics,225.5,-110,-120
2026-10-10T18:24:13+00:00,21b26266f3d78af02eb672e606275d95,2026-10-11T13:30:00Z,PHI @ JAX,JAX,PHI,Brian Thomas Jr,recY,fanatics,25.5,-110,-135
2026-10-10T18:24:13+00:00,21b26266f3d78af02eb672e606275d95,2026-10-11T13:30:00Z,PHI @ JAX,JAX,PHI,Parker Washington,rec,fanatics,4.5,-140,-110
2026-10-10T18:24:13+00:00,21b26266f3d78af02eb672e606275d95,2026-10-11T13:30:00Z,PHI @ JAX,JAX,PHI,Trevor Lawrence,rushY,fanatics,15.5,-105,-140
2026-10-10T18:24:13+00:00,21b26266f3d78af02eb672e606275d95,2026-10-11T13:30:00Z,PHI @ JAX,JAX,PHI,Trevor Lawrence,comp,prizepicks,19.5,-137,-137
2026-10-10T18:24:13+00:00,21b26266f3d78af02eb672e606275d95,2026-10-11T13:30:00Z,PHI @ JAX,JAX,PHI,Jalen Hurts,comp,prizepicks,19.0,-137,-137
2026-10-10T18:24:13+00:00,21b26266f3d78af02eb672e606275d95,2026-10-11T13:30:00Z,PHI @ JAX,JAX,PHI,Trevor Lawrence,passY,prizepicks,225.5,-137,-137
2026-10-10T18:24:13+00:00,21b26266f3d78af02eb672e606275d95,2026-10-11T13:30:00Z,PHI @ JAX,JAX,PHI,Jalen Hurts,passY,prizepicks,186.5,-137,-137
2026-10-10T18:24:13+00:00,21b26266f3d78af02eb672e606275d95,2026-10-11T13:30:00Z,PHI @ JAX,JAX,PHI,Parker Washington,recY,prizepicks,60.5,-137,-137
2026-10-10T18:24:13+00:00,21b26266f3d78af02eb672e606275d95,2026-10-11T13:30:00Z,PHI @ JAX,JAX,PHI,Dontayvion Wicks,recY,prizepicks,44.5,-137,-137
2026-10-10T18:24:13+00:00,21b26266f3d78af02eb672e606275d95,2026-10-11T13:30:00Z,PHI @ JAX,JAX,PHI,Jakobi Meyers,recY,prizepicks,43.5,-137,-137
2026-10-10T18:24:13+00:00,21b26266f3d78af02eb672e606275d95,2026-10-11T13:30:00Z,PHI @ JAX,JAX,PHI,Dallas Goedert,recY,prizepicks,41.5,-137,-137
2026-10-10T18:24:13+00:00,21b26266f3d78af02eb672e606275d95,2026-10-11T13:30:00Z,PHI @ JAX,JAX,PHI,Makai Lemon,recY,prizepicks,35.5,-137,-137
2026-10-10T18:24:13+00:00,21b26266f3d78af02eb672e606275d95,2026-10-11T13:30:00Z,PHI @ JAX,JAX,PHI,Brenton Strange,recY,prizepicks,33.5,-137,-137
2026-10-10T18:24:13+00:00,21b26266f3d78af02eb672e606275d95,2026-10-11T13:30:00Z,PHI @ JAX,JAX,PHI,Brian Thomas Jr,recY,prizepicks,24.5,-137,-137
2026-10-10T18:24:13+00:00,21b26266f3d78af02eb672e606275d95,2026-10-11T13:30:00Z,PHI @ JAX,JAX,PHI,Darius Cooper,recY,prizepicks,19.5,-137,-137
2026-10-10T18:24:13+00:00,21b26266f3d78af02eb672e606275d95,2026-10-11T13:30:00Z,PHI @ JAX,JAX,PHI,Will Shipley,recY,prizepicks,15.5,-137,-137
2026-10-10T18:24:13+00:00,21b26266f3d78af02eb672e606275d95,2026-10-11T13:30:00Z,PHI @ JAX,JAX,PHI,Josh Cameron,recY,prizepicks,11.5,-137,-137
2026-10-10T18:24:13+00:00,21b26266f3d78af02eb672e606275d95,2026-10-11T13:30:00Z,PHI @ JAX,JAX,PHI,Bhayshul Tuten,recY,prizepicks,9.5,-137,-137
2026-10-10T18:24:13+00:00,21b26266f3d78af02eb672e606275d95,2026-10-11T13:30:00Z,PHI @ JAX,JAX,PHI,Johnny Mundt,recY,prizepicks,0.5,-137,-137
2026-10-10T18:24:13+00:00,21b26266f3d78af02eb672e606275d95,2026-10-11T13:30:00Z,PHI @ JAX,JAX,PHI,Parker Washington,rec,prizepicks,4.5,-137,-137
2026-10-10T18:24:13+00:00,21b26266f3d78af02eb672e606275d95,2026-10-11T13:30:00Z,PHI @ JAX,JAX,PHI,Jakobi Meyers,rec,prizepicks,3.5,-137,-137
2026-10-10T18:24:13+00:00,21b26266f3d78af02eb672e606275d95,2026-10-11T13:30:00Z,PHI @ JAX,JAX,PHI,Makai Lemon,rec,prizepicks,3.5,-137,-137
2026-10-10T18:24:13+00:00,21b26266f3d78af02eb672e606275d95,2026-10-11T13:30:00Z,PHI @ JAX,JAX,PHI,Dontayvion Wicks,rec,prizepicks,3.5,-137,-137
2026-10-10T18:24:13+00:00,21b26266f3d78af02eb672e606275d95,2026-10-11T13:30:00Z,PHI @ JAX,JAX,PHI,Will Shipley,rec,prizepicks,2.5,-137,-137
2026-10-10T18:24:13+00:00,21b26266f3d78af02eb672e606275d95,2026-10-11T13:30:00Z,PHI @ JAX,JAX,PHI,Brian Thomas Jr,rec,prizepicks,2.0,-137,-137
2026-10-10T18:24:13+00:00,21b26266f3d78af02eb672e606275d95,2026-10-11T13:30:00Z,PHI @ JAX,JAX,PHI,Bhayshul Tuten,rec,prizepicks,1.5,-137,-137
2026-10-10T18:24:13+00:00,21b26266f3d78af02eb672e606275d95,2026-10-11T13:30:00Z,PHI @ JAX,JAX,PHI,Johnny Mundt,rec,prizepicks,0.5,-137,-137
2026-10-10T18:24:13+00:00,21b26266f3d78af02eb672e606275d95,2026-10-11T13:30:00Z,PHI @ JAX,JAX,PHI,Bhayshul Tuten,rushY,prizepicks,65.5,-137,-137
2026-10-10T18:24:13+00:00,21b26266f3d78af02eb672e606275d95,2026-10-11T13:30:00Z,PHI @ JAX,JAX,PHI,Will Shipley,rushY,prizepicks,34.5,-137,-137
2026-10-10T18:24:13+00:00,21b26266f3d78af02eb672e606275d95,2026-10-11T13:30:00Z,PHI @ JAX,JAX,PHI,Jalen Hurts,rushY,prizepicks,27.5,-137,-137
2026-10-10T18:24:13+00:00,21b26266f3d78af02eb672e606275d95,2026-10-11T13:30:00Z,PHI @ JAX,JAX,PHI,Chris Rodriguez Jr.,rushY,prizepicks,26.5,-137,-137
2026-10-10T18:24:13+00:00,21b26266f3d78af02eb672e606275d95,2026-10-11T13:30:00Z,PHI @ JAX,JAX,PHI,Dameon Pierce,rushY,prizepicks,22.5,-137,-137
2026-10-10T18:24:13+00:00,21b26266f3d78af02eb672e606275d95,2026-10-11T13:30:00Z,PHI @ JAX,JAX,PHI,Trevor Lawrence,rushY,prizepicks,13.5,-137,-137
2026-10-10T18:24:13+00:00,21b26266f3d78af02eb672e606275d95,2026-10-11T13:30:00Z,PHI @ JAX,JAX,PHI,Josh Hines-Allen,sacks,prizepicks,0.5,-137,-137
2026-10-10T18:24:13+00:00,21b26266f3d78af02eb672e606275d95,2026-10-11T13:30:00Z,PHI @ JAX,JAX,PHI,Trevor Lawrence,passY,pick6,228.5,-137,-137
2026-10-10T18:24:13+00:00,21b26266f3d78af02eb672e606275d95,2026-10-11T13:30:00Z,PHI @ JAX,JAX,PHI,Jalen Hurts,passY,pick6,186.5,-137,-137
2026-10-10T18:24:13+00:00,21b26266f3d78af02eb672e606275d95,2026-10-11T13:30:00Z,PHI @ JAX,JAX,PHI,Darius Cooper,recY,pick6,19.5,-137,-137
2026-10-10T18:24:13+00:00,21b26266f3d78af02eb672e606275d95,2026-10-11T13:30:00Z,PHI @ JAX,JAX,PHI,Dontayvion Wicks,recY,pick6,46.5,-137,-137
2026-10-10T18:24:13+00:00,21b26266f3d78af02eb672e606275d95,2026-10-11T13:30:00Z,PHI @ JAX,JAX,PHI,Makai Lemon,recY,pick6,35.5,-137,-137
2026-10-10T18:24:13+00:00,21b26266f3d78af02eb672e606275d95,2026-10-11T13:30:00Z,PHI @ JAX,JAX,PHI,Will Shipley,recY,pick6,16.5,-137,-137
2026-10-10T18:24:13+00:00,21b26266f3d78af02eb672e606275d95,2026-10-11T13:30:00Z,PHI @ JAX,JAX,PHI,Brian Thomas Jr,recY,pick6,24.5,-137,-137
2026-10-10T18:24:13+00:00,21b26266f3d78af02eb672e606275d95,2026-10-11T13:30:00Z,PHI @ JAX,JAX,PHI,Parker Washington,recY,pick6,63.5,-137,-137
2026-10-10T18:24:13+00:00,21b26266f3d78af02eb672e606275d95,2026-10-11T13:30:00Z,PHI @ JAX,JAX,PHI,Jakobi Meyers,recY,pick6,42.5,-137,-137
2026-10-10T18:24:13+00:00,21b26266f3d78af02eb672e606275d95,2026-10-11T13:30:00Z,PHI @ JAX,JAX,PHI,Bhayshul Tuten,recY,pick6,10.5,-137,-137
2026-10-10T18:24:13+00:00,21b26266f3d78af02eb672e606275d95,2026-10-11T13:30:00Z,PHI @ JAX,JAX,PHI,Brenton Strange,recY,pick6,31.5,-137,-137
2026-10-10T18:24:13+00:00,21b26266f3d78af02eb672e606275d95,2026-10-11T13:30:00Z,PHI @ JAX,JAX,PHI,Josh Cameron,recY,pick6,10.5,-137,-137
2026-10-10T18:24:13+00:00,21b26266f3d78af02eb672e606275d95,2026-10-11T13:30:00Z,PHI @ JAX,JAX,PHI,Dallas Goedert,recY,pick6,44.5,-137,-137
2026-10-10T18:24:13+00:00,21b26266f3d78af02eb672e606275d95,2026-10-11T13:30:00Z,PHI @ JAX,JAX,PHI,Parker Washington,rec,pick6,4.5,-137,-137
2026-10-10T18:24:13+00:00,21b26266f3d78af02eb672e606275d95,2026-10-11T13:30:00Z,PHI @ JAX,JAX,PHI,Bhayshul Tuten,rec,pick6,1.5,-137,-137
2026-10-10T18:24:13+00:00,21b26266f3d78af02eb672e606275d95,2026-10-11T13:30:00Z,PHI @ JAX,JAX,PHI,Makai Lemon,rec,pick6,3.5,-137,-137
2026-10-10T18:24:13+00:00,21b26266f3d78af02eb672e606275d95,2026-10-11T13:30:00Z,PHI @ JAX,JAX,PHI,Will Shipley,rec,pick6,2.5,-137,-137
2026-10-10T18:24:13+00:00,21b26266f3d78af02eb672e606275d95,2026-10-11T13:30:00Z,PHI @ JAX,JAX,PHI,Jakobi Meyers,rec,pick6,3.5,-137,-137
2026-10-10T18:24:13+00:00,21b26266f3d78af02eb672e606275d95,2026-10-11T13:30:00Z,PHI @ JAX,JAX,PHI,Will Shipley,rushY,pick6,35.5,-137,-137
2026-10-10T18:24:13+00:00,21b26266f3d78af02eb672e606275d95,2026-10-11T13:30:00Z,PHI @ JAX,JAX,PHI,Bhayshul Tuten,rushY,pick6,67.5,-137,-137
2026-10-10T18:24:13+00:00,21b26266f3d78af02eb672e606275d95,2026-10-11T13:30:00Z,PHI @ JAX,JAX,PHI,Jalen Hurts,rushY,pick6,28.5,-137,-137
2026-10-10T18:24:13+00:00,21b26266f3d78af02eb672e606275d95,2026-10-11T13:30:00Z,PHI @ JAX,JAX,PHI,Chris Rodriguez Jr.,rushY,pick6,26.5,-137,-137
2026-10-10T18:24:13+00:00,21b26266f3d78af02eb672e606275d95,2026-10-11T13:30:00Z,PHI @ JAX,JAX,PHI,Dameon Pierce,rushY,pick6,22.5,-137,-137
2026-10-10T18:24:13+00:00,21b26266f3d78af02eb672e606275d95,2026-10-11T13:30:00Z,PHI @ JAX,JAX,PHI,Trevor Lawrence,rushY,pick6,14.5,-137,-137
2026-10-10T18:24:13+00:00,2caea57b1e5cfbba1334cfbfd46f6771,2026-10-11T17:00:00Z,CHI @ GB,GB,CHI,Jordan Love,comp,draftkings,21.5,-111,-115
2026-10-10T18:24:13+00:00,2caea57b1e5cfbba1334cfbfd46f6771,2026-10-11T17:00:00Z,CHI @ GB,GB,CHI,Tyson Bagent,comp,draftkings,20.5,-127,-101
2026-10-10T18:24:13+00:00,2caea57b1e5cfbba1334cfbfd46f6771,2026-10-11T17:00:00Z,CHI @ GB,GB,CHI,Jordan Love,passY,draftkings,241.5,-111,-113
2026-10-10T18:24:13+00:00,2caea57b1e5cfbba1334cfbfd46f6771,2026-10-11T17:00:00Z,CHI @ GB,GB,CHI,Tyson Bagent,passY,draftkings,222.5,-111,-113
2026-10-10T18:24:13+00:00,2caea57b1e5cfbba1334cfbfd46f6771,2026-10-11T17:00:00Z,CHI @ GB,GB,CHI,Christian Watson,recY,draftkings,63.5,-113,-111
2026-10-10T18:24:13+00:00,2caea57b1e5cfbba1334cfbfd46f6771,2026-10-11T17:00:00Z,CHI @ GB,GB,CHI,Matthew Golden,recY,draftkings,58.5,-110,-114
2026-10-10T18:24:13+00:00,2caea57b1e5cfbba1334cfbfd46f6771,2026-10-11T17:00:00Z,CHI @ GB,GB,CHI,Tucker Kraft,recY,draftkings,50.5,-114,-110
2026-10-10T18:24:13+00:00,2caea57b1e5cfbba1334cfbfd46f6771,2026-10-11T17:00:00Z,CHI @ GB,GB,CHI,Luther Burden III,recY,draftkings,48.5,-110,-115
2026-10-10T18:24:13+00:00,2caea57b1e5cfbba1334cfbfd46f6771,2026-10-11T17:00:00Z,CHI @ GB,GB,CHI,Rome Odunze,recY,draftkings,40.5,-111,-113
2026-10-10T18:24:13+00:00,2caea57b1e5cfbba1334cfbfd46f6771,2026-10-11T17:00:00Z,CHI @ GB,GB,CHI,Colston Loveland,recY,draftkings,37.5,-113,-111
2026-10-10T18:24:13+00:00,2caea57b1e5cfbba1334cfbfd46f6771,2026-10-11T17:00:00Z,CHI @ GB,GB,CHI,Kalif Raymond,recY,draftkings,27.5,-110,-114
2026-10-10T18:24:13+00:00,2caea57b1e5cfbba1334cfbfd46f6771,2026-10-11T17:00:00Z,CHI @ GB,GB,CHI,D'Andre Swift,recY,draftkings,19.5,-116,-108
2026-10-10T18:24:13+00:00,2caea57b1e5cfbba1334cfbfd46f6771,2026-10-11T17:00:00Z,CHI @ GB,GB,CHI,Skyy Moore,recY,draftkings,13.5,-112,-112
2026-10-10T18:24:13+00:00,2caea57b1e5cfbba1334cfbfd46f6771,2026-10-11T17:00:00Z,CHI @ GB,GB,CHI,MarShawn Lloyd,recY,draftkings,13.5,-109,-115
2026-10-10T18:24:13+00:00,2caea57b1e5cfbba1334cfbfd46f6771,2026-10-11T17:00:00Z,CHI @ GB,GB,CHI,Cole Kmet,recY,draftkings,9.5,-106,-118
2026-10-10T18:24:13+00:00,2caea57b1e5cfbba1334cfbfd46f6771,2026-10-11T17:00:00Z,CHI @ GB,GB,CHI,Jonnu Smith,recY,draftkings,7.5,-112,-111
2026-10-10T18:24:13+00:00,2caea57b1e5cfbba1334cfbfd46f6771,2026-10-11T17:00:00Z,CHI @ GB,GB,CHI,Matthew Golden,rec,draftkings,4.5,-123,-104
2026-10-10T18:24:13+00:00,2caea57b1e5cfbba1334cfbfd46f6771,2026-10-11T17:00:00Z,CHI @ GB,GB,CHI,Tucker Kraft,rec,draftkings,4.5,-114,-112
2026-10-10T18:24:13+00:00,2caea57b1e5cfbba1334cfbfd46f6771,2026-10-11T17:00:00Z,CHI @ GB,GB,CHI,Luther Burden III,rec,draftkings,4.5,-104,-122
2026-10-10T18:24:13+00:00,2caea57b1e5cfbba1334cfbfd46f6771,2026-10-11T17:00:00Z,CHI @ GB,GB,CHI,Christian Watson,rec,draftkings,4.5,100,-128
2026-10-10T18:24:13+00:00,2caea57b1e5cfbba1334cfbfd46f6771,2026-10-11T17:00:00Z,CHI @ GB,GB,CHI,Colston Loveland,rec,draftkings,4.5,129,-165
2026-10-10T18:24:13+00:00,2caea57b1e5cfbba1334cfbfd46f6771,2026-10-11T17:00:00Z,CHI @ GB,GB,CHI,Kalif Raymond,rec,draftkings,3.5,129,-165
2026-10-10T18:24:13+00:00,2caea57b1e5cfbba1334cfbfd46f6771,2026-10-11T17:00:00Z,CHI @ GB,GB,CHI,Rome Odunze,rec,draftkings,2.5,-173,135
2026-10-10T18:24:13+00:00,2caea57b1e5cfbba1334cfbfd46f6771,2026-10-11T17:00:00Z,CHI @ GB,GB,CHI,D'Andre Swift,rec,draftkings,2.5,-122,-104
2026-10-10T18:24:13+00:00,2caea57b1e5cfbba1334cfbfd46f6771,2026-10-11T17:00:00Z,CHI @ GB,GB,CHI,MarShawn Lloyd,rec,draftkings,2.5,125,-159
2026-10-10T18:24:13+00:00,2caea57b1e5cfbba1334cfbfd46f6771,2026-10-11T17:00:00Z,CHI @ GB,GB,CHI,Skyy Moore,rec,draftkings,1.5,-104,-122
2026-10-10T18:24:13+00:00,2caea57b1e5cfbba1334cfbfd46f6771,2026-10-11T17:00:00Z,CHI @ GB,GB,CHI,Cole Kmet,rec,draftkings,1.5,133,-171
2026-10-10T18:24:13+00:00,2caea57b1e5cfbba1334cfbfd46f6771,2026-10-11T17:00:00Z,CHI @ GB,GB,CHI,Jonnu Smith,rec,draftkings,1.5,179,-232
2026-10-10T18:24:13+00:00,2caea57b1e5cfbba1334cfbfd46f6771,2026-10-11T17:00:00Z,CHI @ GB,GB,CHI,D'Andre Swift,rushY,draftkings,85.5,-111,-113
2026-10-10T18:24:13+00:00,2caea57b1e5cfbba1334cfbfd46f6771,2026-10-11T17:00:00Z,CHI @ GB,GB,CHI,Kaleb Johnson,rushY,draftkings,33.5,-110,-115
2026-10-10T18:24:13+00:00,2caea57b1e5cfbba1334cfbfd46f6771,2026-10-11T17:00:00Z,CHI @ GB,GB,CHI,MarShawn Lloyd,rushY,draftkings,27.5,-115,-109
2026-10-10T18:24:13+00:00,2caea57b1e5cfbba1334cfbfd46f6771,2026-10-11T17:00:00Z,CHI @ GB,GB,CHI,Tyson Bagent,rushY,draftkings,10.5,-112,-112
2026-10-10T18:24:13+00:00,2caea57b1e5cfbba1334cfbfd46f6771,2026-10-11T17:00:00Z,CHI @ GB,GB,CHI,Jordan Love,rushY,draftkings,5.5,-122,-103
2026-10-10T18:24:13+00:00,2caea57b1e5cfbba1334cfbfd46f6771,2026-10-11T17:00:00Z,CHI @ GB,GB,CHI,Montez Sweat,sacks,draftkings,0.25,104,-131
2026-10-10T18:24:13+00:00,2caea57b1e5cfbba1334cfbfd46f6771,2026-10-11T17:00:00Z,CHI @ GB,GB,CHI,Lukas Van Ness,sacks,draftkings,0.25,173,-223
2026-10-10T18:24:13+00:00,2caea57b1e5cfbba1334cfbfd46f6771,2026-10-11T17:00:00Z,CHI @ GB,GB,CHI,Tyson Bagent,passY,fanduel,216.5,-113,-113
2026-10-10T18:24:13+00:00,2caea57b1e5cfbba1334cfbfd46f6771,2026-10-11T17:00:00Z,CHI @ GB,GB,CHI,Jordan Love,passY,fanduel,233.5,-113,-113
2026-10-10T18:24:13+00:00,2caea57b1e5cfbba1334cfbfd46f6771,2026-10-11T17:00:00Z,CHI @ GB,GB,CHI,Cole Kmet,recY,fanduel,9.5,-113,-113
2026-10-10T18:24:13+00:00,2caea57b1e5cfbba1334cfbfd46f6771,2026-10-11T17:00:00Z,CHI @ GB,GB,CHI,Rome Odunze,recY,fanduel,40.5,-113,-113
2026-10-10T18:24:13+00:00,2caea57b1e5cfbba1334cfbfd46f6771,2026-10-11T17:00:00Z,CHI @ GB,GB,CHI,D'Andre Swift,recY,fanduel,19.5,-113,-113
2026-10-10T18:24:13+00:00,2caea57b1e5cfbba1334cfbfd46f6771,2026-10-11T17:00:00Z,CHI @ GB,GB,CHI,Matthew Golden,recY,fanduel,56.5,-113,-113
2026-10-10T18:24:13+00:00,2caea57b1e5cfbba1334cfbfd46f6771,2026-10-11T17:00:00Z,CHI @ GB,GB,CHI,Luther Burden III,recY,fanduel,46.5,-113,-113
2026-10-10T18:24:13+00:00,2caea57b1e5cfbba1334cfbfd46f6771,2026-10-11T17:00:00Z,CHI @ GB,GB,CHI,Kalif Raymond,recY,fanduel,26.5,-113,-113
2026-10-10T18:24:13+00:00,2caea57b1e5cfbba1334cfbfd46f6771,2026-10-11T17:00:00Z,CHI @ GB,GB,CHI,Christian Watson,recY,fanduel,60.5,-113,-113
2026-10-10T18:24:13+00:00,2caea57b1e5cfbba1334cfbfd46f6771,2026-10-11T17:00:00Z,CHI @ GB,GB,CHI,Skyy Moore,recY,fanduel,12.5,-113,-113
2026-10-10T18:24:13+00:00,2caea57b1e5cfbba1334cfbfd46f6771,2026-10-11T17:00:00Z,CHI @ GB,GB,CHI,Colston Loveland,recY,fanduel,37.5,-113,-113
2026-10-10T18:24:13+00:00,2caea57b1e5cfbba1334cfbfd46f6771,2026-10-11T17:00:00Z,CHI @ GB,GB,CHI,MarShawn Lloyd,recY,fanduel,12.5,-113,-113
2026-10-10T18:24:13+00:00,2caea57b1e5cfbba1334cfbfd46f6771,2026-10-11T17:00:00Z,CHI @ GB,GB,CHI,Jonnu Smith,recY,fanduel,7.5,-113,-113
2026-10-10T18:24:13+00:00,2caea57b1e5cfbba1334cfbfd46f6771,2026-10-11T17:00:00Z,CHI @ GB,GB,CHI,Tucker Kraft,recY,fanduel,49.5,-113,-113
2026-10-10T18:24:13+00:00,2caea57b1e5cfbba1334cfbfd46f6771,2026-10-11T17:00:00Z,CHI @ GB,GB,CHI,Kalif Raymond,rec,fanduel,3.5,142,-192
2026-10-10T18:24:13+00:00,2caea57b1e5cfbba1334cfbfd46f6771,2026-10-11T17:00:00Z,CHI @ GB,GB,CHI,Cole Kmet,rec,fanduel,1.5,134,-180
2026-10-10T18:24:13+00:00,2caea57b1e5cfbba1334cfbfd46f6771,2026-10-11T17:00:00Z,CHI @ GB,GB,CHI,D'Andre Swift,rec,fanduel,2.5,-122,-106
2026-10-10T18:24:13+00:00,2caea57b1e5cfbba1334cfbfd46f6771,2026-10-11T17:00:00Z,CHI @ GB,GB,CHI,Colston Loveland,rec,fanduel,3.5,-160,120
2026-10-10T18:24:13+00:00,2caea57b1e5cfbba1334cfbfd46f6771,2026-10-11T17:00:00Z,CHI @ GB,GB,CHI,Skyy Moore,rec,fanduel,1.5,102,-136
2026-10-10T18:24:13+00:00,2caea57b1e5cfbba1334cfbfd46f6771,2026-10-11T17:00:00Z,CHI @ GB,GB,CHI,Tucker Kraft,rec,fanduel,4.5,-108,-122
2026-10-10T18:24:13+00:00,2caea57b1e5cfbba1334cfbfd46f6771,2026-10-11T17:00:00Z,CHI @ GB,GB,CHI,Christian Watson,rec,fanduel,4.5,112,-148
2026-10-10T18:24:13+00:00,2caea57b1e5cfbba1334cfbfd46f6771,2026-10-11T17:00:00Z,CHI @ GB,GB,CHI,Matthew Golden,rec,fanduel,4.5,-122,-108
2026-10-10T18:24:13+00:00,2caea57b1e5cfbba1334cfbfd46f6771,2026-10-11T17:00:00Z,CHI @ GB,GB,CHI,MarShawn Lloyd,rec,fanduel,2.5,124,-166
2026-10-10T18:24:13+00:00,2caea57b1e5cfbba1334cfbfd46f6771,2026-10-11T17:00:00Z,CHI @ GB,GB,CHI,Jonnu Smith,rec,fanduel,1.5,168,-230
2026-10-10T18:24:13+00:00,2caea57b1e5cfbba1334cfbfd46f6771,2026-10-11T17:00:00Z,CHI @ GB,GB,CHI,Luther Burden III,rec,fanduel,4.5,106,-140
2026-10-10T18:24:13+00:00,2caea57b1e5cfbba1334cfbfd46f6771,2026-10-11T17:00:00Z,CHI @ GB,GB,CHI,Rome Odunze,rec,fanduel,2.5,-178,132
2026-10-10T18:24:13+00:00,2caea57b1e5cfbba1334cfbfd46f6771,2026-10-11T17:00:00Z,CHI @ GB,GB,CHI,MarShawn Lloyd,rushY,fanduel,27.5,-113,-113
2026-10-10T18:24:13+00:00,2caea57b1e5cfbba1334cfbfd46f6771,2026-10-11T17:00:00Z,CHI @ GB,GB,CHI,Jordan Love,rushY,fanduel,6.5,-113,-113
2026-10-10T18:24:13+00:00,2caea57b1e5cfbba1334cfbfd46f6771,2026-10-11T17:00:00Z,CHI @ GB,GB,CHI,D'Andre Swift,rushY,fanduel,84.5,-113,-113
2026-10-10T18:24:13+00:00,2caea57b1e5cfbba1334cfbfd46f6771,2026-10-11T17:00:00Z,CHI @ GB,GB,CHI,Tyson Bagent,rushY,fanduel,10.5,-113,-113
2026-10-10T18:24:13+00:00,2caea57b1e5cfbba1334cfbfd46f6771,2026-10-11T17:00:00Z,CHI @ GB,GB,CHI,Kaleb Johnson,rushY,fanduel,34.5,-113,-113
2026-10-10T18:24:13+00:00,2caea57b1e5cfbba1334cfbfd46f6771,2026-10-11T17:00:00Z,CHI @ GB,GB,CHI,Montez Sweat,sacks,fanduel,0.5,124,
2026-10-10T18:24:13+00:00,2caea57b1e5cfbba1334cfbfd46f6771,2026-10-11T17:00:00Z,CHI @ GB,GB,CHI,Lukas Van Ness,sacks,fanduel,0.5,182,
2026-10-10T18:24:13+00:00,2caea57b1e5cfbba1334cfbfd46f6771,2026-10-11T17:00:00Z,CHI @ GB,GB,CHI,Javon Hargrave,sacks,fanduel,0.5,210,
2026-10-10T18:24:13+00:00,2caea57b1e5cfbba1334cfbfd46f6771,2026-10-11T17:00:00Z,CHI @ GB,GB,CHI,Austin Booker,sacks,fanduel,0.5,210,
2026-10-10T18:24:13+00:00,2caea57b1e5cfbba1334cfbfd46f6771,2026-10-11T17:00:00Z,CHI @ GB,GB,CHI,Devonte Wyatt,sacks,fanduel,0.5,220,
2026-10-10T18:24:13+00:00,2caea57b1e5cfbba1334cfbfd46f6771,2026-10-11T17:00:00Z,CHI @ GB,GB,CHI,Dayo Odeyingbo,sacks,fanduel,0.5,270,
2026-10-10T18:24:13+00:00,2caea57b1e5cfbba1334cfbfd46f6771,2026-10-11T17:00:00Z,CHI @ GB,GB,CHI,Brenton Cox Jr.,sacks,fanduel,0.5,300,
2026-10-10T18:24:13+00:00,2caea57b1e5cfbba1334cfbfd46f6771,2026-10-11T17:00:00Z,CHI @ GB,GB,CHI,Grady Jarrett,sacks,fanduel,0.5,490,
2026-10-10T18:24:13+00:00,2caea57b1e5cfbba1334cfbfd46f6771,2026-10-11T17:00:00Z,CHI @ GB,GB,CHI,Tyson Bagent,comp,betrivers,19.5,-129,
2026-10-10T18:24:13+00:00,2caea57b1e5cfbba1334cfbfd46f6771,2026-10-11T17:00:00Z,CHI @ GB,GB,CHI,Jordan Love,comp,betrivers,21.5,-109,
2026-10-10T18:24:13+00:00,2caea57b1e5cfbba1334cfbfd46f6771,2026-10-11T17:00:00Z,CHI @ GB,GB,CHI,Tyson Bagent,passY,betrivers,215.5,-117,-114
2026-10-10T18:24:13+00:00,2caea57b1e5cfbba1334cfbfd46f6771,2026-10-11T17:00:00Z,CHI @ GB,GB,CHI,Jordan Love,passY,betrivers,239.5,-114,-117
2026-10-10T18:24:13+00:00,2caea57b1e5cfbba1334cfbfd46f6771,2026-10-11T17:00:00Z,CHI @ GB,GB,CHI,Luther Burden III,recY,betrivers,47.5,-117,-114
2026-10-10T18:24:13+00:00,2caea57b1e5cfbba1334cfbfd46f6771,2026-10-11T17:00:00Z,CHI @ GB,GB,CHI,Skyy Moore,recY,betrivers,11.5,-112,-120
2026-10-10T18:24:13+00:00,2caea57b1e5cfbba1334cfbfd46f6771,2026-10-11T17:00:00Z,CHI @ GB,GB,CHI,Matthew Golden,recY,betrivers,57.5,-115,-115
2026-10-10T18:24:13+00:00,2caea57b1e5cfbba1334cfbfd46f6771,2026-10-11T17:00:00Z,CHI @ GB,GB,CHI,D'Andre Swift,recY,betrivers,18.5,-120,-112
2026-10-10T18:24:13+00:00,2caea57b1e5cfbba1334cfbfd46f6771,2026-10-11T17:00:00Z,CHI @ GB,GB,CHI,MarShawn Lloyd,recY,betrivers,13.5,-114,-117
2026-10-10T18:24:13+00:00,2caea57b1e5cfbba1334cfbfd46f6771,2026-10-11T17:00:00Z,CHI @ GB,GB,CHI,Kalif Raymond,recY,betrivers,27.5,-112,-120
2026-10-10T18:24:13+00:00,2caea57b1e5cfbba1334cfbfd46f6771,2026-10-11T17:00:00Z,CHI @ GB,GB,CHI,Colston Loveland,recY,betrivers,37.5,-113,-118
2026-10-10T18:24:13+00:00,2caea57b1e5cfbba1334cfbfd46f6771,2026-10-11T17:00:00Z,CHI @ GB,GB,CHI,Tucker Kraft,recY,betrivers,49.5,-114,-117
2026-10-10T18:24:13+00:00,2caea57b1e5cfbba1334cfbfd46f6771,2026-10-11T17:00:00Z,CHI @ GB,GB,CHI,Rome Odunze,recY,betrivers,38.5,-117,-114
2026-10-10T18:24:13+00:00,2caea57b1e5cfbba1334cfbfd46f6771,2026-10-11T17:00:00Z,CHI @ GB,GB,CHI,Christian Watson,recY,betrivers,61.5,-115,-115
2026-10-10T18:24:13+00:00,2caea57b1e5cfbba1334cfbfd46f6771,2026-10-11T17:00:00Z,CHI @ GB,GB,CHI,Colston Loveland,rec,betrivers,3.5,-167,
2026-10-10T18:24:13+00:00,2caea57b1e5cfbba1334cfbfd46f6771,2026-10-11T17:00:00Z,CHI @ GB,GB,CHI,Skyy Moore,rec,betrivers,1.5,110,
2026-10-10T18:24:13+00:00,2caea57b1e5cfbba1334cfbfd46f6771,2026-10-11T17:00:00Z,CHI @ GB,GB,CHI,MarShawn Lloyd,rec,betrivers,2.5,112,
2026-10-10T18:24:13+00:00,2caea57b1e5cfbba1334cfbfd46f6771,2026-10-11T17:00:00Z,CHI @ GB,GB,CHI,Kalif Raymond,rec,betrivers,2.5,-180,
2026-10-10T18:24:13+00:00,2caea57b1e5cfbba1334cfbfd46f6771,2026-10-11T17:00:00Z,CHI @ GB,GB,CHI,Matthew Golden,rec,betrivers,4.5,-113,
2026-10-10T18:24:13+00:00,2caea57b1e5cfbba1334cfbfd46f6771,2026-10-11T17:00:00Z,CHI @ GB,GB,CHI,D'Andre Swift,rec,betrivers,2.5,-109,
2026-10-10T18:24:13+00:00,2caea57b1e5cfbba1334cfbfd46f6771,2026-10-11T17:00:00Z,CHI @ GB,GB,CHI,Luther Burden III,rec,betrivers,4.5,-113,
2026-10-10T18:24:13+00:00,2caea57b1e5cfbba1334cfbfd46f6771,2026-10-11T17:00:00Z,CHI @ GB,GB,CHI,Christian Watson,rec,betrivers,4.5,107,
2026-10-10T18:24:13+00:00,2caea57b1e5cfbba1334cfbfd46f6771,2026-10-11T17:00:00Z,CHI @ GB,GB,CHI,Tucker Kraft,rec,betrivers,4.5,-115,
2026-10-10T18:24:13+00:00,2caea57b1e5cfbba1334cfbfd46f6771,2026-10-11T17:00:00Z,CHI @ GB,GB,CHI,Rome Odunze,rec,betrivers,3.5,133,
2026-10-10T18:24:13+00:00,2caea57b1e5cfbba1334cfbfd46f6771,2026-10-11T17:00:00Z,CHI @ GB,GB,CHI,MarShawn Lloyd,rushY,betrivers,29.5,-112,-120
2026-10-10T18:24:13+00:00,2caea57b1e5cfbba1334cfbfd46f6771,2026-10-11T17:00:00Z,CHI @ GB,GB,CHI,Kaleb Johnson,rushY,betrivers,35.5,-115,-115
2026-10-10T18:24:13+00:00,2caea57b1e5cfbba1334cfbfd46f6771,2026-10-11T17:00:00Z,CHI @ GB,GB,CHI,Jordan Love,rushY,betrivers,6.5,-120,-110
2026-10-10T18:24:13+00:00,2caea57b1e5cfbba1334cfbfd46f6771,2026-10-11T17:00:00Z,CHI @ GB,GB,CHI,D'Andre Swift,rushY,betrivers,85.5,-115,-115
2026-10-10T18:24:13+00:00,2caea57b1e5cfbba1334cfbfd46f6771,2026-10-11T17:00:00Z,CHI @ GB,GB,CHI,Tyson Bagent,rushY,betrivers,10.5,-121,-110
2026-10-10T18:24:13+00:00,2caea57b1e5cfbba1334cfbfd46f6771,2026-10-11T17:00:00Z,CHI @ GB,GB,CHI,Tyson Bagent,comp,betmgm,20.5,-115,-115
2026-10-10T18:24:13+00:00,2caea57b1e5cfbba1334cfbfd46f6771,2026-10-11T17:00:00Z,CHI @ GB,GB,CHI,Jordan Love,comp,betmgm,21.5,-105,-130
2026-10-10T18:24:13+00:00,2caea57b1e5cfbba1334cfbfd46f6771,2026-10-11T17:00:00Z,CHI @ GB,GB,CHI,Jordan Love,passY,betmgm,240.5,-115,-115
2026-10-10T18:24:13+00:00,2caea57b1e5cfbba1334cfbfd46f6771,2026-10-11T17:00:00Z,CHI @ GB,GB,CHI,Tyson Bagent,passY,betmgm,212.5,-115,-115
2026-10-10T18:24:13+00:00,2caea57b1e5cfbba1334cfbfd46f6771,2026-10-11T17:00:00Z,CHI @ GB,GB,CHI,Matthew Golden,recY,betmgm,56.5,-115,-115
2026-10-10T18:24:13+00:00,2caea57b1e5cfbba1334cfbfd46f6771,2026-10-11T17:00:00Z,CHI @ GB,GB,CHI,Luther Burden III,recY,betmgm,46.5,-115,-115
2026-10-10T18:24:13+00:00,2caea57b1e5cfbba1334cfbfd46f6771,2026-10-11T17:00:00Z,CHI @ GB,GB,CHI,MarShawn Lloyd,recY,betmgm,13.5,-120,-110
2026-10-10T18:24:13+00:00,2caea57b1e5cfbba1334cfbfd46f6771,2026-10-11T17:00:00Z,CHI @ GB,GB,CHI,Skyy Moore,recY,betmgm,12.5,-120,-110
2026-10-10T18:24:13+00:00,2caea57b1e5cfbba1334cfbfd46f6771,2026-10-11T17:00:00Z,CHI @ GB,GB,CHI,Cole Kmet,recY,betmgm,10.5,-115,-115
2026-10-10T18:24:13+00:00,2caea57b1e5cfbba1334cfbfd46f6771,2026-10-11T17:00:00Z,CHI @ GB,GB,CHI,D'Andre Swift,recY,betmgm,17.5,-115,-115
2026-10-10T18:24:13+00:00,2caea57b1e5cfbba1334cfbfd46f6771,2026-10-11T17:00:00Z,CHI @ GB,GB,CHI,Rome Odunze,recY,betmgm,39.5,-115,-115
2026-10-10T18:24:13+00:00,2caea57b1e5cfbba1334cfbfd46f6771,2026-10-11T17:00:00Z,CHI @ GB,GB,CHI,Tucker Kraft,recY,betmgm,48.5,-115,-115
2026-10-10T18:24:13+00:00,2caea57b1e5cfbba1334cfbfd46f6771,2026-10-11T17:00:00Z,CHI @ GB,GB,CHI,Christian Watson,recY,betmgm,58.5,-140,105
2026-10-10T18:24:13+00:00,2caea57b1e5cfbba1334cfbfd46f6771,2026-10-11T17:00:00Z,CHI @ GB,GB,CHI,Colston Loveland,recY,betmgm,38.5,-115,-115
2026-10-10T18:24:13+00:00,2caea57b1e5cfbba1334cfbfd46f6771,2026-10-11T17:00:00Z,CHI @ GB,GB,CHI,Kalif Raymond,recY,betmgm,28.5,-111,-118
2026-10-10T18:24:13+00:00,2caea57b1e5cfbba1334cfbfd46f6771,2026-10-11T17:00:00Z,CHI @ GB,GB,CHI,Christian Watson,rec,betmgm,4.5,100,-135
2026-10-10T18:24:13+00:00,2caea57b1e5cfbba1334cfbfd46f6771,2026-10-11T17:00:00Z,CHI @ GB,GB,CHI,Matthew Golden,rec,betmgm,4.5,-105,-125
2026-10-10T18:24:13+00:00,2caea57b1e5cfbba1334cfbfd46f6771,2026-10-11T17:00:00Z,CHI @ GB,GB,CHI,Skyy Moore,rec,betmgm,1.5,100,-135
2026-10-10T18:24:13+00:00,2caea57b1e5cfbba1334cfbfd46f6771,2026-10-11T17:00:00Z,CHI @ GB,GB,CHI,Cole Kmet,rec,betmgm,1.5,120,-160
2026-10-10T18:24:13+00:00,2caea57b1e5cfbba1334cfbfd46f6771,2026-10-11T17:00:00Z,CHI @ GB,GB,CHI,Kalif Raymond,rec,betmgm,3.5,130,-175
2026-10-10T18:24:13+00:00,2caea57b1e5cfbba1334cfbfd46f6771,2026-10-11T17:00:00Z,CHI @ GB,GB,CHI,Tucker Kraft,rec,betmgm,4.5,-115,-115
2026-10-10T18:24:13+00:00,2caea57b1e5cfbba1334cfbfd46f6771,2026-10-11T17:00:00Z,CHI @ GB,GB,CHI,Rome Odunze,rec,betmgm,3.5,125,-165
2026-10-10T18:24:13+00:00,2caea57b1e5cfbba1334cfbfd46f6771,2026-10-11T17:00:00Z,CHI @ GB,GB,CHI,Luther Burden III,rec,betmgm,4.5,-105,-125
2026-10-10T18:24:13+00:00,2caea57b1e5cfbba1334cfbfd46f6771,2026-10-11T17:00:00Z,CHI @ GB,GB,CHI,Colston Loveland,rec,betmgm,3.5,-175,130
2026-10-10T18:24:13+00:00,2caea57b1e5cfbba1334cfbfd46f6771,2026-10-11T17:00:00Z,CHI @ GB,GB,CHI,Kaleb Johnson,rushY,betmgm,36.5,100,-135
2026-10-10T18:24:13+00:00,2caea57b1e5cfbba1334cfbfd46f6771,2026-10-11T17:00:00Z,CHI @ GB,GB,CHI,MarShawn Lloyd,rushY,betmgm,30.5,100,-135
2026-10-10T18:24:13+00:00,2caea57b1e5cfbba1334cfbfd46f6771,2026-10-11T17:00:00Z,CHI @ GB,GB,CHI,D'Andre Swift,rushY,betmgm,84.5,-115,-115
2026-10-10T18:24:13+00:00,2caea57b1e5cfbba1334cfbfd46f6771,2026-10-11T17:00:00Z,CHI @ GB,GB,CHI,Tyson Bagent,rushY,betmgm,10.5,-111,-118
2026-10-10T18:24:13+00:00,2caea57b1e5cfbba1334cfbfd46f6771,2026-10-11T17:00:00Z,CHI @ GB,GB,CHI,Jordan Love,rushY,betmgm,5.5,-120,-110
2026-10-10T18:24:13+00:00,2caea57b1e5cfbba1334cfbfd46f6771,2026-10-11T17:00:00Z,CHI @ GB,GB,CHI,Jordan Love,comp,espnbet,21.5,-105,-125
2026-10-10T18:24:13+00:00,2caea57b1e5cfbba1334cfbfd46f6771,2026-10-11T17:00:00Z,CHI @ GB,GB,CHI,Tyson Bagent,comp,espnbet,20.5,-130,100
2026-10-10T18:24:13+00:00,2caea57b1e5cfbba1334cfbfd46f6771,2026-10-11T17:00:00Z,CHI @ GB,GB,CHI,Jordan Love,passY,espnbet,239.5,-120,-110
2026-10-10T18:24:13+00:00,2caea57b1e5cfbba1334cfbfd46f6771,2026-10-11T17:00:00Z,CHI @ GB,GB,CHI,Tyson Bagent,passY,espnbet,219.5,-125,-105
2026-10-10T18:24:13+00:00,2caea57b1e5cfbba1334cfbfd46f6771,2026-10-11T17:00:00Z,CHI @ GB,GB,CHI,Christian Watson,recY,espnbet,64.5,-105,-125
2026-10-10T18:24:13+00:00,2caea57b1e5cfbba1334cfbfd46f6771,2026-10-11T17:00:00Z,CHI @ GB,GB,CHI,Matthew Golden,recY,espnbet,56.5,-120,-110
2026-10-10T18:24:13+00:00,2caea57b1e5cfbba1334cfbfd46f6771,2026-10-11T17:00:00Z,CHI @ GB,GB,CHI,Tucker Kraft,recY,espnbet,49.5,-120,-110
2026-10-10T18:24:13+00:00,2caea57b1e5cfbba1334cfbfd46f6771,2026-10-11T17:00:00Z,CHI @ GB,GB,CHI,Luther Burden III,recY,espnbet,49.5,-105,-125
2026-10-10T18:24:13+00:00,2caea57b1e5cfbba1334cfbfd46f6771,2026-10-11T17:00:00Z,CHI @ GB,GB,CHI,Colston Loveland,recY,espnbet,39.5,100,-130
2026-10-10T18:24:13+00:00,2caea57b1e5cfbba1334cfbfd46f6771,2026-10-11T17:00:00Z,CHI @ GB,GB,CHI,Rome Odunze,recY,espnbet,39.5,-120,-110
2026-10-10T18:24:13+00:00,2caea57b1e5cfbba1334cfbfd46f6771,2026-10-11T17:00:00Z,CHI @ GB,GB,CHI,Skyy Moore,recY,espnbet,16.5,110,-140
2026-10-10T18:24:13+00:00,2caea57b1e5cfbba1334cfbfd46f6771,2026-10-11T17:00:00Z,CHI @ GB,GB,CHI,Kalif Raymond,recY,espnbet,29.5,105,-135
2026-10-10T18:24:13+00:00,2caea57b1e5cfbba1334cfbfd46f6771,2026-10-11T17:00:00Z,CHI @ GB,GB,CHI,MarShawn Lloyd,recY,espnbet,12.5,-125,-105
2026-10-10T18:24:13+00:00,2caea57b1e5cfbba1334cfbfd46f6771,2026-10-11T17:00:00Z,CHI @ GB,GB,CHI,D'Andre Swift,recY,espnbet,19.5,-115,-115
2026-10-10T18:24:13+00:00,2caea57b1e5cfbba1334cfbfd46f6771,2026-10-11T17:00:00Z,CHI @ GB,GB,CHI,Jonnu Smith,recY,espnbet,7.5,-110,-120
2026-10-10T18:24:13+00:00,2caea57b1e5cfbba1334cfbfd46f6771,2026-10-11T17:00:00Z,CHI @ GB,GB,CHI,Cole Kmet,recY,espnbet,9.5,-105,-125
2026-10-10T18:24:13+00:00,2caea57b1e5cfbba1334cfbfd46f6771,2026-10-11T17:00:00Z,CHI @ GB,GB,CHI,Christian Watson,rec,espnbet,4.5,100,-130
2026-10-10T18:24:13+00:00,2caea57b1e5cfbba1334cfbfd46f6771,2026-10-11T17:00:00Z,CHI @ GB,GB,CHI,Luther Burden III,rec,espnbet,4.5,105,-135
2026-10-10T18:24:13+00:00,2caea57b1e5cfbba1334cfbfd46f6771,2026-10-11T17:00:00Z,CHI @ GB,GB,CHI,Matthew Golden,rec,espnbet,4.5,-125,-105
2026-10-10T18:24:13+00:00,2caea57b1e5cfbba1334cfbfd46f6771,2026-10-11T17:00:00Z,CHI @ GB,GB,CHI,Tucker Kraft,rec,espnbet,4.5,-115,-115
2026-10-10T18:24:13+00:00,2caea57b1e5cfbba1334cfbfd46f6771,2026-10-11T17:00:00Z,CHI @ GB,GB,CHI,Colston Loveland,rec,espnbet,3.5,-170,130
2026-10-10T18:24:13+00:00,2caea57b1e5cfbba1334cfbfd46f6771,2026-10-11T17:00:00Z,CHI @ GB,GB,CHI,Kalif Raymond,rec,espnbet,3.5,140,-190
2026-10-10T18:24:13+00:00,2caea57b1e5cfbba1334cfbfd46f6771,2026-10-11T17:00:00Z,CHI @ GB,GB,CHI,Rome Odunze,rec,espnbet,2.5,-180,135
2026-10-10T18:24:13+00:00,2caea57b1e5cfbba1334cfbfd46f6771,2026-10-11T17:00:00Z,CHI @ GB,GB,CHI,D'Andre Swift,rec,espnbet,2.5,-130,100
2026-10-10T18:24:13+00:00,2caea57b1e5cfbba1334cfbfd46f6771,2026-10-11T17:00:00Z,CHI @ GB,GB,CHI,MarShawn Lloyd,rec,espnbet,2.5,125,-160
2026-10-10T18:24:13+00:00,2caea57b1e5cfbba1334cfbfd46f6771,2026-10-11T17:00:00Z,CHI @ GB,GB,CHI,Skyy Moore,rec,espnbet,1.5,-105,-125
2026-10-10T18:24:13+00:00,2caea57b1e5cfbba1334cfbfd46f6771,2026-10-11T17:00:00Z,CHI @ GB,GB,CHI,Cole Kmet,rec,espnbet,1.5,135,-180
2026-10-10T18:24:13+00:00,2caea57b1e5cfbba1334cfbfd46f6771,2026-10-11T17:00:00Z,CHI @ GB,GB,CHI,Jonnu Smith,rec,espnbet,1.5,180,-250
2026-10-10T18:24:13+00:00,2caea57b1e5cfbba1334cfbfd46f6771,2026-10-11T17:00:00Z,CHI @ GB,GB,CHI,D'Andre Swift,rushY,espnbet,83.5,-125,-105
2026-10-10T18:24:13+00:00,2caea57b1e5cfbba1334cfbfd46f6771,2026-10-11T17:00:00Z,CHI @ GB,GB,CHI,MarShawn Lloyd,rushY,espnbet,28.5,-110,-120
2026-10-10T18:24:13+00:00,2caea57b1e5cfbba1334cfbfd46f6771,2026-10-11T17:00:00Z,CHI @ GB,GB,CHI,Tyson Bagent,rushY,espnbet,9.5,-125,-105
2026-10-10T18:24:13+00:00,2caea57b1e5cfbba1334cfbfd46f6771,2026-10-11T17:00:00Z,CHI @ GB,GB,CHI,Jordan Love,rushY,espnbet,6.5,100,-130
2026-10-10T18:24:13+00:00,2caea57b1e5cfbba1334cfbfd46f6771,2026-10-11T17:00:00Z,CHI @ GB,GB,CHI,Tyson Bagent,comp,underdog,20.5,-137,-137
2026-10-10T18:24:13+00:00,2caea57b1e5cfbba1334cfbfd46f6771,2026-10-11T17:00:00Z,CHI @ GB,GB,CHI,Rome Odunze,recY,underdog,39.5,-137,-137
2026-10-10T18:24:13+00:00,2caea57b1e5cfbba1334cfbfd46f6771,2026-10-11T17:00:00Z,CHI @ GB,GB,CHI,Tucker Kraft,recY,underdog,49.5,-137,-137
2026-10-10T18:24:13+00:00,2caea57b1e5cfbba1334cfbfd46f6771,2026-10-11T17:00:00Z,CHI @ GB,GB,CHI,Christian Watson,recY,underdog,59.5,-137,-137
2026-10-10T18:24:13+00:00,2caea57b1e5cfbba1334cfbfd46f6771,2026-10-11T17:00:00Z,CHI @ GB,GB,CHI,Tucker Kraft,rec,underdog,4.5,-137,-137
2026-10-10T18:24:13+00:00,2caea57b1e5cfbba1334cfbfd46f6771,2026-10-11T17:00:00Z,CHI @ GB,GB,CHI,Matthew Golden,rec,underdog,4.5,-137,-137
2026-10-10T18:24:13+00:00,2caea57b1e5cfbba1334cfbfd46f6771,2026-10-11T17:00:00Z,CHI @ GB,GB,CHI,Mark Redman,rec,underdog,0.5,-137,-137
2026-10-10T18:24:13+00:00,2caea57b1e5cfbba1334cfbfd46f6771,2026-10-11T17:00:00Z,CHI @ GB,GB,CHI,Bo Melton,rec,underdog,0.5,-137,-137
2026-10-10T18:24:13+00:00,2caea57b1e5cfbba1334cfbfd46f6771,2026-10-11T17:00:00Z,CHI @ GB,GB,CHI,Jordan Love,comp,prizepicks,21.5,-137,-137
2026-10-10T18:24:13+00:00,2caea57b1e5cfbba1334cfbfd46f6771,2026-10-11T17:00:00Z,CHI @ GB,GB,CHI,Tyson Bagent,comp,prizepicks,20.0,-137,-137
2026-10-10T18:24:13+00:00,2caea57b1e5cfbba1334cfbfd46f6771,2026-10-11T17:00:00Z,CHI @ GB,GB,CHI,Jordan Love,passY,prizepicks,233.5,-137,-137
2026-10-10T18:24:13+00:00,2caea57b1e5cfbba1334cfbfd46f6771,2026-10-11T17:00:00Z,CHI @ GB,GB,CHI,Tyson Bagent,passY,prizepicks,217.5,-137,-137
2026-10-10T18:24:13+00:00,2caea57b1e5cfbba1334cfbfd46f6771,2026-10-11T17:00:00Z,CHI @ GB,GB,CHI,Christian Watson,recY,prizepicks,60.5,-137,-137
2026-10-10T18:24:13+00:00,2caea57b1e5cfbba1334cfbfd46f6771,2026-10-11T17:00:00Z,CHI @ GB,GB,CHI,Matthew Golden,recY,prizepicks,58.5,-137,-137
2026-10-10T18:24:13+00:00,2caea57b1e5cfbba1334cfbfd46f6771,2026-10-11T17:00:00Z,CHI @ GB,GB,CHI,Tucker Kraft,recY,prizepicks,49.5,-137,-137
2026-10-10T18:24:13+00:00,2caea57b1e5cfbba1334cfbfd46f6771,2026-10-11T17:00:00Z,CHI @ GB,GB,CHI,Luther Burden III,recY,prizepicks,48.5,-137,-137
2026-10-10T18:24:13+00:00,2caea57b1e5cfbba1334cfbfd46f6771,2026-10-11T17:00:00Z,CHI @ GB,GB,CHI,Rome Odunze,recY,prizepicks,41.5,-137,-137
2026-10-10T18:24:13+00:00,2caea57b1e5cfbba1334cfbfd46f6771,2026-10-11T17:00:00Z,CHI @ GB,GB,CHI,Colston Loveland,recY,prizepicks,37.5,-137,-137
2026-10-10T18:24:13+00:00,2caea57b1e5cfbba1334cfbfd46f6771,2026-10-11T17:00:00Z,CHI @ GB,GB,CHI,Kalif Raymond,recY,prizepicks,27.5,-137,-137
2026-10-10T18:24:13+00:00,2caea57b1e5cfbba1334cfbfd46f6771,2026-10-11T17:00:00Z,CHI @ GB,GB,CHI,D'Andre Swift,recY,prizepicks,19.5,-137,-137
2026-10-10T18:24:13+00:00,2caea57b1e5cfbba1334cfbfd46f6771,2026-10-11T17:00:00Z,CHI @ GB,GB,CHI,MarShawn Lloyd,recY,prizepicks,13.5,-137,-137
2026-10-10T18:24:13+00:00,2caea57b1e5cfbba1334cfbfd46f6771,2026-10-11T17:00:00Z,CHI @ GB,GB,CHI,Skyy Moore,recY,prizepicks,12.5,-137,-137
2026-10-10T18:24:13+00:00,2caea57b1e5cfbba1334cfbfd46f6771,2026-10-11T17:00:00Z,CHI @ GB,GB,CHI,Cole Kmet,recY,prizepicks,9.5,-137,-137
2026-10-10T18:24:13+00:00,2caea57b1e5cfbba1334cfbfd46f6771,2026-10-11T17:00:00Z,CHI @ GB,GB,CHI,Jonnu Smith,recY,prizepicks,7.5,-137,-137
2026-10-10T18:24:13+00:00,2caea57b1e5cfbba1334cfbfd46f6771,2026-10-11T17:00:00Z,CHI @ GB,GB,CHI,Kaleb Johnson,recY,prizepicks,0.5,-137,-137
2026-10-10T18:24:13+00:00,2caea57b1e5cfbba1334cfbfd46f6771,2026-10-11T17:00:00Z,CHI @ GB,GB,CHI,Bo Melton,recY,prizepicks,0.5,-137,-137
2026-10-10T18:24:13+00:00,2caea57b1e5cfbba1334cfbfd46f6771,2026-10-11T17:00:00Z,CHI @ GB,GB,CHI,Matthew Golden,rec,prizepicks,4.5,-137,-137
2026-10-10T18:24:13+00:00,2caea57b1e5cfbba1334cfbfd46f6771,2026-10-11T17:00:00Z,CHI @ GB,GB,CHI,Tucker Kraft,rec,prizepicks,4.5,-137,-137
2026-10-10T18:24:13+00:00,2caea57b1e5cfbba1334cfbfd46f6771,2026-10-11T17:00:00Z,CHI @ GB,GB,CHI,Colston Loveland,rec,prizepicks,4.0,-137,-137
2026-10-10T18:24:13+00:00,2caea57b1e5cfbba1334cfbfd46f6771,2026-10-11T17:00:00Z,CHI @ GB,GB,CHI,Kalif Raymond,rec,prizepicks,3.0,-137,-137
2026-10-10T18:24:13+00:00,2caea57b1e5cfbba1334cfbfd46f6771,2026-10-11T17:00:00Z,CHI @ GB,GB,CHI,D'Andre Swift,rec,prizepicks,2.5,-137,-137
2026-10-10T18:24:13+00:00,2caea57b1e5cfbba1334cfbfd46f6771,2026-10-11T17:00:00Z,CHI @ GB,GB,CHI,Mark Redman,rec,prizepicks,0.5,-137,-137
2026-10-10T18:24:13+00:00,2caea57b1e5cfbba1334cfbfd46f6771,2026-10-11T17:00:00Z,CHI @ GB,GB,CHI,Bo Melton,rec,prizepicks,0.5,-137,-137
2026-10-10T18:24:13+00:00,2caea57b1e5cfbba1334cfbfd46f6771,2026-10-11T17:00:00Z,CHI @ GB,GB,CHI,D'Andre Swift,rushY,prizepicks,83.5,-137,-137
2026-10-10T18:24:13+00:00,2caea57b1e5cfbba1334cfbfd46f6771,2026-10-11T17:00:00Z,CHI @ GB,GB,CHI,Kaleb Johnson,rushY,prizepicks,34.5,-137,-137
2026-10-10T18:24:13+00:00,2caea57b1e5cfbba1334cfbfd46f6771,2026-10-11T17:00:00Z,CHI @ GB,GB,CHI,MarShawn Lloyd,rushY,prizepicks,27.5,-137,-137
2026-10-10T18:24:13+00:00,2caea57b1e5cfbba1334cfbfd46f6771,2026-10-11T17:00:00Z,CHI @ GB,GB,CHI,Tyson Bagent,rushY,prizepicks,10.5,-137,-137
2026-10-10T18:24:13+00:00,2caea57b1e5cfbba1334cfbfd46f6771,2026-10-11T17:00:00Z,CHI @ GB,GB,CHI,Jordan Love,rushY,prizepicks,6.5,-137,-137
2026-10-10T18:24:13+00:00,2caea57b1e5cfbba1334cfbfd46f6771,2026-10-11T17:00:00Z,CHI @ GB,GB,CHI,Jordan Love,comp,fanatics,21.5,-115,-135
2026-10-10T18:24:13+00:00,2caea57b1e5cfbba1334cfbfd46f6771,2026-10-11T17:00:00Z,CHI @ GB,GB,CHI,Tyson Bagent,passY,fanatics,215.5,-115,-115
2026-10-10T18:24:13+00:00,2caea57b1e5cfbba1334cfbfd46f6771,2026-10-11T17:00:00Z,CHI @ GB,GB,CHI,Christian Watson,recY,fanatics,60.5,-125,-120
2026-10-10T18:24:13+00:00,2caea57b1e5cfbba1334cfbfd46f6771,2026-10-11T17:00:00Z,CHI @ GB,GB,CHI,Skyy Moore,rec,fanatics,1.5,-105,-140
2026-10-10T18:24:13+00:00,2caea57b1e5cfbba1334cfbfd46f6771,2026-10-11T17:00:00Z,CHI @ GB,GB,CHI,Tyson Bagent,rushY,fanatics,10.5,-115,-125
2026-10-10T18:24:13+00:00,2caea57b1e5cfbba1334cfbfd46f6771,2026-10-11T17:00:00Z,CHI @ GB,GB,CHI,Tyson Bagent,passY,pick6,222.5,-137,-137
2026-10-10T18:24:13+00:00,2caea57b1e5cfbba1334cfbfd46f6771,2026-10-11T17:00:00Z,CHI @ GB,GB,CHI,Jordan Love,passY,pick6,241.5,-137,-137
2026-10-10T18:24:13+00:00,2caea57b1e5cfbba1334cfbfd46f6771,2026-10-11T17:00:00Z,CHI @ GB,GB,CHI,Skyy Moore,recY,pick6,13.5,-137,-137
2026-10-10T18:24:13+00:00,2caea57b1e5cfbba1334cfbfd46f6771,2026-10-11T17:00:00Z,CHI @ GB,GB,CHI,Jonnu Smith,recY,pick6,7.5,-137,-137
2026-10-10T18:24:13+00:00,2caea57b1e5cfbba1334cfbfd46f6771,2026-10-11T17:00:00Z,CHI @ GB,GB,CHI,Cole Kmet,recY,pick6,9.5,-137,-137
2026-10-10T18:24:13+00:00,2caea57b1e5cfbba1334cfbfd46f6771,2026-10-11T17:00:00Z,CHI @ GB,GB,CHI,Rome Odunze,recY,pick6,40.5,-137,-137
2026-10-10T18:24:13+00:00,2caea57b1e5cfbba1334cfbfd46f6771,2026-10-11T17:00:00Z,CHI @ GB,GB,CHI,D'Andre Swift,recY,pick6,19.5,-137,-137
2026-10-10T18:24:13+00:00,2caea57b1e5cfbba1334cfbfd46f6771,2026-10-11T17:00:00Z,CHI @ GB,GB,CHI,Christian Watson,recY,pick6,63.5,-137,-137
2026-10-10T18:24:13+00:00,2caea57b1e5cfbba1334cfbfd46f6771,2026-10-11T17:00:00Z,CHI @ GB,GB,CHI,Tucker Kraft,recY,pick6,50.5,-137,-137
2026-10-10T18:24:13+00:00,2caea57b1e5cfbba1334cfbfd46f6771,2026-10-11T17:00:00Z,CHI @ GB,GB,CHI,Matthew Golden,recY,pick6,58.5,-137,-137
2026-10-10T18:24:13+00:00,2caea57b1e5cfbba1334cfbfd46f6771,2026-10-11T17:00:00Z,CHI @ GB,GB,CHI,Kalif Raymond,recY,pick6,27.5,-137,-137
2026-10-10T18:24:13+00:00,2caea57b1e5cfbba1334cfbfd46f6771,2026-10-11T17:00:00Z,CHI @ GB,GB,CHI,Colston Loveland,recY,pick6,37.5,-137,-137
2026-10-10T18:24:13+00:00,2caea57b1e5cfbba1334cfbfd46f6771,2026-10-11T17:00:00Z,CHI @ GB,GB,CHI,Luther Burden III,recY,pick6,48.5,-137,-137
2026-10-10T18:24:13+00:00,2caea57b1e5cfbba1334cfbfd46f6771,2026-10-11T17:00:00Z,CHI @ GB,GB,CHI,MarShawn Lloyd,recY,pick6,13.5,-137,-137
2026-10-10T18:24:13+00:00,2caea57b1e5cfbba1334cfbfd46f6771,2026-10-11T17:00:00Z,CHI @ GB,GB,CHI,Skyy Moore,rec,pick6,1.5,-137,
2026-10-10T18:24:13+00:00,2caea57b1e5cfbba1334cfbfd46f6771,2026-10-11T17:00:00Z,CHI @ GB,GB,CHI,Christian Watson,rec,pick6,4.5,-137,
2026-10-10T18:24:13+00:00,2caea57b1e5cfbba1334cfbfd46f6771,2026-10-11T17:00:00Z,CHI @ GB,GB,CHI,D'Andre Swift,rec,pick6,2.5,-137,-137
2026-10-10T18:24:13+00:00,2caea57b1e5cfbba1334cfbfd46f6771,2026-10-11T17:00:00Z,CHI @ GB,GB,CHI,Matthew Golden,rec,pick6,4.5,-137,-137
2026-10-10T18:24:13+00:00,2caea57b1e5cfbba1334cfbfd46f6771,2026-10-11T17:00:00Z,CHI @ GB,GB,CHI,Luther Burden III,rec,pick6,4.5,-137,-137
2026-10-10T18:24:13+00:00,2caea57b1e5cfbba1334cfbfd46f6771,2026-10-11T17:00:00Z,CHI @ GB,GB,CHI,MarShawn Lloyd,rushY,pick6,27.5,-137,-137
2026-10-10T18:24:13+00:00,2caea57b1e5cfbba1334cfbfd46f6771,2026-10-11T17:00:00Z,CHI @ GB,GB,CHI,Jordan Love,rushY,pick6,5.5,-137,-137
2026-10-10T18:24:13+00:00,2caea57b1e5cfbba1334cfbfd46f6771,2026-10-11T17:00:00Z,CHI @ GB,GB,CHI,Tyson Bagent,rushY,pick6,10.5,-137,-137
2026-10-10T18:24:13+00:00,2caea57b1e5cfbba1334cfbfd46f6771,2026-10-11T17:00:00Z,CHI @ GB,GB,CHI,Kaleb Johnson,rushY,pick6,33.5,-137,-137
2026-10-10T18:24:13+00:00,2caea57b1e5cfbba1334cfbfd46f6771,2026-10-11T17:00:00Z,CHI @ GB,GB,CHI,D'Andre Swift,rushY,pick6,85.5,-137,-137
2026-10-10T18:24:13+00:00,c4647ca1201e6768501877267ca8251b,2026-10-11T17:00:00Z,CIN @ MIA,MIA,CIN,Joe Burrow,comp,draftkings,23.5,-120,-106
2026-10-10T18:24:13+00:00,c4647ca1201e6768501877267ca8251b,2026-10-11T17:00:00Z,CIN @ MIA,MIA,CIN,Malik Willis,comp,draftkings,17.5,-106,-121
2026-10-10T18:24:13+00:00,c4647ca1201e6768501877267ca8251b,2026-10-11T17:00:00Z,CIN @ MIA,MIA,CIN,Joe Burrow,passY,draftkings,255.5,-113,-111
2026-10-10T18:24:13+00:00,c4647ca1201e6768501877267ca8251b,2026-10-11T17:00:00Z,CIN @ MIA,MIA,CIN,Malik Willis,passY,draftkings,189.5,-113,-111
2026-10-10T18:24:13+00:00,c4647ca1201e6768501877267ca8251b,2026-10-11T17:00:00Z,CIN @ MIA,MIA,CIN,Malik Washington,recY,draftkings,45.5,-114,-110
2026-10-10T18:24:13+00:00,c4647ca1201e6768501877267ca8251b,2026-10-11T17:00:00Z,CIN @ MIA,MIA,CIN,Chris Bell,recY,draftkings,34.5,-110,-114
2026-10-10T18:24:13+00:00,c4647ca1201e6768501877267ca8251b,2026-10-11T17:00:00Z,CIN @ MIA,MIA,CIN,Greg Dulcich,recY,draftkings,26.5,-111,-113
2026-10-10T18:24:13+00:00,c4647ca1201e6768501877267ca8251b,2026-10-11T17:00:00Z,CIN @ MIA,MIA,CIN,Kevin Coleman Jr.,recY,draftkings,18.5,-109,-115
2026-10-10T18:24:13+00:00,c4647ca1201e6768501877267ca8251b,2026-10-11T17:00:00Z,CIN @ MIA,MIA,CIN,Ollie Gordon II,recY,draftkings,9.5,-106,-118
2026-10-10T18:24:13+00:00,c4647ca1201e6768501877267ca8251b,2026-10-11T17:00:00Z,CIN @ MIA,MIA,CIN,Will Kacmarek,recY,draftkings,6.5,-111,-113
2026-10-10T18:24:13+00:00,c4647ca1201e6768501877267ca8251b,2026-10-11T17:00:00Z,CIN @ MIA,MIA,CIN,Malik Washington,rec,draftkings,4.5,-122,-105
2026-10-10T18:24:13+00:00,c4647ca1201e6768501877267ca8251b,2026-10-11T17:00:00Z,CIN @ MIA,MIA,CIN,Greg Dulcich,rec,draftkings,2.5,-127,100
2026-10-10T18:24:13+00:00,c4647ca1201e6768501877267ca8251b,2026-10-11T17:00:00Z,CIN @ MIA,MIA,CIN,Chris Bell,rec,draftkings,2.5,-102,-125
2026-10-10T18:24:13+00:00,c4647ca1201e6768501877267ca8251b,2026-10-11T17:00:00Z,CIN @ MIA,MIA,CIN,Kevin Coleman Jr.,rec,draftkings,1.5,-166,130
2026-10-10T18:24:13+00:00,c4647ca1201e6768501877267ca8251b,2026-10-11T17:00:00Z,CIN @ MIA,MIA,CIN,Ollie Gordon II,rec,draftkings,1.5,-112,-114
2026-10-10T18:24:13+00:00,c4647ca1201e6768501877267ca8251b,2026-10-11T17:00:00Z,CIN @ MIA,MIA,CIN,Will Kacmarek,rec,draftkings,1.5,177,-230
2026-10-10T18:24:13+00:00,c4647ca1201e6768501877267ca8251b,2026-10-11T17:00:00Z,CIN @ MIA,MIA,CIN,Chase Brown,rushY,draftkings,67.5,-114,-110
2026-10-10T18:24:13+00:00,c4647ca1201e6768501877267ca8251b,2026-10-11T17:00:00Z,CIN @ MIA,MIA,CIN,Ollie Gordon II,rushY,draftkings,44.5,-109,-115
2026-10-10T18:24:13+00:00,c4647ca1201e6768501877267ca8251b,2026-10-11T17:00:00Z,CIN @ MIA,MIA,CIN,Malik Willis,rushY,draftkings,31.5,-114,-110
2026-10-10T18:24:13+00:00,c4647ca1201e6768501877267ca8251b,2026-10-11T17:00:00Z,CIN @ MIA,MIA,CIN,Jaylen Wright,rushY,draftkings,22.5,-113,-111
2026-10-10T18:24:13+00:00,c4647ca1201e6768501877267ca8251b,2026-10-11T17:00:00Z,CIN @ MIA,MIA,CIN,Samaje Perine,rushY,draftkings,14.5,-107,-117
2026-10-10T18:24:13+00:00,c4647ca1201e6768501877267ca8251b,2026-10-11T17:00:00Z,CIN @ MIA,MIA,CIN,Joe Burrow,rushY,draftkings,8.5,-110,-114
2026-10-10T18:24:13+00:00,c4647ca1201e6768501877267ca8251b,2026-10-11T17:00:00Z,CIN @ MIA,MIA,CIN,Boye Mafe,sacks,draftkings,0.25,-102,-124
2026-10-10T18:24:13+00:00,c4647ca1201e6768501877267ca8251b,2026-10-11T17:00:00Z,CIN @ MIA,MIA,CIN,Dexter Lawrence II,sacks,draftkings,0.25,102,-129
2026-10-10T18:24:13+00:00,c4647ca1201e6768501877267ca8251b,2026-10-11T17:00:00Z,CIN @ MIA,MIA,CIN,Zach Sieler,sacks,draftkings,0.25,139,-177
2026-10-10T18:24:13+00:00,c4647ca1201e6768501877267ca8251b,2026-10-11T17:00:00Z,CIN @ MIA,MIA,CIN,Demeioun Robinson,sacks,draftkings,0.25,177,-228
2026-10-10T18:24:13+00:00,c4647ca1201e6768501877267ca8251b,2026-10-11T17:00:00Z,CIN @ MIA,MIA,CIN,Joe Burrow,passY,fanduel,252.5,-113,-113
2026-10-10T18:24:13+00:00,c4647ca1201e6768501877267ca8251b,2026-10-11T17:00:00Z,CIN @ MIA,MIA,CIN,Malik Willis,passY,fanduel,190.5,-113,-113
2026-10-10T18:24:13+00:00,c4647ca1201e6768501877267ca8251b,2026-10-11T17:00:00Z,CIN @ MIA,MIA,CIN,Will Kacmarek,recY,fanduel,6.5,-113,-113
2026-10-10T18:24:13+00:00,c4647ca1201e6768501877267ca8251b,2026-10-11T17:00:00Z,CIN @ MIA,MIA,CIN,Kevin Coleman Jr.,recY,fanduel,18.5,-113,-113
2026-10-10T18:24:13+00:00,c4647ca1201e6768501877267ca8251b,2026-10-11T17:00:00Z,CIN @ MIA,MIA,CIN,Ollie Gordon II,recY,fanduel,9.5,-113,-113
2026-10-10T18:24:13+00:00,c4647ca1201e6768501877267ca8251b,2026-10-11T17:00:00Z,CIN @ MIA,MIA,CIN,Greg Dulcich,recY,fanduel,25.5,-113,-113
2026-10-10T18:24:13+00:00,c4647ca1201e6768501877267ca8251b,2026-10-11T17:00:00Z,CIN @ MIA,MIA,CIN,Chris Bell,recY,fanduel,33.5,-113,-113
2026-10-10T18:24:13+00:00,c4647ca1201e6768501877267ca8251b,2026-10-11T17:00:00Z,CIN @ MIA,MIA,CIN,Malik Washington,recY,fanduel,44.5,-113,-113
2026-10-10T18:24:13+00:00,c4647ca1201e6768501877267ca8251b,2026-10-11T17:00:00Z,CIN @ MIA,MIA,CIN,Ollie Gordon II,rec,fanduel,1.5,-138,104
2026-10-10T18:24:13+00:00,c4647ca1201e6768501877267ca8251b,2026-10-11T17:00:00Z,CIN @ MIA,MIA,CIN,Will Kacmarek,rec,fanduel,1.5,172,-235
2026-10-10T18:24:13+00:00,c4647ca1201e6768501877267ca8251b,2026-10-11T17:00:00Z,CIN @ MIA,MIA,CIN,Chris Bell,rec,fanduel,2.5,-108,-122
2026-10-10T18:24:13+00:00,c4647ca1201e6768501877267ca8251b,2026-10-11T17:00:00Z,CIN @ MIA,MIA,CIN,Kevin Coleman Jr.,rec,fanduel,1.5,-158,118
2026-10-10T18:24:13+00:00,c4647ca1201e6768501877267ca8251b,2026-10-11T17:00:00Z,CIN @ MIA,MIA,CIN,Malik Washington,rec,fanduel,4.5,-130,-102
2026-10-10T18:24:13+00:00,c4647ca1201e6768501877267ca8251b,2026-10-11T17:00:00Z,CIN @ MIA,MIA,CIN,Greg Dulcich,rec,fanduel,2.5,-136,102
2026-10-10T18:24:13+00:00,c4647ca1201e6768501877267ca8251b,2026-10-11T17:00:00Z,CIN @ MIA,MIA,CIN,Chase Brown,rushY,fanduel,67.5,-113,-113
2026-10-10T18:24:13+00:00,c4647ca1201e6768501877267ca8251b,2026-10-11T17:00:00Z,CIN @ MIA,MIA,CIN,Ollie Gordon II,rushY,fanduel,44.5,-113,-113
2026-10-10T18:24:13+00:00,c4647ca1201e6768501877267ca8251b,2026-10-11T17:00:00Z,CIN @ MIA,MIA,CIN,Jaylen Wright,rushY,fanduel,22.5,-113,-113
2026-10-10T18:24:13+00:00,c4647ca1201e6768501877267ca8251b,2026-10-11T17:00:00Z,CIN @ MIA,MIA,CIN,Malik Willis,rushY,fanduel,32.5,-113,-113
2026-10-10T18:24:13+00:00,c4647ca1201e6768501877267ca8251b,2026-10-11T17:00:00Z,CIN @ MIA,MIA,CIN,Samaje Perine,rushY,fanduel,14.5,-113,-113
2026-10-10T18:24:13+00:00,c4647ca1201e6768501877267ca8251b,2026-10-11T17:00:00Z,CIN @ MIA,MIA,CIN,Joe Burrow,rushY,fanduel,8.5,-113,-113
2026-10-10T18:24:13+00:00,c4647ca1201e6768501877267ca8251b,2026-10-11T17:00:00Z,CIN @ MIA,MIA,CIN,Boye Mafe,sacks,fanduel,0.5,-114,
2026-10-10T18:24:13+00:00,c4647ca1201e6768501877267ca8251b,2026-10-11T17:00:00Z,CIN @ MIA,MIA,CIN,Dexter Lawrence II,sacks,fanduel,0.5,124,
2026-10-10T18:24:13+00:00,c4647ca1201e6768501877267ca8251b,2026-10-11T17:00:00Z,CIN @ MIA,MIA,CIN,Jonathan Allen,sacks,fanduel,0.5,134,
2026-10-10T18:24:13+00:00,c4647ca1201e6768501877267ca8251b,2026-10-11T17:00:00Z,CIN @ MIA,MIA,CIN,Demeioun Robinson,sacks,fanduel,0.5,130,
2026-10-10T18:24:13+00:00,c4647ca1201e6768501877267ca8251b,2026-10-11T17:00:00Z,CIN @ MIA,MIA,CIN,Zach Sieler,sacks,fanduel,0.5,134,
2026-10-10T18:24:13+00:00,c4647ca1201e6768501877267ca8251b,2026-10-11T17:00:00Z,CIN @ MIA,MIA,CIN,Josh Uche,sacks,fanduel,0.5,182,
2026-10-10T18:24:13+00:00,c4647ca1201e6768501877267ca8251b,2026-10-11T17:00:00Z,CIN @ MIA,MIA,CIN,Myles Murphy,sacks,fanduel,0.5,205,
2026-10-10T18:24:13+00:00,c4647ca1201e6768501877267ca8251b,2026-10-11T17:00:00Z,CIN @ MIA,MIA,CIN,Jacob Rodriguez,sacks,fanduel,0.5,390,
2026-10-10T18:24:13+00:00,c4647ca1201e6768501877267ca8251b,2026-10-11T17:00:00Z,CIN @ MIA,MIA,CIN,Joe Burrow,comp,betrivers,23.5,-132,
2026-10-10T18:24:13+00:00,c4647ca1201e6768501877267ca8251b,2026-10-11T17:00:00Z,CIN @ MIA,MIA,CIN,Malik Willis,comp,betrivers,16.5,-113,
2026-10-10T18:24:13+00:00,c4647ca1201e6768501877267ca8251b,2026-10-11T17:00:00Z,CIN @ MIA,MIA,CIN,Malik Willis,passY,betrivers,187.5,-117,-114
2026-10-10T18:24:13+00:00,c4647ca1201e6768501877267ca8251b,2026-10-11T17:00:00Z,CIN @ MIA,MIA,CIN,Joe Burrow,passY,betrivers,254.5,-115,-115
2026-10-10T18:24:13+00:00,c4647ca1201e6768501877267ca8251b,2026-10-11T17:00:00Z,CIN @ MIA,MIA,CIN,Greg Dulcich,recY,betrivers,26.5,-112,-120
2026-10-10T18:24:13+00:00,c4647ca1201e6768501877267ca8251b,2026-10-11T17:00:00Z,CIN @ MIA,MIA,CIN,Chris Bell,recY,betrivers,33.5,-115,-115
2026-10-10T18:24:13+00:00,c4647ca1201e6768501877267ca8251b,2026-10-11T17:00:00Z,CIN @ MIA,MIA,CIN,Kevin Coleman Jr.,recY,betrivers,18.5,-115,-114
2026-10-10T18:24:13+00:00,c4647ca1201e6768501877267ca8251b,2026-10-11T17:00:00Z,CIN @ MIA,MIA,CIN,Ollie Gordon II,recY,betrivers,9.5,-122,-109
2026-10-10T18:24:13+00:00,c4647ca1201e6768501877267ca8251b,2026-10-11T17:00:00Z,CIN @ MIA,MIA,CIN,Ollie Gordon II,rec,betrivers,1.5,-141,
2026-10-10T18:24:13+00:00,c4647ca1201e6768501877267ca8251b,2026-10-11T17:00:00Z,CIN @ MIA,MIA,CIN,Chris Bell,rec,betrivers,2.5,-107,
2026-10-10T18:24:13+00:00,c4647ca1201e6768501877267ca8251b,2026-10-11T17:00:00Z,CIN @ MIA,MIA,CIN,Malik Washington,rec,betrivers,4.5,-127,
2026-10-10T18:24:13+00:00,c4647ca1201e6768501877267ca8251b,2026-10-11T17:00:00Z,CIN @ MIA,MIA,CIN,Kevin Coleman Jr.,rec,betrivers,1.5,-134,
2026-10-10T18:24:13+00:00,c4647ca1201e6768501877267ca8251b,2026-10-11T17:00:00Z,CIN @ MIA,MIA,CIN,Greg Dulcich,rec,betrivers,2.5,-141,
2026-10-10T18:24:13+00:00,c4647ca1201e6768501877267ca8251b,2026-10-11T17:00:00Z,CIN @ MIA,MIA,CIN,Malik Willis,rushY,betrivers,30.5,-118,-113
2026-10-10T18:24:13+00:00,c4647ca1201e6768501877267ca8251b,2026-10-11T17:00:00Z,CIN @ MIA,MIA,CIN,Ollie Gordon II,rushY,betrivers,43.5,-118,-113
2026-10-10T18:24:13+00:00,c4647ca1201e6768501877267ca8251b,2026-10-11T17:00:00Z,CIN @ MIA,MIA,CIN,Jaylen Wright,rushY,betrivers,21.5,-110,-121
2026-10-10T18:24:13+00:00,c4647ca1201e6768501877267ca8251b,2026-10-11T17:00:00Z,CIN @ MIA,MIA,CIN,Chase Brown,rushY,betrivers,66.5,-118,-113
2026-10-10T18:24:13+00:00,c4647ca1201e6768501877267ca8251b,2026-10-11T17:00:00Z,CIN @ MIA,MIA,CIN,Joe Burrow,rushY,betrivers,7.5,-118,-113
2026-10-10T18:24:13+00:00,c4647ca1201e6768501877267ca8251b,2026-10-11T17:00:00Z,CIN @ MIA,MIA,CIN,Samaje Perine,rushY,betrivers,14.5,-118,-113
2026-10-10T18:24:13+00:00,c4647ca1201e6768501877267ca8251b,2026-10-11T17:00:00Z,CIN @ MIA,MIA,CIN,Joe Burrow,comp,betmgm,24.5,100,-135
2026-10-10T18:24:13+00:00,c4647ca1201e6768501877267ca8251b,2026-10-11T17:00:00Z,CIN @ MIA,MIA,CIN,Malik Willis,comp,betmgm,16.5,-118,-111
2026-10-10T18:24:13+00:00,c4647ca1201e6768501877267ca8251b,2026-10-11T17:00:00Z,CIN @ MIA,MIA,CIN,Malik Willis,passY,betmgm,187.5,-115,-115
2026-10-10T18:24:13+00:00,c4647ca1201e6768501877267ca8251b,2026-10-11T17:00:00Z,CIN @ MIA,MIA,CIN,Joe Burrow,passY,betmgm,256.5,-115,-115
2026-10-10T18:24:13+00:00,c4647ca1201e6768501877267ca8251b,2026-10-11T17:00:00Z,CIN @ MIA,MIA,CIN,Ollie Gordon II,recY,betmgm,10.5,-120,-110
2026-10-10T18:24:13+00:00,c4647ca1201e6768501877267ca8251b,2026-10-11T17:00:00Z,CIN @ MIA,MIA,CIN,Malik Washington,recY,betmgm,46.5,-115,-115
2026-10-10T18:24:13+00:00,c4647ca1201e6768501877267ca8251b,2026-10-11T17:00:00Z,CIN @ MIA,MIA,CIN,Greg Dulcich,recY,betmgm,25.5,-111,-118
2026-10-10T18:24:13+00:00,c4647ca1201e6768501877267ca8251b,2026-10-11T17:00:00Z,CIN @ MIA,MIA,CIN,Chris Bell,recY,betmgm,36.5,-115,-115
2026-10-10T18:24:13+00:00,c4647ca1201e6768501877267ca8251b,2026-10-11T17:00:00Z,CIN @ MIA,MIA,CIN,Kevin Coleman Jr.,recY,betmgm,19.5,-120,-111
2026-10-10T18:24:13+00:00,c4647ca1201e6768501877267ca8251b,2026-10-11T17:00:00Z,CIN @ MIA,MIA,CIN,Kevin Coleman Jr.,rec,betmgm,1.5,-150,110
2026-10-10T18:24:13+00:00,c4647ca1201e6768501877267ca8251b,2026-10-11T17:00:00Z,CIN @ MIA,MIA,CIN,Ollie Gordon II,rec,betmgm,1.5,-140,105
2026-10-10T18:24:13+00:00,c4647ca1201e6768501877267ca8251b,2026-10-11T17:00:00Z,CIN @ MIA,MIA,CIN,Greg Dulcich,rec,betmgm,2.5,-135,100
2026-10-10T18:24:13+00:00,c4647ca1201e6768501877267ca8251b,2026-10-11T17:00:00Z,CIN @ MIA,MIA,CIN,Malik Washington,rec,betmgm,4.5,-115,-115
2026-10-10T18:24:13+00:00,c4647ca1201e6768501877267ca8251b,2026-10-11T17:00:00Z,CIN @ MIA,MIA,CIN,Jaylen Wright,rushY,betmgm,23.5,-120,-110
2026-10-10T18:24:13+00:00,c4647ca1201e6768501877267ca8251b,2026-10-11T17:00:00Z,CIN @ MIA,MIA,CIN,Joe Burrow,rushY,betmgm,7.5,-105,-125
2026-10-10T18:24:13+00:00,c4647ca1201e6768501877267ca8251b,2026-10-11T17:00:00Z,CIN @ MIA,MIA,CIN,Malik Willis,rushY,betmgm,32.5,-120,-111
2026-10-10T18:24:13+00:00,c4647ca1201e6768501877267ca8251b,2026-10-11T17:00:00Z,CIN @ MIA,MIA,CIN,Ollie Gordon II,rushY,betmgm,39.5,-150,110
2026-10-10T18:24:13+00:00,c4647ca1201e6768501877267ca8251b,2026-10-11T17:00:00Z,CIN @ MIA,MIA,CIN,Chase Brown,rushY,betmgm,67.5,-115,-115
2026-10-10T18:24:13+00:00,c4647ca1201e6768501877267ca8251b,2026-10-11T17:00:00Z,CIN @ MIA,MIA,CIN,Samaje Perine,rushY,betmgm,13.5,-115,-115
2026-10-10T18:24:13+00:00,c4647ca1201e6768501877267ca8251b,2026-10-11T17:00:00Z,CIN @ MIA,MIA,CIN,Joe Burrow,comp,espnbet,23.5,-125,-105
2026-10-10T18:24:13+00:00,c4647ca1201e6768501877267ca8251b,2026-10-11T17:00:00Z,CIN @ MIA,MIA,CIN,Malik Willis,comp,espnbet,17.5,-105,-125
2026-10-10T18:24:13+00:00,c4647ca1201e6768501877267ca8251b,2026-10-11T17:00:00Z,CIN @ MIA,MIA,CIN,Joe Burrow,passY,espnbet,259.5,-110,-120
2026-10-10T18:24:13+00:00,c4647ca1201e6768501877267ca8251b,2026-10-11T17:00:00Z,CIN @ MIA,MIA,CIN,Malik Willis,passY,espnbet,184.5,-120,-110
2026-10-10T18:24:13+00:00,c4647ca1201e6768501877267ca8251b,2026-10-11T17:00:00Z,CIN @ MIA,MIA,CIN,Malik Washington,recY,espnbet,44.5,-120,-110
2026-10-10T18:24:13+00:00,c4647ca1201e6768501877267ca8251b,2026-10-11T17:00:00Z,CIN @ MIA,MIA,CIN,Chris Bell,recY,espnbet,31.5,-125,-105
2026-10-10T18:24:13+00:00,c4647ca1201e6768501877267ca8251b,2026-10-11T17:00:00Z,CIN @ MIA,MIA,CIN,Greg Dulcich,recY,espnbet,27.5,100,-130
2026-10-10T18:24:13+00:00,c4647ca1201e6768501877267ca8251b,2026-10-11T17:00:00Z,CIN @ MIA,MIA,CIN,Kevin Coleman Jr.,recY,espnbet,19.5,100,-130
2026-10-10T18:24:13+00:00,c4647ca1201e6768501877267ca8251b,2026-10-11T17:00:00Z,CIN @ MIA,MIA,CIN,Ollie Gordon II,recY,espnbet,9.5,-105,-125
2026-10-10T18:24:13+00:00,c4647ca1201e6768501877267ca8251b,2026-10-11T17:00:00Z,CIN @ MIA,MIA,CIN,Malik Washington,rec,espnbet,4.5,-125,-105
2026-10-10T18:24:13+00:00,c4647ca1201e6768501877267ca8251b,2026-10-11T17:00:00Z,CIN @ MIA,MIA,CIN,Greg Dulcich,rec,espnbet,2.5,-130,100
2026-10-10T18:24:13+00:00,c4647ca1201e6768501877267ca8251b,2026-10-11T17:00:00Z,CIN @ MIA,MIA,CIN,Chris Bell,rec,espnbet,2.5,100,-130
2026-10-10T18:24:13+00:00,c4647ca1201e6768501877267ca8251b,2026-10-11T17:00:00Z,CIN @ MIA,MIA,CIN,Ollie Gordon II,rec,espnbet,1.5,-115,-115
2026-10-10T18:24:13+00:00,c4647ca1201e6768501877267ca8251b,2026-10-11T17:00:00Z,CIN @ MIA,MIA,CIN,Kevin Coleman Jr.,rec,espnbet,1.5,-170,130
2026-10-10T18:24:13+00:00,c4647ca1201e6768501877267ca8251b,2026-10-11T17:00:00Z,CIN @ MIA,MIA,CIN,Chase Brown,rushY,espnbet,65.5,-125,-105
2026-10-10T18:24:13+00:00,c4647ca1201e6768501877267ca8251b,2026-10-11T17:00:00Z,CIN @ MIA,MIA,CIN,Ollie Gordon II,rushY,espnbet,44.5,100,-130
2026-10-10T18:24:13+00:00,c4647ca1201e6768501877267ca8251b,2026-10-11T17:00:00Z,CIN @ MIA,MIA,CIN,Jaylen Wright,rushY,espnbet,24.5,100,-130
2026-10-10T18:24:13+00:00,c4647ca1201e6768501877267ca8251b,2026-10-11T17:00:00Z,CIN @ MIA,MIA,CIN,Malik Willis,rushY,espnbet,29.5,-135,105
2026-10-10T18:24:13+00:00,c4647ca1201e6768501877267ca8251b,2026-10-11T17:00:00Z,CIN @ MIA,MIA,CIN,Samaje Perine,rushY,espnbet,13.5,-120,-110
2026-10-10T18:24:13+00:00,c4647ca1201e6768501877267ca8251b,2026-10-11T17:00:00Z,CIN @ MIA,MIA,CIN,Joe Burrow,rushY,espnbet,8.5,-110,-120
2026-10-10T18:24:13+00:00,c4647ca1201e6768501877267ca8251b,2026-10-11T17:00:00Z,CIN @ MIA,MIA,CIN,Joe Burrow,comp,underdog,23.5,-137,-137
2026-10-10T18:24:13+00:00,c4647ca1201e6768501877267ca8251b,2026-10-11T17:00:00Z,CIN @ MIA,MIA,CIN,Joe Burrow,passY,underdog,249.5,-137,-137
2026-10-10T18:24:13+00:00,c4647ca1201e6768501877267ca8251b,2026-10-11T17:00:00Z,CIN @ MIA,MIA,CIN,Tee Higgins,recY,underdog,69.5,-137,-137
2026-10-10T18:24:13+00:00,c4647ca1201e6768501877267ca8251b,2026-10-11T17:00:00Z,CIN @ MIA,MIA,CIN,Ja'Marr Chase,rec,underdog,6.5,-137,-137
2026-10-10T18:24:13+00:00,c4647ca1201e6768501877267ca8251b,2026-10-11T17:00:00Z,CIN @ MIA,MIA,CIN,Tanner Hudson,rec,underdog,0.5,-137,-137
2026-10-10T18:24:13+00:00,c4647ca1201e6768501877267ca8251b,2026-10-11T17:00:00Z,CIN @ MIA,MIA,CIN,Chris Bell,rec,underdog,2.5,-137,-137
2026-10-10T18:24:13+00:00,c4647ca1201e6768501877267ca8251b,2026-10-11T17:00:00Z,CIN @ MIA,MIA,CIN,Chase Brown,rushY,underdog,69.5,-137,-137
2026-10-10T18:24:13+00:00,c4647ca1201e6768501877267ca8251b,2026-10-11T17:00:00Z,CIN @ MIA,MIA,CIN,Samaje Perine,rushY,underdog,14.5,-137,-137
2026-10-10T18:24:13+00:00,c4647ca1201e6768501877267ca8251b,2026-10-11T17:00:00Z,CIN @ MIA,MIA,CIN,Boye Mafe,sacks,underdog,0.25,-137,-137
2026-10-10T18:24:13+00:00,c4647ca1201e6768501877267ca8251b,2026-10-11T17:00:00Z,CIN @ MIA,MIA,CIN,Joe Burrow,comp,prizepicks,23.5,-137,-137
2026-10-10T18:24:13+00:00,c4647ca1201e6768501877267ca8251b,2026-10-11T17:00:00Z,CIN @ MIA,MIA,CIN,Malik Willis,comp,prizepicks,17.5,-137,-137
2026-10-10T18:24:13+00:00,c4647ca1201e6768501877267ca8251b,2026-10-11T17:00:00Z,CIN @ MIA,MIA,CIN,Joe Burrow,passY,prizepicks,252.5,-137,-137
2026-10-10T18:24:13+00:00,c4647ca1201e6768501877267ca8251b,2026-10-11T17:00:00Z,CIN @ MIA,MIA,CIN,Malik Willis,passY,prizepicks,190.5,-137,-137
2026-10-10T18:24:13+00:00,c4647ca1201e6768501877267ca8251b,2026-10-11T17:00:00Z,CIN @ MIA,MIA,CIN,Ja'Marr Chase,recY,prizepicks,75.5,-137,-137
2026-10-10T18:24:13+00:00,c4647ca1201e6768501877267ca8251b,2026-10-11T17:00:00Z,CIN @ MIA,MIA,CIN,Tee Higgins,recY,prizepicks,67.5,-137,-137
2026-10-10T18:24:13+00:00,c4647ca1201e6768501877267ca8251b,2026-10-11T17:00:00Z,CIN @ MIA,MIA,CIN,Malik Washington,recY,prizepicks,44.5,-137,-137
2026-10-10T18:24:13+00:00,c4647ca1201e6768501877267ca8251b,2026-10-11T17:00:00Z,CIN @ MIA,MIA,CIN,Chris Bell,recY,prizepicks,34.5,-137,-137
2026-10-10T18:24:13+00:00,c4647ca1201e6768501877267ca8251b,2026-10-11T17:00:00Z,CIN @ MIA,MIA,CIN,Mike Gesicki,recY,prizepicks,32.5,-137,-137
2026-10-10T18:24:13+00:00,c4647ca1201e6768501877267ca8251b,2026-10-11T17:00:00Z,CIN @ MIA,MIA,CIN,Greg Dulcich,recY,prizepicks,25.5,-137,-137
2026-10-10T18:24:13+00:00,c4647ca1201e6768501877267ca8251b,2026-10-11T17:00:00Z,CIN @ MIA,MIA,CIN,Chase Brown,recY,prizepicks,19.5,-137,-137
2026-10-10T18:24:13+00:00,c4647ca1201e6768501877267ca8251b,2026-10-11T17:00:00Z,CIN @ MIA,MIA,CIN,Kevin Coleman Jr.,recY,prizepicks,18.5,-137,-137
2026-10-10T18:24:13+00:00,c4647ca1201e6768501877267ca8251b,2026-10-11T17:00:00Z,CIN @ MIA,MIA,CIN,Ollie Gordon II,recY,prizepicks,9.5,-137,-137
2026-10-10T18:24:13+00:00,c4647ca1201e6768501877267ca8251b,2026-10-11T17:00:00Z,CIN @ MIA,MIA,CIN,Samaje Perine,recY,prizepicks,7.5,-137,-137
2026-10-10T18:24:13+00:00,c4647ca1201e6768501877267ca8251b,2026-10-11T17:00:00Z,CIN @ MIA,MIA,CIN,Will Kacmarek,recY,prizepicks,6.5,-137,-137
2026-10-10T18:24:13+00:00,c4647ca1201e6768501877267ca8251b,2026-10-11T17:00:00Z,CIN @ MIA,MIA,CIN,Drew Sample,recY,prizepicks,5.5,-137,-137
2026-10-10T18:24:13+00:00,c4647ca1201e6768501877267ca8251b,2026-10-11T17:00:00Z,CIN @ MIA,MIA,CIN,Jaylen Wright,recY,prizepicks,1.5,-137,-137
2026-10-10T18:24:13+00:00,c4647ca1201e6768501877267ca8251b,2026-10-11T17:00:00Z,CIN @ MIA,MIA,CIN,Tanner Hudson,recY,prizepicks,1.5,-137,-137
2026-10-10T18:24:13+00:00,c4647ca1201e6768501877267ca8251b,2026-10-11T17:00:00Z,CIN @ MIA,MIA,CIN,Ja'Marr Chase,rec,prizepicks,6.5,-137,-137
2026-10-10T18:24:13+00:00,c4647ca1201e6768501877267ca8251b,2026-10-11T17:00:00Z,CIN @ MIA,MIA,CIN,Malik Washington,rec,prizepicks,4.5,-137,-137
2026-10-10T18:24:13+00:00,c4647ca1201e6768501877267ca8251b,2026-10-11T17:00:00Z,CIN @ MIA,MIA,CIN,Greg Dulcich,rec,prizepicks,2.5,-137,-137
2026-10-10T18:24:13+00:00,c4647ca1201e6768501877267ca8251b,2026-10-11T17:00:00Z,CIN @ MIA,MIA,CIN,Chris Bell,rec,prizepicks,2.5,-137,-137
2026-10-10T18:24:13+00:00,c4647ca1201e6768501877267ca8251b,2026-10-11T17:00:00Z,CIN @ MIA,MIA,CIN,Tanner Hudson,rec,prizepicks,0.5,-137,-137
2026-10-10T18:24:13+00:00,c4647ca1201e6768501877267ca8251b,2026-10-11T17:00:00Z,CIN @ MIA,MIA,CIN,Chase Brown,rushY,prizepicks,67.5,-137,-137
2026-10-10T18:24:13+00:00,c4647ca1201e6768501877267ca8251b,2026-10-11T17:00:00Z,CIN @ MIA,MIA,CIN,Ollie Gordon II,rushY,prizepicks,44.5,-137,-137
2026-10-10T18:24:13+00:00,c4647ca1201e6768501877267ca8251b,2026-10-11T17:00:00Z,CIN @ MIA,MIA,CIN,Malik Willis,rushY,prizepicks,32.5,-137,-137
2026-10-10T18:24:13+00:00,c4647ca1201e6768501877267ca8251b,2026-10-11T17:00:00Z,CIN @ MIA,MIA,CIN,Jaylen Wright,rushY,prizepicks,22.5,-137,-137
2026-10-10T18:24:13+00:00,c4647ca1201e6768501877267ca8251b,2026-10-11T17:00:00Z,CIN @ MIA,MIA,CIN,Samaje Perine,rushY,prizepicks,14.5,-137,-137
2026-10-10T18:24:13+00:00,c4647ca1201e6768501877267ca8251b,2026-10-11T17:00:00Z,CIN @ MIA,MIA,CIN,Joe Burrow,rushY,prizepicks,8.5,-137,-137
2026-10-10T18:24:13+00:00,c4647ca1201e6768501877267ca8251b,2026-10-11T17:00:00Z,CIN @ MIA,MIA,CIN,Malik Washington,rushY,prizepicks,3.5,-137,-137
2026-10-10T18:24:13+00:00,c4647ca1201e6768501877267ca8251b,2026-10-11T17:00:00Z,CIN @ MIA,MIA,CIN,Joe Burrow,sacks,prizepicks,2.5,-137,-137
2026-10-10T18:24:13+00:00,c4647ca1201e6768501877267ca8251b,2026-10-11T17:00:00Z,CIN @ MIA,MIA,CIN,Boye Mafe,sacks,prizepicks,0.25,-137,-137
2026-10-10T18:24:13+00:00,c4647ca1201e6768501877267ca8251b,2026-10-11T17:00:00Z,CIN @ MIA,MIA,CIN,Malik Willis,comp,fanatics,17.5,-110,-135
2026-10-10T18:24:13+00:00,c4647ca1201e6768501877267ca8251b,2026-10-11T17:00:00Z,CIN @ MIA,MIA,CIN,Malik Willis,passY,fanatics,185.5,-120,-110
2026-10-10T18:24:13+00:00,c4647ca1201e6768501877267ca8251b,2026-10-11T17:00:00Z,CIN @ MIA,MIA,CIN,Greg Dulcich,recY,fanatics,25.5,-125,-120
2026-10-10T18:24:13+00:00,c4647ca1201e6768501877267ca8251b,2026-10-11T17:00:00Z,CIN @ MIA,MIA,CIN,Malik Washington,rec,fanatics,4.5,-120,-125
2026-10-10T18:24:13+00:00,c4647ca1201e6768501877267ca8251b,2026-10-11T17:00:00Z,CIN @ MIA,MIA,CIN,Ollie Gordon II,rushY,fanatics,45.5,-110,-135
2026-10-10T18:24:13+00:00,c4647ca1201e6768501877267ca8251b,2026-10-11T17:00:00Z,CIN @ MIA,MIA,CIN,Joe Burrow,passY,pick6,255.5,-137,-137
2026-10-10T18:24:13+00:00,c4647ca1201e6768501877267ca8251b,2026-10-11T17:00:00Z,CIN @ MIA,MIA,CIN,Malik Willis,passY,pick6,189.5,-137,-137
2026-10-10T18:24:13+00:00,c4647ca1201e6768501877267ca8251b,2026-10-11T17:00:00Z,CIN @ MIA,MIA,CIN,Greg Dulcich,recY,pick6,26.5,-137,-137
2026-10-10T18:24:13+00:00,c4647ca1201e6768501877267ca8251b,2026-10-11T17:00:00Z,CIN @ MIA,MIA,CIN,Chris Bell,recY,pick6,34.5,-137,-137
2026-10-10T18:24:13+00:00,c4647ca1201e6768501877267ca8251b,2026-10-11T17:00:00Z,CIN @ MIA,MIA,CIN,Kevin Coleman Jr.,recY,pick6,18.5,-137,-137
2026-10-10T18:24:13+00:00,c4647ca1201e6768501877267ca8251b,2026-10-11T17:00:00Z,CIN @ MIA,MIA,CIN,Malik Washington,recY,pick6,45.5,-137,-137
2026-10-10T18:24:13+00:00,c4647ca1201e6768501877267ca8251b,2026-10-11T17:00:00Z,CIN @ MIA,MIA,CIN,Ollie Gordon II,recY,pick6,9.5,-137,-137
2026-10-10T18:24:13+00:00,c4647ca1201e6768501877267ca8251b,2026-10-11T17:00:00Z,CIN @ MIA,MIA,CIN,Greg Dulcich,rec,pick6,2.5,,-137
2026-10-10T18:24:13+00:00,c4647ca1201e6768501877267ca8251b,2026-10-11T17:00:00Z,CIN @ MIA,MIA,CIN,Chris Bell,rec,pick6,2.5,-137,-137
2026-10-10T18:24:13+00:00,c4647ca1201e6768501877267ca8251b,2026-10-11T17:00:00Z,CIN @ MIA,MIA,CIN,Malik Washington,rec,pick6,4.5,-137,-137
2026-10-10T18:24:13+00:00,c4647ca1201e6768501877267ca8251b,2026-10-11T17:00:00Z,CIN @ MIA,MIA,CIN,Samaje Perine,rushY,pick6,14.5,-137,-137
2026-10-10T18:24:13+00:00,c4647ca1201e6768501877267ca8251b,2026-10-11T17:00:00Z,CIN @ MIA,MIA,CIN,Jaylen Wright,rushY,pick6,22.5,-137,-137
2026-10-10T18:24:13+00:00,c4647ca1201e6768501877267ca8251b,2026-10-11T17:00:00Z,CIN @ MIA,MIA,CIN,Ollie Gordon II,rushY,pick6,44.5,-137,-137
2026-10-10T18:24:13+00:00,c4647ca1201e6768501877267ca8251b,2026-10-11T17:00:00Z,CIN @ MIA,MIA,CIN,Malik Willis,rushY,pick6,31.5,-137,-137
2026-10-10T18:24:13+00:00,c4647ca1201e6768501877267ca8251b,2026-10-11T17:00:00Z,CIN @ MIA,MIA,CIN,Chase Brown,rushY,pick6,67.5,-137,-137
2026-10-10T18:24:13+00:00,c4647ca1201e6768501877267ca8251b,2026-10-11T17:00:00Z,CIN @ MIA,MIA,CIN,Joe Burrow,rushY,pick6,8.5,-137,-137
2026-10-10T18:24:13+00:00,9db4ed15fe34fca1fb62f040cd244591,2026-10-11T17:00:00Z,CLE @ NYJ,NYJ,CLE,Geno Smith,comp,draftkings,20.5,-101,-126
2026-10-10T18:24:13+00:00,9db4ed15fe34fca1fb62f040cd244591,2026-10-11T17:00:00Z,CLE @ NYJ,NYJ,CLE,Deshaun Watson,comp,draftkings,19.5,-119,-107
2026-10-10T18:24:13+00:00,9db4ed15fe34fca1fb62f040cd244591,2026-10-11T17:00:00Z,CLE @ NYJ,NYJ,CLE,Geno Smith,passY,draftkings,207.5,-111,-113
2026-10-10T18:24:13+00:00,9db4ed15fe34fca1fb62f040cd244591,2026-10-11T17:00:00Z,CLE @ NYJ,NYJ,CLE,Deshaun Watson,passY,draftkings,205.5,-112,-112
2026-10-10T18:24:13+00:00,9db4ed15fe34fca1fb62f040cd244591,2026-10-11T17:00:00Z,CLE @ NYJ,NYJ,CLE,Garrett Wilson,recY,draftkings,68.5,-111,-113
2026-10-10T18:24:13+00:00,9db4ed15fe34fca1fb62f040cd244591,2026-10-11T17:00:00Z,CLE @ NYJ,NYJ,CLE,Denzel Boston,recY,draftkings,47.5,-114,-110
2026-10-10T18:24:13+00:00,9db4ed15fe34fca1fb62f040cd244591,2026-10-11T17:00:00Z,CLE @ NYJ,NYJ,CLE,KC Concepcion,recY,draftkings,40.5,-111,-113
2026-10-10T18:24:13+00:00,9db4ed15fe34fca1fb62f040cd244591,2026-10-11T17:00:00Z,CLE @ NYJ,NYJ,CLE,Harold Fannin Jr.,recY,draftkings,36.5,-109,-115
2026-10-10T18:24:13+00:00,9db4ed15fe34fca1fb62f040cd244591,2026-10-11T17:00:00Z,CLE @ NYJ,NYJ,CLE,Kenyon Sadiq,recY,draftkings,30.5,-114,-110
2026-10-10T18:24:13+00:00,9db4ed15fe34fca1fb62f040cd244591,2026-10-11T17:00:00Z,CLE @ NYJ,NYJ,CLE,Isaiah Williams,recY,draftkings,22.5,-108,-116
2026-10-10T18:24:13+00:00,9db4ed15fe34fca1fb62f040cd244591,2026-10-11T17:00:00Z,CLE @ NYJ,NYJ,CLE,Quinshon Judkins,recY,draftkings,16.5,-107,-117
2026-10-10T18:24:13+00:00,9db4ed15fe34fca1fb62f040cd244591,2026-10-11T17:00:00Z,CLE @ NYJ,NYJ,CLE,Mason Taylor,recY,draftkings,14.5,-109,-115
2026-10-10T18:24:13+00:00,9db4ed15fe34fca1fb62f040cd244591,2026-10-11T17:00:00Z,CLE @ NYJ,NYJ,CLE,Jerry Jeudy,recY,draftkings,13.5,-114,-110
2026-10-10T18:24:13+00:00,9db4ed15fe34fca1fb62f040cd244591,2026-10-11T17:00:00Z,CLE @ NYJ,NYJ,CLE,Braelon Allen,recY,draftkings,13.5,-110,-114
2026-10-10T18:24:13+00:00,9db4ed15fe34fca1fb62f040cd244591,2026-10-11T17:00:00Z,CLE @ NYJ,NYJ,CLE,Raheim Sanders,recY,draftkings,13.5,-107,-117
2026-10-10T18:24:13+00:00,9db4ed15fe34fca1fb62f040cd244591,2026-10-11T17:00:00Z,CLE @ NYJ,NYJ,CLE,Garrett Wilson,rec,draftkings,5.5,-151,118
2026-10-10T18:24:13+00:00,9db4ed15fe34fca1fb62f040cd244591,2026-10-11T17:00:00Z,CLE @ NYJ,NYJ,CLE,KC Concepcion,rec,draftkings,4.5,104,-133
2026-10-10T18:24:13+00:00,9db4ed15fe34fca1fb62f040cd244591,2026-10-11T17:00:00Z,CLE @ NYJ,NYJ,CLE,Harold Fannin Jr.,rec,draftkings,4.5,105,-134
2026-10-10T18:24:13+00:00,9db4ed15fe34fca1fb62f040cd244591,2026-10-11T17:00:00Z,CLE @ NYJ,NYJ,CLE,Denzel Boston,rec,draftkings,3.5,108,-138
2026-10-10T18:24:13+00:00,9db4ed15fe34fca1fb62f040cd244591,2026-10-11T17:00:00Z,CLE @ NYJ,NYJ,CLE,Kenyon Sadiq,rec,draftkings,3.5,114,-145
2026-10-10T18:24:13+00:00,9db4ed15fe34fca1fb62f040cd244591,2026-10-11T17:00:00Z,CLE @ NYJ,NYJ,CLE,Quinshon Judkins,rec,draftkings,2.5,-129,101
2026-10-10T18:24:13+00:00,9db4ed15fe34fca1fb62f040cd244591,2026-10-11T17:00:00Z,CLE @ NYJ,NYJ,CLE,Braelon Allen,rec,draftkings,2.5,-110,-116
2026-10-10T18:24:13+00:00,9db4ed15fe34fca1fb62f040cd244591,2026-10-11T17:00:00Z,CLE @ NYJ,NYJ,CLE,Isaiah Williams,rec,draftkings,2.5,120,-153
2026-10-10T18:24:13+00:00,9db4ed15fe34fca1fb62f040cd244591,2026-10-11T17:00:00Z,CLE @ NYJ,NYJ,CLE,Raheim Sanders,rec,draftkings,2.5,143,-184
2026-10-10T18:24:13+00:00,9db4ed15fe34fca1fb62f040cd244591,2026-10-11T17:00:00Z,CLE @ NYJ,NYJ,CLE,Mason Taylor,rec,draftkings,1.5,-155,121
2026-10-10T18:24:13+00:00,9db4ed15fe34fca1fb62f040cd244591,2026-10-11T17:00:00Z,CLE @ NYJ,NYJ,CLE,Jerry Jeudy,rec,draftkings,1.5,100,-127
2026-10-10T18:24:13+00:00,9db4ed15fe34fca1fb62f040cd244591,2026-10-11T17:00:00Z,CLE @ NYJ,NYJ,CLE,Braelon Allen,rushY,draftkings,71.5,-110,-114
2026-10-10T18:24:13+00:00,9db4ed15fe34fca1fb62f040cd244591,2026-10-11T17:00:00Z,CLE @ NYJ,NYJ,CLE,Quinshon Judkins,rushY,draftkings,60.5,-110,-114
2026-10-10T18:24:13+00:00,9db4ed15fe34fca1fb62f040cd244591,2026-10-11T17:00:00Z,CLE @ NYJ,NYJ,CLE,Deshaun Watson,rushY,draftkings,25.5,-117,-107
2026-10-10T18:24:13+00:00,9db4ed15fe34fca1fb62f040cd244591,2026-10-11T17:00:00Z,CLE @ NYJ,NYJ,CLE,Isaiah Davis,rushY,draftkings,12.5,-110,-114
2026-10-10T18:24:13+00:00,9db4ed15fe34fca1fb62f040cd244591,2026-10-11T17:00:00Z,CLE @ NYJ,NYJ,CLE,Geno Smith,rushY,draftkings,10.5,-105,-119
2026-10-10T18:24:13+00:00,9db4ed15fe34fca1fb62f040cd244591,2026-10-11T17:00:00Z,CLE @ NYJ,NYJ,CLE,Maliek Collins,sacks,draftkings,0.25,118,-149
2026-10-10T18:24:13+00:00,9db4ed15fe34fca1fb62f040cd244591,2026-10-11T17:00:00Z,CLE @ NYJ,NYJ,CLE,David Bailey,sacks,draftkings,0.25,140,-178
2026-10-10T18:24:13+00:00,9db4ed15fe34fca1fb62f040cd244591,2026-10-11T17:00:00Z,CLE @ NYJ,NYJ,CLE,Isaiah McGuire,sacks,draftkings,0.25,145,-184
2026-10-10T18:24:13+00:00,9db4ed15fe34fca1fb62f040cd244591,2026-10-11T17:00:00Z,CLE @ NYJ,NYJ,CLE,Jared Verse,sacks,draftkings,0.25,171,-220
2026-10-10T18:24:13+00:00,9db4ed15fe34fca1fb62f040cd244591,2026-10-11T17:00:00Z,CLE @ NYJ,NYJ,CLE,Geno Smith,passY,fanduel,206.5,-113,-113
2026-10-10T18:24:13+00:00,9db4ed15fe34fca1fb62f040cd244591,2026-10-11T17:00:00Z,CLE @ NYJ,NYJ,CLE,Deshaun Watson,passY,fanduel,200.5,-113,-113
2026-10-10T18:24:13+00:00,9db4ed15fe34fca1fb62f040cd244591,2026-10-11T17:00:00Z,CLE @ NYJ,NYJ,CLE,Garrett Wilson,recY,fanduel,68.5,-113,-113
2026-10-10T18:24:13+00:00,9db4ed15fe34fca1fb62f040cd244591,2026-10-11T17:00:00Z,CLE @ NYJ,NYJ,CLE,Braelon Allen,recY,fanduel,13.5,-113,-113
2026-10-10T18:24:13+00:00,9db4ed15fe34fca1fb62f040cd244591,2026-10-11T17:00:00Z,CLE @ NYJ,NYJ,CLE,Jerry Jeudy,recY,fanduel,14.5,-113,-113
2026-10-10T18:24:13+00:00,9db4ed15fe34fca1fb62f040cd244591,2026-10-11T17:00:00Z,CLE @ NYJ,NYJ,CLE,Harold Fannin Jr.,recY,fanduel,35.5,-113,-113
2026-10-10T18:24:13+00:00,9db4ed15fe34fca1fb62f040cd244591,2026-10-11T17:00:00Z,CLE @ NYJ,NYJ,CLE,Mason Taylor,recY,fanduel,13.5,-113,-113
2026-10-10T18:24:13+00:00,9db4ed15fe34fca1fb62f040cd244591,2026-10-11T17:00:00Z,CLE @ NYJ,NYJ,CLE,Raheim Sanders,recY,fanduel,12.5,-113,-113
2026-10-10T18:24:13+00:00,9db4ed15fe34fca1fb62f040cd244591,2026-10-11T17:00:00Z,CLE @ NYJ,NYJ,CLE,Quinshon Judkins,recY,fanduel,15.5,-113,-113
2026-10-10T18:24:13+00:00,9db4ed15fe34fca1fb62f040cd244591,2026-10-11T17:00:00Z,CLE @ NYJ,NYJ,CLE,KC Concepcion,recY,fanduel,38.5,-113,-113
2026-10-10T18:24:13+00:00,9db4ed15fe34fca1fb62f040cd244591,2026-10-11T17:00:00Z,CLE @ NYJ,NYJ,CLE,Denzel Boston,recY,fanduel,47.5,-113,-113
2026-10-10T18:24:13+00:00,9db4ed15fe34fca1fb62f040cd244591,2026-10-11T17:00:00Z,CLE @ NYJ,NYJ,CLE,Kenyon Sadiq,recY,fanduel,30.5,-113,-113
2026-10-10T18:24:13+00:00,9db4ed15fe34fca1fb62f040cd244591,2026-10-11T17:00:00Z,CLE @ NYJ,NYJ,CLE,Isaiah Williams,recY,fanduel,23.5,-113,-113
2026-10-10T18:24:13+00:00,9db4ed15fe34fca1fb62f040cd244591,2026-10-11T17:00:00Z,CLE @ NYJ,NYJ,CLE,Mason Taylor,rec,fanduel,1.5,-154,116
2026-10-10T18:24:13+00:00,9db4ed15fe34fca1fb62f040cd244591,2026-10-11T17:00:00Z,CLE @ NYJ,NYJ,CLE,Quinshon Judkins,rec,fanduel,2.5,-136,102
2026-10-10T18:24:13+00:00,9db4ed15fe34fca1fb62f040cd244591,2026-10-11T17:00:00Z,CLE @ NYJ,NYJ,CLE,Garrett Wilson,rec,fanduel,6.5,120,-160
2026-10-10T18:24:13+00:00,9db4ed15fe34fca1fb62f040cd244591,2026-10-11T17:00:00Z,CLE @ NYJ,NYJ,CLE,Jerry Jeudy,rec,fanduel,1.5,-106,-125
2026-10-10T18:24:13+00:00,9db4ed15fe34fca1fb62f040cd244591,2026-10-11T17:00:00Z,CLE @ NYJ,NYJ,CLE,Raheim Sanders,rec,fanduel,1.5,-210,154
2026-10-10T18:24:13+00:00,9db4ed15fe34fca1fb62f040cd244591,2026-10-11T17:00:00Z,CLE @ NYJ,NYJ,CLE,Isaiah Williams,rec,fanduel,2.5,102,-136
2026-10-10T18:24:13+00:00,9db4ed15fe34fca1fb62f040cd244591,2026-10-11T17:00:00Z,CLE @ NYJ,NYJ,CLE,Kenyon Sadiq,rec,fanduel,3.5,116,-154
2026-10-10T18:24:13+00:00,9db4ed15fe34fca1fb62f040cd244591,2026-10-11T17:00:00Z,CLE @ NYJ,NYJ,CLE,Harold Fannin Jr.,rec,fanduel,4.5,118,-158
2026-10-10T18:24:13+00:00,9db4ed15fe34fca1fb62f040cd244591,2026-10-11T17:00:00Z,CLE @ NYJ,NYJ,CLE,Denzel Boston,rec,fanduel,3.5,108,-144
2026-10-10T18:24:13+00:00,9db4ed15fe34fca1fb62f040cd244591,2026-10-11T17:00:00Z,CLE @ NYJ,NYJ,CLE,Braelon Allen,rec,fanduel,2.5,-102,-130
2026-10-10T18:24:13+00:00,9db4ed15fe34fca1fb62f040cd244591,2026-10-11T17:00:00Z,CLE @ NYJ,NYJ,CLE,KC Concepcion,rec,fanduel,4.5,116,-154
2026-10-10T18:24:13+00:00,9db4ed15fe34fca1fb62f040cd244591,2026-10-11T17:00:00Z,CLE @ NYJ,NYJ,CLE,Geno Smith,rushY,fanduel,10.5,-113,-113
2026-10-10T18:24:13+00:00,9db4ed15fe34fca1fb62f040cd244591,2026-10-11T17:00:00Z,CLE @ NYJ,NYJ,CLE,Deshaun Watson,rushY,fanduel,26.5,-113,-113
2026-10-10T18:24:13+00:00,9db4ed15fe34fca1fb62f040cd244591,2026-10-11T17:00:00Z,CLE @ NYJ,NYJ,CLE,Isaiah Davis,rushY,fanduel,11.5,-113,-113
2026-10-10T18:24:13+00:00,9db4ed15fe34fca1fb62f040cd244591,2026-10-11T17:00:00Z,CLE @ NYJ,NYJ,CLE,Braelon Allen,rushY,fanduel,71.5,-113,-113
2026-10-10T18:24:13+00:00,9db4ed15fe34fca1fb62f040cd244591,2026-10-11T17:00:00Z,CLE @ NYJ,NYJ,CLE,Quinshon Judkins,rushY,fanduel,59.5,-113,-113
2026-10-10T18:24:13+00:00,9db4ed15fe34fca1fb62f040cd244591,2026-10-11T17:00:00Z,CLE @ NYJ,NYJ,CLE,Jared Verse,sacks,fanduel,0.5,-102,
2026-10-10T18:24:13+00:00,9db4ed15fe34fca1fb62f040cd244591,2026-10-11T17:00:00Z,CLE @ NYJ,NYJ,CLE,Will McDonald IV,sacks,fanduel,0.5,106,
2026-10-10T18:24:13+00:00,9db4ed15fe34fca1fb62f040cd244591,2026-10-11T17:00:00Z,CLE @ NYJ,NYJ,CLE,Maliek Collins,sacks,fanduel,0.5,116,
2026-10-10T18:24:13+00:00,9db4ed15fe34fca1fb62f040cd244591,2026-10-11T17:00:00Z,CLE @ NYJ,NYJ,CLE,David Bailey,sacks,fanduel,0.5,146,
2026-10-10T18:24:13+00:00,9db4ed15fe34fca1fb62f040cd244591,2026-10-11T17:00:00Z,CLE @ NYJ,NYJ,CLE,Isaiah McGuire,sacks,fanduel,0.5,178,
2026-10-10T18:24:13+00:00,9db4ed15fe34fca1fb62f040cd244591,2026-10-11T17:00:00Z,CLE @ NYJ,NYJ,CLE,Kingsley Enagbare,sacks,fanduel,0.5,270,
2026-10-10T18:24:13+00:00,9db4ed15fe34fca1fb62f040cd244591,2026-10-11T17:00:00Z,CLE @ NYJ,NYJ,CLE,Derek Barnett,sacks,fanduel,0.5,270,
2026-10-10T18:24:13+00:00,9db4ed15fe34fca1fb62f040cd244591,2026-10-11T17:00:00Z,CLE @ NYJ,NYJ,CLE,Carson Schwesinger,sacks,fanduel,0.5,390,
2026-10-10T18:24:13+00:00,9db4ed15fe34fca1fb62f040cd244591,2026-10-11T17:00:00Z,CLE @ NYJ,NYJ,CLE,Geno Smith,comp,betrivers,20.5,102,
2026-10-10T18:24:13+00:00,9db4ed15fe34fca1fb62f040cd244591,2026-10-11T17:00:00Z,CLE @ NYJ,NYJ,CLE,Deshaun Watson,comp,betrivers,19.5,-118,
2026-10-10T18:24:13+00:00,9db4ed15fe34fca1fb62f040cd244591,2026-10-11T17:00:00Z,CLE @ NYJ,NYJ,CLE,Geno Smith,passY,betrivers,201.5,-115,-115
2026-10-10T18:24:13+00:00,9db4ed15fe34fca1fb62f040cd244591,2026-10-11T17:00:00Z,CLE @ NYJ,NYJ,CLE,Deshaun Watson,passY,betrivers,198.5,-115,-115
2026-10-10T18:24:13+00:00,9db4ed15fe34fca1fb62f040cd244591,2026-10-11T17:00:00Z,CLE @ NYJ,NYJ,CLE,Braelon Allen,recY,betrivers,12.5,-115,-115
2026-10-10T18:24:13+00:00,9db4ed15fe34fca1fb62f040cd244591,2026-10-11T17:00:00Z,CLE @ NYJ,NYJ,CLE,Isaiah Williams,recY,betrivers,21.5,-117,-114
2026-10-10T18:24:13+00:00,9db4ed15fe34fca1fb62f040cd244591,2026-10-11T17:00:00Z,CLE @ NYJ,NYJ,CLE,Jerry Jeudy,recY,betrivers,14.5,-115,-115
2026-10-10T18:24:13+00:00,9db4ed15fe34fca1fb62f040cd244591,2026-10-11T17:00:00Z,CLE @ NYJ,NYJ,CLE,Quinshon Judkins,recY,betrivers,14.5,-112,-120
2026-10-10T18:24:13+00:00,9db4ed15fe34fca1fb62f040cd244591,2026-10-11T17:00:00Z,CLE @ NYJ,NYJ,CLE,Raheim Sanders,recY,betrivers,11.5,-117,-114
2026-10-10T18:24:13+00:00,9db4ed15fe34fca1fb62f040cd244591,2026-10-11T17:00:00Z,CLE @ NYJ,NYJ,CLE,Mason Taylor,recY,betrivers,13.5,-117,-114
2026-10-10T18:24:13+00:00,9db4ed15fe34fca1fb62f040cd244591,2026-10-11T17:00:00Z,CLE @ NYJ,NYJ,CLE,Garrett Wilson,recY,betrivers,69.5,-114,-117
2026-10-10T18:24:13+00:00,9db4ed15fe34fca1fb62f040cd244591,2026-10-11T17:00:00Z,CLE @ NYJ,NYJ,CLE,Kenyon Sadiq,recY,betrivers,30.5,-118,-113
2026-10-10T18:24:13+00:00,9db4ed15fe34fca1fb62f040cd244591,2026-10-11T17:00:00Z,CLE @ NYJ,NYJ,CLE,KC Concepcion,recY,betrivers,41.5,-113,-118
2026-10-10T18:24:13+00:00,9db4ed15fe34fca1fb62f040cd244591,2026-10-11T17:00:00Z,CLE @ NYJ,NYJ,CLE,Denzel Boston,recY,betrivers,49.5,-113,-118
2026-10-10T18:24:13+00:00,9db4ed15fe34fca1fb62f040cd244591,2026-10-11T17:00:00Z,CLE @ NYJ,NYJ,CLE,Harold Fannin Jr.,recY,betrivers,37.5,-113,-118
2026-10-10T18:24:13+00:00,9db4ed15fe34fca1fb62f040cd244591,2026-10-11T17:00:00Z,CLE @ NYJ,NYJ,CLE,Isaiah Williams,rec,betrivers,2.5,112,
2026-10-10T18:24:13+00:00,9db4ed15fe34fca1fb62f040cd244591,2026-10-11T17:00:00Z,CLE @ NYJ,NYJ,CLE,Quinshon Judkins,rec,betrivers,2.5,-129,
2026-10-10T18:24:13+00:00,9db4ed15fe34fca1fb62f040cd244591,2026-10-11T17:00:00Z,CLE @ NYJ,NYJ,CLE,Mason Taylor,rec,betrivers,1.5,-150,
2026-10-10T18:24:13+00:00,9db4ed15fe34fca1fb62f040cd244591,2026-10-11T17:00:00Z,CLE @ NYJ,NYJ,CLE,Braelon Allen,rec,betrivers,2.5,-104,
2026-10-10T18:24:13+00:00,9db4ed15fe34fca1fb62f040cd244591,2026-10-11T17:00:00Z,CLE @ NYJ,NYJ,CLE,Jerry Jeudy,rec,betrivers,1.5,108,
2026-10-10T18:24:13+00:00,9db4ed15fe34fca1fb62f040cd244591,2026-10-11T17:00:00Z,CLE @ NYJ,NYJ,CLE,Kenyon Sadiq,rec,betrivers,3.5,-109,
2026-10-10T18:24:13+00:00,9db4ed15fe34fca1fb62f040cd244591,2026-10-11T17:00:00Z,CLE @ NYJ,NYJ,CLE,Raheim Sanders,rec,betrivers,1.5,-180,
2026-10-10T18:24:13+00:00,9db4ed15fe34fca1fb62f040cd244591,2026-10-11T17:00:00Z,CLE @ NYJ,NYJ,CLE,Garrett Wilson,rec,betrivers,6.5,115,
2026-10-10T18:24:13+00:00,9db4ed15fe34fca1fb62f040cd244591,2026-10-11T17:00:00Z,CLE @ NYJ,NYJ,CLE,Denzel Boston,rec,betrivers,3.5,-103,
2026-10-10T18:24:13+00:00,9db4ed15fe34fca1fb62f040cd244591,2026-10-11T17:00:00Z,CLE @ NYJ,NYJ,CLE,Harold Fannin Jr.,rec,betrivers,4.5,110,
2026-10-10T18:24:13+00:00,9db4ed15fe34fca1fb62f040cd244591,2026-10-11T17:00:00Z,CLE @ NYJ,NYJ,CLE,KC Concepcion,rec,betrivers,4.5,116,
2026-10-10T18:24:13+00:00,9db4ed15fe34fca1fb62f040cd244591,2026-10-11T17:00:00Z,CLE @ NYJ,NYJ,CLE,Geno Smith,rushY,betrivers,10.5,-120,-110
2026-10-10T18:24:13+00:00,9db4ed15fe34fca1fb62f040cd244591,2026-10-11T17:00:00Z,CLE @ NYJ,NYJ,CLE,Isaiah Davis,rushY,betrivers,11.5,-115,-115
2026-10-10T18:24:13+00:00,9db4ed15fe34fca1fb62f040cd244591,2026-10-11T17:00:00Z,CLE @ NYJ,NYJ,CLE,Quinshon Judkins,rushY,betrivers,60.5,-113,-118
2026-10-10T18:24:13+00:00,9db4ed15fe34fca1fb62f040cd244591,2026-10-11T17:00:00Z,CLE @ NYJ,NYJ,CLE,Braelon Allen,rushY,betrivers,71.5,-113,-118
2026-10-10T18:24:13+00:00,9db4ed15fe34fca1fb62f040cd244591,2026-10-11T17:00:00Z,CLE @ NYJ,NYJ,CLE,Deshaun Watson,rushY,betrivers,25.5,-118,-112
2026-10-10T18:24:13+00:00,9db4ed15fe34fca1fb62f040cd244591,2026-10-11T17:00:00Z,CLE @ NYJ,NYJ,CLE,Geno Smith,comp,prizepicks,20.0,-137,-137
2026-10-10T18:24:13+00:00,9db4ed15fe34fca1fb62f040cd244591,2026-10-11T17:00:00Z,CLE @ NYJ,NYJ,CLE,Deshaun Watson,comp,prizepicks,19.5,-137,-137
2026-10-10T18:24:13+00:00,9db4ed15fe34fca1fb62f040cd244591,2026-10-11T17:00:00Z,CLE @ NYJ,NYJ,CLE,Geno Smith,passY,prizepicks,206.5,-137,-137
2026-10-10T18:24:13+00:00,9db4ed15fe34fca1fb62f040cd244591,2026-10-11T17:00:00Z,CLE @ NYJ,NYJ,CLE,Deshaun Watson,passY,prizepicks,203.5,-137,-137
2026-10-10T18:24:13+00:00,9db4ed15fe34fca1fb62f040cd244591,2026-10-11T17:00:00Z,CLE @ NYJ,NYJ,CLE,Garrett Wilson,recY,prizepicks,69.5,-137,-137
2026-10-10T18:24:13+00:00,9db4ed15fe34fca1fb62f040cd244591,2026-10-11T17:00:00Z,CLE @ NYJ,NYJ,CLE,Denzel Boston,recY,prizepicks,47.5,-137,-137
2026-10-10T18:24:13+00:00,9db4ed15fe34fca1fb62f040cd244591,2026-10-11T17:00:00Z,CLE @ NYJ,NYJ,CLE,KC Concepcion,recY,prizepicks,40.5,-137,-137
2026-10-10T18:24:13+00:00,9db4ed15fe34fca1fb62f040cd244591,2026-10-11T17:00:00Z,CLE @ NYJ,NYJ,CLE,Harold Fannin Jr.,recY,prizepicks,36.5,-137,-137
2026-10-10T18:24:13+00:00,9db4ed15fe34fca1fb62f040cd244591,2026-10-11T17:00:00Z,CLE @ NYJ,NYJ,CLE,Kenyon Sadiq,recY,prizepicks,30.5,-137,-137
2026-10-10T18:24:13+00:00,9db4ed15fe34fca1fb62f040cd244591,2026-10-11T17:00:00Z,CLE @ NYJ,NYJ,CLE,Isaiah Williams,recY,prizepicks,22.5,-137,-137
2026-10-10T18:24:13+00:00,9db4ed15fe34fca1fb62f040cd244591,2026-10-11T17:00:00Z,CLE @ NYJ,NYJ,CLE,Quinshon Judkins,recY,prizepicks,15.5,-137,-137
2026-10-10T18:24:13+00:00,9db4ed15fe34fca1fb62f040cd244591,2026-10-11T17:00:00Z,CLE @ NYJ,NYJ,CLE,Jerry Jeudy,recY,prizepicks,14.5,-137,-137
2026-10-10T18:24:13+00:00,9db4ed15fe34fca1fb62f040cd244591,2026-10-11T17:00:00Z,CLE @ NYJ,NYJ,CLE,Braelon Allen,recY,prizepicks,13.5,-137,-137
2026-10-10T18:24:13+00:00,9db4ed15fe34fca1fb62f040cd244591,2026-10-11T17:00:00Z,CLE @ NYJ,NYJ,CLE,Mason Taylor,recY,prizepicks,13.5,-137,-137
2026-10-10T18:24:13+00:00,9db4ed15fe34fca1fb62f040cd244591,2026-10-11T17:00:00Z,CLE @ NYJ,NYJ,CLE,Raheim Sanders,recY,prizepicks,11.5,-137,-137
2026-10-10T18:24:13+00:00,9db4ed15fe34fca1fb62f040cd244591,2026-10-11T17:00:00Z,CLE @ NYJ,NYJ,CLE,Sterling Shepard,recY,prizepicks,7.5,-137,-137
2026-10-10T18:24:13+00:00,9db4ed15fe34fca1fb62f040cd244591,2026-10-11T17:00:00Z,CLE @ NYJ,NYJ,CLE,Garrett Wilson,rec,prizepicks,6.0,-137,-137
2026-10-10T18:24:13+00:00,9db4ed15fe34fca1fb62f040cd244591,2026-10-11T17:00:00Z,CLE @ NYJ,NYJ,CLE,Harold Fannin Jr.,rec,prizepicks,4.0,-137,-137
2026-10-10T18:24:13+00:00,9db4ed15fe34fca1fb62f040cd244591,2026-10-11T17:00:00Z,CLE @ NYJ,NYJ,CLE,Braelon Allen,rec,prizepicks,2.5,-137,-137
2026-10-10T18:24:13+00:00,9db4ed15fe34fca1fb62f040cd244591,2026-10-11T17:00:00Z,CLE @ NYJ,NYJ,CLE,Raheim Sanders,rec,prizepicks,2.0,-137,-137
2026-10-10T18:24:13+00:00,9db4ed15fe34fca1fb62f040cd244591,2026-10-11T17:00:00Z,CLE @ NYJ,NYJ,CLE,Braelon Allen,rushY,prizepicks,71.5,-137,-137
2026-10-10T18:24:13+00:00,9db4ed15fe34fca1fb62f040cd244591,2026-10-11T17:00:00Z,CLE @ NYJ,NYJ,CLE,Quinshon Judkins,rushY,prizepicks,59.5,-137,-137
2026-10-10T18:24:13+00:00,9db4ed15fe34fca1fb62f040cd244591,2026-10-11T17:00:00Z,CLE @ NYJ,NYJ,CLE,Deshaun Watson,rushY,prizepicks,26.5,-137,-137
2026-10-10T18:24:13+00:00,9db4ed15fe34fca1fb62f040cd244591,2026-10-11T17:00:00Z,CLE @ NYJ,NYJ,CLE,Isaiah Davis,rushY,prizepicks,11.5,-137,-137
2026-10-10T18:24:13+00:00,9db4ed15fe34fca1fb62f040cd244591,2026-10-11T17:00:00Z,CLE @ NYJ,NYJ,CLE,Geno Smith,rushY,prizepicks,10.5,-137,-137
2026-10-10T18:24:13+00:00,9db4ed15fe34fca1fb62f040cd244591,2026-10-11T17:00:00Z,CLE @ NYJ,NYJ,CLE,Raheim Sanders,rushY,prizepicks,4.5,-137,-137
2026-10-10T18:24:13+00:00,9db4ed15fe34fca1fb62f040cd244591,2026-10-11T17:00:00Z,CLE @ NYJ,NYJ,CLE,Deshaun Watson,comp,betmgm,19.5,100,-135
2026-10-10T18:24:13+00:00,9db4ed15fe34fca1fb62f040cd244591,2026-10-11T17:00:00Z,CLE @ NYJ,NYJ,CLE,Geno Smith,comp,betmgm,19.5,-120,-110
2026-10-10T18:24:13+00:00,9db4ed15fe34fca1fb62f040cd244591,2026-10-11T17:00:00Z,CLE @ NYJ,NYJ,CLE,Geno Smith,passY,betmgm,203.5,-115,-115
2026-10-10T18:24:13+00:00,9db4ed15fe34fca1fb62f040cd244591,2026-10-11T17:00:00Z,CLE @ NYJ,NYJ,CLE,Deshaun Watson,passY,betmgm,194.5,-135,100
2026-10-10T18:24:13+00:00,9db4ed15fe34fca1fb62f040cd244591,2026-10-11T17:00:00Z,CLE @ NYJ,NYJ,CLE,Garrett Wilson,recY,betmgm,69.5,-115,-115
2026-10-10T18:24:13+00:00,9db4ed15fe34fca1fb62f040cd244591,2026-10-11T17:00:00Z,CLE @ NYJ,NYJ,CLE,Raheim Sanders,recY,betmgm,11.5,-115,-115
2026-10-10T18:24:13+00:00,9db4ed15fe34fca1fb62f040cd244591,2026-10-11T17:00:00Z,CLE @ NYJ,NYJ,CLE,Jerry Jeudy,recY,betmgm,14.5,-115,-115
2026-10-10T18:24:13+00:00,9db4ed15fe34fca1fb62f040cd244591,2026-10-11T17:00:00Z,CLE @ NYJ,NYJ,CLE,Quinshon Judkins,recY,betmgm,15.5,-115,-115
2026-10-10T18:24:13+00:00,9db4ed15fe34fca1fb62f040cd244591,2026-10-11T17:00:00Z,CLE @ NYJ,NYJ,CLE,Mason Taylor,recY,betmgm,13.5,-115,-115
2026-10-10T18:24:13+00:00,9db4ed15fe34fca1fb62f040cd244591,2026-10-11T17:00:00Z,CLE @ NYJ,NYJ,CLE,Isaiah Williams,recY,betmgm,21.5,-111,-118
2026-10-10T18:24:13+00:00,9db4ed15fe34fca1fb62f040cd244591,2026-10-11T17:00:00Z,CLE @ NYJ,NYJ,CLE,KC Concepcion,recY,betmgm,40.5,-115,-115
2026-10-10T18:24:13+00:00,9db4ed15fe34fca1fb62f040cd244591,2026-10-11T17:00:00Z,CLE @ NYJ,NYJ,CLE,Braelon Allen,recY,betmgm,15.5,-120,-110
2026-10-10T18:24:13+00:00,9db4ed15fe34fca1fb62f040cd244591,2026-10-11T17:00:00Z,CLE @ NYJ,NYJ,CLE,Denzel Boston,recY,betmgm,43.5,-115,-115
2026-10-10T18:24:13+00:00,9db4ed15fe34fca1fb62f040cd244591,2026-10-11T17:00:00Z,CLE @ NYJ,NYJ,CLE,Kenyon Sadiq,recY,betmgm,32.5,100,-135
2026-10-10T18:24:13+00:00,9db4ed15fe34fca1fb62f040cd244591,2026-10-11T17:00:00Z,CLE @ NYJ,NYJ,CLE,Harold Fannin Jr.,recY,betmgm,34.5,-120,-111
2026-10-10T18:24:13+00:00,9db4ed15fe34fca1fb62f040cd244591,2026-10-11T17:00:00Z,CLE @ NYJ,NYJ,CLE,Garrett Wilson,rec,betmgm,5.5,-140,105
2026-10-10T18:24:13+00:00,9db4ed15fe34fca1fb62f040cd244591,2026-10-11T17:00:00Z,CLE @ NYJ,NYJ,CLE,Raheim Sanders,rec,betmgm,1.5,-165,125
2026-10-10T18:24:13+00:00,9db4ed15fe34fca1fb62f040cd244591,2026-10-11T17:00:00Z,CLE @ NYJ,NYJ,CLE,Braelon Allen,rec,betmgm,2.5,100,-135
2026-10-10T18:24:13+00:00,9db4ed15fe34fca1fb62f040cd244591,2026-10-11T17:00:00Z,CLE @ NYJ,NYJ,CLE,Harold Fannin Jr.,rec,betmgm,3.5,-165,125
2026-10-10T18:24:13+00:00,9db4ed15fe34fca1fb62f040cd244591,2026-10-11T17:00:00Z,CLE @ NYJ,NYJ,CLE,Denzel Boston,rec,betmgm,3.5,105,-140
2026-10-10T18:24:13+00:00,9db4ed15fe34fca1fb62f040cd244591,2026-10-11T17:00:00Z,CLE @ NYJ,NYJ,CLE,KC Concepcion,rec,betmgm,4.5,100,-135
2026-10-10T18:24:13+00:00,9db4ed15fe34fca1fb62f040cd244591,2026-10-11T17:00:00Z,CLE @ NYJ,NYJ,CLE,Quinshon Judkins,rec,betmgm,2.5,-135,100
2026-10-10T18:24:13+00:00,9db4ed15fe34fca1fb62f040cd244591,2026-10-11T17:00:00Z,CLE @ NYJ,NYJ,CLE,Jerry Jeudy,rec,betmgm,1.5,105,-140
2026-10-10T18:24:13+00:00,9db4ed15fe34fca1fb62f040cd244591,2026-10-11T17:00:00Z,CLE @ NYJ,NYJ,CLE,Kenyon Sadiq,rec,betmgm,3.5,105,-140
2026-10-10T18:24:13+00:00,9db4ed15fe34fca1fb62f040cd244591,2026-10-11T17:00:00Z,CLE @ NYJ,NYJ,CLE,Mason Taylor,rec,betmgm,1.5,-155,115
2026-10-10T18:24:13+00:00,9db4ed15fe34fca1fb62f040cd244591,2026-10-11T17:00:00Z,CLE @ NYJ,NYJ,CLE,Isaiah Williams,rec,betmgm,2.5,-105,-125
2026-10-10T18:24:13+00:00,9db4ed15fe34fca1fb62f040cd244591,2026-10-11T17:00:00Z,CLE @ NYJ,NYJ,CLE,Quinshon Judkins,rushY,betmgm,58.5,-115,-115
2026-10-10T18:24:13+00:00,9db4ed15fe34fca1fb62f040cd244591,2026-10-11T17:00:00Z,CLE @ NYJ,NYJ,CLE,Braelon Allen,rushY,betmgm,71.5,-115,-115
2026-10-10T18:24:13+00:00,9db4ed15fe34fca1fb62f040cd244591,2026-10-11T17:00:00Z,CLE @ NYJ,NYJ,CLE,Geno Smith,rushY,betmgm,10.5,-111,-118
2026-10-10T18:24:13+00:00,9db4ed15fe34fca1fb62f040cd244591,2026-10-11T17:00:00Z,CLE @ NYJ,NYJ,CLE,Isaiah Davis,rushY,betmgm,11.5,-120,-110
2026-10-10T18:24:13+00:00,9db4ed15fe34fca1fb62f040cd244591,2026-10-11T17:00:00Z,CLE @ NYJ,NYJ,CLE,Deshaun Watson,comp,espnbet,19.5,-120,-110
2026-10-10T18:24:13+00:00,9db4ed15fe34fca1fb62f040cd244591,2026-10-11T17:00:00Z,CLE @ NYJ,NYJ,CLE,Elerson G. Smith,comp,espnbet,20.5,100,-130
2026-10-10T18:24:13+00:00,9db4ed15fe34fca1fb62f040cd244591,2026-10-11T17:00:00Z,CLE @ NYJ,NYJ,CLE,Elerson G. Smith,passY,espnbet,204.5,-115,-115
2026-10-10T18:24:13+00:00,9db4ed15fe34fca1fb62f040cd244591,2026-10-11T17:00:00Z,CLE @ NYJ,NYJ,CLE,Deshaun Watson,passY,espnbet,204.5,-115,-115
2026-10-10T18:24:13+00:00,9db4ed15fe34fca1fb62f040cd244591,2026-10-11T17:00:00Z,CLE @ NYJ,NYJ,CLE,Garrett Wilson,recY,espnbet,64.5,-130,100
2026-10-10T18:24:13+00:00,9db4ed15fe34fca1fb62f040cd244591,2026-10-11T17:00:00Z,CLE @ NYJ,NYJ,CLE,Denzel Boston,recY,espnbet,49.5,-105,-125
2026-10-10T18:24:13+00:00,9db4ed15fe34fca1fb62f040cd244591,2026-10-11T17:00:00Z,CLE @ NYJ,NYJ,CLE,KC Concepcion,recY,espnbet,39.5,-120,-110
2026-10-10T18:24:13+00:00,9db4ed15fe34fca1fb62f040cd244591,2026-10-11T17:00:00Z,CLE @ NYJ,NYJ,CLE,Harold Fannin Jr.,recY,espnbet,35.5,-115,-115
2026-10-10T18:24:13+00:00,9db4ed15fe34fca1fb62f040cd244591,2026-10-11T17:00:00Z,CLE @ NYJ,NYJ,CLE,Kenyon Sadiq,recY,espnbet,31.5,-110,-120
2026-10-10T18:24:13+00:00,9db4ed15fe34fca1fb62f040cd244591,2026-10-11T17:00:00Z,CLE @ NYJ,NYJ,CLE,Jerry Jeudy,recY,espnbet,14.5,-105,-125
2026-10-10T18:24:13+00:00,9db4ed15fe34fca1fb62f040cd244591,2026-10-11T17:00:00Z,CLE @ NYJ,NYJ,CLE,Quinshon Judkins,recY,espnbet,15.5,-120,-110
2026-10-10T18:24:13+00:00,9db4ed15fe34fca1fb62f040cd244591,2026-10-11T17:00:00Z,CLE @ NYJ,NYJ,CLE,Braelon Allen,recY,espnbet,14.5,100,-130
2026-10-10T18:24:13+00:00,9db4ed15fe34fca1fb62f040cd244591,2026-10-11T17:00:00Z,CLE @ NYJ,NYJ,CLE,Malik Taylor,recY,espnbet,13.5,-130,100
2026-10-10T18:24:13+00:00,9db4ed15fe34fca1fb62f040cd244591,2026-10-11T17:00:00Z,CLE @ NYJ,NYJ,CLE,Raheim Sanders,recY,espnbet,12.5,-120,-110
2026-10-10T18:24:13+00:00,9db4ed15fe34fca1fb62f040cd244591,2026-10-11T17:00:00Z,CLE @ NYJ,NYJ,CLE,Garrett Wilson,rec,espnbet,5.5,-150,115
2026-10-10T18:24:13+00:00,9db4ed15fe34fca1fb62f040cd244591,2026-10-11T17:00:00Z,CLE @ NYJ,NYJ,CLE,Harold Fannin Jr.,rec,espnbet,4.5,105,-135
2026-10-10T18:24:13+00:00,9db4ed15fe34fca1fb62f040cd244591,2026-10-11T17:00:00Z,CLE @ NYJ,NYJ,CLE,KC Concepcion,rec,espnbet,4.5,105,-135
2026-10-10T18:24:13+00:00,9db4ed15fe34fca1fb62f040cd244591,2026-10-11T17:00:00Z,CLE @ NYJ,NYJ,CLE,Quinshon Judkins,rec,espnbet,2.5,-125,-105
2026-10-10T18:24:13+00:00,9db4ed15fe34fca1fb62f040cd244591,2026-10-11T17:00:00Z,CLE @ NYJ,NYJ,CLE,Kenyon Sadiq,rec,espnbet,3.5,110,-140
2026-10-10T18:24:13+00:00,9db4ed15fe34fca1fb62f040cd244591,2026-10-11T17:00:00Z,CLE @ NYJ,NYJ,CLE,Denzel Boston,rec,espnbet,3.5,110,-140
2026-10-10T18:24:13+00:00,9db4ed15fe34fca1fb62f040cd244591,2026-10-11T17:00:00Z,CLE @ NYJ,NYJ,CLE,Malik Taylor,rec,espnbet,1.5,-155,120
2026-10-10T18:24:13+00:00,9db4ed15fe34fca1fb62f040cd244591,2026-10-11T17:00:00Z,CLE @ NYJ,NYJ,CLE,Braelon Allen,rec,espnbet,2.5,100,-130
2026-10-10T18:24:13+00:00,9db4ed15fe34fca1fb62f040cd244591,2026-10-11T17:00:00Z,CLE @ NYJ,NYJ,CLE,Raheim Sanders,rec,espnbet,2.5,140,-190
2026-10-10T18:24:13+00:00,9db4ed15fe34fca1fb62f040cd244591,2026-10-11T17:00:00Z,CLE @ NYJ,NYJ,CLE,Jerry Jeudy,rec,espnbet,1.5,100,-130
2026-10-10T18:24:13+00:00,9db4ed15fe34fca1fb62f040cd244591,2026-10-11T17:00:00Z,CLE @ NYJ,NYJ,CLE,Braelon Allen,rushY,espnbet,69.5,-125,-105
2026-10-10T18:24:13+00:00,9db4ed15fe34fca1fb62f040cd244591,2026-10-11T17:00:00Z,CLE @ NYJ,NYJ,CLE,Quinshon Judkins,rushY,espnbet,59.5,-120,-110
2026-10-10T18:24:13+00:00,9db4ed15fe34fca1fb62f040cd244591,2026-10-11T17:00:00Z,CLE @ NYJ,NYJ,CLE,Deshaun Watson,rushY,espnbet,24.5,-120,-110
2026-10-10T18:24:13+00:00,9db4ed15fe34fca1fb62f040cd244591,2026-10-11T17:00:00Z,CLE @ NYJ,NYJ,CLE,Elerson G. Smith,rushY,espnbet,11.5,110,-140
2026-10-10T18:24:13+00:00,9db4ed15fe34fca1fb62f040cd244591,2026-10-11T17:00:00Z,CLE @ NYJ,NYJ,CLE,Isaiah Davis,rushY,espnbet,11.5,-120,-110
2026-10-10T18:24:13+00:00,9db4ed15fe34fca1fb62f040cd244591,2026-10-11T17:00:00Z,CLE @ NYJ,NYJ,CLE,Deshaun Watson,comp,underdog,19.5,-137,-137
2026-10-10T18:24:13+00:00,9db4ed15fe34fca1fb62f040cd244591,2026-10-11T17:00:00Z,CLE @ NYJ,NYJ,CLE,Deshaun Watson,passY,underdog,199.5,-137,-137
2026-10-10T18:24:13+00:00,9db4ed15fe34fca1fb62f040cd244591,2026-10-11T17:00:00Z,CLE @ NYJ,NYJ,CLE,Jerry Jeudy,recY,underdog,14.5,-137,-137
2026-10-10T18:24:13+00:00,9db4ed15fe34fca1fb62f040cd244591,2026-10-11T17:00:00Z,CLE @ NYJ,NYJ,CLE,Garrett Wilson,recY,underdog,69.5,-137,-137
2026-10-10T18:24:13+00:00,9db4ed15fe34fca1fb62f040cd244591,2026-10-11T17:00:00Z,CLE @ NYJ,NYJ,CLE,Braelon Allen,recY,underdog,14.5,-137,-137
2026-10-10T18:24:13+00:00,9db4ed15fe34fca1fb62f040cd244591,2026-10-11T17:00:00Z,CLE @ NYJ,NYJ,CLE,Mason Taylor,recY,underdog,14.5,-137,-137
2026-10-10T18:24:13+00:00,9db4ed15fe34fca1fb62f040cd244591,2026-10-11T17:00:00Z,CLE @ NYJ,NYJ,CLE,Isaiah Williams,recY,underdog,24.5,-137,-137
2026-10-10T18:24:13+00:00,9db4ed15fe34fca1fb62f040cd244591,2026-10-11T17:00:00Z,CLE @ NYJ,NYJ,CLE,Denzel Boston,recY,underdog,49.5,-137,-137
2026-10-10T18:24:13+00:00,9db4ed15fe34fca1fb62f040cd244591,2026-10-11T17:00:00Z,CLE @ NYJ,NYJ,CLE,KC Concepcion,recY,underdog,39.5,-137,-137
2026-10-10T18:24:13+00:00,9db4ed15fe34fca1fb62f040cd244591,2026-10-11T17:00:00Z,CLE @ NYJ,NYJ,CLE,Jerry Jeudy,rec,underdog,1.5,-137,-137
2026-10-10T18:24:13+00:00,9db4ed15fe34fca1fb62f040cd244591,2026-10-11T17:00:00Z,CLE @ NYJ,NYJ,CLE,Quinshon Judkins,rushY,underdog,59.5,-137,-137
2026-10-10T18:24:13+00:00,9db4ed15fe34fca1fb62f040cd244591,2026-10-11T17:00:00Z,CLE @ NYJ,NYJ,CLE,Raheim Sanders,rushY,underdog,4.5,-137,-137
2026-10-10T18:24:13+00:00,9db4ed15fe34fca1fb62f040cd244591,2026-10-11T17:00:00Z,CLE @ NYJ,NYJ,CLE,Deshaun Watson,comp,fanatics,19.5,-125,-120
2026-10-10T18:24:13+00:00,9db4ed15fe34fca1fb62f040cd244591,2026-10-11T17:00:00Z,CLE @ NYJ,NYJ,CLE,Deshaun Watson,passY,fanatics,200.5,-115,-115
2026-10-10T18:24:13+00:00,9db4ed15fe34fca1fb62f040cd244591,2026-10-11T17:00:00Z,CLE @ NYJ,NYJ,CLE,Garrett Wilson,recY,fanatics,65.5,-125,-115
2026-10-10T18:24:13+00:00,9db4ed15fe34fca1fb62f040cd244591,2026-10-11T17:00:00Z,CLE @ NYJ,NYJ,CLE,Garrett Wilson,rec,fanatics,6.5,115,-170
2026-10-10T18:24:13+00:00,9db4ed15fe34fca1fb62f040cd244591,2026-10-11T17:00:00Z,CLE @ NYJ,NYJ,CLE,Deshaun Watson,rushY,fanatics,25.5,-135,-115
2026-10-10T18:24:13+00:00,9db4ed15fe34fca1fb62f040cd244591,2026-10-11T17:00:00Z,CLE @ NYJ,NYJ,CLE,Geno Smith,passY,pick6,207.5,-137,-137
2026-10-10T18:24:13+00:00,9db4ed15fe34fca1fb62f040cd244591,2026-10-11T17:00:00Z,CLE @ NYJ,NYJ,CLE,Deshaun Watson,passY,pick6,205.5,-137,-137
2026-10-10T18:24:13+00:00,9db4ed15fe34fca1fb62f040cd244591,2026-10-11T17:00:00Z,CLE @ NYJ,NYJ,CLE,Raheim Sanders,recY,pick6,13.5,-137,-137
2026-10-10T18:24:13+00:00,9db4ed15fe34fca1fb62f040cd244591,2026-10-11T17:00:00Z,CLE @ NYJ,NYJ,CLE,Mason Taylor,recY,pick6,14.5,-137,-137
2026-10-10T18:24:13+00:00,9db4ed15fe34fca1fb62f040cd244591,2026-10-11T17:00:00Z,CLE @ NYJ,NYJ,CLE,Jerry Jeudy,recY,pick6,13.5,-137,-137
2026-10-10T18:24:13+00:00,9db4ed15fe34fca1fb62f040cd244591,2026-10-11T17:00:00Z,CLE @ NYJ,NYJ,CLE,Isaiah Williams,recY,pick6,22.5,-137,-137
2026-10-10T18:24:13+00:00,9db4ed15fe34fca1fb62f040cd244591,2026-10-11T17:00:00Z,CLE @ NYJ,NYJ,CLE,Garrett Wilson,recY,pick6,68.5,-137,-137
2026-10-10T18:24:13+00:00,9db4ed15fe34fca1fb62f040cd244591,2026-10-11T17:00:00Z,CLE @ NYJ,NYJ,CLE,Kenyon Sadiq,recY,pick6,30.5,-137,-137
2026-10-10T18:24:13+00:00,9db4ed15fe34fca1fb62f040cd244591,2026-10-11T17:00:00Z,CLE @ NYJ,NYJ,CLE,Denzel Boston,recY,pick6,47.5,-137,-137
2026-10-10T18:24:13+00:00,9db4ed15fe34fca1fb62f040cd244591,2026-10-11T17:00:00Z,CLE @ NYJ,NYJ,CLE,KC Concepcion,recY,pick6,40.5,-137,-137
2026-10-10T18:24:13+00:00,9db4ed15fe34fca1fb62f040cd244591,2026-10-11T17:00:00Z,CLE @ NYJ,NYJ,CLE,Harold Fannin Jr.,recY,pick6,36.5,-137,-137
2026-10-10T18:24:13+00:00,9db4ed15fe34fca1fb62f040cd244591,2026-10-11T17:00:00Z,CLE @ NYJ,NYJ,CLE,Braelon Allen,recY,pick6,13.5,-137,-137
2026-10-10T18:24:13+00:00,9db4ed15fe34fca1fb62f040cd244591,2026-10-11T17:00:00Z,CLE @ NYJ,NYJ,CLE,Quinshon Judkins,recY,pick6,16.5,-137,-137
2026-10-10T18:24:13+00:00,9db4ed15fe34fca1fb62f040cd244591,2026-10-11T17:00:00Z,CLE @ NYJ,NYJ,CLE,Braelon Allen,rec,pick6,2.5,-137,-137
2026-10-10T18:24:13+00:00,9db4ed15fe34fca1fb62f040cd244591,2026-10-11T17:00:00Z,CLE @ NYJ,NYJ,CLE,Jerry Jeudy,rec,pick6,1.5,-137,-137
2026-10-10T18:24:13+00:00,9db4ed15fe34fca1fb62f040cd244591,2026-10-11T17:00:00Z,CLE @ NYJ,NYJ,CLE,Denzel Boston,rec,pick6,3.5,-137,
2026-10-10T18:24:13+00:00,9db4ed15fe34fca1fb62f040cd244591,2026-10-11T17:00:00Z,CLE @ NYJ,NYJ,CLE,Harold Fannin Jr.,rec,pick6,4.5,-137,
2026-10-10T18:24:13+00:00,9db4ed15fe34fca1fb62f040cd244591,2026-10-11T17:00:00Z,CLE @ NYJ,NYJ,CLE,Quinshon Judkins,rushY,pick6,60.5,-137,-137
2026-10-10T18:24:13+00:00,9db4ed15fe34fca1fb62f040cd244591,2026-10-11T17:00:00Z,CLE @ NYJ,NYJ,CLE,Braelon Allen,rushY,pick6,71.5,-137,-137
2026-10-10T18:24:13+00:00,9db4ed15fe34fca1fb62f040cd244591,2026-10-11T17:00:00Z,CLE @ NYJ,NYJ,CLE,Deshaun Watson,rushY,pick6,25.5,-137,-137
2026-10-10T18:24:13+00:00,9db4ed15fe34fca1fb62f040cd244591,2026-10-11T17:00:00Z,CLE @ NYJ,NYJ,CLE,Isaiah Davis,rushY,pick6,12.5,-137,-137
2026-10-10T18:24:13+00:00,9db4ed15fe34fca1fb62f040cd244591,2026-10-11T17:00:00Z,CLE @ NYJ,NYJ,CLE,Geno Smith,rushY,pick6,10.5,-137,-137
2026-10-10T18:24:13+00:00,cc52bba56e74f5cddbe9011046181c3d,2026-10-11T17:00:00Z,HOU @ TEN,TEN,HOU,C.J. Stroud,comp,draftkings,20.5,-135,106
2026-10-10T18:24:13+00:00,cc52bba56e74f5cddbe9011046181c3d,2026-10-11T17:00:00Z,HOU @ TEN,TEN,HOU,Cam Ward,comp,draftkings,19.5,-102,-125
2026-10-10T18:24:13+00:00,cc52bba56e74f5cddbe9011046181c3d,2026-10-11T17:00:00Z,HOU @ TEN,TEN,HOU,C.J. Stroud,passY,draftkings,239.5,-113,-111
2026-10-10T18:24:13+00:00,cc52bba56e74f5cddbe9011046181c3d,2026-10-11T17:00:00Z,HOU @ TEN,TEN,HOU,Cam Ward,passY,draftkings,189.5,-113,-111
2026-10-10T18:24:13+00:00,cc52bba56e74f5cddbe9011046181c3d,2026-10-11T17:00:00Z,HOU @ TEN,TEN,HOU,Nico Collins,recY,draftkings,77.5,-110,-114
2026-10-10T18:24:13+00:00,cc52bba56e74f5cddbe9011046181c3d,2026-10-11T17:00:00Z,HOU @ TEN,TEN,HOU,Carnell Tate,recY,draftkings,48.5,-109,-115
2026-10-10T18:24:13+00:00,cc52bba56e74f5cddbe9011046181c3d,2026-10-11T17:00:00Z,HOU @ TEN,TEN,HOU,Dalton Schultz,recY,draftkings,33.5,-109,-115
2026-10-10T18:24:13+00:00,cc52bba56e74f5cddbe9011046181c3d,2026-10-11T17:00:00Z,HOU @ TEN,TEN,HOU,Wan'Dale Robinson,recY,draftkings,32.5,-113,-111
2026-10-10T18:24:13+00:00,cc52bba56e74f5cddbe9011046181c3d,2026-10-11T17:00:00Z,HOU @ TEN,TEN,HOU,Kayshon Boutte,recY,draftkings,24.5,-110,-114
2026-10-10T18:24:13+00:00,cc52bba56e74f5cddbe9011046181c3d,2026-10-11T17:00:00Z,HOU @ TEN,TEN,HOU,Jaylin Noel,recY,draftkings,19.5,-113,-111
2026-10-10T18:24:13+00:00,cc52bba56e74f5cddbe9011046181c3d,2026-10-11T17:00:00Z,HOU @ TEN,TEN,HOU,Elic Ayomanor,recY,draftkings,16.5,-109,-115
2026-10-10T18:24:13+00:00,cc52bba56e74f5cddbe9011046181c3d,2026-10-11T17:00:00Z,HOU @ TEN,TEN,HOU,Gunnar Helm,recY,draftkings,15.5,-112,-112
2026-10-10T18:24:13+00:00,cc52bba56e74f5cddbe9011046181c3d,2026-10-11T17:00:00Z,HOU @ TEN,TEN,HOU,Xavier Hutchinson,recY,draftkings,14.5,-107,-117
2026-10-10T18:24:13+00:00,cc52bba56e74f5cddbe9011046181c3d,2026-10-11T17:00:00Z,HOU @ TEN,TEN,HOU,Tyjae Spears,recY,draftkings,10.5,-105,-119
2026-10-10T18:24:13+00:00,cc52bba56e74f5cddbe9011046181c3d,2026-10-11T17:00:00Z,HOU @ TEN,TEN,HOU,Calvin Ridley,recY,draftkings,8.5,-115,-109
2026-10-10T18:24:13+00:00,cc52bba56e74f5cddbe9011046181c3d,2026-10-11T17:00:00Z,HOU @ TEN,TEN,HOU,Tony Pollard,recY,draftkings,8.5,-112,-112
2026-10-10T18:24:13+00:00,cc52bba56e74f5cddbe9011046181c3d,2026-10-11T17:00:00Z,HOU @ TEN,TEN,HOU,Woody Marks,recY,draftkings,8.5,-106,-118
2026-10-10T18:24:13+00:00,cc52bba56e74f5cddbe9011046181c3d,2026-10-11T17:00:00Z,HOU @ TEN,TEN,HOU,David Montgomery,recY,draftkings,7.5,-103,-122
2026-10-10T18:24:13+00:00,cc52bba56e74f5cddbe9011046181c3d,2026-10-11T17:00:00Z,HOU @ TEN,TEN,HOU,Nico Collins,rec,draftkings,5.5,-124,-103
2026-10-10T18:24:13+00:00,cc52bba56e74f5cddbe9011046181c3d,2026-10-11T17:00:00Z,HOU @ TEN,TEN,HOU,Carnell Tate,rec,draftkings,4.5,-103,-124
2026-10-10T18:24:13+00:00,cc52bba56e74f5cddbe9011046181c3d,2026-10-11T17:00:00Z,HOU @ TEN,TEN,HOU,Dalton Schultz,rec,draftkings,4.5,116,-148
2026-10-10T18:24:13+00:00,cc52bba56e74f5cddbe9011046181c3d,2026-10-11T17:00:00Z,HOU @ TEN,TEN,HOU,Wan'Dale Robinson,rec,draftkings,3.5,-154,121
2026-10-10T18:24:13+00:00,cc52bba56e74f5cddbe9011046181c3d,2026-10-11T17:00:00Z,HOU @ TEN,TEN,HOU,Gunnar Helm,rec,draftkings,2.5,117,-149
2026-10-10T18:24:13+00:00,cc52bba56e74f5cddbe9011046181c3d,2026-10-11T17:00:00Z,HOU @ TEN,TEN,HOU,Kayshon Boutte,rec,draftkings,2.5,134,-171
2026-10-10T18:24:13+00:00,cc52bba56e74f5cddbe9011046181c3d,2026-10-11T17:00:00Z,HOU @ TEN,TEN,HOU,Tyjae Spears,rec,draftkings,1.5,-192,149
2026-10-10T18:24:13+00:00,cc52bba56e74f5cddbe9011046181c3d,2026-10-11T17:00:00Z,HOU @ TEN,TEN,HOU,Jaylin Noel,rec,draftkings,1.5,-162,127
2026-10-10T18:24:13+00:00,cc52bba56e74f5cddbe9011046181c3d,2026-10-11T17:00:00Z,HOU @ TEN,TEN,HOU,Tony Pollard,rec,draftkings,1.5,-128,100
2026-10-10T18:24:13+00:00,cc52bba56e74f5cddbe9011046181c3d,2026-10-11T17:00:00Z,HOU @ TEN,TEN,HOU,Woody Marks,rec,draftkings,1.5,-113,-112
2026-10-10T18:24:13+00:00,cc52bba56e74f5cddbe9011046181c3d,2026-10-11T17:00:00Z,HOU @ TEN,TEN,HOU,Elic Ayomanor,rec,draftkings,1.5,-112,-114
2026-10-10T18:24:13+00:00,cc52bba56e74f5cddbe9011046181c3d,2026-10-11T17:00:00Z,HOU @ TEN,TEN,HOU,David Montgomery,rec,draftkings,1.5,112,-143
2026-10-10T18:24:13+00:00,cc52bba56e74f5cddbe9011046181c3d,2026-10-11T17:00:00Z,HOU @ TEN,TEN,HOU,Xavier Hutchinson,rec,draftkings,1.5,144,-184
2026-10-10T18:24:13+00:00,cc52bba56e74f5cddbe9011046181c3d,2026-10-11T17:00:00Z,HOU @ TEN,TEN,HOU,Calvin Ridley,rec,draftkings,0.5,-199,155
2026-10-10T18:24:13+00:00,cc52bba56e74f5cddbe9011046181c3d,2026-10-11T17:00:00Z,HOU @ TEN,TEN,HOU,Tony Pollard,rushY,draftkings,48.5,-111,-113
2026-10-10T18:24:13+00:00,cc52bba56e74f5cddbe9011046181c3d,2026-10-11T17:00:00Z,HOU @ TEN,TEN,HOU,David Montgomery,rushY,draftkings,43.5,-110,-114
2026-10-10T18:24:13+00:00,cc52bba56e74f5cddbe9011046181c3d,2026-10-11T17:00:00Z,HOU @ TEN,TEN,HOU,Woody Marks,rushY,draftkings,36.5,-113,-111
2026-10-10T18:24:13+00:00,cc52bba56e74f5cddbe9011046181c3d,2026-10-11T17:00:00Z,HOU @ TEN,TEN,HOU,Tyjae Spears,rushY,draftkings,15.5,-106,-118
2026-10-10T18:24:13+00:00,cc52bba56e74f5cddbe9011046181c3d,2026-10-11T17:00:00Z,HOU @ TEN,TEN,HOU,Cam Ward,rushY,draftkings,10.5,-120,-104
2026-10-10T18:24:13+00:00,cc52bba56e74f5cddbe9011046181c3d,2026-10-11T17:00:00Z,HOU @ TEN,TEN,HOU,C.J. Stroud,rushY,draftkings,9.5,-120,-105
2026-10-10T18:24:13+00:00,cc52bba56e74f5cddbe9011046181c3d,2026-10-11T17:00:00Z,HOU @ TEN,TEN,HOU,Will Anderson Jr.,sacks,draftkings,0.75,-142,113
2026-10-10T18:24:13+00:00,cc52bba56e74f5cddbe9011046181c3d,2026-10-11T17:00:00Z,HOU @ TEN,TEN,HOU,Danielle Hunter,sacks,draftkings,0.75,-125,-102
2026-10-10T18:24:13+00:00,cc52bba56e74f5cddbe9011046181c3d,2026-10-11T17:00:00Z,HOU @ TEN,TEN,HOU,Jeffery Simmons,sacks,draftkings,0.75,103,-130
2026-10-10T18:24:13+00:00,cc52bba56e74f5cddbe9011046181c3d,2026-10-11T17:00:00Z,HOU @ TEN,TEN,HOU,Jadeveon Clowney,sacks,draftkings,0.25,128,-162
2026-10-10T18:24:13+00:00,cc52bba56e74f5cddbe9011046181c3d,2026-10-11T17:00:00Z,HOU @ TEN,TEN,HOU,John Franklin-Myers,sacks,draftkings,0.25,173,-224
2026-10-10T18:24:13+00:00,cc52bba56e74f5cddbe9011046181c3d,2026-10-11T17:00:00Z,HOU @ TEN,TEN,HOU,Jermaine Johnson II,sacks,draftkings,0.25,182,-235
2026-10-10T18:24:13+00:00,cc52bba56e74f5cddbe9011046181c3d,2026-10-11T17:00:00Z,HOU @ TEN,TEN,HOU,C.J. Stroud,passY,fanduel,239.5,-113,-113
2026-10-10T18:24:13+00:00,cc52bba56e74f5cddbe9011046181c3d,2026-10-11T17:00:00Z,HOU @ TEN,TEN,HOU,Cam Ward,passY,fanduel,190.5,-113,-113
2026-10-10T18:24:13+00:00,cc52bba56e74f5cddbe9011046181c3d,2026-10-11T17:00:00Z,HOU @ TEN,TEN,HOU,Xavier Hutchinson,recY,fanduel,15.5,-113,-113
2026-10-10T18:24:13+00:00,cc52bba56e74f5cddbe9011046181c3d,2026-10-11T17:00:00Z,HOU @ TEN,TEN,HOU,Gunnar Helm,recY,fanduel,17.5,-113,-113
2026-10-10T18:24:13+00:00,cc52bba56e74f5cddbe9011046181c3d,2026-10-11T17:00:00Z,HOU @ TEN,TEN,HOU,Wan'Dale Robinson,recY,fanduel,32.5,-113,-113
2026-10-10T18:24:13+00:00,cc52bba56e74f5cddbe9011046181c3d,2026-10-11T17:00:00Z,HOU @ TEN,TEN,HOU,Woody Marks,recY,fanduel,8.5,-113,-113
2026-10-10T18:24:13+00:00,cc52bba56e74f5cddbe9011046181c3d,2026-10-11T17:00:00Z,HOU @ TEN,TEN,HOU,Tony Pollard,recY,fanduel,8.5,-113,-113
2026-10-10T18:24:13+00:00,cc52bba56e74f5cddbe9011046181c3d,2026-10-11T17:00:00Z,HOU @ TEN,TEN,HOU,Elic Ayomanor,recY,fanduel,17.5,-113,-113
2026-10-10T18:24:13+00:00,cc52bba56e74f5cddbe9011046181c3d,2026-10-11T17:00:00Z,HOU @ TEN,TEN,HOU,Dalton Schultz,recY,fanduel,34.5,-113,-113
2026-10-10T18:24:13+00:00,cc52bba56e74f5cddbe9011046181c3d,2026-10-11T17:00:00Z,HOU @ TEN,TEN,HOU,Nico Collins,recY,fanduel,77.5,-113,-113
2026-10-10T18:24:13+00:00,cc52bba56e74f5cddbe9011046181c3d,2026-10-11T17:00:00Z,HOU @ TEN,TEN,HOU,Jaylin Noel,recY,fanduel,19.5,-113,-113
2026-10-10T18:24:13+00:00,cc52bba56e74f5cddbe9011046181c3d,2026-10-11T17:00:00Z,HOU @ TEN,TEN,HOU,David Montgomery,recY,fanduel,7.5,-113,-113
2026-10-10T18:24:13+00:00,cc52bba56e74f5cddbe9011046181c3d,2026-10-11T17:00:00Z,HOU @ TEN,TEN,HOU,Tyjae Spears,recY,fanduel,9.5,-113,-113
2026-10-10T18:24:13+00:00,cc52bba56e74f5cddbe9011046181c3d,2026-10-11T17:00:00Z,HOU @ TEN,TEN,HOU,Carnell Tate,recY,fanduel,45.5,-113,-113
2026-10-10T18:24:13+00:00,cc52bba56e74f5cddbe9011046181c3d,2026-10-11T17:00:00Z,HOU @ TEN,TEN,HOU,Kayshon Boutte,recY,fanduel,25.5,-113,-113
2026-10-10T18:24:13+00:00,cc52bba56e74f5cddbe9011046181c3d,2026-10-11T17:00:00Z,HOU @ TEN,TEN,HOU,Calvin Ridley,recY,fanduel,8.5,-113,-113
2026-10-10T18:24:13+00:00,cc52bba56e74f5cddbe9011046181c3d,2026-10-11T17:00:00Z,HOU @ TEN,TEN,HOU,Jaylin Noel,rec,fanduel,1.5,-146,110
2026-10-10T18:24:13+00:00,cc52bba56e74f5cddbe9011046181c3d,2026-10-11T17:00:00Z,HOU @ TEN,TEN,HOU,David Montgomery,rec,fanduel,1.5,110,-146
2026-10-10T18:24:13+00:00,cc52bba56e74f5cddbe9011046181c3d,2026-10-11T17:00:00Z,HOU @ TEN,TEN,HOU,Wan'Dale Robinson,rec,fanduel,3.5,-144,108
2026-10-10T18:24:13+00:00,cc52bba56e74f5cddbe9011046181c3d,2026-10-11T17:00:00Z,HOU @ TEN,TEN,HOU,Tyjae Spears,rec,fanduel,1.5,-182,136
2026-10-10T18:24:13+00:00,cc52bba56e74f5cddbe9011046181c3d,2026-10-11T17:00:00Z,HOU @ TEN,TEN,HOU,Elic Ayomanor,rec,fanduel,1.5,-114,-114
2026-10-10T18:24:13+00:00,cc52bba56e74f5cddbe9011046181c3d,2026-10-11T17:00:00Z,HOU @ TEN,TEN,HOU,Kayshon Boutte,rec,fanduel,2.5,124,-166
2026-10-10T18:24:13+00:00,cc52bba56e74f5cddbe9011046181c3d,2026-10-11T17:00:00Z,HOU @ TEN,TEN,HOU,Tony Pollard,rec,fanduel,1.5,-122,-108
2026-10-10T18:24:13+00:00,cc52bba56e74f5cddbe9011046181c3d,2026-10-11T17:00:00Z,HOU @ TEN,TEN,HOU,Xavier Hutchinson,rec,fanduel,1.5,116,-154
2026-10-10T18:24:13+00:00,cc52bba56e74f5cddbe9011046181c3d,2026-10-11T17:00:00Z,HOU @ TEN,TEN,HOU,Gunnar Helm,rec,fanduel,2.5,-110,-120
2026-10-10T18:24:13+00:00,cc52bba56e74f5cddbe9011046181c3d,2026-10-11T17:00:00Z,HOU @ TEN,TEN,HOU,Woody Marks,rec,fanduel,1.5,-108,-122
2026-10-10T18:24:13+00:00,cc52bba56e74f5cddbe9011046181c3d,2026-10-11T17:00:00Z,HOU @ TEN,TEN,HOU,Nico Collins,rec,fanduel,5.5,-114,-114
2026-10-10T18:24:13+00:00,cc52bba56e74f5cddbe9011046181c3d,2026-10-11T17:00:00Z,HOU @ TEN,TEN,HOU,Calvin Ridley,rec,fanduel,0.5,-188,140
2026-10-10T18:24:13+00:00,cc52bba56e74f5cddbe9011046181c3d,2026-10-11T17:00:00Z,HOU @ TEN,TEN,HOU,Carnell Tate,rec,fanduel,4.5,106,-140
2026-10-10T18:24:13+00:00,cc52bba56e74f5cddbe9011046181c3d,2026-10-11T17:00:00Z,HOU @ TEN,TEN,HOU,Dalton Schultz,rec,fanduel,4.5,124,-166
2026-10-10T18:24:13+00:00,cc52bba56e74f5cddbe9011046181c3d,2026-10-11T17:00:00Z,HOU @ TEN,TEN,HOU,Cam Ward,rushY,fanduel,10.5,-113,-113
2026-10-10T18:24:13+00:00,cc52bba56e74f5cddbe9011046181c3d,2026-10-11T17:00:00Z,HOU @ TEN,TEN,HOU,C.J. Stroud,rushY,fanduel,9.5,-113,-113
2026-10-10T18:24:13+00:00,cc52bba56e74f5cddbe9011046181c3d,2026-10-11T17:00:00Z,HOU @ TEN,TEN,HOU,Tony Pollard,rushY,fanduel,50.5,-113,-113
2026-10-10T18:24:13+00:00,cc52bba56e74f5cddbe9011046181c3d,2026-10-11T17:00:00Z,HOU @ TEN,TEN,HOU,Woody Marks,rushY,fanduel,36.5,-113,-113
2026-10-10T18:24:13+00:00,cc52bba56e74f5cddbe9011046181c3d,2026-10-11T17:00:00Z,HOU @ TEN,TEN,HOU,Tyjae Spears,rushY,fanduel,14.5,-113,-113
2026-10-10T18:24:13+00:00,cc52bba56e74f5cddbe9011046181c3d,2026-10-11T17:00:00Z,HOU @ TEN,TEN,HOU,David Montgomery,rushY,fanduel,43.5,-113,-113
2026-10-10T18:24:13+00:00,cc52bba56e74f5cddbe9011046181c3d,2026-10-11T17:00:00Z,HOU @ TEN,TEN,HOU,Will Anderson Jr.,sacks,fanduel,0.5,-188,
2026-10-10T18:24:13+00:00,cc52bba56e74f5cddbe9011046181c3d,2026-10-11T17:00:00Z,HOU @ TEN,TEN,HOU,Danielle Hunter,sacks,fanduel,0.5,-172,
2026-10-10T18:24:13+00:00,cc52bba56e74f5cddbe9011046181c3d,2026-10-11T17:00:00Z,HOU @ TEN,TEN,HOU,Jeffery Simmons,sacks,fanduel,0.5,-130,
2026-10-10T18:24:13+00:00,cc52bba56e74f5cddbe9011046181c3d,2026-10-11T17:00:00Z,HOU @ TEN,TEN,HOU,Jadeveon Clowney,sacks,fanduel,0.5,144,
2026-10-10T18:24:13+00:00,cc52bba56e74f5cddbe9011046181c3d,2026-10-11T17:00:00Z,HOU @ TEN,TEN,HOU,Sheldon Rankins,sacks,fanduel,0.5,144,
2026-10-10T18:24:13+00:00,cc52bba56e74f5cddbe9011046181c3d,2026-10-11T17:00:00Z,HOU @ TEN,TEN,HOU,John Franklin-Myers,sacks,fanduel,0.5,210,
2026-10-10T18:24:13+00:00,cc52bba56e74f5cddbe9011046181c3d,2026-10-11T17:00:00Z,HOU @ TEN,TEN,HOU,Jacob Martin,sacks,fanduel,0.5,210,
2026-10-10T18:24:13+00:00,cc52bba56e74f5cddbe9011046181c3d,2026-10-11T17:00:00Z,HOU @ TEN,TEN,HOU,Jermaine Johnson II,sacks,fanduel,0.5,210,
2026-10-10T18:24:13+00:00,cc52bba56e74f5cddbe9011046181c3d,2026-10-11T17:00:00Z,HOU @ TEN,TEN,HOU,C.J. Stroud,comp,betrivers,21.5,102,
2026-10-10T18:24:13+00:00,cc52bba56e74f5cddbe9011046181c3d,2026-10-11T17:00:00Z,HOU @ TEN,TEN,HOU,Cam Ward,comp,betrivers,19.5,-120,
2026-10-10T18:24:13+00:00,cc52bba56e74f5cddbe9011046181c3d,2026-10-11T17:00:00Z,HOU @ TEN,TEN,HOU,C.J. Stroud,passY,betrivers,233.5,-115,-114
2026-10-10T18:24:13+00:00,cc52bba56e74f5cddbe9011046181c3d,2026-10-11T17:00:00Z,HOU @ TEN,TEN,HOU,Cam Ward,passY,betrivers,187.5,-118,-122
2026-10-10T18:24:13+00:00,cc52bba56e74f5cddbe9011046181c3d,2026-10-11T17:00:00Z,HOU @ TEN,TEN,HOU,Xavier Hutchinson,recY,betrivers,10.5,-155,118
2026-10-10T18:24:13+00:00,cc52bba56e74f5cddbe9011046181c3d,2026-10-11T17:00:00Z,HOU @ TEN,TEN,HOU,David Montgomery,recY,betrivers,8.5,-115,-114
2026-10-10T18:24:13+00:00,cc52bba56e74f5cddbe9011046181c3d,2026-10-11T17:00:00Z,HOU @ TEN,TEN,HOU,Calvin Ridley,recY,betrivers,6.5,-122,-108
2026-10-10T18:24:13+00:00,cc52bba56e74f5cddbe9011046181c3d,2026-10-11T17:00:00Z,HOU @ TEN,TEN,HOU,Wan'Dale Robinson,recY,betrivers,36.5,-112,-118
2026-10-10T18:24:13+00:00,cc52bba56e74f5cddbe9011046181c3d,2026-10-11T17:00:00Z,HOU @ TEN,TEN,HOU,Jaylin Noel,recY,betrivers,18.5,-114,-115
2026-10-10T18:24:13+00:00,cc52bba56e74f5cddbe9011046181c3d,2026-10-11T17:00:00Z,HOU @ TEN,TEN,HOU,Tyjae Spears,recY,betrivers,10.5,-121,-109
2026-10-10T18:24:13+00:00,cc52bba56e74f5cddbe9011046181c3d,2026-10-11T17:00:00Z,HOU @ TEN,TEN,HOU,Nico Collins,recY,betrivers,79.5,-115,-114
2026-10-10T18:24:13+00:00,cc52bba56e74f5cddbe9011046181c3d,2026-10-11T17:00:00Z,HOU @ TEN,TEN,HOU,Tony Pollard,recY,betrivers,10.5,-110,-120
2026-10-10T18:24:13+00:00,cc52bba56e74f5cddbe9011046181c3d,2026-10-11T17:00:00Z,HOU @ TEN,TEN,HOU,Elic Ayomanor,recY,betrivers,15.5,-117,-113
2026-10-10T18:24:13+00:00,cc52bba56e74f5cddbe9011046181c3d,2026-10-11T17:00:00Z,HOU @ TEN,TEN,HOU,Carnell Tate,recY,betrivers,45.5,-117,-125
2026-10-10T18:24:13+00:00,cc52bba56e74f5cddbe9011046181c3d,2026-10-11T17:00:00Z,HOU @ TEN,TEN,HOU,Kayshon Boutte,recY,betrivers,23.5,-132,100
2026-10-10T18:24:13+00:00,cc52bba56e74f5cddbe9011046181c3d,2026-10-11T17:00:00Z,HOU @ TEN,TEN,HOU,Dalton Schultz,recY,betrivers,31.5,-125,-115
2026-10-10T18:24:13+00:00,cc52bba56e74f5cddbe9011046181c3d,2026-10-11T17:00:00Z,HOU @ TEN,TEN,HOU,Gunnar Helm,recY,betrivers,16.5,-117,-124
2026-10-10T18:24:13+00:00,cc52bba56e74f5cddbe9011046181c3d,2026-10-11T17:00:00Z,HOU @ TEN,TEN,HOU,Woody Marks,recY,betrivers,10.5,-108,-122
2026-10-10T18:24:13+00:00,cc52bba56e74f5cddbe9011046181c3d,2026-10-11T17:00:00Z,HOU @ TEN,TEN,HOU,Gunnar Helm,rec,betrivers,2.5,112,
2026-10-10T18:24:13+00:00,cc52bba56e74f5cddbe9011046181c3d,2026-10-11T17:00:00Z,HOU @ TEN,TEN,HOU,Nico Collins,rec,betrivers,5.5,-141,
2026-10-10T18:24:13+00:00,cc52bba56e74f5cddbe9011046181c3d,2026-10-11T17:00:00Z,HOU @ TEN,TEN,HOU,Wan'Dale Robinson,rec,betrivers,3.5,-152,
2026-10-10T18:24:13+00:00,cc52bba56e74f5cddbe9011046181c3d,2026-10-11T17:00:00Z,HOU @ TEN,TEN,HOU,Tony Pollard,rec,betrivers,1.5,-155,
2026-10-10T18:24:13+00:00,cc52bba56e74f5cddbe9011046181c3d,2026-10-11T17:00:00Z,HOU @ TEN,TEN,HOU,David Montgomery,rec,betrivers,1.5,112,
2026-10-10T18:24:13+00:00,cc52bba56e74f5cddbe9011046181c3d,2026-10-11T17:00:00Z,HOU @ TEN,TEN,HOU,Tyjae Spears,rec,betrivers,1.5,-167,
2026-10-10T18:24:13+00:00,cc52bba56e74f5cddbe9011046181c3d,2026-10-11T17:00:00Z,HOU @ TEN,TEN,HOU,Calvin Ridley,rec,betrivers,0.5,-250,
2026-10-10T18:24:13+00:00,cc52bba56e74f5cddbe9011046181c3d,2026-10-11T17:00:00Z,HOU @ TEN,TEN,HOU,Jaylin Noel,rec,betrivers,1.5,-162,
2026-10-10T18:24:13+00:00,cc52bba56e74f5cddbe9011046181c3d,2026-10-11T17:00:00Z,HOU @ TEN,TEN,HOU,Elic Ayomanor,rec,betrivers,1.5,-118,
2026-10-10T18:24:13+00:00,cc52bba56e74f5cddbe9011046181c3d,2026-10-11T17:00:00Z,HOU @ TEN,TEN,HOU,Kayshon Boutte,rec,betrivers,2.5,112,
2026-10-10T18:24:13+00:00,cc52bba56e74f5cddbe9011046181c3d,2026-10-11T17:00:00Z,HOU @ TEN,TEN,HOU,Woody Marks,rec,betrivers,1.5,-117,
2026-10-10T18:24:13+00:00,cc52bba56e74f5cddbe9011046181c3d,2026-10-11T17:00:00Z,HOU @ TEN,TEN,HOU,Xavier Hutchinson,rec,betrivers,1.5,117,
2026-10-10T18:24:13+00:00,cc52bba56e74f5cddbe9011046181c3d,2026-10-11T17:00:00Z,HOU @ TEN,TEN,HOU,Carnell Tate,rec,betrivers,4.5,105,
2026-10-10T18:24:13+00:00,cc52bba56e74f5cddbe9011046181c3d,2026-10-11T17:00:00Z,HOU @ TEN,TEN,HOU,Dalton Schultz,rec,betrivers,3.5,-157,
2026-10-10T18:24:13+00:00,cc52bba56e74f5cddbe9011046181c3d,2026-10-11T17:00:00Z,HOU @ TEN,TEN,HOU,David Montgomery,rushY,betrivers,42.5,-122,-118
2026-10-10T18:24:13+00:00,cc52bba56e74f5cddbe9011046181c3d,2026-10-11T17:00:00Z,HOU @ TEN,TEN,HOU,Cam Ward,rushY,betrivers,12.5,-120,-121
2026-10-10T18:24:13+00:00,cc52bba56e74f5cddbe9011046181c3d,2026-10-11T17:00:00Z,HOU @ TEN,TEN,HOU,Woody Marks,rushY,betrivers,35.5,-122,-118
2026-10-10T18:24:13+00:00,cc52bba56e74f5cddbe9011046181c3d,2026-10-11T17:00:00Z,HOU @ TEN,TEN,HOU,C.J. Stroud,rushY,betrivers,9.5,-127,-114
2026-10-10T18:24:13+00:00,cc52bba56e74f5cddbe9011046181c3d,2026-10-11T17:00:00Z,HOU @ TEN,TEN,HOU,Tony Pollard,rushY,betrivers,50.5,-118,-124
2026-10-10T18:24:13+00:00,cc52bba56e74f5cddbe9011046181c3d,2026-10-11T17:00:00Z,HOU @ TEN,TEN,HOU,Tyjae Spears,rushY,betrivers,14.5,-125,-114
2026-10-10T18:24:13+00:00,cc52bba56e74f5cddbe9011046181c3d,2026-10-11T17:00:00Z,HOU @ TEN,TEN,HOU,Cam Ward,comp,betmgm,18.5,-135,100
2026-10-10T18:24:13+00:00,cc52bba56e74f5cddbe9011046181c3d,2026-10-11T17:00:00Z,HOU @ TEN,TEN,HOU,C.J. Stroud,passY,betmgm,239.5,-115,-115
2026-10-10T18:24:13+00:00,cc52bba56e74f5cddbe9011046181c3d,2026-10-11T17:00:00Z,HOU @ TEN,TEN,HOU,Cam Ward,passY,betmgm,188.5,-115,-115
2026-10-10T18:24:13+00:00,cc52bba56e74f5cddbe9011046181c3d,2026-10-11T17:00:00Z,HOU @ TEN,TEN,HOU,Jaylin Noel,recY,betmgm,17.5,-120,-111
2026-10-10T18:24:13+00:00,cc52bba56e74f5cddbe9011046181c3d,2026-10-11T17:00:00Z,HOU @ TEN,TEN,HOU,Gunnar Helm,recY,betmgm,18.5,-105,-125
2026-10-10T18:24:13+00:00,cc52bba56e74f5cddbe9011046181c3d,2026-10-11T17:00:00Z,HOU @ TEN,TEN,HOU,Nico Collins,recY,betmgm,77.5,-115,-115
2026-10-10T18:24:13+00:00,cc52bba56e74f5cddbe9011046181c3d,2026-10-11T17:00:00Z,HOU @ TEN,TEN,HOU,Dalton Schultz,recY,betmgm,34.5,-111,-120
2026-10-10T18:24:13+00:00,cc52bba56e74f5cddbe9011046181c3d,2026-10-11T17:00:00Z,HOU @ TEN,TEN,HOU,Calvin Ridley,recY,betmgm,8.5,-120,-110
2026-10-10T18:24:13+00:00,cc52bba56e74f5cddbe9011046181c3d,2026-10-11T17:00:00Z,HOU @ TEN,TEN,HOU,Tony Pollard,recY,betmgm,8.5,-110,-120
2026-10-10T18:24:13+00:00,cc52bba56e74f5cddbe9011046181c3d,2026-10-11T17:00:00Z,HOU @ TEN,TEN,HOU,Kayshon Boutte,recY,betmgm,25.5,-120,-111
2026-10-10T18:24:13+00:00,cc52bba56e74f5cddbe9011046181c3d,2026-10-11T17:00:00Z,HOU @ TEN,TEN,HOU,Tyjae Spears,recY,betmgm,9.5,-120,-110
2026-10-10T18:24:13+00:00,cc52bba56e74f5cddbe9011046181c3d,2026-10-11T17:00:00Z,HOU @ TEN,TEN,HOU,Woody Marks,recY,betmgm,8.5,-110,-120
2026-10-10T18:24:13+00:00,cc52bba56e74f5cddbe9011046181c3d,2026-10-11T17:00:00Z,HOU @ TEN,TEN,HOU,David Montgomery,recY,betmgm,7.5,-120,-110
2026-10-10T18:24:13+00:00,cc52bba56e74f5cddbe9011046181c3d,2026-10-11T17:00:00Z,HOU @ TEN,TEN,HOU,Elic Ayomanor,recY,betmgm,15.5,-120,-111
2026-10-10T18:24:13+00:00,cc52bba56e74f5cddbe9011046181c3d,2026-10-11T17:00:00Z,HOU @ TEN,TEN,HOU,Wan'Dale Robinson,recY,betmgm,34.5,-115,-115
2026-10-10T18:24:13+00:00,cc52bba56e74f5cddbe9011046181c3d,2026-10-11T17:00:00Z,HOU @ TEN,TEN,HOU,Xavier Hutchinson,recY,betmgm,14.5,-115,-115
2026-10-10T18:24:13+00:00,cc52bba56e74f5cddbe9011046181c3d,2026-10-11T17:00:00Z,HOU @ TEN,TEN,HOU,Tyjae Spears,rec,betmgm,1.5,-165,125
2026-10-10T18:24:13+00:00,cc52bba56e74f5cddbe9011046181c3d,2026-10-11T17:00:00Z,HOU @ TEN,TEN,HOU,Elic Ayomanor,rec,betmgm,1.5,105,-140
2026-10-10T18:24:13+00:00,cc52bba56e74f5cddbe9011046181c3d,2026-10-11T17:00:00Z,HOU @ TEN,TEN,HOU,David Montgomery,rec,betmgm,1.5,125,-165
2026-10-10T18:24:13+00:00,cc52bba56e74f5cddbe9011046181c3d,2026-10-11T17:00:00Z,HOU @ TEN,TEN,HOU,Woody Marks,rec,betmgm,1.5,105,-140
2026-10-10T18:24:13+00:00,cc52bba56e74f5cddbe9011046181c3d,2026-10-11T17:00:00Z,HOU @ TEN,TEN,HOU,Wan'Dale Robinson,rec,betmgm,3.5,-150,110
2026-10-10T18:24:13+00:00,cc52bba56e74f5cddbe9011046181c3d,2026-10-11T17:00:00Z,HOU @ TEN,TEN,HOU,Nico Collins,rec,betmgm,5.5,-118,-111
2026-10-10T18:24:13+00:00,cc52bba56e74f5cddbe9011046181c3d,2026-10-11T17:00:00Z,HOU @ TEN,TEN,HOU,Tony Pollard,rec,betmgm,1.5,-135,100
2026-10-10T18:24:13+00:00,cc52bba56e74f5cddbe9011046181c3d,2026-10-11T17:00:00Z,HOU @ TEN,TEN,HOU,Gunnar Helm,rec,betmgm,2.5,100,-135
2026-10-10T18:24:13+00:00,cc52bba56e74f5cddbe9011046181c3d,2026-10-11T17:00:00Z,HOU @ TEN,TEN,HOU,Calvin Ridley,rec,betmgm,0.5,-220,160
2026-10-10T18:24:13+00:00,cc52bba56e74f5cddbe9011046181c3d,2026-10-11T17:00:00Z,HOU @ TEN,TEN,HOU,Kayshon Boutte,rec,betmgm,2.5,135,-185
2026-10-10T18:24:13+00:00,cc52bba56e74f5cddbe9011046181c3d,2026-10-11T17:00:00Z,HOU @ TEN,TEN,HOU,Jaylin Noel,rec,betmgm,1.5,-150,110
2026-10-10T18:24:13+00:00,cc52bba56e74f5cddbe9011046181c3d,2026-10-11T17:00:00Z,HOU @ TEN,TEN,HOU,Xavier Hutchinson,rec,betmgm,1.5,105,-140
2026-10-10T18:24:13+00:00,cc52bba56e74f5cddbe9011046181c3d,2026-10-11T17:00:00Z,HOU @ TEN,TEN,HOU,C.J. Stroud,rushY,betmgm,9.5,-115,-115
2026-10-10T18:24:13+00:00,cc52bba56e74f5cddbe9011046181c3d,2026-10-11T17:00:00Z,HOU @ TEN,TEN,HOU,David Montgomery,rushY,betmgm,44.5,-115,-115
2026-10-10T18:24:13+00:00,cc52bba56e74f5cddbe9011046181c3d,2026-10-11T17:00:00Z,HOU @ TEN,TEN,HOU,Cam Ward,rushY,betmgm,10.5,-120,-110
2026-10-10T18:24:13+00:00,cc52bba56e74f5cddbe9011046181c3d,2026-10-11T17:00:00Z,HOU @ TEN,TEN,HOU,Tony Pollard,rushY,betmgm,46.5,-135,100
2026-10-10T18:24:13+00:00,cc52bba56e74f5cddbe9011046181c3d,2026-10-11T17:00:00Z,HOU @ TEN,TEN,HOU,Woody Marks,rushY,betmgm,34.5,-115,-115
2026-10-10T18:24:13+00:00,cc52bba56e74f5cddbe9011046181c3d,2026-10-11T17:00:00Z,HOU @ TEN,TEN,HOU,Tyjae Spears,rushY,betmgm,13.5,-120,-110
2026-10-10T18:24:13+00:00,cc52bba56e74f5cddbe9011046181c3d,2026-10-11T17:00:00Z,HOU @ TEN,TEN,HOU,C.J. Stroud,comp,espnbet,20.5,-130,100
2026-10-10T18:24:13+00:00,cc52bba56e74f5cddbe9011046181c3d,2026-10-11T17:00:00Z,HOU @ TEN,TEN,HOU,Cam Ward,comp,espnbet,18.5,-130,100
2026-10-10T18:24:13+00:00,cc52bba56e74f5cddbe9011046181c3d,2026-10-11T17:00:00Z,HOU @ TEN,TEN,HOU,C.J. Stroud,passY,espnbet,239.5,-110,-120
2026-10-10T18:24:13+00:00,cc52bba56e74f5cddbe9011046181c3d,2026-10-11T17:00:00Z,HOU @ TEN,TEN,HOU,Cam Ward,passY,espnbet,189.5,-110,-120
2026-10-10T18:24:13+00:00,cc52bba56e74f5cddbe9011046181c3d,2026-10-11T17:00:00Z,HOU @ TEN,TEN,HOU,Nico Collins,recY,espnbet,79.5,-105,-125
2026-10-10T18:24:13+00:00,cc52bba56e74f5cddbe9011046181c3d,2026-10-11T17:00:00Z,HOU @ TEN,TEN,HOU,Carnell Tate,recY,espnbet,49.5,-110,-120
2026-10-10T18:24:13+00:00,cc52bba56e74f5cddbe9011046181c3d,2026-10-11T17:00:00Z,HOU @ TEN,TEN,HOU,Wan'Dale Robinson,recY,espnbet,33.5,-105,-125
2026-10-10T18:24:13+00:00,cc52bba56e74f5cddbe9011046181c3d,2026-10-11T17:00:00Z,HOU @ TEN,TEN,HOU,Dalton Schultz,recY,espnbet,34.5,100,-130
2026-10-10T18:24:13+00:00,cc52bba56e74f5cddbe9011046181c3d,2026-10-11T17:00:00Z,HOU @ TEN,TEN,HOU,Xavier Hutchinson,recY,espnbet,12.5,-130,100
2026-10-10T18:24:13+00:00,cc52bba56e74f5cddbe9011046181c3d,2026-10-11T17:00:00Z,HOU @ TEN,TEN,HOU,Kayshon Boutte,recY,espnbet,21.5,-135,105
2026-10-10T18:24:13+00:00,cc52bba56e74f5cddbe9011046181c3d,2026-10-11T17:00:00Z,HOU @ TEN,TEN,HOU,Gunnar Helm,recY,espnbet,13.5,-135,105
2026-10-10T18:24:13+00:00,cc52bba56e74f5cddbe9011046181c3d,2026-10-11T17:00:00Z,HOU @ TEN,TEN,HOU,Jaylin Noel,recY,espnbet,19.5,-115,-115
2026-10-10T18:24:13+00:00,cc52bba56e74f5cddbe9011046181c3d,2026-10-11T17:00:00Z,HOU @ TEN,TEN,HOU,Elic Ayomanor,recY,espnbet,17.5,100,-130
2026-10-10T18:24:13+00:00,cc52bba56e74f5cddbe9011046181c3d,2026-10-11T17:00:00Z,HOU @ TEN,TEN,HOU,Tyjae Spears,recY,espnbet,9.5,-125,-105
2026-10-10T18:24:13+00:00,cc52bba56e74f5cddbe9011046181c3d,2026-10-11T17:00:00Z,HOU @ TEN,TEN,HOU,Calvin Ridley,recY,espnbet,9.5,100,-130
2026-10-10T18:24:13+00:00,cc52bba56e74f5cddbe9011046181c3d,2026-10-11T17:00:00Z,HOU @ TEN,TEN,HOU,David Montgomery,recY,espnbet,9.5,115,-150
2026-10-10T18:24:13+00:00,cc52bba56e74f5cddbe9011046181c3d,2026-10-11T17:00:00Z,HOU @ TEN,TEN,HOU,Woody Marks,recY,espnbet,9.5,105,-135
2026-10-10T18:24:13+00:00,cc52bba56e74f5cddbe9011046181c3d,2026-10-11T17:00:00Z,HOU @ TEN,TEN,HOU,Tony Pollard,recY,espnbet,9.5,100,-130
2026-10-10T18:24:13+00:00,cc52bba56e74f5cddbe9011046181c3d,2026-10-11T17:00:00Z,HOU @ TEN,TEN,HOU,Nico Collins,rec,espnbet,5.5,-125,-105
2026-10-10T18:24:13+00:00,cc52bba56e74f5cddbe9011046181c3d,2026-10-11T17:00:00Z,HOU @ TEN,TEN,HOU,Carnell Tate,rec,espnbet,4.5,-105,-125
2026-10-10T18:24:13+00:00,cc52bba56e74f5cddbe9011046181c3d,2026-10-11T17:00:00Z,HOU @ TEN,TEN,HOU,Dalton Schultz,rec,espnbet,4.5,115,-150
2026-10-10T18:24:13+00:00,cc52bba56e74f5cddbe9011046181c3d,2026-10-11T17:00:00Z,HOU @ TEN,TEN,HOU,Wan'Dale Robinson,rec,espnbet,3.5,-155,120
2026-10-10T18:24:13+00:00,cc52bba56e74f5cddbe9011046181c3d,2026-10-11T17:00:00Z,HOU @ TEN,TEN,HOU,Xavier Hutchinson,rec,espnbet,1.5,130,-170
2026-10-10T18:24:13+00:00,cc52bba56e74f5cddbe9011046181c3d,2026-10-11T17:00:00Z,HOU @ TEN,TEN,HOU,Kayshon Boutte,rec,espnbet,2.5,125,-160
2026-10-10T18:24:13+00:00,cc52bba56e74f5cddbe9011046181c3d,2026-10-11T17:00:00Z,HOU @ TEN,TEN,HOU,Gunnar Helm,rec,espnbet,2.5,115,-150
2026-10-10T18:24:13+00:00,cc52bba56e74f5cddbe9011046181c3d,2026-10-11T17:00:00Z,HOU @ TEN,TEN,HOU,Jaylin Noel,rec,espnbet,1.5,-160,125
2026-10-10T18:24:13+00:00,cc52bba56e74f5cddbe9011046181c3d,2026-10-11T17:00:00Z,HOU @ TEN,TEN,HOU,Woody Marks,rec,espnbet,1.5,-115,-115
2026-10-10T18:24:13+00:00,cc52bba56e74f5cddbe9011046181c3d,2026-10-11T17:00:00Z,HOU @ TEN,TEN,HOU,David Montgomery,rec,espnbet,1.5,110,-140
2026-10-10T18:24:13+00:00,cc52bba56e74f5cddbe9011046181c3d,2026-10-11T17:00:00Z,HOU @ TEN,TEN,HOU,Tyjae Spears,rec,espnbet,1.5,-190,140
2026-10-10T18:24:13+00:00,cc52bba56e74f5cddbe9011046181c3d,2026-10-11T17:00:00Z,HOU @ TEN,TEN,HOU,Tony Pollard,rec,espnbet,1.5,-130,100
2026-10-10T18:24:13+00:00,cc52bba56e74f5cddbe9011046181c3d,2026-10-11T17:00:00Z,HOU @ TEN,TEN,HOU,Elic Ayomanor,rec,espnbet,1.5,-110,-120
2026-10-10T18:24:13+00:00,cc52bba56e74f5cddbe9011046181c3d,2026-10-11T17:00:00Z,HOU @ TEN,TEN,HOU,Calvin Ridley,rec,espnbet,0.5,-200,150
2026-10-10T18:24:13+00:00,cc52bba56e74f5cddbe9011046181c3d,2026-10-11T17:00:00Z,HOU @ TEN,TEN,HOU,David Montgomery,rushY,espnbet,44.5,100,-130
2026-10-10T18:24:13+00:00,cc52bba56e74f5cddbe9011046181c3d,2026-10-11T17:00:00Z,HOU @ TEN,TEN,HOU,Woody Marks,rushY,espnbet,39.5,100,-130
2026-10-10T18:24:13+00:00,cc52bba56e74f5cddbe9011046181c3d,2026-10-11T17:00:00Z,HOU @ TEN,TEN,HOU,Tony Pollard,rushY,espnbet,49.5,-105,-125
2026-10-10T18:24:13+00:00,cc52bba56e74f5cddbe9011046181c3d,2026-10-11T17:00:00Z,HOU @ TEN,TEN,HOU,Tyjae Spears,rushY,espnbet,14.5,-120,-110
2026-10-10T18:24:13+00:00,cc52bba56e74f5cddbe9011046181c3d,2026-10-11T17:00:00Z,HOU @ TEN,TEN,HOU,C.J. Stroud,rushY,espnbet,9.5,-120,-110
2026-10-10T18:24:13+00:00,cc52bba56e74f5cddbe9011046181c3d,2026-10-11T17:00:00Z,HOU @ TEN,TEN,HOU,Cam Ward,rushY,espnbet,10.5,-130,100
2026-10-10T18:24:13+00:00,cc52bba56e74f5cddbe9011046181c3d,2026-10-11T17:00:00Z,HOU @ TEN,TEN,HOU,Nico Collins,recY,underdog,79.5,-137,-137
2026-10-10T18:24:13+00:00,cc52bba56e74f5cddbe9011046181c3d,2026-10-11T17:00:00Z,HOU @ TEN,TEN,HOU,Nico Collins,rec,underdog,5.5,-137,-137
2026-10-10T18:24:13+00:00,cc52bba56e74f5cddbe9011046181c3d,2026-10-11T17:00:00Z,HOU @ TEN,TEN,HOU,Elic Ayomanor,rec,underdog,1.5,-137,-137
2026-10-10T18:24:13+00:00,cc52bba56e74f5cddbe9011046181c3d,2026-10-11T17:00:00Z,HOU @ TEN,TEN,HOU,Woody Marks,rec,underdog,1.5,-137,-137
2026-10-10T18:24:13+00:00,cc52bba56e74f5cddbe9011046181c3d,2026-10-11T17:00:00Z,HOU @ TEN,TEN,HOU,Tyjae Spears,rushY,underdog,14.5,-137,-137
2026-10-10T18:24:13+00:00,cc52bba56e74f5cddbe9011046181c3d,2026-10-11T17:00:00Z,HOU @ TEN,TEN,HOU,C.J. Stroud,rushY,underdog,9.5,-137,-137
2026-10-10T18:24:13+00:00,cc52bba56e74f5cddbe9011046181c3d,2026-10-11T17:00:00Z,HOU @ TEN,TEN,HOU,Jeffery Simmons,sacks,underdog,0.75,-137,-137
2026-10-10T18:24:13+00:00,cc52bba56e74f5cddbe9011046181c3d,2026-10-11T17:00:00Z,HOU @ TEN,TEN,HOU,Danielle Hunter,sacks,underdog,0.75,-137,-137
2026-10-10T18:24:13+00:00,cc52bba56e74f5cddbe9011046181c3d,2026-10-11T17:00:00Z,HOU @ TEN,TEN,HOU,C.J. Stroud,comp,prizepicks,21.0,-137,-137
2026-10-10T18:24:13+00:00,cc52bba56e74f5cddbe9011046181c3d,2026-10-11T17:00:00Z,HOU @ TEN,TEN,HOU,C.J. Stroud,passY,prizepicks,239.5,-137,-137
2026-10-10T18:24:13+00:00,cc52bba56e74f5cddbe9011046181c3d,2026-10-11T17:00:00Z,HOU @ TEN,TEN,HOU,Cam Ward,passY,prizepicks,190.5,-137,-137
2026-10-10T18:24:13+00:00,cc52bba56e74f5cddbe9011046181c3d,2026-10-11T17:00:00Z,HOU @ TEN,TEN,HOU,Nico Collins,recY,prizepicks,77.5,-137,-137
2026-10-10T18:24:13+00:00,cc52bba56e74f5cddbe9011046181c3d,2026-10-11T17:00:00Z,HOU @ TEN,TEN,HOU,Carnell Tate,recY,prizepicks,45.5,-137,-137
2026-10-10T18:24:13+00:00,cc52bba56e74f5cddbe9011046181c3d,2026-10-11T17:00:00Z,HOU @ TEN,TEN,HOU,Dalton Schultz,recY,prizepicks,34.5,-137,-137
2026-10-10T18:24:13+00:00,cc52bba56e74f5cddbe9011046181c3d,2026-10-11T17:00:00Z,HOU @ TEN,TEN,HOU,Wan'Dale Robinson,recY,prizepicks,34.5,-137,-137
2026-10-10T18:24:13+00:00,cc52bba56e74f5cddbe9011046181c3d,2026-10-11T17:00:00Z,HOU @ TEN,TEN,HOU,Kayshon Boutte,recY,prizepicks,25.5,-137,-137
2026-10-10T18:24:13+00:00,cc52bba56e74f5cddbe9011046181c3d,2026-10-11T17:00:00Z,HOU @ TEN,TEN,HOU,Jaylin Noel,recY,prizepicks,19.5,-137,-137
2026-10-10T18:24:13+00:00,cc52bba56e74f5cddbe9011046181c3d,2026-10-11T17:00:00Z,HOU @ TEN,TEN,HOU,Gunnar Helm,recY,prizepicks,18.5,-137,-137
2026-10-10T18:24:13+00:00,cc52bba56e74f5cddbe9011046181c3d,2026-10-11T17:00:00Z,HOU @ TEN,TEN,HOU,Elic Ayomanor,recY,prizepicks,16.5,-137,-137
2026-10-10T18:24:13+00:00,cc52bba56e74f5cddbe9011046181c3d,2026-10-11T17:00:00Z,HOU @ TEN,TEN,HOU,Xavier Hutchinson,recY,prizepicks,14.5,-137,-137
2026-10-10T18:24:13+00:00,cc52bba56e74f5cddbe9011046181c3d,2026-10-11T17:00:00Z,HOU @ TEN,TEN,HOU,Tyjae Spears,recY,prizepicks,9.5,-137,-137
2026-10-10T18:24:13+00:00,cc52bba56e74f5cddbe9011046181c3d,2026-10-11T17:00:00Z,HOU @ TEN,TEN,HOU,Tony Pollard,recY,prizepicks,8.5,-137,-137
2026-10-10T18:24:13+00:00,cc52bba56e74f5cddbe9011046181c3d,2026-10-11T17:00:00Z,HOU @ TEN,TEN,HOU,Calvin Ridley,recY,prizepicks,8.5,-137,-137
2026-10-10T18:24:13+00:00,cc52bba56e74f5cddbe9011046181c3d,2026-10-11T17:00:00Z,HOU @ TEN,TEN,HOU,Woody Marks,recY,prizepicks,8.5,-137,-137
2026-10-10T18:24:13+00:00,cc52bba56e74f5cddbe9011046181c3d,2026-10-11T17:00:00Z,HOU @ TEN,TEN,HOU,David Montgomery,recY,prizepicks,7.5,-137,-137
2026-10-10T18:24:13+00:00,cc52bba56e74f5cddbe9011046181c3d,2026-10-11T17:00:00Z,HOU @ TEN,TEN,HOU,Nico Collins,rec,prizepicks,5.5,-137,-137
2026-10-10T18:24:13+00:00,cc52bba56e74f5cddbe9011046181c3d,2026-10-11T17:00:00Z,HOU @ TEN,TEN,HOU,Carnell Tate,rec,prizepicks,4.5,-137,-137
2026-10-10T18:24:13+00:00,cc52bba56e74f5cddbe9011046181c3d,2026-10-11T17:00:00Z,HOU @ TEN,TEN,HOU,Dalton Schultz,rec,prizepicks,4.0,-137,-137
2026-10-10T18:24:13+00:00,cc52bba56e74f5cddbe9011046181c3d,2026-10-11T17:00:00Z,HOU @ TEN,TEN,HOU,Wan'Dale Robinson,rec,prizepicks,4.0,-137,-137
2026-10-10T18:24:13+00:00,cc52bba56e74f5cddbe9011046181c3d,2026-10-11T17:00:00Z,HOU @ TEN,TEN,HOU,Kayshon Boutte,rec,prizepicks,2.0,-137,-137
2026-10-10T18:24:13+00:00,cc52bba56e74f5cddbe9011046181c3d,2026-10-11T17:00:00Z,HOU @ TEN,TEN,HOU,Tyjae Spears,rec,prizepicks,2.0,-137,-137
2026-10-10T18:24:13+00:00,cc52bba56e74f5cddbe9011046181c3d,2026-10-11T17:00:00Z,HOU @ TEN,TEN,HOU,Elic Ayomanor,rec,prizepicks,1.5,-137,-137
2026-10-10T18:24:13+00:00,cc52bba56e74f5cddbe9011046181c3d,2026-10-11T17:00:00Z,HOU @ TEN,TEN,HOU,Woody Marks,rec,prizepicks,1.5,-137,-137
2026-10-10T18:24:13+00:00,cc52bba56e74f5cddbe9011046181c3d,2026-10-11T17:00:00Z,HOU @ TEN,TEN,HOU,Tony Pollard,rushY,prizepicks,49.5,-137,-137
2026-10-10T18:24:13+00:00,cc52bba56e74f5cddbe9011046181c3d,2026-10-11T17:00:00Z,HOU @ TEN,TEN,HOU,David Montgomery,rushY,prizepicks,45.5,-137,-137
2026-10-10T18:24:13+00:00,cc52bba56e74f5cddbe9011046181c3d,2026-10-11T17:00:00Z,HOU @ TEN,TEN,HOU,Woody Marks,rushY,prizepicks,36.5,-137,-137
2026-10-10T18:24:13+00:00,cc52bba56e74f5cddbe9011046181c3d,2026-10-11T17:00:00Z,HOU @ TEN,TEN,HOU,Tyjae Spears,rushY,prizepicks,14.5,-137,-137
2026-10-10T18:24:13+00:00,cc52bba56e74f5cddbe9011046181c3d,2026-10-11T17:00:00Z,HOU @ TEN,TEN,HOU,Cam Ward,rushY,prizepicks,10.5,-137,-137
2026-10-10T18:24:13+00:00,cc52bba56e74f5cddbe9011046181c3d,2026-10-11T17:00:00Z,HOU @ TEN,TEN,HOU,C.J. Stroud,rushY,prizepicks,9.5,-137,-137
2026-10-10T18:24:13+00:00,cc52bba56e74f5cddbe9011046181c3d,2026-10-11T17:00:00Z,HOU @ TEN,TEN,HOU,Danielle Hunter,sacks,prizepicks,0.75,-137,-137
2026-10-10T18:24:13+00:00,cc52bba56e74f5cddbe9011046181c3d,2026-10-11T17:00:00Z,HOU @ TEN,TEN,HOU,C.J. Stroud,comp,fanatics,20.5,-140,-110
2026-10-10T18:24:13+00:00,cc52bba56e74f5cddbe9011046181c3d,2026-10-11T17:00:00Z,HOU @ TEN,TEN,HOU,Cam Ward,passY,fanatics,190.5,-115,-115
2026-10-10T18:24:13+00:00,cc52bba56e74f5cddbe9011046181c3d,2026-10-11T17:00:00Z,HOU @ TEN,TEN,HOU,Nico Collins,recY,fanatics,75.5,-125,-115
2026-10-10T18:24:13+00:00,cc52bba56e74f5cddbe9011046181c3d,2026-10-11T17:00:00Z,HOU @ TEN,TEN,HOU,Elic Ayomanor,rec,fanatics,1.5,-110,-135
2026-10-10T18:24:13+00:00,cc52bba56e74f5cddbe9011046181c3d,2026-10-11T17:00:00Z,HOU @ TEN,TEN,HOU,Tony Pollard,rushY,fanatics,50.5,-110,-135
2026-10-10T18:24:13+00:00,cc52bba56e74f5cddbe9011046181c3d,2026-10-11T17:00:00Z,HOU @ TEN,TEN,HOU,C.J. Stroud,passY,pick6,239.5,-137,-137
2026-10-10T18:24:13+00:00,cc52bba56e74f5cddbe9011046181c3d,2026-10-11T17:00:00Z,HOU @ TEN,TEN,HOU,Cam Ward,passY,pick6,189.5,-137,-137
2026-10-10T18:24:13+00:00,cc52bba56e74f5cddbe9011046181c3d,2026-10-11T17:00:00Z,HOU @ TEN,TEN,HOU,David Montgomery,recY,pick6,7.5,-137,-137
2026-10-10T18:24:13+00:00,cc52bba56e74f5cddbe9011046181c3d,2026-10-11T17:00:00Z,HOU @ TEN,TEN,HOU,Dalton Schultz,recY,pick6,33.5,-137,-137
2026-10-10T18:24:13+00:00,cc52bba56e74f5cddbe9011046181c3d,2026-10-11T17:00:00Z,HOU @ TEN,TEN,HOU,Nico Collins,recY,pick6,77.5,-137,-137
2026-10-10T18:24:13+00:00,cc52bba56e74f5cddbe9011046181c3d,2026-10-11T17:00:00Z,HOU @ TEN,TEN,HOU,Wan'Dale Robinson,recY,pick6,32.5,-137,-137
2026-10-10T18:24:13+00:00,cc52bba56e74f5cddbe9011046181c3d,2026-10-11T17:00:00Z,HOU @ TEN,TEN,HOU,Carnell Tate,recY,pick6,48.5,-137,-137
2026-10-10T18:24:13+00:00,cc52bba56e74f5cddbe9011046181c3d,2026-10-11T17:00:00Z,HOU @ TEN,TEN,HOU,Kayshon Boutte,recY,pick6,24.5,-137,-137
2026-10-10T18:24:13+00:00,cc52bba56e74f5cddbe9011046181c3d,2026-10-11T17:00:00Z,HOU @ TEN,TEN,HOU,Gunnar Helm,recY,pick6,15.5,-137,-137
2026-10-10T18:24:13+00:00,cc52bba56e74f5cddbe9011046181c3d,2026-10-11T17:00:00Z,HOU @ TEN,TEN,HOU,Xavier Hutchinson,recY,pick6,14.5,-137,-137
2026-10-10T18:24:13+00:00,cc52bba56e74f5cddbe9011046181c3d,2026-10-11T17:00:00Z,HOU @ TEN,TEN,HOU,Elic Ayomanor,recY,pick6,16.5,-137,-137
2026-10-10T18:24:13+00:00,cc52bba56e74f5cddbe9011046181c3d,2026-10-11T17:00:00Z,HOU @ TEN,TEN,HOU,Tony Pollard,recY,pick6,8.5,-137,-137
2026-10-10T18:24:13+00:00,cc52bba56e74f5cddbe9011046181c3d,2026-10-11T17:00:00Z,HOU @ TEN,TEN,HOU,Tyjae Spears,recY,pick6,10.5,-137,-137
2026-10-10T18:24:13+00:00,cc52bba56e74f5cddbe9011046181c3d,2026-10-11T17:00:00Z,HOU @ TEN,TEN,HOU,Calvin Ridley,recY,pick6,8.5,-137,-137
2026-10-10T18:24:13+00:00,cc52bba56e74f5cddbe9011046181c3d,2026-10-11T17:00:00Z,HOU @ TEN,TEN,HOU,Woody Marks,recY,pick6,8.5,-137,-137
2026-10-10T18:24:13+00:00,cc52bba56e74f5cddbe9011046181c3d,2026-10-11T17:00:00Z,HOU @ TEN,TEN,HOU,Jaylin Noel,recY,pick6,19.5,-137,-137
2026-10-10T18:24:13+00:00,cc52bba56e74f5cddbe9011046181c3d,2026-10-11T17:00:00Z,HOU @ TEN,TEN,HOU,Woody Marks,rec,pick6,1.5,-137,-137
2026-10-10T18:24:13+00:00,cc52bba56e74f5cddbe9011046181c3d,2026-10-11T17:00:00Z,HOU @ TEN,TEN,HOU,Tony Pollard,rec,pick6,1.5,,-137
2026-10-10T18:24:13+00:00,cc52bba56e74f5cddbe9011046181c3d,2026-10-11T17:00:00Z,HOU @ TEN,TEN,HOU,Elic Ayomanor,rec,pick6,1.5,-137,-137
2026-10-10T18:24:13+00:00,cc52bba56e74f5cddbe9011046181c3d,2026-10-11T17:00:00Z,HOU @ TEN,TEN,HOU,Nico Collins,rec,pick6,5.5,-137,-137
2026-10-10T18:24:13+00:00,cc52bba56e74f5cddbe9011046181c3d,2026-10-11T17:00:00Z,HOU @ TEN,TEN,HOU,Cam Ward,rushY,pick6,10.5,-137,-137
2026-10-10T18:24:13+00:00,cc52bba56e74f5cddbe9011046181c3d,2026-10-11T17:00:00Z,HOU @ TEN,TEN,HOU,Tyjae Spears,rushY,pick6,15.5,-137,-137
2026-10-10T18:24:13+00:00,cc52bba56e74f5cddbe9011046181c3d,2026-10-11T17:00:00Z,HOU @ TEN,TEN,HOU,David Montgomery,rushY,pick6,43.5,-137,-137
2026-10-10T18:24:13+00:00,cc52bba56e74f5cddbe9011046181c3d,2026-10-11T17:00:00Z,HOU @ TEN,TEN,HOU,Woody Marks,rushY,pick6,36.5,-137,-137
2026-10-10T18:24:13+00:00,cc52bba56e74f5cddbe9011046181c3d,2026-10-11T17:00:00Z,HOU @ TEN,TEN,HOU,C.J. Stroud,rushY,pick6,9.5,-137,-137
2026-10-10T18:24:13+00:00,cc52bba56e74f5cddbe9011046181c3d,2026-10-11T17:00:00Z,HOU @ TEN,TEN,HOU,Tony Pollard,rushY,pick6,48.5,-137,-137
2026-10-10T18:24:13+00:00,448d7cf18c6db4c811ed82ded1b72867,2026-10-11T17:00:00Z,IND @ PIT,PIT,IND,Aaron Rodgers,comp,draftkings,21.5,-106,-120
2026-10-10T18:24:13+00:00,448d7cf18c6db4c811ed82ded1b72867,2026-10-11T17:00:00Z,IND @ PIT,PIT,IND,Daniel Jones,comp,draftkings,20.5,103,-132
2026-10-10T18:24:13+00:00,448d7cf18c6db4c811ed82ded1b72867,2026-10-11T17:00:00Z,IND @ PIT,PIT,IND,Aaron Rodgers,passY,draftkings,225.5,-112,-112
2026-10-10T18:24:13+00:00,448d7cf18c6db4c811ed82ded1b72867,2026-10-11T17:00:00Z,IND @ PIT,PIT,IND,Daniel Jones,passY,draftkings,207.5,-113,-111
2026-10-10T18:24:13+00:00,448d7cf18c6db4c811ed82ded1b72867,2026-10-11T17:00:00Z,IND @ PIT,PIT,IND,Josh Downs,recY,draftkings,56.5,-112,-112
2026-10-10T18:24:13+00:00,448d7cf18c6db4c811ed82ded1b72867,2026-10-11T17:00:00Z,IND @ PIT,PIT,IND,DK Metcalf,recY,draftkings,52.5,-110,-114
2026-10-10T18:24:13+00:00,448d7cf18c6db4c811ed82ded1b72867,2026-10-11T17:00:00Z,IND @ PIT,PIT,IND,Tyler Warren,recY,draftkings,45.5,-114,-110
2026-10-10T18:24:13+00:00,448d7cf18c6db4c811ed82ded1b72867,2026-10-11T17:00:00Z,IND @ PIT,PIT,IND,Roman Wilson,recY,draftkings,41.5,-113,-111
2026-10-10T18:24:13+00:00,448d7cf18c6db4c811ed82ded1b72867,2026-10-11T17:00:00Z,IND @ PIT,PIT,IND,Keenan Allen,recY,draftkings,29.5,-114,-110
2026-10-10T18:24:13+00:00,448d7cf18c6db4c811ed82ded1b72867,2026-10-11T17:00:00Z,IND @ PIT,PIT,IND,Pat Freiermuth,recY,draftkings,26.5,-110,-114
2026-10-10T18:24:13+00:00,448d7cf18c6db4c811ed82ded1b72867,2026-10-11T17:00:00Z,IND @ PIT,PIT,IND,Darnell Washington,recY,draftkings,21.5,-114,-110
2026-10-10T18:24:13+00:00,448d7cf18c6db4c811ed82ded1b72867,2026-10-11T17:00:00Z,IND @ PIT,PIT,IND,Germie Bernard,recY,draftkings,20.5,-110,-114
2026-10-10T18:24:13+00:00,448d7cf18c6db4c811ed82ded1b72867,2026-10-11T17:00:00Z,IND @ PIT,PIT,IND,Jaylen Warren,recY,draftkings,17.5,-113,-111
2026-10-10T18:24:13+00:00,448d7cf18c6db4c811ed82ded1b72867,2026-10-11T17:00:00Z,IND @ PIT,PIT,IND,Laquon Treadwell,recY,draftkings,16.5,-113,-111
2026-10-10T18:24:13+00:00,448d7cf18c6db4c811ed82ded1b72867,2026-10-11T17:00:00Z,IND @ PIT,PIT,IND,Jonathan Taylor,recY,draftkings,14.5,-115,-109
2026-10-10T18:24:13+00:00,448d7cf18c6db4c811ed82ded1b72867,2026-10-11T17:00:00Z,IND @ PIT,PIT,IND,Tyler Warren,rec,draftkings,4.5,-156,122
2026-10-10T18:24:13+00:00,448d7cf18c6db4c811ed82ded1b72867,2026-10-11T17:00:00Z,IND @ PIT,PIT,IND,Josh Downs,rec,draftkings,4.5,-144,113
2026-10-10T18:24:13+00:00,448d7cf18c6db4c811ed82ded1b72867,2026-10-11T17:00:00Z,IND @ PIT,PIT,IND,DK Metcalf,rec,draftkings,4.5,117,-149
2026-10-10T18:24:13+00:00,448d7cf18c6db4c811ed82ded1b72867,2026-10-11T17:00:00Z,IND @ PIT,PIT,IND,Keenan Allen,rec,draftkings,3.5,-103,-124
2026-10-10T18:24:13+00:00,448d7cf18c6db4c811ed82ded1b72867,2026-10-11T17:00:00Z,IND @ PIT,PIT,IND,Roman Wilson,rec,draftkings,3.5,124,-159
2026-10-10T18:24:13+00:00,448d7cf18c6db4c811ed82ded1b72867,2026-10-11T17:00:00Z,IND @ PIT,PIT,IND,Pat Freiermuth,rec,draftkings,3.5,127,-162
2026-10-10T18:24:13+00:00,448d7cf18c6db4c811ed82ded1b72867,2026-10-11T17:00:00Z,IND @ PIT,PIT,IND,Jaylen Warren,rec,draftkings,2.5,-136,106
2026-10-10T18:24:13+00:00,448d7cf18c6db4c811ed82ded1b72867,2026-10-11T17:00:00Z,IND @ PIT,PIT,IND,Jonathan Taylor,rec,draftkings,2.5,101,-128
2026-10-10T18:24:13+00:00,448d7cf18c6db4c811ed82ded1b72867,2026-10-11T17:00:00Z,IND @ PIT,PIT,IND,Darnell Washington,rec,draftkings,2.5,132,-169
2026-10-10T18:24:13+00:00,448d7cf18c6db4c811ed82ded1b72867,2026-10-11T17:00:00Z,IND @ PIT,PIT,IND,Germie Bernard,rec,draftkings,2.5,141,-181
2026-10-10T18:24:13+00:00,448d7cf18c6db4c811ed82ded1b72867,2026-10-11T17:00:00Z,IND @ PIT,PIT,IND,Laquon Treadwell,rec,draftkings,1.5,100,-127
2026-10-10T18:24:13+00:00,448d7cf18c6db4c811ed82ded1b72867,2026-10-11T17:00:00Z,IND @ PIT,PIT,IND,Jonathan Taylor,rushY,draftkings,86.5,-110,-114
2026-10-10T18:24:13+00:00,448d7cf18c6db4c811ed82ded1b72867,2026-10-11T17:00:00Z,IND @ PIT,PIT,IND,Jaylen Warren,rushY,draftkings,61.5,-113,-111
2026-10-10T18:24:13+00:00,448d7cf18c6db4c811ed82ded1b72867,2026-10-11T17:00:00Z,IND @ PIT,PIT,IND,Daniel Jones,rushY,draftkings,8.5,-108,-116
2026-10-10T18:24:13+00:00,448d7cf18c6db4c811ed82ded1b72867,2026-10-11T17:00:00Z,IND @ PIT,PIT,IND,Aaron Rodgers,rushY,draftkings,0.5,-113,-111
2026-10-10T18:24:13+00:00,448d7cf18c6db4c811ed82ded1b72867,2026-10-11T17:00:00Z,IND @ PIT,PIT,IND,Aaron Rodgers,passY,fanduel,223.5,-113,-113
2026-10-10T18:24:13+00:00,448d7cf18c6db4c811ed82ded1b72867,2026-10-11T17:00:00Z,IND @ PIT,PIT,IND,Daniel Jones,passY,fanduel,213.5,-113,-113
2026-10-10T18:24:13+00:00,448d7cf18c6db4c811ed82ded1b72867,2026-10-11T17:00:00Z,IND @ PIT,PIT,IND,Josh Downs,recY,fanduel,58.5,-113,-113
2026-10-10T18:24:13+00:00,448d7cf18c6db4c811ed82ded1b72867,2026-10-11T17:00:00Z,IND @ PIT,PIT,IND,Germie Bernard,recY,fanduel,19.5,-113,-113
2026-10-10T18:24:13+00:00,448d7cf18c6db4c811ed82ded1b72867,2026-10-11T17:00:00Z,IND @ PIT,PIT,IND,Laquon Treadwell,recY,fanduel,16.5,-113,-113
2026-10-10T18:24:13+00:00,448d7cf18c6db4c811ed82ded1b72867,2026-10-11T17:00:00Z,IND @ PIT,PIT,IND,Keenan Allen,recY,fanduel,30.5,-113,-113
2026-10-10T18:24:13+00:00,448d7cf18c6db4c811ed82ded1b72867,2026-10-11T17:00:00Z,IND @ PIT,PIT,IND,Darnell Washington,recY,fanduel,22.5,-113,-113
2026-10-10T18:24:13+00:00,448d7cf18c6db4c811ed82ded1b72867,2026-10-11T17:00:00Z,IND @ PIT,PIT,IND,Tyler Warren,recY,fanduel,46.5,-113,-113
2026-10-10T18:24:13+00:00,448d7cf18c6db4c811ed82ded1b72867,2026-10-11T17:00:00Z,IND @ PIT,PIT,IND,Jonathan Taylor,recY,fanduel,15.5,-113,-113
2026-10-10T18:24:13+00:00,448d7cf18c6db4c811ed82ded1b72867,2026-10-11T17:00:00Z,IND @ PIT,PIT,IND,Roman Wilson,recY,fanduel,41.5,-113,-113
2026-10-10T18:24:13+00:00,448d7cf18c6db4c811ed82ded1b72867,2026-10-11T17:00:00Z,IND @ PIT,PIT,IND,Pat Freiermuth,recY,fanduel,27.5,-113,-113
2026-10-10T18:24:13+00:00,448d7cf18c6db4c811ed82ded1b72867,2026-10-11T17:00:00Z,IND @ PIT,PIT,IND,Jaylen Warren,recY,fanduel,18.5,-113,-113
2026-10-10T18:24:13+00:00,448d7cf18c6db4c811ed82ded1b72867,2026-10-11T17:00:00Z,IND @ PIT,PIT,IND,DK Metcalf,recY,fanduel,53.5,-113,-113
2026-10-10T18:24:13+00:00,448d7cf18c6db4c811ed82ded1b72867,2026-10-11T17:00:00Z,IND @ PIT,PIT,IND,Darnell Washington,rec,fanduel,2.5,120,-160
2026-10-10T18:24:13+00:00,448d7cf18c6db4c811ed82ded1b72867,2026-10-11T17:00:00Z,IND @ PIT,PIT,IND,Keenan Allen,rec,fanduel,3.5,104,-138
2026-10-10T18:24:13+00:00,448d7cf18c6db4c811ed82ded1b72867,2026-10-11T17:00:00Z,IND @ PIT,PIT,IND,Germie Bernard,rec,fanduel,2.5,134,-180
2026-10-10T18:24:13+00:00,448d7cf18c6db4c811ed82ded1b72867,2026-10-11T17:00:00Z,IND @ PIT,PIT,IND,Jonathan Taylor,rec,fanduel,2.5,-110,-120
2026-10-10T18:24:13+00:00,448d7cf18c6db4c811ed82ded1b72867,2026-10-11T17:00:00Z,IND @ PIT,PIT,IND,Jaylen Warren,rec,fanduel,2.5,-144,108
2026-10-10T18:24:13+00:00,448d7cf18c6db4c811ed82ded1b72867,2026-10-11T17:00:00Z,IND @ PIT,PIT,IND,Laquon Treadwell,rec,fanduel,1.5,100,-132
2026-10-10T18:24:13+00:00,448d7cf18c6db4c811ed82ded1b72867,2026-10-11T17:00:00Z,IND @ PIT,PIT,IND,DK Metcalf,rec,fanduel,4.5,114,-152
2026-10-10T18:24:13+00:00,448d7cf18c6db4c811ed82ded1b72867,2026-10-11T17:00:00Z,IND @ PIT,PIT,IND,Roman Wilson,rec,fanduel,3.5,106,-140
2026-10-10T18:24:13+00:00,448d7cf18c6db4c811ed82ded1b72867,2026-10-11T17:00:00Z,IND @ PIT,PIT,IND,Tyler Warren,rec,fanduel,5.5,124,-166
2026-10-10T18:24:13+00:00,448d7cf18c6db4c811ed82ded1b72867,2026-10-11T17:00:00Z,IND @ PIT,PIT,IND,Pat Freiermuth,rec,fanduel,3.5,116,-154
2026-10-10T18:24:13+00:00,448d7cf18c6db4c811ed82ded1b72867,2026-10-11T17:00:00Z,IND @ PIT,PIT,IND,Josh Downs,rec,fanduel,4.5,-148,112
2026-10-10T18:24:13+00:00,448d7cf18c6db4c811ed82ded1b72867,2026-10-11T17:00:00Z,IND @ PIT,PIT,IND,Jaylen Warren,rushY,fanduel,61.5,-113,-113
2026-10-10T18:24:13+00:00,448d7cf18c6db4c811ed82ded1b72867,2026-10-11T17:00:00Z,IND @ PIT,PIT,IND,Aaron Rodgers,rushY,fanduel,0.5,-128,100
2026-10-10T18:24:13+00:00,448d7cf18c6db4c811ed82ded1b72867,2026-10-11T17:00:00Z,IND @ PIT,PIT,IND,Daniel Jones,rushY,fanduel,8.5,-113,-113
2026-10-10T18:24:13+00:00,448d7cf18c6db4c811ed82ded1b72867,2026-10-11T17:00:00Z,IND @ PIT,PIT,IND,Jonathan Taylor,rushY,fanduel,86.5,-113,-113
2026-10-10T18:24:13+00:00,448d7cf18c6db4c811ed82ded1b72867,2026-10-11T17:00:00Z,IND @ PIT,PIT,IND,T.J. Watt,sacks,fanduel,0.5,-148,
2026-10-10T18:24:13+00:00,448d7cf18c6db4c811ed82ded1b72867,2026-10-11T17:00:00Z,IND @ PIT,PIT,IND,Alex Highsmith,sacks,fanduel,0.5,-102,
2026-10-10T18:24:13+00:00,448d7cf18c6db4c811ed82ded1b72867,2026-10-11T17:00:00Z,IND @ PIT,PIT,IND,DeForest Buckner,sacks,fanduel,0.5,144,
2026-10-10T18:24:13+00:00,448d7cf18c6db4c811ed82ded1b72867,2026-10-11T17:00:00Z,IND @ PIT,PIT,IND,Laiatu Latu,sacks,fanduel,0.5,144,
2026-10-10T18:24:13+00:00,448d7cf18c6db4c811ed82ded1b72867,2026-10-11T17:00:00Z,IND @ PIT,PIT,IND,Nick Herbig,sacks,fanduel,0.5,182,
2026-10-10T18:24:13+00:00,448d7cf18c6db4c811ed82ded1b72867,2026-10-11T17:00:00Z,IND @ PIT,PIT,IND,JT Tuimoloau,sacks,fanduel,0.5,350,
2026-10-10T18:24:13+00:00,448d7cf18c6db4c811ed82ded1b72867,2026-10-11T17:00:00Z,IND @ PIT,PIT,IND,Grover Stewart,sacks,fanduel,0.5,350,
2026-10-10T18:24:13+00:00,448d7cf18c6db4c811ed82ded1b72867,2026-10-11T17:00:00Z,IND @ PIT,PIT,IND,Cameron Heyward,sacks,fanduel,0.5,390,
2026-10-10T18:24:13+00:00,448d7cf18c6db4c811ed82ded1b72867,2026-10-11T17:00:00Z,IND @ PIT,PIT,IND,Aaron Rodgers,comp,betrivers,20.5,-115,
2026-10-10T18:24:13+00:00,448d7cf18c6db4c811ed82ded1b72867,2026-10-11T17:00:00Z,IND @ PIT,PIT,IND,Daniel Jones,comp,betrivers,20.5,104,
2026-10-10T18:24:13+00:00,448d7cf18c6db4c811ed82ded1b72867,2026-10-11T17:00:00Z,IND @ PIT,PIT,IND,Daniel Jones,passY,betrivers,210.5,-115,-115
2026-10-10T18:24:13+00:00,448d7cf18c6db4c811ed82ded1b72867,2026-10-11T17:00:00Z,IND @ PIT,PIT,IND,Aaron Rodgers,passY,betrivers,222.5,-114,-115
2026-10-10T18:24:13+00:00,448d7cf18c6db4c811ed82ded1b72867,2026-10-11T17:00:00Z,IND @ PIT,PIT,IND,Roman Wilson,recY,betrivers,40.5,-115,-114
2026-10-10T18:24:13+00:00,448d7cf18c6db4c811ed82ded1b72867,2026-10-11T17:00:00Z,IND @ PIT,PIT,IND,Darnell Washington,recY,betrivers,21.5,-120,-112
2026-10-10T18:24:13+00:00,448d7cf18c6db4c811ed82ded1b72867,2026-10-11T17:00:00Z,IND @ PIT,PIT,IND,Jaylen Warren,recY,betrivers,18.5,-114,-117
2026-10-10T18:24:13+00:00,448d7cf18c6db4c811ed82ded1b72867,2026-10-11T17:00:00Z,IND @ PIT,PIT,IND,Pat Freiermuth,recY,betrivers,27.5,-113,-118
2026-10-10T18:24:13+00:00,448d7cf18c6db4c811ed82ded1b72867,2026-10-11T17:00:00Z,IND @ PIT,PIT,IND,Tyler Warren,recY,betrivers,46.5,-117,-114
2026-10-10T18:24:13+00:00,448d7cf18c6db4c811ed82ded1b72867,2026-10-11T17:00:00Z,IND @ PIT,PIT,IND,Laquon Treadwell,recY,betrivers,17.5,-113,-118
2026-10-10T18:24:13+00:00,448d7cf18c6db4c811ed82ded1b72867,2026-10-11T17:00:00Z,IND @ PIT,PIT,IND,Josh Downs,recY,betrivers,57.5,-113,-118
2026-10-10T18:24:13+00:00,448d7cf18c6db4c811ed82ded1b72867,2026-10-11T17:00:00Z,IND @ PIT,PIT,IND,Keenan Allen,recY,betrivers,29.5,-113,-117
2026-10-10T18:24:13+00:00,448d7cf18c6db4c811ed82ded1b72867,2026-10-11T17:00:00Z,IND @ PIT,PIT,IND,Jonathan Taylor,recY,betrivers,15.5,-120,-112
2026-10-10T18:24:13+00:00,448d7cf18c6db4c811ed82ded1b72867,2026-10-11T17:00:00Z,IND @ PIT,PIT,IND,DK Metcalf,recY,betrivers,51.5,-114,-117
2026-10-10T18:24:13+00:00,448d7cf18c6db4c811ed82ded1b72867,2026-10-11T17:00:00Z,IND @ PIT,PIT,IND,Germie Bernard,recY,betrivers,18.5,-112,-120
2026-10-10T18:24:13+00:00,448d7cf18c6db4c811ed82ded1b72867,2026-10-11T17:00:00Z,IND @ PIT,PIT,IND,DK Metcalf,rec,betrivers,4.5,112,
2026-10-10T18:24:13+00:00,448d7cf18c6db4c811ed82ded1b72867,2026-10-11T17:00:00Z,IND @ PIT,PIT,IND,Roman Wilson,rec,betrivers,3.5,112,
2026-10-10T18:24:13+00:00,448d7cf18c6db4c811ed82ded1b72867,2026-10-11T17:00:00Z,IND @ PIT,PIT,IND,Keenan Allen,rec,betrivers,3.5,106,
2026-10-10T18:24:13+00:00,448d7cf18c6db4c811ed82ded1b72867,2026-10-11T17:00:00Z,IND @ PIT,PIT,IND,Darnell Washington,rec,betrivers,2.5,133,
2026-10-10T18:24:13+00:00,448d7cf18c6db4c811ed82ded1b72867,2026-10-11T17:00:00Z,IND @ PIT,PIT,IND,Jaylen Warren,rec,betrivers,2.5,-152,
2026-10-10T18:24:13+00:00,448d7cf18c6db4c811ed82ded1b72867,2026-10-11T17:00:00Z,IND @ PIT,PIT,IND,Laquon Treadwell,rec,betrivers,1.5,-104,
2026-10-10T18:24:13+00:00,448d7cf18c6db4c811ed82ded1b72867,2026-10-11T17:00:00Z,IND @ PIT,PIT,IND,Pat Freiermuth,rec,betrivers,3.5,110,
2026-10-10T18:24:13+00:00,448d7cf18c6db4c811ed82ded1b72867,2026-10-11T17:00:00Z,IND @ PIT,PIT,IND,Tyler Warren,rec,betrivers,5.5,123,
2026-10-10T18:24:13+00:00,448d7cf18c6db4c811ed82ded1b72867,2026-10-11T17:00:00Z,IND @ PIT,PIT,IND,Josh Downs,rec,betrivers,4.5,-148,
2026-10-10T18:24:13+00:00,448d7cf18c6db4c811ed82ded1b72867,2026-10-11T17:00:00Z,IND @ PIT,PIT,IND,Germie Bernard,rec,betrivers,2.5,135,
2026-10-10T18:24:13+00:00,448d7cf18c6db4c811ed82ded1b72867,2026-10-11T17:00:00Z,IND @ PIT,PIT,IND,Jonathan Taylor,rec,betrivers,2.5,-120,
2026-10-10T18:24:13+00:00,448d7cf18c6db4c811ed82ded1b72867,2026-10-11T17:00:00Z,IND @ PIT,PIT,IND,Jaylen Warren,rushY,betrivers,61.5,-117,-114
2026-10-10T18:24:13+00:00,448d7cf18c6db4c811ed82ded1b72867,2026-10-11T17:00:00Z,IND @ PIT,PIT,IND,Jonathan Taylor,rushY,betrivers,85.5,-115,-115
2026-10-10T18:24:13+00:00,448d7cf18c6db4c811ed82ded1b72867,2026-10-11T17:00:00Z,IND @ PIT,PIT,IND,Daniel Jones,rushY,betrivers,7.5,-117,-114
2026-10-10T18:24:13+00:00,448d7cf18c6db4c811ed82ded1b72867,2026-10-11T17:00:00Z,IND @ PIT,PIT,IND,Aaron Rodgers,comp,prizepicks,21.5,-137,-137
2026-10-10T18:24:13+00:00,448d7cf18c6db4c811ed82ded1b72867,2026-10-11T17:00:00Z,IND @ PIT,PIT,IND,Daniel Jones,comp,prizepicks,20.0,-137,-137
2026-10-10T18:24:13+00:00,448d7cf18c6db4c811ed82ded1b72867,2026-10-11T17:00:00Z,IND @ PIT,PIT,IND,Aaron Rodgers,passY,prizepicks,223.5,-137,-137
2026-10-10T18:24:13+00:00,448d7cf18c6db4c811ed82ded1b72867,2026-10-11T17:00:00Z,IND @ PIT,PIT,IND,Daniel Jones,passY,prizepicks,212.5,-137,-137
2026-10-10T18:24:13+00:00,448d7cf18c6db4c811ed82ded1b72867,2026-10-11T17:00:00Z,IND @ PIT,PIT,IND,Josh Downs,recY,prizepicks,58.5,-137,-137
2026-10-10T18:24:13+00:00,448d7cf18c6db4c811ed82ded1b72867,2026-10-11T17:00:00Z,IND @ PIT,PIT,IND,DK Metcalf,recY,prizepicks,53.5,-137,-137
2026-10-10T18:24:13+00:00,448d7cf18c6db4c811ed82ded1b72867,2026-10-11T17:00:00Z,IND @ PIT,PIT,IND,Tyler Warren,recY,prizepicks,47.5,-137,-137
2026-10-10T18:24:13+00:00,448d7cf18c6db4c811ed82ded1b72867,2026-10-11T17:00:00Z,IND @ PIT,PIT,IND,Roman Wilson,recY,prizepicks,40.5,-137,-137
2026-10-10T18:24:13+00:00,448d7cf18c6db4c811ed82ded1b72867,2026-10-11T17:00:00Z,IND @ PIT,PIT,IND,Keenan Allen,recY,prizepicks,30.5,-137,-137
2026-10-10T18:24:13+00:00,448d7cf18c6db4c811ed82ded1b72867,2026-10-11T17:00:00Z,IND @ PIT,PIT,IND,Pat Freiermuth,recY,prizepicks,27.5,-137,-137
2026-10-10T18:24:13+00:00,448d7cf18c6db4c811ed82ded1b72867,2026-10-11T17:00:00Z,IND @ PIT,PIT,IND,Michael Pittman Jr.,recY,prizepicks,26.5,-137,-137
2026-10-10T18:24:13+00:00,448d7cf18c6db4c811ed82ded1b72867,2026-10-11T17:00:00Z,IND @ PIT,PIT,IND,Darnell Washington,recY,prizepicks,22.5,-137,-137
2026-10-10T18:24:13+00:00,448d7cf18c6db4c811ed82ded1b72867,2026-10-11T17:00:00Z,IND @ PIT,PIT,IND,Germie Bernard,recY,prizepicks,19.5,-137,-137
2026-10-10T18:24:13+00:00,448d7cf18c6db4c811ed82ded1b72867,2026-10-11T17:00:00Z,IND @ PIT,PIT,IND,Jaylen Warren,recY,prizepicks,18.5,-137,-137
2026-10-10T18:24:13+00:00,448d7cf18c6db4c811ed82ded1b72867,2026-10-11T17:00:00Z,IND @ PIT,PIT,IND,Laquon Treadwell,recY,prizepicks,16.5,-137,-137
2026-10-10T18:24:13+00:00,448d7cf18c6db4c811ed82ded1b72867,2026-10-11T17:00:00Z,IND @ PIT,PIT,IND,Jonathan Taylor,recY,prizepicks,15.5,-137,-137
2026-10-10T18:24:13+00:00,448d7cf18c6db4c811ed82ded1b72867,2026-10-11T17:00:00Z,IND @ PIT,PIT,IND,Tyler Warren,rec,prizepicks,5.0,-137,-137
2026-10-10T18:24:13+00:00,448d7cf18c6db4c811ed82ded1b72867,2026-10-11T17:00:00Z,IND @ PIT,PIT,IND,Josh Downs,rec,prizepicks,5.0,-137,-137
2026-10-10T18:24:13+00:00,448d7cf18c6db4c811ed82ded1b72867,2026-10-11T17:00:00Z,IND @ PIT,PIT,IND,DK Metcalf,rec,prizepicks,4.0,-137,-137
2026-10-10T18:24:13+00:00,448d7cf18c6db4c811ed82ded1b72867,2026-10-11T17:00:00Z,IND @ PIT,PIT,IND,Keenan Allen,rec,prizepicks,3.5,-137,-137
2026-10-10T18:24:13+00:00,448d7cf18c6db4c811ed82ded1b72867,2026-10-11T17:00:00Z,IND @ PIT,PIT,IND,Jonathan Taylor,rec,prizepicks,2.5,-137,-137
2026-10-10T18:24:13+00:00,448d7cf18c6db4c811ed82ded1b72867,2026-10-11T17:00:00Z,IND @ PIT,PIT,IND,Michael Pittman Jr.,rec,prizepicks,2.5,-137,-137
2026-10-10T18:24:13+00:00,448d7cf18c6db4c811ed82ded1b72867,2026-10-11T17:00:00Z,IND @ PIT,PIT,IND,Germie Bernard,rec,prizepicks,2.0,-137,-137
2026-10-10T18:24:13+00:00,448d7cf18c6db4c811ed82ded1b72867,2026-10-11T17:00:00Z,IND @ PIT,PIT,IND,Laquon Treadwell,rec,prizepicks,1.5,-137,-137
2026-10-10T18:24:13+00:00,448d7cf18c6db4c811ed82ded1b72867,2026-10-11T17:00:00Z,IND @ PIT,PIT,IND,Jonathan Taylor,rushY,prizepicks,85.5,-137,-137
2026-10-10T18:24:13+00:00,448d7cf18c6db4c811ed82ded1b72867,2026-10-11T17:00:00Z,IND @ PIT,PIT,IND,Jaylen Warren,rushY,prizepicks,61.5,-137,-137
2026-10-10T18:24:13+00:00,448d7cf18c6db4c811ed82ded1b72867,2026-10-11T17:00:00Z,IND @ PIT,PIT,IND,Rico Dowdle,rushY,prizepicks,28.5,-137,-137
2026-10-10T18:24:13+00:00,448d7cf18c6db4c811ed82ded1b72867,2026-10-11T17:00:00Z,IND @ PIT,PIT,IND,Daniel Jones,rushY,prizepicks,8.5,-137,-137
2026-10-10T18:24:13+00:00,448d7cf18c6db4c811ed82ded1b72867,2026-10-11T17:00:00Z,IND @ PIT,PIT,IND,Aaron Rodgers,rushY,prizepicks,0.5,-137,-137
2026-10-10T18:24:13+00:00,448d7cf18c6db4c811ed82ded1b72867,2026-10-11T17:00:00Z,IND @ PIT,PIT,IND,Aaron Rodgers,sacks,prizepicks,1.5,-137,-137
2026-10-10T18:24:13+00:00,448d7cf18c6db4c811ed82ded1b72867,2026-10-11T17:00:00Z,IND @ PIT,PIT,IND,Daniel Jones,comp,betmgm,20.5,-105,-125
2026-10-10T18:24:13+00:00,448d7cf18c6db4c811ed82ded1b72867,2026-10-11T17:00:00Z,IND @ PIT,PIT,IND,Aaron Rodgers,comp,betmgm,21.5,-105,-125
2026-10-10T18:24:13+00:00,448d7cf18c6db4c811ed82ded1b72867,2026-10-11T17:00:00Z,IND @ PIT,PIT,IND,Daniel Jones,passY,betmgm,210.5,-115,-115
2026-10-10T18:24:13+00:00,448d7cf18c6db4c811ed82ded1b72867,2026-10-11T17:00:00Z,IND @ PIT,PIT,IND,Aaron Rodgers,passY,betmgm,228.5,-115,-115
2026-10-10T18:24:13+00:00,448d7cf18c6db4c811ed82ded1b72867,2026-10-11T17:00:00Z,IND @ PIT,PIT,IND,Keenan Allen,recY,betmgm,32.5,-115,-115
2026-10-10T18:24:13+00:00,448d7cf18c6db4c811ed82ded1b72867,2026-10-11T17:00:00Z,IND @ PIT,PIT,IND,Darnell Washington,recY,betmgm,22.5,-120,-110
2026-10-10T18:24:13+00:00,448d7cf18c6db4c811ed82ded1b72867,2026-10-11T17:00:00Z,IND @ PIT,PIT,IND,Tyler Warren,recY,betmgm,47.5,-115,-115
2026-10-10T18:24:13+00:00,448d7cf18c6db4c811ed82ded1b72867,2026-10-11T17:00:00Z,IND @ PIT,PIT,IND,Roman Wilson,recY,betmgm,40.5,-125,-105
2026-10-10T18:24:13+00:00,448d7cf18c6db4c811ed82ded1b72867,2026-10-11T17:00:00Z,IND @ PIT,PIT,IND,Pat Freiermuth,recY,betmgm,30.5,105,-145
2026-10-10T18:24:13+00:00,448d7cf18c6db4c811ed82ded1b72867,2026-10-11T17:00:00Z,IND @ PIT,PIT,IND,Jonathan Taylor,recY,betmgm,16.5,-115,-115
2026-10-10T18:24:13+00:00,448d7cf18c6db4c811ed82ded1b72867,2026-10-11T17:00:00Z,IND @ PIT,PIT,IND,DK Metcalf,recY,betmgm,54.5,-115,-115
2026-10-10T18:24:13+00:00,448d7cf18c6db4c811ed82ded1b72867,2026-10-11T17:00:00Z,IND @ PIT,PIT,IND,Germie Bernard,recY,betmgm,18.5,-115,-115
2026-10-10T18:24:13+00:00,448d7cf18c6db4c811ed82ded1b72867,2026-10-11T17:00:00Z,IND @ PIT,PIT,IND,Josh Downs,recY,betmgm,56.5,-111,-118
2026-10-10T18:24:13+00:00,448d7cf18c6db4c811ed82ded1b72867,2026-10-11T17:00:00Z,IND @ PIT,PIT,IND,Laquon Treadwell,recY,betmgm,17.5,-120,-111
2026-10-10T18:24:13+00:00,448d7cf18c6db4c811ed82ded1b72867,2026-10-11T17:00:00Z,IND @ PIT,PIT,IND,Darnell Washington,rec,betmgm,2.5,105,-140
2026-10-10T18:24:13+00:00,448d7cf18c6db4c811ed82ded1b72867,2026-10-11T17:00:00Z,IND @ PIT,PIT,IND,Keenan Allen,rec,betmgm,3.5,-115,-115
2026-10-10T18:24:13+00:00,448d7cf18c6db4c811ed82ded1b72867,2026-10-11T17:00:00Z,IND @ PIT,PIT,IND,Pat Freiermuth,rec,betmgm,3.5,120,-160
2026-10-10T18:24:13+00:00,448d7cf18c6db4c811ed82ded1b72867,2026-10-11T17:00:00Z,IND @ PIT,PIT,IND,Roman Wilson,rec,betmgm,3.5,105,-140
2026-10-10T18:24:13+00:00,448d7cf18c6db4c811ed82ded1b72867,2026-10-11T17:00:00Z,IND @ PIT,PIT,IND,Germie Bernard,rec,betmgm,2.5,135,-185
2026-10-10T18:24:13+00:00,448d7cf18c6db4c811ed82ded1b72867,2026-10-11T17:00:00Z,IND @ PIT,PIT,IND,Josh Downs,rec,betmgm,4.5,-160,120
2026-10-10T18:24:13+00:00,448d7cf18c6db4c811ed82ded1b72867,2026-10-11T17:00:00Z,IND @ PIT,PIT,IND,Jonathan Taylor,rec,betmgm,2.5,-120,-111
2026-10-10T18:24:13+00:00,448d7cf18c6db4c811ed82ded1b72867,2026-10-11T17:00:00Z,IND @ PIT,PIT,IND,DK Metcalf,rec,betmgm,4.5,100,-135
2026-10-10T18:24:13+00:00,448d7cf18c6db4c811ed82ded1b72867,2026-10-11T17:00:00Z,IND @ PIT,PIT,IND,Tyler Warren,rec,betmgm,5.5,115,-155
2026-10-10T18:24:13+00:00,448d7cf18c6db4c811ed82ded1b72867,2026-10-11T17:00:00Z,IND @ PIT,PIT,IND,Laquon Treadwell,rec,betmgm,1.5,-105,-125
2026-10-10T18:24:13+00:00,448d7cf18c6db4c811ed82ded1b72867,2026-10-11T17:00:00Z,IND @ PIT,PIT,IND,Daniel Jones,rushY,betmgm,9.5,-110,-120
2026-10-10T18:24:13+00:00,448d7cf18c6db4c811ed82ded1b72867,2026-10-11T17:00:00Z,IND @ PIT,PIT,IND,Jonathan Taylor,rushY,betmgm,83.5,-115,-115
2026-10-10T18:24:13+00:00,448d7cf18c6db4c811ed82ded1b72867,2026-10-11T17:00:00Z,IND @ PIT,PIT,IND,Aaron Rodgers,comp,espnbet,21.5,100,-130
2026-10-10T18:24:13+00:00,448d7cf18c6db4c811ed82ded1b72867,2026-10-11T17:00:00Z,IND @ PIT,PIT,IND,Daniel Jones,comp,espnbet,19.5,-130,100
2026-10-10T18:24:13+00:00,448d7cf18c6db4c811ed82ded1b72867,2026-10-11T17:00:00Z,IND @ PIT,PIT,IND,Aaron Rodgers,passY,espnbet,229.5,-110,-120
2026-10-10T18:24:13+00:00,448d7cf18c6db4c811ed82ded1b72867,2026-10-11T17:00:00Z,IND @ PIT,PIT,IND,Daniel Jones,passY,espnbet,209.5,-120,-110
2026-10-10T18:24:13+00:00,448d7cf18c6db4c811ed82ded1b72867,2026-10-11T17:00:00Z,IND @ PIT,PIT,IND,Josh Downs,recY,espnbet,54.5,-125,-105
2026-10-10T18:24:13+00:00,448d7cf18c6db4c811ed82ded1b72867,2026-10-11T17:00:00Z,IND @ PIT,PIT,IND,DK Metcalf,recY,espnbet,49.5,-130,100
2026-10-10T18:24:13+00:00,448d7cf18c6db4c811ed82ded1b72867,2026-10-11T17:00:00Z,IND @ PIT,PIT,IND,Tyler Warren,recY,espnbet,44.5,-110,-120
2026-10-10T18:24:13+00:00,448d7cf18c6db4c811ed82ded1b72867,2026-10-11T17:00:00Z,IND @ PIT,PIT,IND,Pat Freiermuth,recY,espnbet,23.5,-135,105
2026-10-10T18:24:13+00:00,448d7cf18c6db4c811ed82ded1b72867,2026-10-11T17:00:00Z,IND @ PIT,PIT,IND,Roman Wilson,recY,espnbet,44.5,100,-130
2026-10-10T18:24:13+00:00,448d7cf18c6db4c811ed82ded1b72867,2026-10-11T17:00:00Z,IND @ PIT,PIT,IND,Keenan Allen,recY,espnbet,29.5,-110,-120
2026-10-10T18:24:13+00:00,448d7cf18c6db4c811ed82ded1b72867,2026-10-11T17:00:00Z,IND @ PIT,PIT,IND,Darnell Washington,recY,espnbet,22.5,-105,-125
2026-10-10T18:24:13+00:00,448d7cf18c6db4c811ed82ded1b72867,2026-10-11T17:00:00Z,IND @ PIT,PIT,IND,Laquon Treadwell,recY,espnbet,15.5,-125,-105
2026-10-10T18:24:13+00:00,448d7cf18c6db4c811ed82ded1b72867,2026-10-11T17:00:00Z,IND @ PIT,PIT,IND,Germie Bernard,recY,espnbet,19.5,-120,-110
2026-10-10T18:24:13+00:00,448d7cf18c6db4c811ed82ded1b72867,2026-10-11T17:00:00Z,IND @ PIT,PIT,IND,Jonathan Taylor,recY,espnbet,15.5,-105,-125
2026-10-10T18:24:13+00:00,448d7cf18c6db4c811ed82ded1b72867,2026-10-11T17:00:00Z,IND @ PIT,PIT,IND,DK Metcalf,rec,espnbet,4.5,120,-155
2026-10-10T18:24:13+00:00,448d7cf18c6db4c811ed82ded1b72867,2026-10-11T17:00:00Z,IND @ PIT,PIT,IND,Tyler Warren,rec,espnbet,4.5,-135,105
2026-10-10T18:24:13+00:00,448d7cf18c6db4c811ed82ded1b72867,2026-10-11T17:00:00Z,IND @ PIT,PIT,IND,Josh Downs,rec,espnbet,4.5,-150,115
2026-10-10T18:24:13+00:00,448d7cf18c6db4c811ed82ded1b72867,2026-10-11T17:00:00Z,IND @ PIT,PIT,IND,Keenan Allen,rec,espnbet,3.5,-105,-125
2026-10-10T18:24:13+00:00,448d7cf18c6db4c811ed82ded1b72867,2026-10-11T17:00:00Z,IND @ PIT,PIT,IND,Pat Freiermuth,rec,espnbet,3.5,130,-170
2026-10-10T18:24:13+00:00,448d7cf18c6db4c811ed82ded1b72867,2026-10-11T17:00:00Z,IND @ PIT,PIT,IND,Darnell Washington,rec,espnbet,2.5,135,-180
2026-10-10T18:24:13+00:00,448d7cf18c6db4c811ed82ded1b72867,2026-10-11T17:00:00Z,IND @ PIT,PIT,IND,Roman Wilson,rec,espnbet,3.5,125,-160
2026-10-10T18:24:13+00:00,448d7cf18c6db4c811ed82ded1b72867,2026-10-11T17:00:00Z,IND @ PIT,PIT,IND,Jonathan Taylor,rec,espnbet,2.5,100,-130
2026-10-10T18:24:13+00:00,448d7cf18c6db4c811ed82ded1b72867,2026-10-11T17:00:00Z,IND @ PIT,PIT,IND,Jaylen Warren,rec,espnbet,2.5,-135,105
2026-10-10T18:24:13+00:00,448d7cf18c6db4c811ed82ded1b72867,2026-10-11T17:00:00Z,IND @ PIT,PIT,IND,Germie Bernard,rec,espnbet,2.5,135,-180
2026-10-10T18:24:13+00:00,448d7cf18c6db4c811ed82ded1b72867,2026-10-11T17:00:00Z,IND @ PIT,PIT,IND,Laquon Treadwell,rec,espnbet,1.5,100,-130
2026-10-10T18:24:13+00:00,448d7cf18c6db4c811ed82ded1b72867,2026-10-11T17:00:00Z,IND @ PIT,PIT,IND,Jonathan Taylor,rushY,espnbet,84.5,-110,-120
2026-10-10T18:24:13+00:00,448d7cf18c6db4c811ed82ded1b72867,2026-10-11T17:00:00Z,IND @ PIT,PIT,IND,Jaylen Warren,rushY,espnbet,61.5,-115,-115
2026-10-10T18:24:13+00:00,448d7cf18c6db4c811ed82ded1b72867,2026-10-11T17:00:00Z,IND @ PIT,PIT,IND,Daniel Jones,rushY,espnbet,5.5,-160,125
2026-10-10T18:24:13+00:00,448d7cf18c6db4c811ed82ded1b72867,2026-10-11T17:00:00Z,IND @ PIT,PIT,IND,Aaron Rodgers,rushY,espnbet,0.5,-115,-115
2026-10-10T18:24:13+00:00,448d7cf18c6db4c811ed82ded1b72867,2026-10-11T17:00:00Z,IND @ PIT,PIT,IND,Aaron Rodgers,comp,underdog,21.5,-137,-137
2026-10-10T18:24:13+00:00,448d7cf18c6db4c811ed82ded1b72867,2026-10-11T17:00:00Z,IND @ PIT,PIT,IND,Aaron Rodgers,passY,underdog,224.5,-137,-137
2026-10-10T18:24:13+00:00,448d7cf18c6db4c811ed82ded1b72867,2026-10-11T17:00:00Z,IND @ PIT,PIT,IND,Josh Downs,recY,underdog,59.5,-137,-137
2026-10-10T18:24:13+00:00,448d7cf18c6db4c811ed82ded1b72867,2026-10-11T17:00:00Z,IND @ PIT,PIT,IND,Jonathan Taylor,rec,underdog,2.5,-137,-137
2026-10-10T18:24:13+00:00,448d7cf18c6db4c811ed82ded1b72867,2026-10-11T17:00:00Z,IND @ PIT,PIT,IND,Jonathan Taylor,rushY,underdog,89.5,-137,-137
2026-10-10T18:24:13+00:00,448d7cf18c6db4c811ed82ded1b72867,2026-10-11T17:00:00Z,IND @ PIT,PIT,IND,Rico Dowdle,rushY,underdog,29.5,-137,-137
2026-10-10T18:24:13+00:00,448d7cf18c6db4c811ed82ded1b72867,2026-10-11T17:00:00Z,IND @ PIT,PIT,IND,Aaron Rodgers,comp,fanatics,21.5,-110,-135
2026-10-10T18:24:13+00:00,448d7cf18c6db4c811ed82ded1b72867,2026-10-11T17:00:00Z,IND @ PIT,PIT,IND,Aaron Rodgers,passY,fanatics,225.5,-110,-120
2026-10-10T18:24:13+00:00,448d7cf18c6db4c811ed82ded1b72867,2026-10-11T17:00:00Z,IND @ PIT,PIT,IND,Pat Freiermuth,recY,fanatics,25.5,-125,-115
2026-10-10T18:24:13+00:00,448d7cf18c6db4c811ed82ded1b72867,2026-10-11T17:00:00Z,IND @ PIT,PIT,IND,Tyler Warren,rec,fanatics,5.5,125,-185
2026-10-10T18:24:13+00:00,448d7cf18c6db4c811ed82ded1b72867,2026-10-11T17:00:00Z,IND @ PIT,PIT,IND,Daniel Jones,rushY,fanatics,10.5,120,-180
2026-10-10T18:24:13+00:00,448d7cf18c6db4c811ed82ded1b72867,2026-10-11T17:00:00Z,IND @ PIT,PIT,IND,Daniel Jones,passY,pick6,207.5,-137,-137
2026-10-10T18:24:13+00:00,448d7cf18c6db4c811ed82ded1b72867,2026-10-11T17:00:00Z,IND @ PIT,PIT,IND,Aaron Rodgers,passY,pick6,225.5,-137,-137
2026-10-10T18:24:13+00:00,448d7cf18c6db4c811ed82ded1b72867,2026-10-11T17:00:00Z,IND @ PIT,PIT,IND,Pat Freiermuth,recY,pick6,26.5,-137,-137
2026-10-10T18:24:13+00:00,448d7cf18c6db4c811ed82ded1b72867,2026-10-11T17:00:00Z,IND @ PIT,PIT,IND,Darnell Washington,recY,pick6,21.5,-137,-137
2026-10-10T18:24:13+00:00,448d7cf18c6db4c811ed82ded1b72867,2026-10-11T17:00:00Z,IND @ PIT,PIT,IND,Keenan Allen,recY,pick6,29.5,-137,-137
2026-10-10T18:24:13+00:00,448d7cf18c6db4c811ed82ded1b72867,2026-10-11T17:00:00Z,IND @ PIT,PIT,IND,Jonathan Taylor,recY,pick6,14.5,-137,-137
2026-10-10T18:24:13+00:00,448d7cf18c6db4c811ed82ded1b72867,2026-10-11T17:00:00Z,IND @ PIT,PIT,IND,Germie Bernard,recY,pick6,20.5,-137,-137
2026-10-10T18:24:13+00:00,448d7cf18c6db4c811ed82ded1b72867,2026-10-11T17:00:00Z,IND @ PIT,PIT,IND,Jaylen Warren,recY,pick6,17.5,-137,-137
2026-10-10T18:24:13+00:00,448d7cf18c6db4c811ed82ded1b72867,2026-10-11T17:00:00Z,IND @ PIT,PIT,IND,Josh Downs,recY,pick6,56.5,-137,-137
2026-10-10T18:24:13+00:00,448d7cf18c6db4c811ed82ded1b72867,2026-10-11T17:00:00Z,IND @ PIT,PIT,IND,Tyler Warren,recY,pick6,45.5,-137,-137
2026-10-10T18:24:13+00:00,448d7cf18c6db4c811ed82ded1b72867,2026-10-11T17:00:00Z,IND @ PIT,PIT,IND,DK Metcalf,recY,pick6,52.5,-137,-137
2026-10-10T18:24:13+00:00,448d7cf18c6db4c811ed82ded1b72867,2026-10-11T17:00:00Z,IND @ PIT,PIT,IND,Laquon Treadwell,recY,pick6,16.5,-137,-137
2026-10-10T18:24:13+00:00,448d7cf18c6db4c811ed82ded1b72867,2026-10-11T17:00:00Z,IND @ PIT,PIT,IND,Roman Wilson,recY,pick6,41.5,-137,-137
2026-10-10T18:24:13+00:00,448d7cf18c6db4c811ed82ded1b72867,2026-10-11T17:00:00Z,IND @ PIT,PIT,IND,Jonathan Taylor,rec,pick6,2.5,-137,
2026-10-10T18:24:13+00:00,448d7cf18c6db4c811ed82ded1b72867,2026-10-11T17:00:00Z,IND @ PIT,PIT,IND,Jonathan Taylor,rushY,pick6,86.5,-137,-137
2026-10-10T18:24:13+00:00,448d7cf18c6db4c811ed82ded1b72867,2026-10-11T17:00:00Z,IND @ PIT,PIT,IND,Daniel Jones,rushY,pick6,8.5,-137,-137
2026-10-10T18:24:13+00:00,448d7cf18c6db4c811ed82ded1b72867,2026-10-11T17:00:00Z,IND @ PIT,PIT,IND,Jaylen Warren,rushY,pick6,61.5,-137,-137
2026-10-10T18:24:13+00:00,448d7cf18c6db4c811ed82ded1b72867,2026-10-11T17:00:00Z,IND @ PIT,PIT,IND,Aaron Rodgers,rushY,pick6,0.5,-137,-137
2026-10-10T18:24:13+00:00,6b024bad1abb54f597225e4ab9b39d89,2026-10-11T17:00:00Z,LV @ NE,NE,LV,Kirk Cousins,comp,draftkings,22.5,-102,-125
2026-10-10T18:24:13+00:00,6b024bad1abb54f597225e4ab9b39d89,2026-10-11T17:00:00Z,LV @ NE,NE,LV,Drake Maye,comp,draftkings,19.5,-115,-111
2026-10-10T18:24:13+00:00,6b024bad1abb54f597225e4ab9b39d89,2026-10-11T17:00:00Z,LV @ NE,NE,LV,Kirk Cousins,passY,draftkings,231.5,-111,-113
2026-10-10T18:24:13+00:00,6b024bad1abb54f597225e4ab9b39d89,2026-10-11T17:00:00Z,LV @ NE,NE,LV,Drake Maye,passY,draftkings,227.5,-113,-111
2026-10-10T18:24:13+00:00,6b024bad1abb54f597225e4ab9b39d89,2026-10-11T17:00:00Z,LV @ NE,NE,LV,Brock Bowers,recY,draftkings,75.5,-113,-111
2026-10-10T18:24:13+00:00,6b024bad1abb54f597225e4ab9b39d89,2026-10-11T17:00:00Z,LV @ NE,NE,LV,Romeo Doubs,recY,draftkings,49.5,-110,-114
2026-10-10T18:24:13+00:00,6b024bad1abb54f597225e4ab9b39d89,2026-10-11T17:00:00Z,LV @ NE,NE,LV,Tre Tucker,recY,draftkings,41.5,-114,-110
2026-10-10T18:24:13+00:00,6b024bad1abb54f597225e4ab9b39d89,2026-10-11T17:00:00Z,LV @ NE,NE,LV,Hunter Henry,recY,draftkings,36.5,-111,-113
2026-10-10T18:24:13+00:00,6b024bad1abb54f597225e4ab9b39d89,2026-10-11T17:00:00Z,LV @ NE,NE,LV,Michael Mayer,recY,draftkings,29.5,-109,-116
2026-10-10T18:24:13+00:00,6b024bad1abb54f597225e4ab9b39d89,2026-10-11T17:00:00Z,LV @ NE,NE,LV,Efton Chism III,recY,draftkings,26.5,-110,-114
2026-10-10T18:24:13+00:00,6b024bad1abb54f597225e4ab9b39d89,2026-10-11T17:00:00Z,LV @ NE,NE,LV,DeMario Douglas,recY,draftkings,25.5,-114,-110
2026-10-10T18:24:13+00:00,6b024bad1abb54f597225e4ab9b39d89,2026-10-11T17:00:00Z,LV @ NE,NE,LV,Cody White,recY,draftkings,21.5,-108,-116
2026-10-10T18:24:13+00:00,6b024bad1abb54f597225e4ab9b39d89,2026-10-11T17:00:00Z,LV @ NE,NE,LV,Rhamondre Stevenson,recY,draftkings,16.5,-112,-112
2026-10-10T18:24:13+00:00,6b024bad1abb54f597225e4ab9b39d89,2026-10-11T17:00:00Z,LV @ NE,NE,LV,Eli Raridon,recY,draftkings,10.5,-112,-112
2026-10-10T18:24:13+00:00,6b024bad1abb54f597225e4ab9b39d89,2026-10-11T17:00:00Z,LV @ NE,NE,LV,Brock Bowers,rec,draftkings,6.5,-131,102
2026-10-10T18:24:13+00:00,6b024bad1abb54f597225e4ab9b39d89,2026-10-11T17:00:00Z,LV @ NE,NE,LV,Romeo Doubs,rec,draftkings,3.5,-147,115
2026-10-10T18:24:13+00:00,6b024bad1abb54f597225e4ab9b39d89,2026-10-11T17:00:00Z,LV @ NE,NE,LV,Hunter Henry,rec,draftkings,3.5,-120,-107
2026-10-10T18:24:13+00:00,6b024bad1abb54f597225e4ab9b39d89,2026-10-11T17:00:00Z,LV @ NE,NE,LV,Michael Mayer,rec,draftkings,3.5,-111,-115
2026-10-10T18:24:13+00:00,6b024bad1abb54f597225e4ab9b39d89,2026-10-11T17:00:00Z,LV @ NE,NE,LV,Tre Tucker,rec,draftkings,3.5,-103,-124
2026-10-10T18:24:13+00:00,6b024bad1abb54f597225e4ab9b39d89,2026-10-11T17:00:00Z,LV @ NE,NE,LV,Rhamondre Stevenson,rec,draftkings,2.5,-130,102
2026-10-10T18:24:13+00:00,6b024bad1abb54f597225e4ab9b39d89,2026-10-11T17:00:00Z,LV @ NE,NE,LV,DeMario Douglas,rec,draftkings,2.5,-120,-106
2026-10-10T18:24:13+00:00,6b024bad1abb54f597225e4ab9b39d89,2026-10-11T17:00:00Z,LV @ NE,NE,LV,Efton Chism III,rec,draftkings,1.5,-180,140
2026-10-10T18:24:13+00:00,6b024bad1abb54f597225e4ab9b39d89,2026-10-11T17:00:00Z,LV @ NE,NE,LV,Cody White,rec,draftkings,1.5,-162,127
2026-10-10T18:24:13+00:00,6b024bad1abb54f597225e4ab9b39d89,2026-10-11T17:00:00Z,LV @ NE,NE,LV,Eli Raridon,rec,draftkings,1.5,134,-172
2026-10-10T18:24:13+00:00,6b024bad1abb54f597225e4ab9b39d89,2026-10-11T17:00:00Z,LV @ NE,NE,LV,TreVeyon Henderson,rushY,draftkings,45.5,-112,-112
2026-10-10T18:24:13+00:00,6b024bad1abb54f597225e4ab9b39d89,2026-10-11T17:00:00Z,LV @ NE,NE,LV,Rhamondre Stevenson,rushY,draftkings,36.5,-110,-114
2026-10-10T18:24:13+00:00,6b024bad1abb54f597225e4ab9b39d89,2026-10-11T17:00:00Z,LV @ NE,NE,LV,Drake Maye,rushY,draftkings,32.5,-110,-114
2026-10-10T18:24:13+00:00,6b024bad1abb54f597225e4ab9b39d89,2026-10-11T17:00:00Z,LV @ NE,NE,LV,Kirk Cousins,rushY,draftkings,0.5,-106,-118
2026-10-10T18:24:13+00:00,6b024bad1abb54f597225e4ab9b39d89,2026-10-11T17:00:00Z,LV @ NE,NE,LV,Kirk Cousins,passY,fanduel,234.5,-113,-113
2026-10-10T18:24:13+00:00,6b024bad1abb54f597225e4ab9b39d89,2026-10-11T17:00:00Z,LV @ NE,NE,LV,Drake Maye,passY,fanduel,226.5,-113,-113
2026-10-10T18:24:13+00:00,6b024bad1abb54f597225e4ab9b39d89,2026-10-11T17:00:00Z,LV @ NE,NE,LV,DeMario Douglas,recY,fanduel,25.5,-113,-113
2026-10-10T18:24:13+00:00,6b024bad1abb54f597225e4ab9b39d89,2026-10-11T17:00:00Z,LV @ NE,NE,LV,Michael Mayer,recY,fanduel,28.5,-113,-113
2026-10-10T18:24:13+00:00,6b024bad1abb54f597225e4ab9b39d89,2026-10-11T17:00:00Z,LV @ NE,NE,LV,Romeo Doubs,recY,fanduel,49.5,-113,-113
2026-10-10T18:24:13+00:00,6b024bad1abb54f597225e4ab9b39d89,2026-10-11T17:00:00Z,LV @ NE,NE,LV,Cody White,recY,fanduel,21.5,-113,-113
2026-10-10T18:24:13+00:00,6b024bad1abb54f597225e4ab9b39d89,2026-10-11T17:00:00Z,LV @ NE,NE,LV,Tre Tucker,recY,fanduel,40.5,-113,-113
2026-10-10T18:24:13+00:00,6b024bad1abb54f597225e4ab9b39d89,2026-10-11T17:00:00Z,LV @ NE,NE,LV,Efton Chism III,recY,fanduel,23.5,-113,-113
2026-10-10T18:24:13+00:00,6b024bad1abb54f597225e4ab9b39d89,2026-10-11T17:00:00Z,LV @ NE,NE,LV,Brock Bowers,recY,fanduel,73.5,-113,-113
2026-10-10T18:24:13+00:00,6b024bad1abb54f597225e4ab9b39d89,2026-10-11T17:00:00Z,LV @ NE,NE,LV,Eli Raridon,recY,fanduel,9.5,-113,-113
2026-10-10T18:24:13+00:00,6b024bad1abb54f597225e4ab9b39d89,2026-10-11T17:00:00Z,LV @ NE,NE,LV,Rhamondre Stevenson,recY,fanduel,15.5,-113,-113
2026-10-10T18:24:13+00:00,6b024bad1abb54f597225e4ab9b39d89,2026-10-11T17:00:00Z,LV @ NE,NE,LV,Hunter Henry,recY,fanduel,37.5,-113,-113
2026-10-10T18:24:13+00:00,6b024bad1abb54f597225e4ab9b39d89,2026-10-11T17:00:00Z,LV @ NE,NE,LV,Rhamondre Stevenson,rec,fanduel,2.5,-132,100
2026-10-10T18:24:13+00:00,6b024bad1abb54f597225e4ab9b39d89,2026-10-11T17:00:00Z,LV @ NE,NE,LV,Cody White,rec,fanduel,1.5,-180,134
2026-10-10T18:24:13+00:00,6b024bad1abb54f597225e4ab9b39d89,2026-10-11T17:00:00Z,LV @ NE,NE,LV,DeMario Douglas,rec,fanduel,2.5,-122,-106
2026-10-10T18:24:13+00:00,6b024bad1abb54f597225e4ab9b39d89,2026-10-11T17:00:00Z,LV @ NE,NE,LV,Tre Tucker,rec,fanduel,3.5,-106,-125
2026-10-10T18:24:13+00:00,6b024bad1abb54f597225e4ab9b39d89,2026-10-11T17:00:00Z,LV @ NE,NE,LV,Brock Bowers,rec,fanduel,6.5,-132,100
2026-10-10T18:24:13+00:00,6b024bad1abb54f597225e4ab9b39d89,2026-10-11T17:00:00Z,LV @ NE,NE,LV,Romeo Doubs,rec,fanduel,3.5,-136,102
2026-10-10T18:24:13+00:00,6b024bad1abb54f597225e4ab9b39d89,2026-10-11T17:00:00Z,LV @ NE,NE,LV,Eli Raridon,rec,fanduel,1.5,144,-194
2026-10-10T18:24:13+00:00,6b024bad1abb54f597225e4ab9b39d89,2026-10-11T17:00:00Z,LV @ NE,NE,LV,Efton Chism III,rec,fanduel,1.5,-172,128
2026-10-10T18:24:13+00:00,6b024bad1abb54f597225e4ab9b39d89,2026-10-11T17:00:00Z,LV @ NE,NE,LV,Hunter Henry,rec,fanduel,3.5,-128,-104
2026-10-10T18:24:13+00:00,6b024bad1abb54f597225e4ab9b39d89,2026-10-11T17:00:00Z,LV @ NE,NE,LV,Michael Mayer,rec,fanduel,3.5,-114,-114
2026-10-10T18:24:13+00:00,6b024bad1abb54f597225e4ab9b39d89,2026-10-11T17:00:00Z,LV @ NE,NE,LV,Drake Maye,rushY,fanduel,31.5,-113,-113
2026-10-10T18:24:13+00:00,6b024bad1abb54f597225e4ab9b39d89,2026-10-11T17:00:00Z,LV @ NE,NE,LV,TreVeyon Henderson,rushY,fanduel,46.5,-113,-113
2026-10-10T18:24:13+00:00,6b024bad1abb54f597225e4ab9b39d89,2026-10-11T17:00:00Z,LV @ NE,NE,LV,Rhamondre Stevenson,rushY,fanduel,37.5,-113,-113
2026-10-10T18:24:13+00:00,6b024bad1abb54f597225e4ab9b39d89,2026-10-11T17:00:00Z,LV @ NE,NE,LV,Kirk Cousins,rushY,fanduel,0.5,-102,-125
2026-10-10T18:24:13+00:00,6b024bad1abb54f597225e4ab9b39d89,2026-10-11T17:00:00Z,LV @ NE,NE,LV,Maxx Crosby,sacks,fanduel,0.5,-114,
2026-10-10T18:24:13+00:00,6b024bad1abb54f597225e4ab9b39d89,2026-10-11T17:00:00Z,LV @ NE,NE,LV,Dre'Mont Jones,sacks,fanduel,0.5,136,
2026-10-10T18:24:13+00:00,6b024bad1abb54f597225e4ab9b39d89,2026-10-11T17:00:00Z,LV @ NE,NE,LV,Elijah Ponder,sacks,fanduel,0.5,142,
2026-10-10T18:24:13+00:00,6b024bad1abb54f597225e4ab9b39d89,2026-10-11T17:00:00Z,LV @ NE,NE,LV,Kwity Paye,sacks,fanduel,0.5,225,
2026-10-10T18:24:13+00:00,6b024bad1abb54f597225e4ab9b39d89,2026-10-11T17:00:00Z,LV @ NE,NE,LV,Quay Walker,sacks,fanduel,0.5,410,
2026-10-10T18:24:13+00:00,6b024bad1abb54f597225e4ab9b39d89,2026-10-11T17:00:00Z,LV @ NE,NE,LV,Nakobe Dean,sacks,fanduel,0.5,410,
2026-10-10T18:24:13+00:00,6b024bad1abb54f597225e4ab9b39d89,2026-10-11T17:00:00Z,LV @ NE,NE,LV,Drake Maye,comp,betrivers,19.5,-109,
2026-10-10T18:24:13+00:00,6b024bad1abb54f597225e4ab9b39d89,2026-10-11T17:00:00Z,LV @ NE,NE,LV,Kirk Cousins,comp,betrivers,21.5,-129,
2026-10-10T18:24:13+00:00,6b024bad1abb54f597225e4ab9b39d89,2026-10-11T17:00:00Z,LV @ NE,NE,LV,Drake Maye,passY,betrivers,222.5,-114,-117
2026-10-10T18:24:13+00:00,6b024bad1abb54f597225e4ab9b39d89,2026-10-11T17:00:00Z,LV @ NE,NE,LV,Kirk Cousins,passY,betrivers,236.5,-114,-117
2026-10-10T18:24:13+00:00,6b024bad1abb54f597225e4ab9b39d89,2026-10-11T17:00:00Z,LV @ NE,NE,LV,Eli Raridon,recY,betrivers,9.5,-118,-113
2026-10-10T18:24:13+00:00,6b024bad1abb54f597225e4ab9b39d89,2026-10-11T17:00:00Z,LV @ NE,NE,LV,Brock Bowers,recY,betrivers,73.5,-114,-117
2026-10-10T18:24:13+00:00,6b024bad1abb54f597225e4ab9b39d89,2026-10-11T17:00:00Z,LV @ NE,NE,LV,Hunter Henry,recY,betrivers,37.5,-113,-118
2026-10-10T18:24:13+00:00,6b024bad1abb54f597225e4ab9b39d89,2026-10-11T17:00:00Z,LV @ NE,NE,LV,DeMario Douglas,recY,betrivers,26.5,-115,-115
2026-10-10T18:24:13+00:00,6b024bad1abb54f597225e4ab9b39d89,2026-10-11T17:00:00Z,LV @ NE,NE,LV,Rhamondre Stevenson,recY,betrivers,16.5,-114,-117
2026-10-10T18:24:13+00:00,6b024bad1abb54f597225e4ab9b39d89,2026-10-11T17:00:00Z,LV @ NE,NE,LV,Efton Chism III,recY,betrivers,24.5,-118,-113
2026-10-10T18:24:13+00:00,6b024bad1abb54f597225e4ab9b39d89,2026-10-11T17:00:00Z,LV @ NE,NE,LV,Romeo Doubs,recY,betrivers,49.5,-115,-115
2026-10-10T18:24:13+00:00,6b024bad1abb54f597225e4ab9b39d89,2026-10-11T17:00:00Z,LV @ NE,NE,LV,Michael Mayer,recY,betrivers,30.5,-117,-114
2026-10-10T18:24:13+00:00,6b024bad1abb54f597225e4ab9b39d89,2026-10-11T17:00:00Z,LV @ NE,NE,LV,Cody White,recY,betrivers,20.5,-115,-114
2026-10-10T18:24:13+00:00,6b024bad1abb54f597225e4ab9b39d89,2026-10-11T17:00:00Z,LV @ NE,NE,LV,Tre Tucker,recY,betrivers,40.5,-115,-115
2026-10-10T18:24:13+00:00,6b024bad1abb54f597225e4ab9b39d89,2026-10-11T17:00:00Z,LV @ NE,NE,LV,Romeo Doubs,rec,betrivers,3.5,-150,
2026-10-10T18:24:13+00:00,6b024bad1abb54f597225e4ab9b39d89,2026-10-11T17:00:00Z,LV @ NE,NE,LV,Hunter Henry,rec,betrivers,3.5,-127,
2026-10-10T18:24:13+00:00,6b024bad1abb54f597225e4ab9b39d89,2026-10-11T17:00:00Z,LV @ NE,NE,LV,DeMario Douglas,rec,betrivers,2.5,-121,
2026-10-10T18:24:13+00:00,6b024bad1abb54f597225e4ab9b39d89,2026-10-11T17:00:00Z,LV @ NE,NE,LV,Cody White,rec,betrivers,1.5,-162,
2026-10-10T18:24:13+00:00,6b024bad1abb54f597225e4ab9b39d89,2026-10-11T17:00:00Z,LV @ NE,NE,LV,Eli Raridon,rec,betrivers,1.5,140,
2026-10-10T18:24:13+00:00,6b024bad1abb54f597225e4ab9b39d89,2026-10-11T17:00:00Z,LV @ NE,NE,LV,Tre Tucker,rec,betrivers,3.5,100,
2026-10-10T18:24:13+00:00,6b024bad1abb54f597225e4ab9b39d89,2026-10-11T17:00:00Z,LV @ NE,NE,LV,Brock Bowers,rec,betrivers,6.5,-129,
2026-10-10T18:24:13+00:00,6b024bad1abb54f597225e4ab9b39d89,2026-10-11T17:00:00Z,LV @ NE,NE,LV,Michael Mayer,rec,betrivers,3.5,-120,
2026-10-10T18:24:13+00:00,6b024bad1abb54f597225e4ab9b39d89,2026-10-11T17:00:00Z,LV @ NE,NE,LV,Efton Chism III,rec,betrivers,1.5,-186,
2026-10-10T18:24:13+00:00,6b024bad1abb54f597225e4ab9b39d89,2026-10-11T17:00:00Z,LV @ NE,NE,LV,Rhamondre Stevenson,rec,betrivers,2.5,-134,
2026-10-10T18:24:13+00:00,6b024bad1abb54f597225e4ab9b39d89,2026-10-11T17:00:00Z,LV @ NE,NE,LV,Drake Maye,rushY,betrivers,31.5,-113,-118
2026-10-10T18:24:13+00:00,6b024bad1abb54f597225e4ab9b39d89,2026-10-11T17:00:00Z,LV @ NE,NE,LV,Rhamondre Stevenson,rushY,betrivers,38.5,-112,-118
2026-10-10T18:24:13+00:00,6b024bad1abb54f597225e4ab9b39d89,2026-10-11T17:00:00Z,LV @ NE,NE,LV,TreVeyon Henderson,rushY,betrivers,46.5,-120,-112
2026-10-10T18:24:13+00:00,6b024bad1abb54f597225e4ab9b39d89,2026-10-11T17:00:00Z,LV @ NE,NE,LV,Kirk Cousins,comp,betmgm,21.5,-118,-111
2026-10-10T18:24:13+00:00,6b024bad1abb54f597225e4ab9b39d89,2026-10-11T17:00:00Z,LV @ NE,NE,LV,Drake Maye,comp,betmgm,19.5,-115,-115
2026-10-10T18:24:13+00:00,6b024bad1abb54f597225e4ab9b39d89,2026-10-11T17:00:00Z,LV @ NE,NE,LV,Kirk Cousins,passY,betmgm,231.5,-115,-115
2026-10-10T18:24:13+00:00,6b024bad1abb54f597225e4ab9b39d89,2026-10-11T17:00:00Z,LV @ NE,NE,LV,Drake Maye,passY,betmgm,229.5,-115,-115
2026-10-10T18:24:13+00:00,6b024bad1abb54f597225e4ab9b39d89,2026-10-11T17:00:00Z,LV @ NE,NE,LV,Romeo Doubs,recY,betmgm,49.5,-115,-115
2026-10-10T18:24:13+00:00,6b024bad1abb54f597225e4ab9b39d89,2026-10-11T17:00:00Z,LV @ NE,NE,LV,Brock Bowers,recY,betmgm,72.5,-115,-115
2026-10-10T18:24:13+00:00,6b024bad1abb54f597225e4ab9b39d89,2026-10-11T17:00:00Z,LV @ NE,NE,LV,DeMario Douglas,recY,betmgm,26.5,-115,-115
2026-10-10T18:24:13+00:00,6b024bad1abb54f597225e4ab9b39d89,2026-10-11T17:00:00Z,LV @ NE,NE,LV,Rhamondre Stevenson,recY,betmgm,19.5,105,-140
2026-10-10T18:24:13+00:00,6b024bad1abb54f597225e4ab9b39d89,2026-10-11T17:00:00Z,LV @ NE,NE,LV,Michael Mayer,recY,betmgm,29.5,-115,-115
2026-10-10T18:24:13+00:00,6b024bad1abb54f597225e4ab9b39d89,2026-10-11T17:00:00Z,LV @ NE,NE,LV,Eli Raridon,recY,betmgm,11.5,-120,-111
2026-10-10T18:24:13+00:00,6b024bad1abb54f597225e4ab9b39d89,2026-10-11T17:00:00Z,LV @ NE,NE,LV,Efton Chism III,recY,betmgm,25.5,-111,-120
2026-10-10T18:24:13+00:00,6b024bad1abb54f597225e4ab9b39d89,2026-10-11T17:00:00Z,LV @ NE,NE,LV,Cody White,recY,betmgm,19.5,-135,100
2026-10-10T18:24:13+00:00,6b024bad1abb54f597225e4ab9b39d89,2026-10-11T17:00:00Z,LV @ NE,NE,LV,Hunter Henry,recY,betmgm,36.5,-115,-115
2026-10-10T18:24:13+00:00,6b024bad1abb54f597225e4ab9b39d89,2026-10-11T17:00:00Z,LV @ NE,NE,LV,Tre Tucker,recY,betmgm,41.5,-115,-115
2026-10-10T18:24:13+00:00,6b024bad1abb54f597225e4ab9b39d89,2026-10-11T17:00:00Z,LV @ NE,NE,LV,Ian Thomas,rec,betmgm,0.5,115,-155
2026-10-10T18:24:13+00:00,6b024bad1abb54f597225e4ab9b39d89,2026-10-11T17:00:00Z,LV @ NE,NE,LV,DeMario Douglas,rec,betmgm,2.5,-110,-120
2026-10-10T18:24:13+00:00,6b024bad1abb54f597225e4ab9b39d89,2026-10-11T17:00:00Z,LV @ NE,NE,LV,Eli Raridon,rec,betmgm,1.5,120,-160
2026-10-10T18:24:13+00:00,6b024bad1abb54f597225e4ab9b39d89,2026-10-11T17:00:00Z,LV @ NE,NE,LV,Efton Chism III,rec,betmgm,2.5,145,-200
2026-10-10T18:24:13+00:00,6b024bad1abb54f597225e4ab9b39d89,2026-10-11T17:00:00Z,LV @ NE,NE,LV,Cody White,rec,betmgm,1.5,-135,100
2026-10-10T18:24:13+00:00,6b024bad1abb54f597225e4ab9b39d89,2026-10-11T17:00:00Z,LV @ NE,NE,LV,Romeo Doubs,rec,betmgm,3.5,-155,115
2026-10-10T18:24:13+00:00,6b024bad1abb54f597225e4ab9b39d89,2026-10-11T17:00:00Z,LV @ NE,NE,LV,Brock Bowers,rec,betmgm,6.5,-115,-115
2026-10-10T18:24:13+00:00,6b024bad1abb54f597225e4ab9b39d89,2026-10-11T17:00:00Z,LV @ NE,NE,LV,Michael Mayer,rec,betmgm,3.5,105,-145
2026-10-10T18:24:13+00:00,6b024bad1abb54f597225e4ab9b39d89,2026-10-11T17:00:00Z,LV @ NE,NE,LV,Hunter Henry,rec,betmgm,3.5,-118,-111
2026-10-10T18:24:13+00:00,6b024bad1abb54f597225e4ab9b39d89,2026-10-11T17:00:00Z,LV @ NE,NE,LV,Tre Tucker,rec,betmgm,3.5,105,-140
2026-10-10T18:24:13+00:00,6b024bad1abb54f597225e4ab9b39d89,2026-10-11T17:00:00Z,LV @ NE,NE,LV,Rhamondre Stevenson,rec,betmgm,2.5,-150,110
2026-10-10T18:24:13+00:00,6b024bad1abb54f597225e4ab9b39d89,2026-10-11T17:00:00Z,LV @ NE,NE,LV,Drake Maye,rushY,betmgm,29.5,-115,-115
2026-10-10T18:24:13+00:00,6b024bad1abb54f597225e4ab9b39d89,2026-10-11T17:00:00Z,LV @ NE,NE,LV,TreVeyon Henderson,rushY,betmgm,47.5,-115,-115
2026-10-10T18:24:13+00:00,6b024bad1abb54f597225e4ab9b39d89,2026-10-11T17:00:00Z,LV @ NE,NE,LV,Rhamondre Stevenson,rushY,betmgm,39.5,-111,-118
2026-10-10T18:24:13+00:00,6b024bad1abb54f597225e4ab9b39d89,2026-10-11T17:00:00Z,LV @ NE,NE,LV,Kirk Cousins,comp,espnbet,22.5,100,-130
2026-10-10T18:24:13+00:00,6b024bad1abb54f597225e4ab9b39d89,2026-10-11T17:00:00Z,LV @ NE,NE,LV,Drake Maye,comp,espnbet,19.5,-115,-115
2026-10-10T18:24:13+00:00,6b024bad1abb54f597225e4ab9b39d89,2026-10-11T17:00:00Z,LV @ NE,NE,LV,Drake Maye,passY,espnbet,224.5,-125,-105
2026-10-10T18:24:13+00:00,6b024bad1abb54f597225e4ab9b39d89,2026-10-11T17:00:00Z,LV @ NE,NE,LV,Kirk Cousins,passY,espnbet,234.5,-110,-120
2026-10-10T18:24:13+00:00,6b024bad1abb54f597225e4ab9b39d89,2026-10-11T17:00:00Z,LV @ NE,NE,LV,Brock Bowers,recY,espnbet,74.5,-110,-120
2026-10-10T18:24:13+00:00,6b024bad1abb54f597225e4ab9b39d89,2026-10-11T17:00:00Z,LV @ NE,NE,LV,Romeo Doubs,recY,espnbet,49.5,-110,-120
2026-10-10T18:24:13+00:00,6b024bad1abb54f597225e4ab9b39d89,2026-10-11T17:00:00Z,LV @ NE,NE,LV,Tre Tucker,recY,espnbet,39.5,-125,-105
2026-10-10T18:24:13+00:00,6b024bad1abb54f597225e4ab9b39d89,2026-10-11T17:00:00Z,LV @ NE,NE,LV,DeMario Douglas,recY,espnbet,24.5,-125,-105
2026-10-10T18:24:13+00:00,6b024bad1abb54f597225e4ab9b39d89,2026-10-11T17:00:00Z,LV @ NE,NE,LV,Hunter Henry,recY,espnbet,33.5,-130,100
2026-10-10T18:24:13+00:00,6b024bad1abb54f597225e4ab9b39d89,2026-10-11T17:00:00Z,LV @ NE,NE,LV,Efton Chism III,recY,espnbet,29.5,100,-130
2026-10-10T18:24:13+00:00,6b024bad1abb54f597225e4ab9b39d89,2026-10-11T17:00:00Z,LV @ NE,NE,LV,Michael Mayer,recY,espnbet,29.5,-110,-120
2026-10-10T18:24:13+00:00,6b024bad1abb54f597225e4ab9b39d89,2026-10-11T17:00:00Z,LV @ NE,NE,LV,Cody White,recY,espnbet,19.5,-125,-105
2026-10-10T18:24:13+00:00,6b024bad1abb54f597225e4ab9b39d89,2026-10-11T17:00:00Z,LV @ NE,NE,LV,Eli Raridon,recY,espnbet,9.5,-130,100
2026-10-10T18:24:13+00:00,6b024bad1abb54f597225e4ab9b39d89,2026-10-11T17:00:00Z,LV @ NE,NE,LV,Rhamondre Stevenson,recY,espnbet,14.5,-140,110
2026-10-10T18:24:13+00:00,6b024bad1abb54f597225e4ab9b39d89,2026-10-11T17:00:00Z,LV @ NE,NE,LV,Brock Bowers,rec,espnbet,6.5,-140,110
2026-10-10T18:24:13+00:00,6b024bad1abb54f597225e4ab9b39d89,2026-10-11T17:00:00Z,LV @ NE,NE,LV,Romeo Doubs,rec,espnbet,3.5,-125,-105
2026-10-10T18:24:13+00:00,6b024bad1abb54f597225e4ab9b39d89,2026-10-11T17:00:00Z,LV @ NE,NE,LV,Michael Mayer,rec,espnbet,3.5,-110,-120
2026-10-10T18:24:13+00:00,6b024bad1abb54f597225e4ab9b39d89,2026-10-11T17:00:00Z,LV @ NE,NE,LV,Tre Tucker,rec,espnbet,3.5,-105,-125
2026-10-10T18:24:13+00:00,6b024bad1abb54f597225e4ab9b39d89,2026-10-11T17:00:00Z,LV @ NE,NE,LV,DeMario Douglas,rec,espnbet,2.5,-125,-105
2026-10-10T18:24:13+00:00,6b024bad1abb54f597225e4ab9b39d89,2026-10-11T17:00:00Z,LV @ NE,NE,LV,Hunter Henry,rec,espnbet,3.5,-125,-105
2026-10-10T18:24:13+00:00,6b024bad1abb54f597225e4ab9b39d89,2026-10-11T17:00:00Z,LV @ NE,NE,LV,Rhamondre Stevenson,rec,espnbet,2.5,-130,100
2026-10-10T18:24:13+00:00,6b024bad1abb54f597225e4ab9b39d89,2026-10-11T17:00:00Z,LV @ NE,NE,LV,Efton Chism III,rec,espnbet,1.5,-200,150
2026-10-10T18:24:13+00:00,6b024bad1abb54f597225e4ab9b39d89,2026-10-11T17:00:00Z,LV @ NE,NE,LV,Eli Raridon,rec,espnbet,1.5,135,-180
2026-10-10T18:24:13+00:00,6b024bad1abb54f597225e4ab9b39d89,2026-10-11T17:00:00Z,LV @ NE,NE,LV,Cody White,rec,espnbet,1.5,-180,135
2026-10-10T18:24:13+00:00,6b024bad1abb54f597225e4ab9b39d89,2026-10-11T17:00:00Z,LV @ NE,NE,LV,TreVeyon Henderson,rushY,espnbet,47.5,-110,-120
2026-10-10T18:24:13+00:00,6b024bad1abb54f597225e4ab9b39d89,2026-10-11T17:00:00Z,LV @ NE,NE,LV,Rhamondre Stevenson,rushY,espnbet,34.5,-125,-105
2026-10-10T18:24:13+00:00,6b024bad1abb54f597225e4ab9b39d89,2026-10-11T17:00:00Z,LV @ NE,NE,LV,Drake Maye,rushY,espnbet,34.5,105,-135
2026-10-10T18:24:13+00:00,6b024bad1abb54f597225e4ab9b39d89,2026-10-11T17:00:00Z,LV @ NE,NE,LV,Kirk Cousins,rushY,espnbet,0.5,-105,-125
2026-10-10T18:24:13+00:00,6b024bad1abb54f597225e4ab9b39d89,2026-10-11T17:00:00Z,LV @ NE,NE,LV,Drake Maye,comp,underdog,19.5,-137,-137
2026-10-10T18:24:13+00:00,6b024bad1abb54f597225e4ab9b39d89,2026-10-11T17:00:00Z,LV @ NE,NE,LV,Drake Maye,passY,underdog,224.5,-137,-137
2026-10-10T18:24:13+00:00,6b024bad1abb54f597225e4ab9b39d89,2026-10-11T17:00:00Z,LV @ NE,NE,LV,Rhamondre Stevenson,recY,underdog,14.5,-137,-137
2026-10-10T18:24:13+00:00,6b024bad1abb54f597225e4ab9b39d89,2026-10-11T17:00:00Z,LV @ NE,NE,LV,Romeo Doubs,recY,underdog,49.5,-137,-137
2026-10-10T18:24:13+00:00,6b024bad1abb54f597225e4ab9b39d89,2026-10-11T17:00:00Z,LV @ NE,NE,LV,Hunter Henry,recY,underdog,39.5,-137,-137
2026-10-10T18:24:13+00:00,6b024bad1abb54f597225e4ab9b39d89,2026-10-11T17:00:00Z,LV @ NE,NE,LV,Efton Chism III,recY,underdog,24.5,-137,-137
2026-10-10T18:24:13+00:00,6b024bad1abb54f597225e4ab9b39d89,2026-10-11T17:00:00Z,LV @ NE,NE,LV,TreVeyon Henderson,rec,underdog,1.5,-137,-137
2026-10-10T18:24:13+00:00,6b024bad1abb54f597225e4ab9b39d89,2026-10-11T17:00:00Z,LV @ NE,NE,LV,DeMario Douglas,rec,underdog,2.5,-137,-137
2026-10-10T18:24:13+00:00,6b024bad1abb54f597225e4ab9b39d89,2026-10-11T17:00:00Z,LV @ NE,NE,LV,Michael Mayer,rec,underdog,3.5,-137,-137
2026-10-10T18:24:13+00:00,6b024bad1abb54f597225e4ab9b39d89,2026-10-11T17:00:00Z,LV @ NE,NE,LV,Rhamondre Stevenson,rushY,underdog,39.5,-137,-137
2026-10-10T18:24:13+00:00,6b024bad1abb54f597225e4ab9b39d89,2026-10-11T17:00:00Z,LV @ NE,NE,LV,Kirk Cousins,rushY,underdog,0.5,-137,-137
2026-10-10T18:24:13+00:00,6b024bad1abb54f597225e4ab9b39d89,2026-10-11T17:00:00Z,LV @ NE,NE,LV,Kirk Cousins,comp,prizepicks,21.5,-137,-137
2026-10-10T18:24:13+00:00,6b024bad1abb54f597225e4ab9b39d89,2026-10-11T17:00:00Z,LV @ NE,NE,LV,Drake Maye,comp,prizepicks,19.5,-137,-137
2026-10-10T18:24:13+00:00,6b024bad1abb54f597225e4ab9b39d89,2026-10-11T17:00:00Z,LV @ NE,NE,LV,Kirk Cousins,passY,prizepicks,232.5,-137,-137
2026-10-10T18:24:13+00:00,6b024bad1abb54f597225e4ab9b39d89,2026-10-11T17:00:00Z,LV @ NE,NE,LV,Drake Maye,passY,prizepicks,227.5,-137,-137
2026-10-10T18:24:13+00:00,6b024bad1abb54f597225e4ab9b39d89,2026-10-11T17:00:00Z,LV @ NE,NE,LV,Brock Bowers,recY,prizepicks,73.5,-137,-137
2026-10-10T18:24:13+00:00,6b024bad1abb54f597225e4ab9b39d89,2026-10-11T17:00:00Z,LV @ NE,NE,LV,Romeo Doubs,recY,prizepicks,49.5,-137,-137
2026-10-10T18:24:13+00:00,6b024bad1abb54f597225e4ab9b39d89,2026-10-11T17:00:00Z,LV @ NE,NE,LV,Tre Tucker,recY,prizepicks,40.5,-137,-137
2026-10-10T18:24:13+00:00,6b024bad1abb54f597225e4ab9b39d89,2026-10-11T17:00:00Z,LV @ NE,NE,LV,Hunter Henry,recY,prizepicks,36.5,-137,-137
2026-10-10T18:24:13+00:00,6b024bad1abb54f597225e4ab9b39d89,2026-10-11T17:00:00Z,LV @ NE,NE,LV,Michael Mayer,recY,prizepicks,29.5,-137,-137
2026-10-10T18:24:13+00:00,6b024bad1abb54f597225e4ab9b39d89,2026-10-11T17:00:00Z,LV @ NE,NE,LV,DeMario Douglas,recY,prizepicks,25.5,-137,-137
2026-10-10T18:24:13+00:00,6b024bad1abb54f597225e4ab9b39d89,2026-10-11T17:00:00Z,LV @ NE,NE,LV,Efton Chism III,recY,prizepicks,23.5,-137,-137
2026-10-10T18:24:13+00:00,6b024bad1abb54f597225e4ab9b39d89,2026-10-11T17:00:00Z,LV @ NE,NE,LV,Cody White,recY,prizepicks,21.5,-137,-137
2026-10-10T18:24:13+00:00,6b024bad1abb54f597225e4ab9b39d89,2026-10-11T17:00:00Z,LV @ NE,NE,LV,Rhamondre Stevenson,recY,prizepicks,16.5,-137,-137
2026-10-10T18:24:13+00:00,6b024bad1abb54f597225e4ab9b39d89,2026-10-11T17:00:00Z,LV @ NE,NE,LV,Kyle Williams,recY,prizepicks,11.5,-137,-137
2026-10-10T18:24:13+00:00,6b024bad1abb54f597225e4ab9b39d89,2026-10-11T17:00:00Z,LV @ NE,NE,LV,Eli Raridon,recY,prizepicks,9.5,-137,-137
2026-10-10T18:24:13+00:00,6b024bad1abb54f597225e4ab9b39d89,2026-10-11T17:00:00Z,LV @ NE,NE,LV,TreVeyon Henderson,recY,prizepicks,8.5,-137,-137
2026-10-10T18:24:13+00:00,6b024bad1abb54f597225e4ab9b39d89,2026-10-11T17:00:00Z,LV @ NE,NE,LV,Brock Bowers,rec,prizepicks,6.5,-137,-137
2026-10-10T18:24:13+00:00,6b024bad1abb54f597225e4ab9b39d89,2026-10-11T17:00:00Z,LV @ NE,NE,LV,Romeo Doubs,rec,prizepicks,4.0,-137,-137
2026-10-10T18:24:13+00:00,6b024bad1abb54f597225e4ab9b39d89,2026-10-11T17:00:00Z,LV @ NE,NE,LV,Michael Mayer,rec,prizepicks,3.5,-137,-137
2026-10-10T18:24:13+00:00,6b024bad1abb54f597225e4ab9b39d89,2026-10-11T17:00:00Z,LV @ NE,NE,LV,Hunter Henry,rec,prizepicks,3.5,-137,-137
2026-10-10T18:24:13+00:00,6b024bad1abb54f597225e4ab9b39d89,2026-10-11T17:00:00Z,LV @ NE,NE,LV,DeMario Douglas,rec,prizepicks,2.5,-137,-137
2026-10-10T18:24:13+00:00,6b024bad1abb54f597225e4ab9b39d89,2026-10-11T17:00:00Z,LV @ NE,NE,LV,TreVeyon Henderson,rec,prizepicks,1.5,-137,-137
2026-10-10T18:24:13+00:00,6b024bad1abb54f597225e4ab9b39d89,2026-10-11T17:00:00Z,LV @ NE,NE,LV,TreVeyon Henderson,rushY,prizepicks,46.5,-137,-137
2026-10-10T18:24:13+00:00,6b024bad1abb54f597225e4ab9b39d89,2026-10-11T17:00:00Z,LV @ NE,NE,LV,Rhamondre Stevenson,rushY,prizepicks,37.5,-137,-137
2026-10-10T18:24:13+00:00,6b024bad1abb54f597225e4ab9b39d89,2026-10-11T17:00:00Z,LV @ NE,NE,LV,Drake Maye,rushY,prizepicks,31.5,-137,-137
2026-10-10T18:24:13+00:00,6b024bad1abb54f597225e4ab9b39d89,2026-10-11T17:00:00Z,LV @ NE,NE,LV,Kirk Cousins,rushY,prizepicks,0.5,-137,-137
2026-10-10T18:24:13+00:00,6b024bad1abb54f597225e4ab9b39d89,2026-10-11T17:00:00Z,LV @ NE,NE,LV,Kirk Cousins,comp,fanatics,21.5,-140,-105
2026-10-10T18:24:13+00:00,6b024bad1abb54f597225e4ab9b39d89,2026-10-11T17:00:00Z,LV @ NE,NE,LV,Drake Maye,passY,fanatics,225.5,-120,-110
2026-10-10T18:24:13+00:00,6b024bad1abb54f597225e4ab9b39d89,2026-10-11T17:00:00Z,LV @ NE,NE,LV,Tre Tucker,recY,fanatics,40.5,-115,-125
2026-10-10T18:24:13+00:00,6b024bad1abb54f597225e4ab9b39d89,2026-10-11T17:00:00Z,LV @ NE,NE,LV,Hunter Henry,rec,fanatics,4.5,165,-275
2026-10-10T18:24:13+00:00,6b024bad1abb54f597225e4ab9b39d89,2026-10-11T17:00:00Z,LV @ NE,NE,LV,Drake Maye,rushY,fanatics,30.5,-120,-120
2026-10-10T18:24:13+00:00,6b024bad1abb54f597225e4ab9b39d89,2026-10-11T17:00:00Z,LV @ NE,NE,LV,Drake Maye,passY,pick6,227.5,-137,-137
2026-10-10T18:24:13+00:00,6b024bad1abb54f597225e4ab9b39d89,2026-10-11T17:00:00Z,LV @ NE,NE,LV,Kirk Cousins,passY,pick6,231.5,-137,-137
2026-10-10T18:24:13+00:00,6b024bad1abb54f597225e4ab9b39d89,2026-10-11T17:00:00Z,LV @ NE,NE,LV,Tre Tucker,recY,pick6,41.5,-137,-137
2026-10-10T18:24:13+00:00,6b024bad1abb54f597225e4ab9b39d89,2026-10-11T17:00:00Z,LV @ NE,NE,LV,Hunter Henry,recY,pick6,36.5,-137,-137
2026-10-10T18:24:13+00:00,6b024bad1abb54f597225e4ab9b39d89,2026-10-11T17:00:00Z,LV @ NE,NE,LV,Michael Mayer,recY,pick6,29.5,-137,-137
2026-10-10T18:24:13+00:00,6b024bad1abb54f597225e4ab9b39d89,2026-10-11T17:00:00Z,LV @ NE,NE,LV,DeMario Douglas,recY,pick6,25.5,-137,-137
2026-10-10T18:24:13+00:00,6b024bad1abb54f597225e4ab9b39d89,2026-10-11T17:00:00Z,LV @ NE,NE,LV,Cody White,recY,pick6,21.5,-137,-137
2026-10-10T18:24:13+00:00,6b024bad1abb54f597225e4ab9b39d89,2026-10-11T17:00:00Z,LV @ NE,NE,LV,Eli Raridon,recY,pick6,10.5,-137,-137
2026-10-10T18:24:13+00:00,6b024bad1abb54f597225e4ab9b39d89,2026-10-11T17:00:00Z,LV @ NE,NE,LV,Efton Chism III,recY,pick6,26.5,-137,-137
2026-10-10T18:24:13+00:00,6b024bad1abb54f597225e4ab9b39d89,2026-10-11T17:00:00Z,LV @ NE,NE,LV,Rhamondre Stevenson,recY,pick6,16.5,-137,-137
2026-10-10T18:24:13+00:00,6b024bad1abb54f597225e4ab9b39d89,2026-10-11T17:00:00Z,LV @ NE,NE,LV,Brock Bowers,recY,pick6,75.5,-137,-137
2026-10-10T18:24:13+00:00,6b024bad1abb54f597225e4ab9b39d89,2026-10-11T17:00:00Z,LV @ NE,NE,LV,Romeo Doubs,recY,pick6,49.5,-137,-137
2026-10-10T18:24:13+00:00,6b024bad1abb54f597225e4ab9b39d89,2026-10-11T17:00:00Z,LV @ NE,NE,LV,DeMario Douglas,rec,pick6,2.5,-137,-137
2026-10-10T18:24:13+00:00,6b024bad1abb54f597225e4ab9b39d89,2026-10-11T17:00:00Z,LV @ NE,NE,LV,Brock Bowers,rec,pick6,6.5,,-137
2026-10-10T18:24:13+00:00,6b024bad1abb54f597225e4ab9b39d89,2026-10-11T17:00:00Z,LV @ NE,NE,LV,Hunter Henry,rec,pick6,3.5,-137,-137
2026-10-10T18:24:13+00:00,6b024bad1abb54f597225e4ab9b39d89,2026-10-11T17:00:00Z,LV @ NE,NE,LV,Michael Mayer,rec,pick6,3.5,-137,-137
2026-10-10T18:24:13+00:00,6b024bad1abb54f597225e4ab9b39d89,2026-10-11T17:00:00Z,LV @ NE,NE,LV,Tre Tucker,rec,pick6,3.5,-137,
2026-10-10T18:24:13+00:00,6b024bad1abb54f597225e4ab9b39d89,2026-10-11T17:00:00Z,LV @ NE,NE,LV,TreVeyon Henderson,rushY,pick6,45.5,-137,-137
2026-10-10T18:24:13+00:00,6b024bad1abb54f597225e4ab9b39d89,2026-10-11T17:00:00Z,LV @ NE,NE,LV,Rhamondre Stevenson,rushY,pick6,36.5,-137,-137
2026-10-10T18:24:13+00:00,6b024bad1abb54f597225e4ab9b39d89,2026-10-11T17:00:00Z,LV @ NE,NE,LV,Drake Maye,rushY,pick6,32.5,-137,-137
2026-10-10T18:24:13+00:00,6b024bad1abb54f597225e4ab9b39d89,2026-10-11T17:00:00Z,LV @ NE,NE,LV,Kirk Cousins,rushY,pick6,0.5,-137,-137
2026-10-10T18:24:13+00:00,2cda9bf0fbe35a2735f0dd8aaafe9eff,2026-10-11T17:00:00Z,MIN @ NO,NO,MIN,Tyler Shough,comp,draftkings,22.5,-117,-109
2026-10-10T18:24:13+00:00,2cda9bf0fbe35a2735f0dd8aaafe9eff,2026-10-11T17:00:00Z,MIN @ NO,NO,MIN,Kyler Murray,comp,draftkings,20.5,-129,101
2026-10-10T18:24:13+00:00,2cda9bf0fbe35a2735f0dd8aaafe9eff,2026-10-11T17:00:00Z,MIN @ NO,NO,MIN,Tyler Shough,passY,draftkings,235.5,-111,-113
2026-10-10T18:24:13+00:00,2cda9bf0fbe35a2735f0dd8aaafe9eff,2026-10-11T17:00:00Z,MIN @ NO,NO,MIN,Kyler Murray,passY,draftkings,213.5,-113,-111
2026-10-10T18:24:13+00:00,2cda9bf0fbe35a2735f0dd8aaafe9eff,2026-10-11T17:00:00Z,MIN @ NO,NO,MIN,Chris Olave,recY,draftkings,81.5,-111,-113
2026-10-10T18:24:13+00:00,2cda9bf0fbe35a2735f0dd8aaafe9eff,2026-10-11T17:00:00Z,MIN @ NO,NO,MIN,Justin Jefferson,recY,draftkings,78.5,-114,-110
2026-10-10T18:24:13+00:00,2cda9bf0fbe35a2735f0dd8aaafe9eff,2026-10-11T17:00:00Z,MIN @ NO,NO,MIN,Juwan Johnson,recY,draftkings,42.5,-110,-114
2026-10-10T18:24:13+00:00,2cda9bf0fbe35a2735f0dd8aaafe9eff,2026-10-11T17:00:00Z,MIN @ NO,NO,MIN,Devaughn Vele,recY,draftkings,41.5,-114,-110
2026-10-10T18:24:13+00:00,2cda9bf0fbe35a2735f0dd8aaafe9eff,2026-10-11T17:00:00Z,MIN @ NO,NO,MIN,Jordan Addison,recY,draftkings,40.5,-114,-110
2026-10-10T18:24:13+00:00,2cda9bf0fbe35a2735f0dd8aaafe9eff,2026-10-11T17:00:00Z,MIN @ NO,NO,MIN,T.J. Hockenson,recY,draftkings,36.5,-109,-115
2026-10-10T18:24:13+00:00,2cda9bf0fbe35a2735f0dd8aaafe9eff,2026-10-11T17:00:00Z,MIN @ NO,NO,MIN,Aaron Jones,recY,draftkings,17.5,-114,-110
2026-10-10T18:24:13+00:00,2cda9bf0fbe35a2735f0dd8aaafe9eff,2026-10-11T17:00:00Z,MIN @ NO,NO,MIN,Alvin Kamara,recY,draftkings,14.5,-114,-110
2026-10-10T18:24:13+00:00,2cda9bf0fbe35a2735f0dd8aaafe9eff,2026-10-11T17:00:00Z,MIN @ NO,NO,MIN,Noah Fant,recY,draftkings,13.5,-109,-115
2026-10-10T18:24:13+00:00,2cda9bf0fbe35a2735f0dd8aaafe9eff,2026-10-11T17:00:00Z,MIN @ NO,NO,MIN,Chris Olave,rec,draftkings,6.5,-116,-109
2026-10-10T18:24:13+00:00,2cda9bf0fbe35a2735f0dd8aaafe9eff,2026-10-11T17:00:00Z,MIN @ NO,NO,MIN,Justin Jefferson,rec,draftkings,6.5,105,-133
2026-10-10T18:24:13+00:00,2cda9bf0fbe35a2735f0dd8aaafe9eff,2026-10-11T17:00:00Z,MIN @ NO,NO,MIN,T.J. Hockenson,rec,draftkings,4.5,-102,-125
2026-10-10T18:24:13+00:00,2cda9bf0fbe35a2735f0dd8aaafe9eff,2026-10-11T17:00:00Z,MIN @ NO,NO,MIN,Devaughn Vele,rec,draftkings,3.5,-165,129
2026-10-10T18:24:13+00:00,2cda9bf0fbe35a2735f0dd8aaafe9eff,2026-10-11T17:00:00Z,MIN @ NO,NO,MIN,Juwan Johnson,rec,draftkings,3.5,-151,119
2026-10-10T18:24:13+00:00,2cda9bf0fbe35a2735f0dd8aaafe9eff,2026-10-11T17:00:00Z,MIN @ NO,NO,MIN,Alvin Kamara,rec,draftkings,3.5,108,-138
2026-10-10T18:24:13+00:00,2cda9bf0fbe35a2735f0dd8aaafe9eff,2026-10-11T17:00:00Z,MIN @ NO,NO,MIN,Jordan Addison,rec,draftkings,3.5,109,-139
2026-10-10T18:24:13+00:00,2cda9bf0fbe35a2735f0dd8aaafe9eff,2026-10-11T17:00:00Z,MIN @ NO,NO,MIN,Aaron Jones,rec,draftkings,2.5,-151,118
2026-10-10T18:24:13+00:00,2cda9bf0fbe35a2735f0dd8aaafe9eff,2026-10-11T17:00:00Z,MIN @ NO,NO,MIN,Noah Fant,rec,draftkings,1.5,-134,105
2026-10-10T18:24:13+00:00,2cda9bf0fbe35a2735f0dd8aaafe9eff,2026-10-11T17:00:00Z,MIN @ NO,NO,MIN,Aaron Jones,rushY,draftkings,71.5,-112,-112
2026-10-10T18:24:13+00:00,2cda9bf0fbe35a2735f0dd8aaafe9eff,2026-10-11T17:00:00Z,MIN @ NO,NO,MIN,Alvin Kamara,rushY,draftkings,33.5,-108,-116
2026-10-10T18:24:13+00:00,2cda9bf0fbe35a2735f0dd8aaafe9eff,2026-10-11T17:00:00Z,MIN @ NO,NO,MIN,Kendre Miller,rushY,draftkings,22.5,-111,-113
2026-10-10T18:24:13+00:00,2cda9bf0fbe35a2735f0dd8aaafe9eff,2026-10-11T17:00:00Z,MIN @ NO,NO,MIN,Kyler Murray,rushY,draftkings,17.5,-113,-111
2026-10-10T18:24:13+00:00,2cda9bf0fbe35a2735f0dd8aaafe9eff,2026-10-11T17:00:00Z,MIN @ NO,NO,MIN,Tyler Shough,rushY,draftkings,9.5,-110,-114
2026-10-10T18:24:13+00:00,2cda9bf0fbe35a2735f0dd8aaafe9eff,2026-10-11T17:00:00Z,MIN @ NO,NO,MIN,Dallas Turner,sacks,draftkings,0.25,-131,104
2026-10-10T18:24:13+00:00,2cda9bf0fbe35a2735f0dd8aaafe9eff,2026-10-11T17:00:00Z,MIN @ NO,NO,MIN,Andrew Van Ginkel,sacks,draftkings,0.25,123,-156
2026-10-10T18:24:13+00:00,2cda9bf0fbe35a2735f0dd8aaafe9eff,2026-10-11T17:00:00Z,MIN @ NO,NO,MIN,Kyler Murray,passY,fanduel,212.5,-113,-113
2026-10-10T18:24:13+00:00,2cda9bf0fbe35a2735f0dd8aaafe9eff,2026-10-11T17:00:00Z,MIN @ NO,NO,MIN,Tyler Shough,passY,fanduel,237.5,-113,-113
2026-10-10T18:24:13+00:00,2cda9bf0fbe35a2735f0dd8aaafe9eff,2026-10-11T17:00:00Z,MIN @ NO,NO,MIN,Devaughn Vele,recY,fanduel,40.5,-113,-113
2026-10-10T18:24:13+00:00,2cda9bf0fbe35a2735f0dd8aaafe9eff,2026-10-11T17:00:00Z,MIN @ NO,NO,MIN,Juwan Johnson,recY,fanduel,42.5,-113,-113
2026-10-10T18:24:13+00:00,2cda9bf0fbe35a2735f0dd8aaafe9eff,2026-10-11T17:00:00Z,MIN @ NO,NO,MIN,T.J. Hockenson,recY,fanduel,36.5,-113,-113
2026-10-10T18:24:13+00:00,2cda9bf0fbe35a2735f0dd8aaafe9eff,2026-10-11T17:00:00Z,MIN @ NO,NO,MIN,Aaron Jones,recY,fanduel,18.5,-113,-113
2026-10-10T18:24:13+00:00,2cda9bf0fbe35a2735f0dd8aaafe9eff,2026-10-11T17:00:00Z,MIN @ NO,NO,MIN,Noah Fant,recY,fanduel,13.5,-113,-113
2026-10-10T18:24:13+00:00,2cda9bf0fbe35a2735f0dd8aaafe9eff,2026-10-11T17:00:00Z,MIN @ NO,NO,MIN,Jordan Addison,recY,fanduel,40.5,-113,-113
2026-10-10T18:24:13+00:00,2cda9bf0fbe35a2735f0dd8aaafe9eff,2026-10-11T17:00:00Z,MIN @ NO,NO,MIN,Alvin Kamara,recY,fanduel,13.5,-113,-113
2026-10-10T18:24:13+00:00,2cda9bf0fbe35a2735f0dd8aaafe9eff,2026-10-11T17:00:00Z,MIN @ NO,NO,MIN,Justin Jefferson,recY,fanduel,78.5,-113,-113
2026-10-10T18:24:13+00:00,2cda9bf0fbe35a2735f0dd8aaafe9eff,2026-10-11T17:00:00Z,MIN @ NO,NO,MIN,Chris Olave,recY,fanduel,81.5,-113,-113
2026-10-10T18:24:13+00:00,2cda9bf0fbe35a2735f0dd8aaafe9eff,2026-10-11T17:00:00Z,MIN @ NO,NO,MIN,Chris Olave,rec,fanduel,6.5,-112,-118
2026-10-10T18:24:13+00:00,2cda9bf0fbe35a2735f0dd8aaafe9eff,2026-10-11T17:00:00Z,MIN @ NO,NO,MIN,Juwan Johnson,rec,fanduel,4.5,120,-160
2026-10-10T18:24:13+00:00,2cda9bf0fbe35a2735f0dd8aaafe9eff,2026-10-11T17:00:00Z,MIN @ NO,NO,MIN,Aaron Jones,rec,fanduel,2.5,-152,114
2026-10-10T18:24:13+00:00,2cda9bf0fbe35a2735f0dd8aaafe9eff,2026-10-11T17:00:00Z,MIN @ NO,NO,MIN,Devaughn Vele,rec,fanduel,3.5,-162,122
2026-10-10T18:24:13+00:00,2cda9bf0fbe35a2735f0dd8aaafe9eff,2026-10-11T17:00:00Z,MIN @ NO,NO,MIN,T.J. Hockenson,rec,fanduel,4.5,108,-144
2026-10-10T18:24:13+00:00,2cda9bf0fbe35a2735f0dd8aaafe9eff,2026-10-11T17:00:00Z,MIN @ NO,NO,MIN,Jordan Addison,rec,fanduel,3.5,112,-148
2026-10-10T18:24:13+00:00,2cda9bf0fbe35a2735f0dd8aaafe9eff,2026-10-11T17:00:00Z,MIN @ NO,NO,MIN,Justin Jefferson,rec,fanduel,5.5,-180,134
2026-10-10T18:24:13+00:00,2cda9bf0fbe35a2735f0dd8aaafe9eff,2026-10-11T17:00:00Z,MIN @ NO,NO,MIN,Noah Fant,rec,fanduel,1.5,-144,108
2026-10-10T18:24:13+00:00,2cda9bf0fbe35a2735f0dd8aaafe9eff,2026-10-11T17:00:00Z,MIN @ NO,NO,MIN,Alvin Kamara,rec,fanduel,3.5,100,-132
2026-10-10T18:24:13+00:00,2cda9bf0fbe35a2735f0dd8aaafe9eff,2026-10-11T17:00:00Z,MIN @ NO,NO,MIN,Aaron Jones,rushY,fanduel,72.5,-113,-113
2026-10-10T18:24:13+00:00,2cda9bf0fbe35a2735f0dd8aaafe9eff,2026-10-11T17:00:00Z,MIN @ NO,NO,MIN,Kyler Murray,rushY,fanduel,17.5,-113,-113
2026-10-10T18:24:13+00:00,2cda9bf0fbe35a2735f0dd8aaafe9eff,2026-10-11T17:00:00Z,MIN @ NO,NO,MIN,Tyler Shough,rushY,fanduel,9.5,-113,-113
2026-10-10T18:24:13+00:00,2cda9bf0fbe35a2735f0dd8aaafe9eff,2026-10-11T17:00:00Z,MIN @ NO,NO,MIN,Kendre Miller,rushY,fanduel,21.5,-113,-113
2026-10-10T18:24:13+00:00,2cda9bf0fbe35a2735f0dd8aaafe9eff,2026-10-11T17:00:00Z,MIN @ NO,NO,MIN,Alvin Kamara,rushY,fanduel,32.5,-113,-113
2026-10-10T18:24:13+00:00,2cda9bf0fbe35a2735f0dd8aaafe9eff,2026-10-11T17:00:00Z,MIN @ NO,NO,MIN,Chase Young,sacks,fanduel,0.5,-154,
2026-10-10T18:24:13+00:00,2cda9bf0fbe35a2735f0dd8aaafe9eff,2026-10-11T17:00:00Z,MIN @ NO,NO,MIN,Dallas Turner,sacks,fanduel,0.5,-130,
2026-10-10T18:24:13+00:00,2cda9bf0fbe35a2735f0dd8aaafe9eff,2026-10-11T17:00:00Z,MIN @ NO,NO,MIN,Andrew Van Ginkel,sacks,fanduel,0.5,134,
2026-10-10T18:24:13+00:00,2cda9bf0fbe35a2735f0dd8aaafe9eff,2026-10-11T17:00:00Z,MIN @ NO,NO,MIN,Carl Granderson,sacks,fanduel,0.5,162,
2026-10-10T18:24:13+00:00,2cda9bf0fbe35a2735f0dd8aaafe9eff,2026-10-11T17:00:00Z,MIN @ NO,NO,MIN,Blake Cashman,sacks,fanduel,0.5,210,
2026-10-10T18:24:13+00:00,2cda9bf0fbe35a2735f0dd8aaafe9eff,2026-10-11T17:00:00Z,MIN @ NO,NO,MIN,Jalen Redmond,sacks,fanduel,0.5,225,
2026-10-10T18:24:13+00:00,2cda9bf0fbe35a2735f0dd8aaafe9eff,2026-10-11T17:00:00Z,MIN @ NO,NO,MIN,Cameron Jordan,sacks,fanduel,0.5,235,
2026-10-10T18:24:13+00:00,2cda9bf0fbe35a2735f0dd8aaafe9eff,2026-10-11T17:00:00Z,MIN @ NO,NO,MIN,Nathan Shepherd,sacks,fanduel,0.5,265,
2026-10-10T18:24:13+00:00,2cda9bf0fbe35a2735f0dd8aaafe9eff,2026-10-11T17:00:00Z,MIN @ NO,NO,MIN,Tyree Wilson,sacks,fanduel,0.5,350,
2026-10-10T18:24:13+00:00,2cda9bf0fbe35a2735f0dd8aaafe9eff,2026-10-11T17:00:00Z,MIN @ NO,NO,MIN,Tyler Shough,comp,betrivers,23.5,100,
2026-10-10T18:24:13+00:00,2cda9bf0fbe35a2735f0dd8aaafe9eff,2026-10-11T17:00:00Z,MIN @ NO,NO,MIN,Kyler Murray,comp,betrivers,20.5,-134,
2026-10-10T18:24:13+00:00,2cda9bf0fbe35a2735f0dd8aaafe9eff,2026-10-11T17:00:00Z,MIN @ NO,NO,MIN,Kyler Murray,passY,betrivers,211.5,-114,-117
2026-10-10T18:24:13+00:00,2cda9bf0fbe35a2735f0dd8aaafe9eff,2026-10-11T17:00:00Z,MIN @ NO,NO,MIN,Tyler Shough,passY,betrivers,234.5,-114,-117
2026-10-10T18:24:13+00:00,2cda9bf0fbe35a2735f0dd8aaafe9eff,2026-10-11T17:00:00Z,MIN @ NO,NO,MIN,Alvin Kamara,recY,betrivers,13.5,-109,-122
2026-10-10T18:24:13+00:00,2cda9bf0fbe35a2735f0dd8aaafe9eff,2026-10-11T17:00:00Z,MIN @ NO,NO,MIN,Jordan Addison,recY,betrivers,38.5,-118,-113
2026-10-10T18:24:13+00:00,2cda9bf0fbe35a2735f0dd8aaafe9eff,2026-10-11T17:00:00Z,MIN @ NO,NO,MIN,T.J. Hockenson,recY,betrivers,35.5,-112,-118
2026-10-10T18:24:13+00:00,2cda9bf0fbe35a2735f0dd8aaafe9eff,2026-10-11T17:00:00Z,MIN @ NO,NO,MIN,Chris Olave,recY,betrivers,80.5,-114,-115
2026-10-10T18:24:13+00:00,2cda9bf0fbe35a2735f0dd8aaafe9eff,2026-10-11T17:00:00Z,MIN @ NO,NO,MIN,Aaron Jones,recY,betrivers,17.5,-110,-121
2026-10-10T18:24:13+00:00,2cda9bf0fbe35a2735f0dd8aaafe9eff,2026-10-11T17:00:00Z,MIN @ NO,NO,MIN,Devaughn Vele,recY,betrivers,39.5,-114,-117
2026-10-10T18:24:13+00:00,2cda9bf0fbe35a2735f0dd8aaafe9eff,2026-10-11T17:00:00Z,MIN @ NO,NO,MIN,Justin Jefferson,recY,betrivers,77.5,-115,-115
2026-10-10T18:24:13+00:00,2cda9bf0fbe35a2735f0dd8aaafe9eff,2026-10-11T17:00:00Z,MIN @ NO,NO,MIN,Juwan Johnson,recY,betrivers,42.5,-118,-113
2026-10-10T18:24:13+00:00,2cda9bf0fbe35a2735f0dd8aaafe9eff,2026-10-11T17:00:00Z,MIN @ NO,NO,MIN,Alvin Kamara,rec,betrivers,3.5,105,
2026-10-10T18:24:13+00:00,2cda9bf0fbe35a2735f0dd8aaafe9eff,2026-10-11T17:00:00Z,MIN @ NO,NO,MIN,Juwan Johnson,rec,betrivers,4.5,120,
2026-10-10T18:24:13+00:00,2cda9bf0fbe35a2735f0dd8aaafe9eff,2026-10-11T17:00:00Z,MIN @ NO,NO,MIN,Aaron Jones,rec,betrivers,2.5,-180,
2026-10-10T18:24:13+00:00,2cda9bf0fbe35a2735f0dd8aaafe9eff,2026-10-11T17:00:00Z,MIN @ NO,NO,MIN,Devaughn Vele,rec,betrivers,3.5,-148,
2026-10-10T18:24:13+00:00,2cda9bf0fbe35a2735f0dd8aaafe9eff,2026-10-11T17:00:00Z,MIN @ NO,NO,MIN,Chris Olave,rec,betrivers,6.5,-114,
2026-10-10T18:24:13+00:00,2cda9bf0fbe35a2735f0dd8aaafe9eff,2026-10-11T17:00:00Z,MIN @ NO,NO,MIN,T.J. Hockenson,rec,betrivers,4.5,-104,
2026-10-10T18:24:13+00:00,2cda9bf0fbe35a2735f0dd8aaafe9eff,2026-10-11T17:00:00Z,MIN @ NO,NO,MIN,Jordan Addison,rec,betrivers,3.5,125,
2026-10-10T18:24:13+00:00,2cda9bf0fbe35a2735f0dd8aaafe9eff,2026-10-11T17:00:00Z,MIN @ NO,NO,MIN,Justin Jefferson,rec,betrivers,6.5,112,
2026-10-10T18:24:13+00:00,2cda9bf0fbe35a2735f0dd8aaafe9eff,2026-10-11T17:00:00Z,MIN @ NO,NO,MIN,Kyler Murray,rushY,betrivers,17.5,-114,-117
2026-10-10T18:24:13+00:00,2cda9bf0fbe35a2735f0dd8aaafe9eff,2026-10-11T17:00:00Z,MIN @ NO,NO,MIN,Aaron Jones,rushY,betrivers,71.5,-117,-114
2026-10-10T18:24:13+00:00,2cda9bf0fbe35a2735f0dd8aaafe9eff,2026-10-11T17:00:00Z,MIN @ NO,NO,MIN,Alvin Kamara,rushY,betrivers,33.5,-113,-118
2026-10-10T18:24:13+00:00,2cda9bf0fbe35a2735f0dd8aaafe9eff,2026-10-11T17:00:00Z,MIN @ NO,NO,MIN,Kendre Miller,rushY,betrivers,23.5,-114,-117
2026-10-10T18:24:13+00:00,2cda9bf0fbe35a2735f0dd8aaafe9eff,2026-10-11T17:00:00Z,MIN @ NO,NO,MIN,Tyler Shough,rushY,betrivers,9.5,-112,-120
2026-10-10T18:24:13+00:00,2cda9bf0fbe35a2735f0dd8aaafe9eff,2026-10-11T17:00:00Z,MIN @ NO,NO,MIN,Tyler Shough,comp,betmgm,22.5,-120,-111
2026-10-10T18:24:13+00:00,2cda9bf0fbe35a2735f0dd8aaafe9eff,2026-10-11T17:00:00Z,MIN @ NO,NO,MIN,Kyler Murray,comp,betmgm,20.5,-125,-105
2026-10-10T18:24:13+00:00,2cda9bf0fbe35a2735f0dd8aaafe9eff,2026-10-11T17:00:00Z,MIN @ NO,NO,MIN,Tyler Shough,passY,betmgm,241.5,-115,-115
2026-10-10T18:24:13+00:00,2cda9bf0fbe35a2735f0dd8aaafe9eff,2026-10-11T17:00:00Z,MIN @ NO,NO,MIN,Kyler Murray,passY,betmgm,211.5,-120,-110
2026-10-10T18:24:13+00:00,2cda9bf0fbe35a2735f0dd8aaafe9eff,2026-10-11T17:00:00Z,MIN @ NO,NO,MIN,T.J. Hockenson,recY,betmgm,34.5,-115,-115
2026-10-10T18:24:13+00:00,2cda9bf0fbe35a2735f0dd8aaafe9eff,2026-10-11T17:00:00Z,MIN @ NO,NO,MIN,Juwan Johnson,recY,betmgm,38.5,-140,105
2026-10-10T18:24:13+00:00,2cda9bf0fbe35a2735f0dd8aaafe9eff,2026-10-11T17:00:00Z,MIN @ NO,NO,MIN,Jordan Addison,recY,betmgm,39.5,-115,-115
2026-10-10T18:24:13+00:00,2cda9bf0fbe35a2735f0dd8aaafe9eff,2026-10-11T17:00:00Z,MIN @ NO,NO,MIN,Chris Olave,recY,betmgm,78.5,-115,-115
2026-10-10T18:24:13+00:00,2cda9bf0fbe35a2735f0dd8aaafe9eff,2026-10-11T17:00:00Z,MIN @ NO,NO,MIN,Aaron Jones,recY,betmgm,19.5,-115,-115
2026-10-10T18:24:13+00:00,2cda9bf0fbe35a2735f0dd8aaafe9eff,2026-10-11T17:00:00Z,MIN @ NO,NO,MIN,Justin Jefferson,recY,betmgm,76.5,-115,-115
2026-10-10T18:24:13+00:00,2cda9bf0fbe35a2735f0dd8aaafe9eff,2026-10-11T17:00:00Z,MIN @ NO,NO,MIN,Devaughn Vele,recY,betmgm,41.5,-115,-115
2026-10-10T18:24:13+00:00,2cda9bf0fbe35a2735f0dd8aaafe9eff,2026-10-11T17:00:00Z,MIN @ NO,NO,MIN,Aaron Jones,rec,betmgm,3.5,130,-175
2026-10-10T18:24:13+00:00,2cda9bf0fbe35a2735f0dd8aaafe9eff,2026-10-11T17:00:00Z,MIN @ NO,NO,MIN,Juwan Johnson,rec,betmgm,3.5,-165,125
2026-10-10T18:24:13+00:00,2cda9bf0fbe35a2735f0dd8aaafe9eff,2026-10-11T17:00:00Z,MIN @ NO,NO,MIN,Jordan Addison,rec,betmgm,3.5,-105,-130
2026-10-10T18:24:13+00:00,2cda9bf0fbe35a2735f0dd8aaafe9eff,2026-10-11T17:00:00Z,MIN @ NO,NO,MIN,Chris Olave,rec,betmgm,6.5,105,-140
2026-10-10T18:24:13+00:00,2cda9bf0fbe35a2735f0dd8aaafe9eff,2026-10-11T17:00:00Z,MIN @ NO,NO,MIN,Devaughn Vele,rec,betmgm,3.5,-155,115
2026-10-10T18:24:13+00:00,2cda9bf0fbe35a2735f0dd8aaafe9eff,2026-10-11T17:00:00Z,MIN @ NO,NO,MIN,T.J. Hockenson,rec,betmgm,4.5,120,-160
2026-10-10T18:24:13+00:00,2cda9bf0fbe35a2735f0dd8aaafe9eff,2026-10-11T17:00:00Z,MIN @ NO,NO,MIN,Justin Jefferson,rec,betmgm,6.5,100,-135
2026-10-10T18:24:13+00:00,2cda9bf0fbe35a2735f0dd8aaafe9eff,2026-10-11T17:00:00Z,MIN @ NO,NO,MIN,Tyler Shough,rushY,betmgm,8.5,-120,-111
2026-10-10T18:24:13+00:00,2cda9bf0fbe35a2735f0dd8aaafe9eff,2026-10-11T17:00:00Z,MIN @ NO,NO,MIN,Alvin Kamara,rushY,betmgm,31.5,-111,-120
2026-10-10T18:24:13+00:00,2cda9bf0fbe35a2735f0dd8aaafe9eff,2026-10-11T17:00:00Z,MIN @ NO,NO,MIN,Kendre Miller,rushY,betmgm,22.5,-120,-110
2026-10-10T18:24:13+00:00,2cda9bf0fbe35a2735f0dd8aaafe9eff,2026-10-11T17:00:00Z,MIN @ NO,NO,MIN,Aaron Jones,rushY,betmgm,72.5,-115,-115
2026-10-10T18:24:13+00:00,2cda9bf0fbe35a2735f0dd8aaafe9eff,2026-10-11T17:00:00Z,MIN @ NO,NO,MIN,Kyler Murray,rushY,betmgm,17.5,-115,-115
2026-10-10T18:24:13+00:00,2cda9bf0fbe35a2735f0dd8aaafe9eff,2026-10-11T17:00:00Z,MIN @ NO,NO,MIN,Tyler Shough,comp,espnbet,22.5,-120,-110
2026-10-10T18:24:13+00:00,2cda9bf0fbe35a2735f0dd8aaafe9eff,2026-10-11T17:00:00Z,MIN @ NO,NO,MIN,Kyler Murray,comp,espnbet,20.5,-130,100
2026-10-10T18:24:13+00:00,2cda9bf0fbe35a2735f0dd8aaafe9eff,2026-10-11T17:00:00Z,MIN @ NO,NO,MIN,Tyler Shough,passY,espnbet,233.5,-115,-115
2026-10-10T18:24:13+00:00,2cda9bf0fbe35a2735f0dd8aaafe9eff,2026-10-11T17:00:00Z,MIN @ NO,NO,MIN,Kyler Murray,passY,espnbet,214.5,-110,-120
2026-10-10T18:24:13+00:00,2cda9bf0fbe35a2735f0dd8aaafe9eff,2026-10-11T17:00:00Z,MIN @ NO,NO,MIN,Chris Olave,recY,espnbet,84.5,-105,-125
2026-10-10T18:24:13+00:00,2cda9bf0fbe35a2735f0dd8aaafe9eff,2026-10-11T17:00:00Z,MIN @ NO,NO,MIN,Jordan Addison,recY,espnbet,39.5,-120,-110
2026-10-10T18:24:13+00:00,2cda9bf0fbe35a2735f0dd8aaafe9eff,2026-10-11T17:00:00Z,MIN @ NO,NO,MIN,Juwan Johnson,recY,espnbet,44.5,-105,-125
2026-10-10T18:24:13+00:00,2cda9bf0fbe35a2735f0dd8aaafe9eff,2026-10-11T17:00:00Z,MIN @ NO,NO,MIN,Devaughn Vele,recY,espnbet,44.5,100,-130
2026-10-10T18:24:13+00:00,2cda9bf0fbe35a2735f0dd8aaafe9eff,2026-10-11T17:00:00Z,MIN @ NO,NO,MIN,T.J. Hockenson,recY,espnbet,34.5,-125,-105
2026-10-10T18:24:13+00:00,2cda9bf0fbe35a2735f0dd8aaafe9eff,2026-10-11T17:00:00Z,MIN @ NO,NO,MIN,Alvin Kamara,recY,espnbet,14.5,-115,-115
2026-10-10T18:24:13+00:00,2cda9bf0fbe35a2735f0dd8aaafe9eff,2026-10-11T17:00:00Z,MIN @ NO,NO,MIN,Noah Fant,recY,espnbet,13.5,-110,-120
2026-10-10T18:24:13+00:00,2cda9bf0fbe35a2735f0dd8aaafe9eff,2026-10-11T17:00:00Z,MIN @ NO,NO,MIN,Aaron Jones,recY,espnbet,19.5,105,-135
2026-10-10T18:24:13+00:00,2cda9bf0fbe35a2735f0dd8aaafe9eff,2026-10-11T17:00:00Z,MIN @ NO,NO,MIN,Chris Olave,rec,espnbet,6.5,-125,-105
2026-10-10T18:24:13+00:00,2cda9bf0fbe35a2735f0dd8aaafe9eff,2026-10-11T17:00:00Z,MIN @ NO,NO,MIN,T.J. Hockenson,rec,espnbet,4.5,100,-130
2026-10-10T18:24:13+00:00,2cda9bf0fbe35a2735f0dd8aaafe9eff,2026-10-11T17:00:00Z,MIN @ NO,NO,MIN,Jordan Addison,rec,espnbet,3.5,110,-140
2026-10-10T18:24:13+00:00,2cda9bf0fbe35a2735f0dd8aaafe9eff,2026-10-11T17:00:00Z,MIN @ NO,NO,MIN,Justin Jefferson,rec,espnbet,6.5,105,-135
2026-10-10T18:24:13+00:00,2cda9bf0fbe35a2735f0dd8aaafe9eff,2026-10-11T17:00:00Z,MIN @ NO,NO,MIN,Juwan Johnson,rec,espnbet,3.5,-135,105
2026-10-10T18:24:13+00:00,2cda9bf0fbe35a2735f0dd8aaafe9eff,2026-10-11T17:00:00Z,MIN @ NO,NO,MIN,Devaughn Vele,rec,espnbet,4.5,125,-160
2026-10-10T18:24:13+00:00,2cda9bf0fbe35a2735f0dd8aaafe9eff,2026-10-11T17:00:00Z,MIN @ NO,NO,MIN,Aaron Jones,rec,espnbet,2.5,-155,120
2026-10-10T18:24:13+00:00,2cda9bf0fbe35a2735f0dd8aaafe9eff,2026-10-11T17:00:00Z,MIN @ NO,NO,MIN,Alvin Kamara,rec,espnbet,3.5,110,-140
2026-10-10T18:24:13+00:00,2cda9bf0fbe35a2735f0dd8aaafe9eff,2026-10-11T17:00:00Z,MIN @ NO,NO,MIN,Noah Fant,rec,espnbet,1.5,-135,105
2026-10-10T18:24:13+00:00,2cda9bf0fbe35a2735f0dd8aaafe9eff,2026-10-11T17:00:00Z,MIN @ NO,NO,MIN,Aaron Jones,rushY,espnbet,69.5,-125,-105
2026-10-10T18:24:13+00:00,2cda9bf0fbe35a2735f0dd8aaafe9eff,2026-10-11T17:00:00Z,MIN @ NO,NO,MIN,Alvin Kamara,rushY,espnbet,34.5,100,-130
2026-10-10T18:24:13+00:00,2cda9bf0fbe35a2735f0dd8aaafe9eff,2026-10-11T17:00:00Z,MIN @ NO,NO,MIN,Kendre Miller,rushY,espnbet,24.5,105,-135
2026-10-10T18:24:13+00:00,2cda9bf0fbe35a2735f0dd8aaafe9eff,2026-10-11T17:00:00Z,MIN @ NO,NO,MIN,Tyler Shough,rushY,espnbet,8.5,-130,100
2026-10-10T18:24:13+00:00,2cda9bf0fbe35a2735f0dd8aaafe9eff,2026-10-11T17:00:00Z,MIN @ NO,NO,MIN,Kyler Murray,rushY,espnbet,19.5,105,-135
2026-10-10T18:24:13+00:00,2cda9bf0fbe35a2735f0dd8aaafe9eff,2026-10-11T17:00:00Z,MIN @ NO,NO,MIN,Tyler Shough,comp,prizepicks,22.5,-137,-137
2026-10-10T18:24:13+00:00,2cda9bf0fbe35a2735f0dd8aaafe9eff,2026-10-11T17:00:00Z,MIN @ NO,NO,MIN,Kyler Murray,comp,prizepicks,20.5,-137,-137
2026-10-10T18:24:13+00:00,2cda9bf0fbe35a2735f0dd8aaafe9eff,2026-10-11T17:00:00Z,MIN @ NO,NO,MIN,Tyler Shough,passY,prizepicks,237.5,-137,-137
2026-10-10T18:24:13+00:00,2cda9bf0fbe35a2735f0dd8aaafe9eff,2026-10-11T17:00:00Z,MIN @ NO,NO,MIN,Kyler Murray,passY,prizepicks,213.5,-137,-137
2026-10-10T18:24:13+00:00,2cda9bf0fbe35a2735f0dd8aaafe9eff,2026-10-11T17:00:00Z,MIN @ NO,NO,MIN,Chris Olave,recY,prizepicks,81.5,-137,-137
2026-10-10T18:24:13+00:00,2cda9bf0fbe35a2735f0dd8aaafe9eff,2026-10-11T17:00:00Z,MIN @ NO,NO,MIN,Justin Jefferson,recY,prizepicks,78.5,-137,-137
2026-10-10T18:24:13+00:00,2cda9bf0fbe35a2735f0dd8aaafe9eff,2026-10-11T17:00:00Z,MIN @ NO,NO,MIN,Juwan Johnson,recY,prizepicks,42.5,-137,-137
2026-10-10T18:24:13+00:00,2cda9bf0fbe35a2735f0dd8aaafe9eff,2026-10-11T17:00:00Z,MIN @ NO,NO,MIN,Devaughn Vele,recY,prizepicks,40.5,-137,-137
2026-10-10T18:24:13+00:00,2cda9bf0fbe35a2735f0dd8aaafe9eff,2026-10-11T17:00:00Z,MIN @ NO,NO,MIN,Jordan Addison,recY,prizepicks,40.5,-137,-137
2026-10-10T18:24:13+00:00,2cda9bf0fbe35a2735f0dd8aaafe9eff,2026-10-11T17:00:00Z,MIN @ NO,NO,MIN,T.J. Hockenson,recY,prizepicks,36.5,-137,-137
2026-10-10T18:24:13+00:00,2cda9bf0fbe35a2735f0dd8aaafe9eff,2026-10-11T17:00:00Z,MIN @ NO,NO,MIN,Aaron Jones,recY,prizepicks,19.5,-137,-137
2026-10-10T18:24:13+00:00,2cda9bf0fbe35a2735f0dd8aaafe9eff,2026-10-11T17:00:00Z,MIN @ NO,NO,MIN,Alvin Kamara,recY,prizepicks,13.5,-137,-137
2026-10-10T18:24:13+00:00,2cda9bf0fbe35a2735f0dd8aaafe9eff,2026-10-11T17:00:00Z,MIN @ NO,NO,MIN,Noah Fant,recY,prizepicks,13.5,-137,-137
2026-10-10T18:24:13+00:00,2cda9bf0fbe35a2735f0dd8aaafe9eff,2026-10-11T17:00:00Z,MIN @ NO,NO,MIN,Kendre Miller,recY,prizepicks,4.5,-137,-137
2026-10-10T18:24:13+00:00,2cda9bf0fbe35a2735f0dd8aaafe9eff,2026-10-11T17:00:00Z,MIN @ NO,NO,MIN,Chris Olave,rec,prizepicks,6.5,-137,-137
2026-10-10T18:24:13+00:00,2cda9bf0fbe35a2735f0dd8aaafe9eff,2026-10-11T17:00:00Z,MIN @ NO,NO,MIN,Justin Jefferson,rec,prizepicks,6.0,-137,-137
2026-10-10T18:24:13+00:00,2cda9bf0fbe35a2735f0dd8aaafe9eff,2026-10-11T17:00:00Z,MIN @ NO,NO,MIN,Devaughn Vele,rec,prizepicks,4.0,-137,-137
2026-10-10T18:24:13+00:00,2cda9bf0fbe35a2735f0dd8aaafe9eff,2026-10-11T17:00:00Z,MIN @ NO,NO,MIN,Aaron Jones,rec,prizepicks,3.0,-137,-137
2026-10-10T18:24:13+00:00,2cda9bf0fbe35a2735f0dd8aaafe9eff,2026-10-11T17:00:00Z,MIN @ NO,NO,MIN,Aaron Jones,rushY,prizepicks,72.5,-137,-137
2026-10-10T18:24:13+00:00,2cda9bf0fbe35a2735f0dd8aaafe9eff,2026-10-11T17:00:00Z,MIN @ NO,NO,MIN,Alvin Kamara,rushY,prizepicks,32.5,-137,-137
2026-10-10T18:24:13+00:00,2cda9bf0fbe35a2735f0dd8aaafe9eff,2026-10-11T17:00:00Z,MIN @ NO,NO,MIN,Kendre Miller,rushY,prizepicks,21.5,-137,-137
2026-10-10T18:24:13+00:00,2cda9bf0fbe35a2735f0dd8aaafe9eff,2026-10-11T17:00:00Z,MIN @ NO,NO,MIN,Kyler Murray,rushY,prizepicks,17.5,-137,-137
2026-10-10T18:24:13+00:00,2cda9bf0fbe35a2735f0dd8aaafe9eff,2026-10-11T17:00:00Z,MIN @ NO,NO,MIN,Tyler Shough,rushY,prizepicks,9.5,-137,-137
2026-10-10T18:24:13+00:00,2cda9bf0fbe35a2735f0dd8aaafe9eff,2026-10-11T17:00:00Z,MIN @ NO,NO,MIN,Kyler Murray,sacks,prizepicks,2.5,-137,-137
2026-10-10T18:24:13+00:00,2cda9bf0fbe35a2735f0dd8aaafe9eff,2026-10-11T17:00:00Z,MIN @ NO,NO,MIN,Dallas Turner,sacks,prizepicks,0.5,-137,-137
2026-10-10T18:24:13+00:00,2cda9bf0fbe35a2735f0dd8aaafe9eff,2026-10-11T17:00:00Z,MIN @ NO,NO,MIN,Chase Young,sacks,prizepicks,0.5,-137,-137
2026-10-10T18:24:13+00:00,2cda9bf0fbe35a2735f0dd8aaafe9eff,2026-10-11T17:00:00Z,MIN @ NO,NO,MIN,Kyler Murray,comp,fanatics,20.5,-140,-110
2026-10-10T18:24:13+00:00,2cda9bf0fbe35a2735f0dd8aaafe9eff,2026-10-11T17:00:00Z,MIN @ NO,NO,MIN,Tyler Shough,passY,fanatics,235.5,-115,-115
2026-10-10T18:24:13+00:00,2cda9bf0fbe35a2735f0dd8aaafe9eff,2026-10-11T17:00:00Z,MIN @ NO,NO,MIN,Aaron Jones,recY,fanatics,20.5,-105,-140
2026-10-10T18:24:13+00:00,2cda9bf0fbe35a2735f0dd8aaafe9eff,2026-10-11T17:00:00Z,MIN @ NO,NO,MIN,Devaughn Vele,rec,fanatics,3.5,-165,110
2026-10-10T18:24:13+00:00,2cda9bf0fbe35a2735f0dd8aaafe9eff,2026-10-11T17:00:00Z,MIN @ NO,NO,MIN,Kyler Murray,rushY,fanatics,15.5,-150,100
2026-10-10T18:24:13+00:00,2cda9bf0fbe35a2735f0dd8aaafe9eff,2026-10-11T17:00:00Z,MIN @ NO,NO,MIN,Tyler Shough,comp,underdog,22.5,-137,-137
2026-10-10T18:24:13+00:00,2cda9bf0fbe35a2735f0dd8aaafe9eff,2026-10-11T17:00:00Z,MIN @ NO,NO,MIN,Alvin Kamara,recY,underdog,14.5,-137,-137
2026-10-10T18:24:13+00:00,2cda9bf0fbe35a2735f0dd8aaafe9eff,2026-10-11T17:00:00Z,MIN @ NO,NO,MIN,Justin Jefferson,recY,underdog,79.5,-137,-137
2026-10-10T18:24:13+00:00,2cda9bf0fbe35a2735f0dd8aaafe9eff,2026-10-11T17:00:00Z,MIN @ NO,NO,MIN,Devaughn Vele,recY,underdog,39.5,-137,-137
2026-10-10T18:24:13+00:00,2cda9bf0fbe35a2735f0dd8aaafe9eff,2026-10-11T17:00:00Z,MIN @ NO,NO,MIN,Noah Fant,recY,underdog,14.5,-137,-137
2026-10-10T18:24:13+00:00,2cda9bf0fbe35a2735f0dd8aaafe9eff,2026-10-11T17:00:00Z,MIN @ NO,NO,MIN,Chris Olave,rec,underdog,6.5,-137,-137
2026-10-10T18:24:13+00:00,2cda9bf0fbe35a2735f0dd8aaafe9eff,2026-10-11T17:00:00Z,MIN @ NO,NO,MIN,Kyler Murray,rushY,underdog,19.5,-137,-137
2026-10-10T18:24:13+00:00,2cda9bf0fbe35a2735f0dd8aaafe9eff,2026-10-11T17:00:00Z,MIN @ NO,NO,MIN,Tyler Shough,rushY,underdog,9.5,-137,-137
2026-10-10T18:24:13+00:00,2cda9bf0fbe35a2735f0dd8aaafe9eff,2026-10-11T17:00:00Z,MIN @ NO,NO,MIN,Chase Young,sacks,underdog,0.5,-137,-137
2026-10-10T18:24:13+00:00,2cda9bf0fbe35a2735f0dd8aaafe9eff,2026-10-11T17:00:00Z,MIN @ NO,NO,MIN,Kyler Murray,passY,pick6,213.5,-137,-137
2026-10-10T18:24:13+00:00,2cda9bf0fbe35a2735f0dd8aaafe9eff,2026-10-11T17:00:00Z,MIN @ NO,NO,MIN,Tyler Shough,passY,pick6,235.5,-137,-137
2026-10-10T18:24:13+00:00,2cda9bf0fbe35a2735f0dd8aaafe9eff,2026-10-11T17:00:00Z,MIN @ NO,NO,MIN,Aaron Jones,recY,pick6,17.5,-137,-137
2026-10-10T18:24:13+00:00,2cda9bf0fbe35a2735f0dd8aaafe9eff,2026-10-11T17:00:00Z,MIN @ NO,NO,MIN,Alvin Kamara,recY,pick6,14.5,-137,-137
2026-10-10T18:24:13+00:00,2cda9bf0fbe35a2735f0dd8aaafe9eff,2026-10-11T17:00:00Z,MIN @ NO,NO,MIN,T.J. Hockenson,recY,pick6,36.5,-137,-137
2026-10-10T18:24:13+00:00,2cda9bf0fbe35a2735f0dd8aaafe9eff,2026-10-11T17:00:00Z,MIN @ NO,NO,MIN,Chris Olave,recY,pick6,81.5,-137,-137
2026-10-10T18:24:13+00:00,2cda9bf0fbe35a2735f0dd8aaafe9eff,2026-10-11T17:00:00Z,MIN @ NO,NO,MIN,Noah Fant,recY,pick6,13.5,-137,-137
2026-10-10T18:24:13+00:00,2cda9bf0fbe35a2735f0dd8aaafe9eff,2026-10-11T17:00:00Z,MIN @ NO,NO,MIN,Jordan Addison,recY,pick6,40.5,-137,-137
2026-10-10T18:24:13+00:00,2cda9bf0fbe35a2735f0dd8aaafe9eff,2026-10-11T17:00:00Z,MIN @ NO,NO,MIN,Justin Jefferson,recY,pick6,78.5,-137,-137
2026-10-10T18:24:13+00:00,2cda9bf0fbe35a2735f0dd8aaafe9eff,2026-10-11T17:00:00Z,MIN @ NO,NO,MIN,Juwan Johnson,recY,pick6,42.5,-137,-137
2026-10-10T18:24:13+00:00,2cda9bf0fbe35a2735f0dd8aaafe9eff,2026-10-11T17:00:00Z,MIN @ NO,NO,MIN,Devaughn Vele,recY,pick6,41.5,-137,-137
2026-10-10T18:24:13+00:00,2cda9bf0fbe35a2735f0dd8aaafe9eff,2026-10-11T17:00:00Z,MIN @ NO,NO,MIN,Justin Jefferson,rec,pick6,6.5,-137,
2026-10-10T18:24:13+00:00,2cda9bf0fbe35a2735f0dd8aaafe9eff,2026-10-11T17:00:00Z,MIN @ NO,NO,MIN,Chris Olave,rec,pick6,6.5,-137,-137
2026-10-10T18:24:13+00:00,2cda9bf0fbe35a2735f0dd8aaafe9eff,2026-10-11T17:00:00Z,MIN @ NO,NO,MIN,Jordan Addison,rec,pick6,3.5,-137,
2026-10-10T18:24:13+00:00,2cda9bf0fbe35a2735f0dd8aaafe9eff,2026-10-11T17:00:00Z,MIN @ NO,NO,MIN,Noah Fant,rec,pick6,1.5,,-137
2026-10-10T18:24:13+00:00,2cda9bf0fbe35a2735f0dd8aaafe9eff,2026-10-11T17:00:00Z,MIN @ NO,NO,MIN,Alvin Kamara,rec,pick6,3.5,-137,
2026-10-10T18:24:13+00:00,2cda9bf0fbe35a2735f0dd8aaafe9eff,2026-10-11T17:00:00Z,MIN @ NO,NO,MIN,Aaron Jones,rushY,pick6,71.5,-137,-137
2026-10-10T18:24:13+00:00,2cda9bf0fbe35a2735f0dd8aaafe9eff,2026-10-11T17:00:00Z,MIN @ NO,NO,MIN,Kendre Miller,rushY,pick6,22.5,-137,-137
2026-10-10T18:24:13+00:00,2cda9bf0fbe35a2735f0dd8aaafe9eff,2026-10-11T17:00:00Z,MIN @ NO,NO,MIN,Kyler Murray,rushY,pick6,17.5,-137,-137
2026-10-10T18:24:13+00:00,2cda9bf0fbe35a2735f0dd8aaafe9eff,2026-10-11T17:00:00Z,MIN @ NO,NO,MIN,Tyler Shough,rushY,pick6,9.5,-137,-137
2026-10-10T18:24:13+00:00,2cda9bf0fbe35a2735f0dd8aaafe9eff,2026-10-11T17:00:00Z,MIN @ NO,NO,MIN,Alvin Kamara,rushY,pick6,33.5,-137,-137
2026-10-10T18:24:13+00:00,fbffd0b7722fd81d68d5d62472dc80e8,2026-10-11T17:00:00Z,NYG @ WAS,WAS,NYG,Jameis Winston,comp,draftkings,18.5,-121,-105
2026-10-10T18:24:13+00:00,fbffd0b7722fd81d68d5d62472dc80e8,2026-10-11T17:00:00Z,NYG @ WAS,WAS,NYG,Jayden Daniels,comp,draftkings,18.5,-104,-123
2026-10-10T18:24:13+00:00,fbffd0b7722fd81d68d5d62472dc80e8,2026-10-11T17:00:00Z,NYG @ WAS,WAS,NYG,Jameis Winston,passY,draftkings,201.5,-113,-111
2026-10-10T18:24:13+00:00,fbffd0b7722fd81d68d5d62472dc80e8,2026-10-11T17:00:00Z,NYG @ WAS,WAS,NYG,Jayden Daniels,passY,draftkings,197.5,-113,-111
2026-10-10T18:24:13+00:00,fbffd0b7722fd81d68d5d62472dc80e8,2026-10-11T17:00:00Z,NYG @ WAS,WAS,NYG,Malik Nabers,recY,draftkings,56.5,-111,-113
2026-10-10T18:24:13+00:00,fbffd0b7722fd81d68d5d62472dc80e8,2026-10-11T17:00:00Z,NYG @ WAS,WAS,NYG,Isaiah Likely,recY,draftkings,42.5,-115,-109
2026-10-10T18:24:13+00:00,fbffd0b7722fd81d68d5d62472dc80e8,2026-10-11T17:00:00Z,NYG @ WAS,WAS,NYG,Malachi Fields,recY,draftkings,25.5,-109,-116
2026-10-10T18:24:13+00:00,fbffd0b7722fd81d68d5d62472dc80e8,2026-10-11T17:00:00Z,NYG @ WAS,WAS,NYG,Darnell Mooney,recY,draftkings,18.5,-116,-109
2026-10-10T18:24:13+00:00,fbffd0b7722fd81d68d5d62472dc80e8,2026-10-11T17:00:00Z,NYG @ WAS,WAS,NYG,Cam Skattebo,recY,draftkings,13.5,-107,-117
2026-10-10T18:24:13+00:00,fbffd0b7722fd81d68d5d62472dc80e8,2026-10-11T17:00:00Z,NYG @ WAS,WAS,NYG,Rachaad White,recY,draftkings,9.5,-109,-115
2026-10-10T18:24:13+00:00,fbffd0b7722fd81d68d5d62472dc80e8,2026-10-11T17:00:00Z,NYG @ WAS,WAS,NYG,Malik Nabers,rec,draftkings,4.5,-158,124
2026-10-10T18:24:13+00:00,fbffd0b7722fd81d68d5d62472dc80e8,2026-10-11T17:00:00Z,NYG @ WAS,WAS,NYG,Isaiah Likely,rec,draftkings,4.5,-122,-105
2026-10-10T18:24:13+00:00,fbffd0b7722fd81d68d5d62472dc80e8,2026-10-11T17:00:00Z,NYG @ WAS,WAS,NYG,Malachi Fields,rec,draftkings,2.5,122,-157
2026-10-10T18:24:13+00:00,fbffd0b7722fd81d68d5d62472dc80e8,2026-10-11T17:00:00Z,NYG @ WAS,WAS,NYG,Cam Skattebo,rec,draftkings,2.5,133,-170
2026-10-10T18:24:13+00:00,fbffd0b7722fd81d68d5d62472dc80e8,2026-10-11T17:00:00Z,NYG @ WAS,WAS,NYG,Rachaad White,rec,draftkings,1.5,-174,136
2026-10-10T18:24:13+00:00,fbffd0b7722fd81d68d5d62472dc80e8,2026-10-11T17:00:00Z,NYG @ WAS,WAS,NYG,Darnell Mooney,rec,draftkings,1.5,-119,-107
2026-10-10T18:24:13+00:00,fbffd0b7722fd81d68d5d62472dc80e8,2026-10-11T17:00:00Z,NYG @ WAS,WAS,NYG,Cam Skattebo,rushY,draftkings,55.5,-113,-111
2026-10-10T18:24:13+00:00,fbffd0b7722fd81d68d5d62472dc80e8,2026-10-11T17:00:00Z,NYG @ WAS,WAS,NYG,Jacory Croskey-Merritt,rushY,draftkings,51.5,-110,-114
2026-10-10T18:24:13+00:00,fbffd0b7722fd81d68d5d62472dc80e8,2026-10-11T17:00:00Z,NYG @ WAS,WAS,NYG,Jayden Daniels,rushY,draftkings,28.5,-112,-112
2026-10-10T18:24:13+00:00,fbffd0b7722fd81d68d5d62472dc80e8,2026-10-11T17:00:00Z,NYG @ WAS,WAS,NYG,Najee Harris,rushY,draftkings,27.5,-111,-113
2026-10-10T18:24:13+00:00,fbffd0b7722fd81d68d5d62472dc80e8,2026-10-11T17:00:00Z,NYG @ WAS,WAS,NYG,Rachaad White,rushY,draftkings,23.5,-115,-110
2026-10-10T18:24:13+00:00,fbffd0b7722fd81d68d5d62472dc80e8,2026-10-11T17:00:00Z,NYG @ WAS,WAS,NYG,Jameis Winston,rushY,draftkings,2.5,-106,-118
2026-10-10T18:24:13+00:00,fbffd0b7722fd81d68d5d62472dc80e8,2026-10-11T17:00:00Z,NYG @ WAS,WAS,NYG,Abdul Carter,sacks,draftkings,0.25,104,-131
2026-10-10T18:24:13+00:00,fbffd0b7722fd81d68d5d62472dc80e8,2026-10-11T17:00:00Z,NYG @ WAS,WAS,NYG,K'Lavon Chaisson,sacks,draftkings,0.25,119,-150
2026-10-10T18:24:13+00:00,fbffd0b7722fd81d68d5d62472dc80e8,2026-10-11T17:00:00Z,NYG @ WAS,WAS,NYG,Kayvon Thibodeaux,sacks,draftkings,0.25,145,-186
2026-10-10T18:24:13+00:00,fbffd0b7722fd81d68d5d62472dc80e8,2026-10-11T17:00:00Z,NYG @ WAS,WAS,NYG,Odafe Oweh,sacks,draftkings,0.25,148,-189
2026-10-10T18:24:13+00:00,fbffd0b7722fd81d68d5d62472dc80e8,2026-10-11T17:00:00Z,NYG @ WAS,WAS,NYG,Jayden Daniels,passY,fanduel,193.5,-113,-113
2026-10-10T18:24:13+00:00,fbffd0b7722fd81d68d5d62472dc80e8,2026-10-11T17:00:00Z,NYG @ WAS,WAS,NYG,Jameis Winston,passY,fanduel,200.5,-113,-113
2026-10-10T18:24:13+00:00,fbffd0b7722fd81d68d5d62472dc80e8,2026-10-11T17:00:00Z,NYG @ WAS,WAS,NYG,Darnell Mooney,recY,fanduel,17.5,-113,-113
2026-10-10T18:24:13+00:00,fbffd0b7722fd81d68d5d62472dc80e8,2026-10-11T17:00:00Z,NYG @ WAS,WAS,NYG,Cam Skattebo,recY,fanduel,12.5,-113,-113
2026-10-10T18:24:13+00:00,fbffd0b7722fd81d68d5d62472dc80e8,2026-10-11T17:00:00Z,NYG @ WAS,WAS,NYG,Malik Nabers,recY,fanduel,54.5,-113,-113
2026-10-10T18:24:13+00:00,fbffd0b7722fd81d68d5d62472dc80e8,2026-10-11T17:00:00Z,NYG @ WAS,WAS,NYG,Malachi Fields,recY,fanduel,25.5,-113,-113
2026-10-10T18:24:13+00:00,fbffd0b7722fd81d68d5d62472dc80e8,2026-10-11T17:00:00Z,NYG @ WAS,WAS,NYG,Rachaad White,recY,fanduel,9.5,-113,-113
2026-10-10T18:24:13+00:00,fbffd0b7722fd81d68d5d62472dc80e8,2026-10-11T17:00:00Z,NYG @ WAS,WAS,NYG,Isaiah Likely,recY,fanduel,41.5,-113,-113
2026-10-10T18:24:13+00:00,fbffd0b7722fd81d68d5d62472dc80e8,2026-10-11T17:00:00Z,NYG @ WAS,WAS,NYG,Isaiah Likely,rec,fanduel,4.5,-108,-122
2026-10-10T18:24:13+00:00,fbffd0b7722fd81d68d5d62472dc80e8,2026-10-11T17:00:00Z,NYG @ WAS,WAS,NYG,Cam Skattebo,rec,fanduel,1.5,-205,152
2026-10-10T18:24:13+00:00,fbffd0b7722fd81d68d5d62472dc80e8,2026-10-11T17:00:00Z,NYG @ WAS,WAS,NYG,Malachi Fields,rec,fanduel,2.5,136,-182
2026-10-10T18:24:13+00:00,fbffd0b7722fd81d68d5d62472dc80e8,2026-10-11T17:00:00Z,NYG @ WAS,WAS,NYG,Darnell Mooney,rec,fanduel,1.5,-114,-114
2026-10-10T18:24:13+00:00,fbffd0b7722fd81d68d5d62472dc80e8,2026-10-11T17:00:00Z,NYG @ WAS,WAS,NYG,Malik Nabers,rec,fanduel,5.5,120,-160
2026-10-10T18:24:13+00:00,fbffd0b7722fd81d68d5d62472dc80e8,2026-10-11T17:00:00Z,NYG @ WAS,WAS,NYG,Rachaad White,rec,fanduel,1.5,-180,134
2026-10-10T18:24:13+00:00,fbffd0b7722fd81d68d5d62472dc80e8,2026-10-11T17:00:00Z,NYG @ WAS,WAS,NYG,Jayden Daniels,rushY,fanduel,30.5,-113,-113
2026-10-10T18:24:13+00:00,fbffd0b7722fd81d68d5d62472dc80e8,2026-10-11T17:00:00Z,NYG @ WAS,WAS,NYG,Najee Harris,rushY,fanduel,27.5,-113,-113
2026-10-10T18:24:13+00:00,fbffd0b7722fd81d68d5d62472dc80e8,2026-10-11T17:00:00Z,NYG @ WAS,WAS,NYG,Jameis Winston,rushY,fanduel,2.5,-102,-125
2026-10-10T18:24:13+00:00,fbffd0b7722fd81d68d5d62472dc80e8,2026-10-11T17:00:00Z,NYG @ WAS,WAS,NYG,Cam Skattebo,rushY,fanduel,56.5,-113,-113
2026-10-10T18:24:13+00:00,fbffd0b7722fd81d68d5d62472dc80e8,2026-10-11T17:00:00Z,NYG @ WAS,WAS,NYG,Jacory Croskey-Merritt,rushY,fanduel,53.5,-113,-113
2026-10-10T18:24:13+00:00,fbffd0b7722fd81d68d5d62472dc80e8,2026-10-11T17:00:00Z,NYG @ WAS,WAS,NYG,Rachaad White,rushY,fanduel,23.5,-113,-113
2026-10-10T18:24:13+00:00,fbffd0b7722fd81d68d5d62472dc80e8,2026-10-11T17:00:00Z,NYG @ WAS,WAS,NYG,Abdul Carter,sacks,fanduel,0.5,120,
2026-10-10T18:24:13+00:00,fbffd0b7722fd81d68d5d62472dc80e8,2026-10-11T17:00:00Z,NYG @ WAS,WAS,NYG,K'Lavon Chaisson,sacks,fanduel,0.5,144,
2026-10-10T18:24:13+00:00,fbffd0b7722fd81d68d5d62472dc80e8,2026-10-11T17:00:00Z,NYG @ WAS,WAS,NYG,Odafe Oweh,sacks,fanduel,0.5,178,
2026-10-10T18:24:13+00:00,fbffd0b7722fd81d68d5d62472dc80e8,2026-10-11T17:00:00Z,NYG @ WAS,WAS,NYG,Kayvon Thibodeaux,sacks,fanduel,0.5,182,
2026-10-10T18:24:13+00:00,fbffd0b7722fd81d68d5d62472dc80e8,2026-10-11T17:00:00Z,NYG @ WAS,WAS,NYG,Frankie Luvu,sacks,fanduel,0.5,300,
2026-10-10T18:24:13+00:00,fbffd0b7722fd81d68d5d62472dc80e8,2026-10-11T17:00:00Z,NYG @ WAS,WAS,NYG,Arvell Reese,sacks,fanduel,0.5,310,
2026-10-10T18:24:13+00:00,fbffd0b7722fd81d68d5d62472dc80e8,2026-10-11T17:00:00Z,NYG @ WAS,WAS,NYG,Dorance Armstrong,sacks,fanduel,0.5,310,
2026-10-10T18:24:13+00:00,fbffd0b7722fd81d68d5d62472dc80e8,2026-10-11T17:00:00Z,NYG @ WAS,WAS,NYG,DJ Reader,sacks,fanduel,0.5,350,
2026-10-10T18:24:13+00:00,fbffd0b7722fd81d68d5d62472dc80e8,2026-10-11T17:00:00Z,NYG @ WAS,WAS,NYG,Sonny Styles,sacks,fanduel,0.5,350,
2026-10-10T18:24:13+00:00,fbffd0b7722fd81d68d5d62472dc80e8,2026-10-11T17:00:00Z,NYG @ WAS,WAS,NYG,Shelby Harris,sacks,fanduel,0.5,390,
2026-10-10T18:24:13+00:00,fbffd0b7722fd81d68d5d62472dc80e8,2026-10-11T17:00:00Z,NYG @ WAS,WAS,NYG,Jameis Winston,comp,betrivers,18.5,-121,
2026-10-10T18:24:13+00:00,fbffd0b7722fd81d68d5d62472dc80e8,2026-10-11T17:00:00Z,NYG @ WAS,WAS,NYG,Jayden Daniels,comp,betrivers,17.5,-127,
2026-10-10T18:24:13+00:00,fbffd0b7722fd81d68d5d62472dc80e8,2026-10-11T17:00:00Z,NYG @ WAS,WAS,NYG,Jayden Daniels,passY,betrivers,196.5,-117,-114
2026-10-10T18:24:13+00:00,fbffd0b7722fd81d68d5d62472dc80e8,2026-10-11T17:00:00Z,NYG @ WAS,WAS,NYG,Jameis Winston,passY,betrivers,195.5,-115,-115
2026-10-10T18:24:13+00:00,fbffd0b7722fd81d68d5d62472dc80e8,2026-10-11T17:00:00Z,NYG @ WAS,WAS,NYG,Isaiah Likely,recY,betrivers,40.5,-115,-115
2026-10-10T18:24:13+00:00,fbffd0b7722fd81d68d5d62472dc80e8,2026-10-11T17:00:00Z,NYG @ WAS,WAS,NYG,Cam Skattebo,recY,betrivers,11.5,-122,-109
2026-10-10T18:24:13+00:00,fbffd0b7722fd81d68d5d62472dc80e8,2026-10-11T17:00:00Z,NYG @ WAS,WAS,NYG,Malik Nabers,recY,betrivers,55.5,-113,-118
2026-10-10T18:24:13+00:00,fbffd0b7722fd81d68d5d62472dc80e8,2026-10-11T17:00:00Z,NYG @ WAS,WAS,NYG,Malachi Fields,recY,betrivers,26.5,-113,-118
2026-10-10T18:24:13+00:00,fbffd0b7722fd81d68d5d62472dc80e8,2026-10-11T17:00:00Z,NYG @ WAS,WAS,NYG,Rachaad White,recY,betrivers,9.5,-118,-112
2026-10-10T18:24:13+00:00,fbffd0b7722fd81d68d5d62472dc80e8,2026-10-11T17:00:00Z,NYG @ WAS,WAS,NYG,Darnell Mooney,recY,betrivers,17.5,-112,-120
2026-10-10T18:24:13+00:00,fbffd0b7722fd81d68d5d62472dc80e8,2026-10-11T17:00:00Z,NYG @ WAS,WAS,NYG,Rachaad White,rec,betrivers,1.5,-180,
2026-10-10T18:24:13+00:00,fbffd0b7722fd81d68d5d62472dc80e8,2026-10-11T17:00:00Z,NYG @ WAS,WAS,NYG,Isaiah Likely,rec,betrivers,4.5,-105,
2026-10-10T18:24:13+00:00,fbffd0b7722fd81d68d5d62472dc80e8,2026-10-11T17:00:00Z,NYG @ WAS,WAS,NYG,Malik Nabers,rec,betrivers,5.5,118,
2026-10-10T18:24:13+00:00,fbffd0b7722fd81d68d5d62472dc80e8,2026-10-11T17:00:00Z,NYG @ WAS,WAS,NYG,Malachi Fields,rec,betrivers,2.5,123,
2026-10-10T18:24:13+00:00,fbffd0b7722fd81d68d5d62472dc80e8,2026-10-11T17:00:00Z,NYG @ WAS,WAS,NYG,Darnell Mooney,rec,betrivers,1.5,-120,
2026-10-10T18:24:13+00:00,fbffd0b7722fd81d68d5d62472dc80e8,2026-10-11T17:00:00Z,NYG @ WAS,WAS,NYG,Cam Skattebo,rec,betrivers,2.5,128,
2026-10-10T18:24:13+00:00,fbffd0b7722fd81d68d5d62472dc80e8,2026-10-11T17:00:00Z,NYG @ WAS,WAS,NYG,Jayden Daniels,rushY,betrivers,30.5,-117,-114
2026-10-10T18:24:13+00:00,fbffd0b7722fd81d68d5d62472dc80e8,2026-10-11T17:00:00Z,NYG @ WAS,WAS,NYG,Najee Harris,rushY,betrivers,28.5,-121,-110
2026-10-10T18:24:13+00:00,fbffd0b7722fd81d68d5d62472dc80e8,2026-10-11T17:00:00Z,NYG @ WAS,WAS,NYG,Rachaad White,rushY,betrivers,23.5,-114,-117
2026-10-10T18:24:13+00:00,fbffd0b7722fd81d68d5d62472dc80e8,2026-10-11T17:00:00Z,NYG @ WAS,WAS,NYG,Jacory Croskey-Merritt,rushY,betrivers,52.5,-115,-114
2026-10-10T18:24:13+00:00,fbffd0b7722fd81d68d5d62472dc80e8,2026-10-11T17:00:00Z,NYG @ WAS,WAS,NYG,Cam Skattebo,rushY,betrivers,55.5,-118,-113
2026-10-10T18:24:13+00:00,fbffd0b7722fd81d68d5d62472dc80e8,2026-10-11T17:00:00Z,NYG @ WAS,WAS,NYG,Jayden Daniels,comp,betmgm,18.5,-115,-115
2026-10-10T18:24:13+00:00,fbffd0b7722fd81d68d5d62472dc80e8,2026-10-11T17:00:00Z,NYG @ WAS,WAS,NYG,Jameis Winston,comp,betmgm,18.5,100,-135
2026-10-10T18:24:13+00:00,fbffd0b7722fd81d68d5d62472dc80e8,2026-10-11T17:00:00Z,NYG @ WAS,WAS,NYG,Jameis Winston,passY,betmgm,205.5,-115,-115
2026-10-10T18:24:13+00:00,fbffd0b7722fd81d68d5d62472dc80e8,2026-10-11T17:00:00Z,NYG @ WAS,WAS,NYG,Isaiah Likely,recY,betmgm,45.5,-115,-115
2026-10-10T18:24:13+00:00,fbffd0b7722fd81d68d5d62472dc80e8,2026-10-11T17:00:00Z,NYG @ WAS,WAS,NYG,Darnell Mooney,recY,betmgm,16.5,-115,-115
2026-10-10T18:24:13+00:00,fbffd0b7722fd81d68d5d62472dc80e8,2026-10-11T17:00:00Z,NYG @ WAS,WAS,NYG,Malachi Fields,recY,betmgm,25.5,-120,-111
2026-10-10T18:24:13+00:00,fbffd0b7722fd81d68d5d62472dc80e8,2026-10-11T17:00:00Z,NYG @ WAS,WAS,NYG,Cam Skattebo,recY,betmgm,14.5,-111,-118
2026-10-10T18:24:13+00:00,fbffd0b7722fd81d68d5d62472dc80e8,2026-10-11T17:00:00Z,NYG @ WAS,WAS,NYG,Rachaad White,recY,betmgm,9.5,-110,-120
2026-10-10T18:24:13+00:00,fbffd0b7722fd81d68d5d62472dc80e8,2026-10-11T17:00:00Z,NYG @ WAS,WAS,NYG,Malik Nabers,recY,betmgm,58.5,-115,-115
2026-10-10T18:24:13+00:00,fbffd0b7722fd81d68d5d62472dc80e8,2026-10-11T17:00:00Z,NYG @ WAS,WAS,NYG,Cam Skattebo,rec,betmgm,2.5,140,-190
2026-10-10T18:24:13+00:00,fbffd0b7722fd81d68d5d62472dc80e8,2026-10-11T17:00:00Z,NYG @ WAS,WAS,NYG,Isaiah Likely,rec,betmgm,4.5,-110,-120
2026-10-10T18:24:13+00:00,fbffd0b7722fd81d68d5d62472dc80e8,2026-10-11T17:00:00Z,NYG @ WAS,WAS,NYG,Malik Nabers,rec,betmgm,4.5,-160,120
2026-10-10T18:24:13+00:00,fbffd0b7722fd81d68d5d62472dc80e8,2026-10-11T17:00:00Z,NYG @ WAS,WAS,NYG,Darnell Mooney,rec,betmgm,1.5,100,-135
2026-10-10T18:24:13+00:00,fbffd0b7722fd81d68d5d62472dc80e8,2026-10-11T17:00:00Z,NYG @ WAS,WAS,NYG,Malachi Fields,rec,betmgm,1.5,-250,180
2026-10-10T18:24:13+00:00,fbffd0b7722fd81d68d5d62472dc80e8,2026-10-11T17:00:00Z,NYG @ WAS,WAS,NYG,Jayden Daniels,rushY,betmgm,31.5,-115,-115
2026-10-10T18:24:13+00:00,fbffd0b7722fd81d68d5d62472dc80e8,2026-10-11T17:00:00Z,NYG @ WAS,WAS,NYG,Jacory Croskey-Merritt,rushY,betmgm,51.5,-115,-115
2026-10-10T18:24:13+00:00,fbffd0b7722fd81d68d5d62472dc80e8,2026-10-11T17:00:00Z,NYG @ WAS,WAS,NYG,Cam Skattebo,rushY,betmgm,55.5,-115,-115
2026-10-10T18:24:13+00:00,fbffd0b7722fd81d68d5d62472dc80e8,2026-10-11T17:00:00Z,NYG @ WAS,WAS,NYG,Najee Harris,rushY,betmgm,28.5,-115,-115
2026-10-10T18:24:13+00:00,fbffd0b7722fd81d68d5d62472dc80e8,2026-10-11T17:00:00Z,NYG @ WAS,WAS,NYG,Rachaad White,rushY,betmgm,25.5,-111,-118
2026-10-10T18:24:13+00:00,fbffd0b7722fd81d68d5d62472dc80e8,2026-10-11T17:00:00Z,NYG @ WAS,WAS,NYG,Jayden Daniels,comp,espnbet,18.5,-105,-125
2026-10-10T18:24:13+00:00,fbffd0b7722fd81d68d5d62472dc80e8,2026-10-11T17:00:00Z,NYG @ WAS,WAS,NYG,Jameis Winston,comp,espnbet,18.5,-125,-105
2026-10-10T18:24:13+00:00,fbffd0b7722fd81d68d5d62472dc80e8,2026-10-11T17:00:00Z,NYG @ WAS,WAS,NYG,Jayden Daniels,passY,espnbet,194.5,-125,-105
2026-10-10T18:24:13+00:00,fbffd0b7722fd81d68d5d62472dc80e8,2026-10-11T17:00:00Z,NYG @ WAS,WAS,NYG,Jameis Winston,passY,espnbet,199.5,-120,-110
2026-10-10T18:24:13+00:00,fbffd0b7722fd81d68d5d62472dc80e8,2026-10-11T17:00:00Z,NYG @ WAS,WAS,NYG,Malik Nabers,recY,espnbet,54.5,-125,-105
2026-10-10T18:24:13+00:00,fbffd0b7722fd81d68d5d62472dc80e8,2026-10-11T17:00:00Z,NYG @ WAS,WAS,NYG,Isaiah Likely,recY,espnbet,41.5,-125,-105
2026-10-10T18:24:13+00:00,fbffd0b7722fd81d68d5d62472dc80e8,2026-10-11T17:00:00Z,NYG @ WAS,WAS,NYG,Malachi Fields,recY,espnbet,22.5,-125,-105
2026-10-10T18:24:13+00:00,fbffd0b7722fd81d68d5d62472dc80e8,2026-10-11T17:00:00Z,NYG @ WAS,WAS,NYG,Darnell Mooney,recY,espnbet,19.5,-105,-125
2026-10-10T18:24:13+00:00,fbffd0b7722fd81d68d5d62472dc80e8,2026-10-11T17:00:00Z,NYG @ WAS,WAS,NYG,Cam Skattebo,recY,espnbet,12.5,-125,-105
2026-10-10T18:24:13+00:00,fbffd0b7722fd81d68d5d62472dc80e8,2026-10-11T17:00:00Z,NYG @ WAS,WAS,NYG,Rachaad White,recY,espnbet,9.5,-105,-125
2026-10-10T18:24:13+00:00,fbffd0b7722fd81d68d5d62472dc80e8,2026-10-11T17:00:00Z,NYG @ WAS,WAS,NYG,Malik Nabers,rec,espnbet,4.5,-155,120
2026-10-10T18:24:13+00:00,fbffd0b7722fd81d68d5d62472dc80e8,2026-10-11T17:00:00Z,NYG @ WAS,WAS,NYG,Isaiah Likely,rec,espnbet,4.5,-125,-105
2026-10-10T18:24:13+00:00,fbffd0b7722fd81d68d5d62472dc80e8,2026-10-11T17:00:00Z,NYG @ WAS,WAS,NYG,Malachi Fields,rec,espnbet,2.5,125,-160
2026-10-10T18:24:13+00:00,fbffd0b7722fd81d68d5d62472dc80e8,2026-10-11T17:00:00Z,NYG @ WAS,WAS,NYG,Cam Skattebo,rec,espnbet,2.5,135,-180
2026-10-10T18:24:13+00:00,fbffd0b7722fd81d68d5d62472dc80e8,2026-10-11T17:00:00Z,NYG @ WAS,WAS,NYG,Darnell Mooney,rec,espnbet,1.5,-120,-110
2026-10-10T18:24:13+00:00,fbffd0b7722fd81d68d5d62472dc80e8,2026-10-11T17:00:00Z,NYG @ WAS,WAS,NYG,Jacory Croskey-Merritt,rushY,espnbet,49.5,-125,-105
2026-10-10T18:24:13+00:00,fbffd0b7722fd81d68d5d62472dc80e8,2026-10-11T17:00:00Z,NYG @ WAS,WAS,NYG,Cam Skattebo,rushY,espnbet,57.5,100,-130
2026-10-10T18:24:13+00:00,fbffd0b7722fd81d68d5d62472dc80e8,2026-10-11T17:00:00Z,NYG @ WAS,WAS,NYG,Jayden Daniels,rushY,espnbet,29.5,-110,-120
2026-10-10T18:24:13+00:00,fbffd0b7722fd81d68d5d62472dc80e8,2026-10-11T17:00:00Z,NYG @ WAS,WAS,NYG,Rachaad White,rushY,espnbet,24.5,-105,-125
2026-10-10T18:24:13+00:00,fbffd0b7722fd81d68d5d62472dc80e8,2026-10-11T17:00:00Z,NYG @ WAS,WAS,NYG,Najee Harris,rushY,espnbet,29.5,110,-140
2026-10-10T18:24:13+00:00,fbffd0b7722fd81d68d5d62472dc80e8,2026-10-11T17:00:00Z,NYG @ WAS,WAS,NYG,Jameis Winston,rushY,espnbet,2.5,-105,-125
2026-10-10T18:24:13+00:00,fbffd0b7722fd81d68d5d62472dc80e8,2026-10-11T17:00:00Z,NYG @ WAS,WAS,NYG,Jameis Winston,passY,underdog,199.5,-137,-137
2026-10-10T18:24:13+00:00,fbffd0b7722fd81d68d5d62472dc80e8,2026-10-11T17:00:00Z,NYG @ WAS,WAS,NYG,Terry McLaurin,recY,underdog,59.5,-137,-137
2026-10-10T18:24:13+00:00,fbffd0b7722fd81d68d5d62472dc80e8,2026-10-11T17:00:00Z,NYG @ WAS,WAS,NYG,Malachi Fields,recY,underdog,24.5,-137,-137
2026-10-10T18:24:13+00:00,fbffd0b7722fd81d68d5d62472dc80e8,2026-10-11T17:00:00Z,NYG @ WAS,WAS,NYG,Darnell Mooney,rec,underdog,1.5,-137,-137
2026-10-10T18:24:13+00:00,fbffd0b7722fd81d68d5d62472dc80e8,2026-10-11T17:00:00Z,NYG @ WAS,WAS,NYG,Isaiah Likely,rec,underdog,4.5,-137,-137
2026-10-10T18:24:13+00:00,fbffd0b7722fd81d68d5d62472dc80e8,2026-10-11T17:00:00Z,NYG @ WAS,WAS,NYG,Rachaad White,rushY,underdog,24.5,-137,-137
2026-10-10T18:24:13+00:00,fbffd0b7722fd81d68d5d62472dc80e8,2026-10-11T17:00:00Z,NYG @ WAS,WAS,NYG,Jameis Winston,comp,prizepicks,18.5,-137,-137
2026-10-10T18:24:13+00:00,fbffd0b7722fd81d68d5d62472dc80e8,2026-10-11T17:00:00Z,NYG @ WAS,WAS,NYG,Jayden Daniels,comp,prizepicks,18.0,-137,-137
2026-10-10T18:24:13+00:00,fbffd0b7722fd81d68d5d62472dc80e8,2026-10-11T17:00:00Z,NYG @ WAS,WAS,NYG,Jameis Winston,passY,prizepicks,201.5,-137,-137
2026-10-10T18:24:13+00:00,fbffd0b7722fd81d68d5d62472dc80e8,2026-10-11T17:00:00Z,NYG @ WAS,WAS,NYG,Jayden Daniels,passY,prizepicks,193.5,-137,-137
2026-10-10T18:24:13+00:00,fbffd0b7722fd81d68d5d62472dc80e8,2026-10-11T17:00:00Z,NYG @ WAS,WAS,NYG,Terry McLaurin,recY,prizepicks,60.5,-137,-137
2026-10-10T18:24:13+00:00,fbffd0b7722fd81d68d5d62472dc80e8,2026-10-11T17:00:00Z,NYG @ WAS,WAS,NYG,Malik Nabers,recY,prizepicks,56.5,-137,-137
2026-10-10T18:24:13+00:00,fbffd0b7722fd81d68d5d62472dc80e8,2026-10-11T17:00:00Z,NYG @ WAS,WAS,NYG,Isaiah Likely,recY,prizepicks,42.5,-137,-137
2026-10-10T18:24:13+00:00,fbffd0b7722fd81d68d5d62472dc80e8,2026-10-11T17:00:00Z,NYG @ WAS,WAS,NYG,Antonio Williams,recY,prizepicks,32.5,-137,-137
2026-10-10T18:24:13+00:00,fbffd0b7722fd81d68d5d62472dc80e8,2026-10-11T17:00:00Z,NYG @ WAS,WAS,NYG,Chig Okonkwo,recY,prizepicks,27.5,-137,-137
2026-10-10T18:24:13+00:00,fbffd0b7722fd81d68d5d62472dc80e8,2026-10-11T17:00:00Z,NYG @ WAS,WAS,NYG,Malachi Fields,recY,prizepicks,25.5,-137,-137
2026-10-10T18:24:13+00:00,fbffd0b7722fd81d68d5d62472dc80e8,2026-10-11T17:00:00Z,NYG @ WAS,WAS,NYG,Darnell Mooney,recY,prizepicks,17.5,-137,-137
2026-10-10T18:24:13+00:00,fbffd0b7722fd81d68d5d62472dc80e8,2026-10-11T17:00:00Z,NYG @ WAS,WAS,NYG,Cam Skattebo,recY,prizepicks,12.5,-137,-137
2026-10-10T18:24:13+00:00,fbffd0b7722fd81d68d5d62472dc80e8,2026-10-11T17:00:00Z,NYG @ WAS,WAS,NYG,Rachaad White,recY,prizepicks,9.5,-137,-137
2026-10-10T18:24:13+00:00,fbffd0b7722fd81d68d5d62472dc80e8,2026-10-11T17:00:00Z,NYG @ WAS,WAS,NYG,Jacory Croskey-Merritt,recY,prizepicks,6.5,-137,-137
2026-10-10T18:24:13+00:00,fbffd0b7722fd81d68d5d62472dc80e8,2026-10-11T17:00:00Z,NYG @ WAS,WAS,NYG,Najee Harris,recY,prizepicks,1.5,-137,-137
2026-10-10T18:24:13+00:00,fbffd0b7722fd81d68d5d62472dc80e8,2026-10-11T17:00:00Z,NYG @ WAS,WAS,NYG,Theo Johnson,recY,prizepicks,1.5,-137,-137
2026-10-10T18:24:13+00:00,fbffd0b7722fd81d68d5d62472dc80e8,2026-10-11T17:00:00Z,NYG @ WAS,WAS,NYG,Malik Nabers,rec,prizepicks,5.0,-137,-137
2026-10-10T18:24:13+00:00,fbffd0b7722fd81d68d5d62472dc80e8,2026-10-11T17:00:00Z,NYG @ WAS,WAS,NYG,Isaiah Likely,rec,prizepicks,4.5,-137,-137
2026-10-10T18:24:13+00:00,fbffd0b7722fd81d68d5d62472dc80e8,2026-10-11T17:00:00Z,NYG @ WAS,WAS,NYG,Malachi Fields,rec,prizepicks,2.0,-137,-137
2026-10-10T18:24:13+00:00,fbffd0b7722fd81d68d5d62472dc80e8,2026-10-11T17:00:00Z,NYG @ WAS,WAS,NYG,Rachaad White,rec,prizepicks,2.0,-137,-137
2026-10-10T18:24:13+00:00,fbffd0b7722fd81d68d5d62472dc80e8,2026-10-11T17:00:00Z,NYG @ WAS,WAS,NYG,Darnell Mooney,rec,prizepicks,1.5,-137,-137
2026-10-10T18:24:13+00:00,fbffd0b7722fd81d68d5d62472dc80e8,2026-10-11T17:00:00Z,NYG @ WAS,WAS,NYG,Theo Johnson,rec,prizepicks,0.5,-137,-137
2026-10-10T18:24:13+00:00,fbffd0b7722fd81d68d5d62472dc80e8,2026-10-11T17:00:00Z,NYG @ WAS,WAS,NYG,Cam Skattebo,rushY,prizepicks,56.5,-137,-137
2026-10-10T18:24:13+00:00,fbffd0b7722fd81d68d5d62472dc80e8,2026-10-11T17:00:00Z,NYG @ WAS,WAS,NYG,Jacory Croskey-Merritt,rushY,prizepicks,53.5,-137,-137
2026-10-10T18:24:13+00:00,fbffd0b7722fd81d68d5d62472dc80e8,2026-10-11T17:00:00Z,NYG @ WAS,WAS,NYG,Jayden Daniels,rushY,prizepicks,30.5,-137,-137
2026-10-10T18:24:13+00:00,fbffd0b7722fd81d68d5d62472dc80e8,2026-10-11T17:00:00Z,NYG @ WAS,WAS,NYG,Najee Harris,rushY,prizepicks,28.5,-137,-137
2026-10-10T18:24:13+00:00,fbffd0b7722fd81d68d5d62472dc80e8,2026-10-11T17:00:00Z,NYG @ WAS,WAS,NYG,Rachaad White,rushY,prizepicks,23.5,-137,-137
2026-10-10T18:24:13+00:00,fbffd0b7722fd81d68d5d62472dc80e8,2026-10-11T17:00:00Z,NYG @ WAS,WAS,NYG,Jameis Winston,rushY,prizepicks,2.5,-137,-137
2026-10-10T18:24:13+00:00,fbffd0b7722fd81d68d5d62472dc80e8,2026-10-11T17:00:00Z,NYG @ WAS,WAS,NYG,Jameis Winston,comp,fanatics,18.5,-120,-125
2026-10-10T18:24:13+00:00,fbffd0b7722fd81d68d5d62472dc80e8,2026-10-11T17:00:00Z,NYG @ WAS,WAS,NYG,Jameis Winston,passY,fanatics,195.5,-120,-110
2026-10-10T18:24:13+00:00,fbffd0b7722fd81d68d5d62472dc80e8,2026-10-11T17:00:00Z,NYG @ WAS,WAS,NYG,Malik Nabers,recY,fanatics,55.5,-110,-135
2026-10-10T18:24:13+00:00,fbffd0b7722fd81d68d5d62472dc80e8,2026-10-11T17:00:00Z,NYG @ WAS,WAS,NYG,Cam Skattebo,rec,fanatics,2.5,145,-230
2026-10-10T18:24:13+00:00,fbffd0b7722fd81d68d5d62472dc80e8,2026-10-11T17:00:00Z,NYG @ WAS,WAS,NYG,Jameis Winston,rushY,fanatics,5.5,145,-235
2026-10-10T18:24:13+00:00,fbffd0b7722fd81d68d5d62472dc80e8,2026-10-11T17:00:00Z,NYG @ WAS,WAS,NYG,Jameis Winston,passY,pick6,201.5,-137,-137
2026-10-10T18:24:13+00:00,fbffd0b7722fd81d68d5d62472dc80e8,2026-10-11T17:00:00Z,NYG @ WAS,WAS,NYG,Jayden Daniels,passY,pick6,197.5,-137,-137
2026-10-10T18:24:13+00:00,fbffd0b7722fd81d68d5d62472dc80e8,2026-10-11T17:00:00Z,NYG @ WAS,WAS,NYG,Malik Nabers,recY,pick6,56.5,-137,-137
2026-10-10T18:24:13+00:00,fbffd0b7722fd81d68d5d62472dc80e8,2026-10-11T17:00:00Z,NYG @ WAS,WAS,NYG,Rachaad White,recY,pick6,9.5,-137,-137
2026-10-10T18:24:13+00:00,fbffd0b7722fd81d68d5d62472dc80e8,2026-10-11T17:00:00Z,NYG @ WAS,WAS,NYG,Isaiah Likely,recY,pick6,42.5,-137,-137
2026-10-10T18:24:13+00:00,fbffd0b7722fd81d68d5d62472dc80e8,2026-10-11T17:00:00Z,NYG @ WAS,WAS,NYG,Malachi Fields,recY,pick6,25.5,-137,-137
2026-10-10T18:24:13+00:00,fbffd0b7722fd81d68d5d62472dc80e8,2026-10-11T17:00:00Z,NYG @ WAS,WAS,NYG,Darnell Mooney,recY,pick6,18.5,-137,-137
2026-10-10T18:24:13+00:00,fbffd0b7722fd81d68d5d62472dc80e8,2026-10-11T17:00:00Z,NYG @ WAS,WAS,NYG,Cam Skattebo,recY,pick6,13.5,-137,-137
2026-10-10T18:24:13+00:00,fbffd0b7722fd81d68d5d62472dc80e8,2026-10-11T17:00:00Z,NYG @ WAS,WAS,NYG,Isaiah Likely,rec,pick6,4.5,-137,-137
2026-10-10T18:24:13+00:00,fbffd0b7722fd81d68d5d62472dc80e8,2026-10-11T17:00:00Z,NYG @ WAS,WAS,NYG,Darnell Mooney,rec,pick6,1.5,-137,-137
2026-10-10T18:24:13+00:00,fbffd0b7722fd81d68d5d62472dc80e8,2026-10-11T17:00:00Z,NYG @ WAS,WAS,NYG,Rachaad White,rushY,pick6,23.5,-137,-137
2026-10-10T18:24:13+00:00,fbffd0b7722fd81d68d5d62472dc80e8,2026-10-11T17:00:00Z,NYG @ WAS,WAS,NYG,Jayden Daniels,rushY,pick6,28.5,-137,-137
2026-10-10T18:24:13+00:00,fbffd0b7722fd81d68d5d62472dc80e8,2026-10-11T17:00:00Z,NYG @ WAS,WAS,NYG,Jacory Croskey-Merritt,rushY,pick6,51.5,-137,-137
2026-10-10T18:24:13+00:00,fbffd0b7722fd81d68d5d62472dc80e8,2026-10-11T17:00:00Z,NYG @ WAS,WAS,NYG,Cam Skattebo,rushY,pick6,55.5,-137,-137
2026-10-10T18:24:13+00:00,fbffd0b7722fd81d68d5d62472dc80e8,2026-10-11T17:00:00Z,NYG @ WAS,WAS,NYG,Najee Harris,rushY,pick6,27.5,-137,-137
2026-10-10T18:24:13+00:00,fbffd0b7722fd81d68d5d62472dc80e8,2026-10-11T17:00:00Z,NYG @ WAS,WAS,NYG,Jameis Winston,rushY,pick6,2.5,-137,-137
2026-10-10T18:24:13+00:00,d1d408fdfd272046fb517fe992a1c5a0,2026-10-11T20:05:00Z,DEN @ LAC,LAC,DEN,Bo Nix,comp,draftkings,21.5,-105,-121
2026-10-10T18:24:13+00:00,d1d408fdfd272046fb517fe992a1c5a0,2026-10-11T20:05:00Z,DEN @ LAC,LAC,DEN,Justin Herbert,comp,draftkings,18.5,-103,-124
2026-10-10T18:24:13+00:00,d1d408fdfd272046fb517fe992a1c5a0,2026-10-11T20:05:00Z,DEN @ LAC,LAC,DEN,Bo Nix,passY,draftkings,220.5,-112,-112
2026-10-10T18:24:13+00:00,d1d408fdfd272046fb517fe992a1c5a0,2026-10-11T20:05:00Z,DEN @ LAC,LAC,DEN,Justin Herbert,passY,draftkings,201.5,-112,-112
2026-10-10T18:24:13+00:00,d1d408fdfd272046fb517fe992a1c5a0,2026-10-11T20:05:00Z,DEN @ LAC,LAC,DEN,Jaylen Waddle,recY,draftkings,56.5,-112,-112
2026-10-10T18:24:13+00:00,d1d408fdfd272046fb517fe992a1c5a0,2026-10-11T20:05:00Z,DEN @ LAC,LAC,DEN,Courtland Sutton,recY,draftkings,37.5,-109,-115
2026-10-10T18:24:13+00:00,d1d408fdfd272046fb517fe992a1c5a0,2026-10-11T20:05:00Z,DEN @ LAC,LAC,DEN,RJ Harvey,recY,draftkings,28.5,-111,-113
2026-10-10T18:24:13+00:00,d1d408fdfd272046fb517fe992a1c5a0,2026-10-11T20:05:00Z,DEN @ LAC,LAC,DEN,Troy Franklin,recY,draftkings,18.5,-110,-114
2026-10-10T18:24:13+00:00,d1d408fdfd272046fb517fe992a1c5a0,2026-10-11T20:05:00Z,DEN @ LAC,LAC,DEN,Evan Engram,recY,draftkings,17.5,-113,-111
2026-10-10T18:24:13+00:00,d1d408fdfd272046fb517fe992a1c5a0,2026-10-11T20:05:00Z,DEN @ LAC,LAC,DEN,Marvin Mims Jr.,recY,draftkings,12.5,-116,-108
2026-10-10T18:24:13+00:00,d1d408fdfd272046fb517fe992a1c5a0,2026-10-11T20:05:00Z,DEN @ LAC,LAC,DEN,Jaylen Waddle,rec,draftkings,4.5,-139,109
2026-10-10T18:24:13+00:00,d1d408fdfd272046fb517fe992a1c5a0,2026-10-11T20:05:00Z,DEN @ LAC,LAC,DEN,RJ Harvey,rec,draftkings,4.5,123,-157
2026-10-10T18:24:13+00:00,d1d408fdfd272046fb517fe992a1c5a0,2026-10-11T20:05:00Z,DEN @ LAC,LAC,DEN,Courtland Sutton,rec,draftkings,3.5,118,-150
2026-10-10T18:24:13+00:00,d1d408fdfd272046fb517fe992a1c5a0,2026-10-11T20:05:00Z,DEN @ LAC,LAC,DEN,Evan Engram,rec,draftkings,2.5,116,-148
2026-10-10T18:24:13+00:00,d1d408fdfd272046fb517fe992a1c5a0,2026-10-11T20:05:00Z,DEN @ LAC,LAC,DEN,Troy Franklin,rec,draftkings,1.5,-109,-117
2026-10-10T18:24:13+00:00,d1d408fdfd272046fb517fe992a1c5a0,2026-10-11T20:05:00Z,DEN @ LAC,LAC,DEN,Marvin Mims Jr.,rec,draftkings,1.5,100,-128
2026-10-10T18:24:13+00:00,d1d408fdfd272046fb517fe992a1c5a0,2026-10-11T20:05:00Z,DEN @ LAC,LAC,DEN,J.K. Dobbins,rushY,draftkings,52.5,-111,-113
2026-10-10T18:24:13+00:00,d1d408fdfd272046fb517fe992a1c5a0,2026-10-11T20:05:00Z,DEN @ LAC,LAC,DEN,Omarion Hampton,rushY,draftkings,39.5,-110,-114
2026-10-10T18:24:13+00:00,d1d408fdfd272046fb517fe992a1c5a0,2026-10-11T20:05:00Z,DEN @ LAC,LAC,DEN,Keaton Mitchell,rushY,draftkings,31.5,-112,-112
2026-10-10T18:24:13+00:00,d1d408fdfd272046fb517fe992a1c5a0,2026-10-11T20:05:00Z,DEN @ LAC,LAC,DEN,Justin Herbert,rushY,draftkings,25.5,-115,-109
2026-10-10T18:24:13+00:00,d1d408fdfd272046fb517fe992a1c5a0,2026-10-11T20:05:00Z,DEN @ LAC,LAC,DEN,RJ Harvey,rushY,draftkings,25.5,-112,-112
2026-10-10T18:24:13+00:00,d1d408fdfd272046fb517fe992a1c5a0,2026-10-11T20:05:00Z,DEN @ LAC,LAC,DEN,Bo Nix,rushY,draftkings,15.5,-107,-117
2026-10-10T18:24:13+00:00,d1d408fdfd272046fb517fe992a1c5a0,2026-10-11T20:05:00Z,DEN @ LAC,LAC,DEN,Bo Nix,passY,fanduel,223.5,-114,-114
2026-10-10T18:24:13+00:00,d1d408fdfd272046fb517fe992a1c5a0,2026-10-11T20:05:00Z,DEN @ LAC,LAC,DEN,Justin Herbert,passY,fanduel,200.5,-114,-114
2026-10-10T18:24:13+00:00,d1d408fdfd272046fb517fe992a1c5a0,2026-10-11T20:05:00Z,DEN @ LAC,LAC,DEN,Jaylen Waddle,recY,fanduel,55.5,-114,-114
2026-10-10T18:24:13+00:00,d1d408fdfd272046fb517fe992a1c5a0,2026-10-11T20:05:00Z,DEN @ LAC,LAC,DEN,Courtland Sutton,recY,fanduel,36.5,-114,-114
2026-10-10T18:24:13+00:00,d1d408fdfd272046fb517fe992a1c5a0,2026-10-11T20:05:00Z,DEN @ LAC,LAC,DEN,Troy Franklin,recY,fanduel,19.5,-114,-114
2026-10-10T18:24:13+00:00,d1d408fdfd272046fb517fe992a1c5a0,2026-10-11T20:05:00Z,DEN @ LAC,LAC,DEN,Evan Engram,recY,fanduel,17.5,-114,-114
2026-10-10T18:24:13+00:00,d1d408fdfd272046fb517fe992a1c5a0,2026-10-11T20:05:00Z,DEN @ LAC,LAC,DEN,RJ Harvey,recY,fanduel,27.5,-114,-114
2026-10-10T18:24:13+00:00,d1d408fdfd272046fb517fe992a1c5a0,2026-10-11T20:05:00Z,DEN @ LAC,LAC,DEN,Marvin Mims Jr.,recY,fanduel,13.5,-114,-114
2026-10-10T18:24:13+00:00,d1d408fdfd272046fb517fe992a1c5a0,2026-10-11T20:05:00Z,DEN @ LAC,LAC,DEN,Evan Engram,rec,fanduel,2.5,124,-166
2026-10-10T18:24:13+00:00,d1d408fdfd272046fb517fe992a1c5a0,2026-10-11T20:05:00Z,DEN @ LAC,LAC,DEN,Marvin Mims Jr.,rec,fanduel,1.5,106,-140
2026-10-10T18:24:13+00:00,d1d408fdfd272046fb517fe992a1c5a0,2026-10-11T20:05:00Z,DEN @ LAC,LAC,DEN,Troy Franklin,rec,fanduel,1.5,-114,-114
2026-10-10T18:24:13+00:00,d1d408fdfd272046fb517fe992a1c5a0,2026-10-11T20:05:00Z,DEN @ LAC,LAC,DEN,RJ Harvey,rec,fanduel,3.5,-174,130
2026-10-10T18:24:13+00:00,d1d408fdfd272046fb517fe992a1c5a0,2026-10-11T20:05:00Z,DEN @ LAC,LAC,DEN,Jaylen Waddle,rec,fanduel,4.5,-138,104
2026-10-10T18:24:13+00:00,d1d408fdfd272046fb517fe992a1c5a0,2026-10-11T20:05:00Z,DEN @ LAC,LAC,DEN,Courtland Sutton,rec,fanduel,3.5,114,-148
2026-10-10T18:24:13+00:00,d1d408fdfd272046fb517fe992a1c5a0,2026-10-11T20:05:00Z,DEN @ LAC,LAC,DEN,Keaton Mitchell,rushY,fanduel,32.5,-114,-114
2026-10-10T18:24:13+00:00,d1d408fdfd272046fb517fe992a1c5a0,2026-10-11T20:05:00Z,DEN @ LAC,LAC,DEN,J.K. Dobbins,rushY,fanduel,50.5,-114,-114
2026-10-10T18:24:13+00:00,d1d408fdfd272046fb517fe992a1c5a0,2026-10-11T20:05:00Z,DEN @ LAC,LAC,DEN,Bo Nix,rushY,fanduel,13.5,-114,-114
2026-10-10T18:24:13+00:00,d1d408fdfd272046fb517fe992a1c5a0,2026-10-11T20:05:00Z,DEN @ LAC,LAC,DEN,Omarion Hampton,rushY,fanduel,37.5,-114,-114
2026-10-10T18:24:13+00:00,d1d408fdfd272046fb517fe992a1c5a0,2026-10-11T20:05:00Z,DEN @ LAC,LAC,DEN,Justin Herbert,rushY,fanduel,24.5,-114,-114
2026-10-10T18:24:13+00:00,d1d408fdfd272046fb517fe992a1c5a0,2026-10-11T20:05:00Z,DEN @ LAC,LAC,DEN,RJ Harvey,rushY,fanduel,25.5,-114,-114
2026-10-10T18:24:13+00:00,d1d408fdfd272046fb517fe992a1c5a0,2026-10-11T20:05:00Z,DEN @ LAC,LAC,DEN,Zach Allen,sacks,fanduel,0.5,-148,
2026-10-10T18:24:13+00:00,d1d408fdfd272046fb517fe992a1c5a0,2026-10-11T20:05:00Z,DEN @ LAC,LAC,DEN,Nik Bonitto,sacks,fanduel,0.5,-138,
2026-10-10T18:24:13+00:00,d1d408fdfd272046fb517fe992a1c5a0,2026-10-11T20:05:00Z,DEN @ LAC,LAC,DEN,Malcolm Roach,sacks,fanduel,0.5,188,
2026-10-10T18:24:13+00:00,d1d408fdfd272046fb517fe992a1c5a0,2026-10-11T20:05:00Z,DEN @ LAC,LAC,DEN,Que Robinson,sacks,fanduel,0.5,225,
2026-10-10T18:24:13+00:00,d1d408fdfd272046fb517fe992a1c5a0,2026-10-11T20:05:00Z,DEN @ LAC,LAC,DEN,Tuli Tuipulotu,sacks,fanduel,0.5,225,
2026-10-10T18:24:13+00:00,d1d408fdfd272046fb517fe992a1c5a0,2026-10-11T20:05:00Z,DEN @ LAC,LAC,DEN,Khalil Mack,sacks,fanduel,0.5,235,
2026-10-10T18:24:13+00:00,d1d408fdfd272046fb517fe992a1c5a0,2026-10-11T20:05:00Z,DEN @ LAC,LAC,DEN,Jonah Elliss,sacks,fanduel,0.5,320,
2026-10-10T18:24:13+00:00,d1d408fdfd272046fb517fe992a1c5a0,2026-10-11T20:05:00Z,DEN @ LAC,LAC,DEN,Akheem Mesidor,sacks,fanduel,0.5,450,
2026-10-10T18:24:13+00:00,d1d408fdfd272046fb517fe992a1c5a0,2026-10-11T20:05:00Z,DEN @ LAC,LAC,DEN,Teair Tart,sacks,fanduel,0.5,640,
2026-10-10T18:24:13+00:00,d1d408fdfd272046fb517fe992a1c5a0,2026-10-11T20:05:00Z,DEN @ LAC,LAC,DEN,Talanoa Hufanga,sacks,fanduel,0.5,750,
2026-10-10T18:24:13+00:00,d1d408fdfd272046fb517fe992a1c5a0,2026-10-11T20:05:00Z,DEN @ LAC,LAC,DEN,Daiyan Henley,sacks,fanduel,0.5,750,
2026-10-10T18:24:13+00:00,d1d408fdfd272046fb517fe992a1c5a0,2026-10-11T20:05:00Z,DEN @ LAC,LAC,DEN,Justin Herbert,comp,betrivers,18.5,-113,
2026-10-10T18:24:13+00:00,d1d408fdfd272046fb517fe992a1c5a0,2026-10-11T20:05:00Z,DEN @ LAC,LAC,DEN,Bo Nix,comp,betrivers,21.5,-110,
2026-10-10T18:24:13+00:00,d1d408fdfd272046fb517fe992a1c5a0,2026-10-11T20:05:00Z,DEN @ LAC,LAC,DEN,Bo Nix,passY,betrivers,220.5,-117,-114
2026-10-10T18:24:13+00:00,d1d408fdfd272046fb517fe992a1c5a0,2026-10-11T20:05:00Z,DEN @ LAC,LAC,DEN,Justin Herbert,passY,betrivers,198.5,-114,-117
2026-10-10T18:24:13+00:00,d1d408fdfd272046fb517fe992a1c5a0,2026-10-11T20:05:00Z,DEN @ LAC,LAC,DEN,Courtland Sutton,recY,betrivers,37.5,-113,-118
2026-10-10T18:24:13+00:00,d1d408fdfd272046fb517fe992a1c5a0,2026-10-11T20:05:00Z,DEN @ LAC,LAC,DEN,Evan Engram,recY,betrivers,18.5,-110,-121
2026-10-10T18:24:13+00:00,d1d408fdfd272046fb517fe992a1c5a0,2026-10-11T20:05:00Z,DEN @ LAC,LAC,DEN,Troy Franklin,recY,betrivers,19.5,-112,-120
2026-10-10T18:24:13+00:00,d1d408fdfd272046fb517fe992a1c5a0,2026-10-11T20:05:00Z,DEN @ LAC,LAC,DEN,Marvin Mims Jr.,recY,betrivers,13.5,-113,-118
2026-10-10T18:24:13+00:00,d1d408fdfd272046fb517fe992a1c5a0,2026-10-11T20:05:00Z,DEN @ LAC,LAC,DEN,RJ Harvey,recY,betrivers,26.5,-117,-114
2026-10-10T18:24:13+00:00,d1d408fdfd272046fb517fe992a1c5a0,2026-10-11T20:05:00Z,DEN @ LAC,LAC,DEN,Jaylen Waddle,recY,betrivers,55.5,-115,-115
2026-10-10T18:24:13+00:00,d1d408fdfd272046fb517fe992a1c5a0,2026-10-11T20:05:00Z,DEN @ LAC,LAC,DEN,RJ Harvey,rec,betrivers,4.5,114,
2026-10-10T18:24:13+00:00,d1d408fdfd272046fb517fe992a1c5a0,2026-10-11T20:05:00Z,DEN @ LAC,LAC,DEN,Marvin Mims Jr.,rec,betrivers,1.5,112,
2026-10-10T18:24:13+00:00,d1d408fdfd272046fb517fe992a1c5a0,2026-10-11T20:05:00Z,DEN @ LAC,LAC,DEN,Jaylen Waddle,rec,betrivers,4.5,-132,
2026-10-10T18:24:13+00:00,d1d408fdfd272046fb517fe992a1c5a0,2026-10-11T20:05:00Z,DEN @ LAC,LAC,DEN,Courtland Sutton,rec,betrivers,3.5,105,
2026-10-10T18:24:13+00:00,d1d408fdfd272046fb517fe992a1c5a0,2026-10-11T20:05:00Z,DEN @ LAC,LAC,DEN,Troy Franklin,rec,betrivers,1.5,-122,
2026-10-10T18:24:13+00:00,d1d408fdfd272046fb517fe992a1c5a0,2026-10-11T20:05:00Z,DEN @ LAC,LAC,DEN,Evan Engram,rec,betrivers,2.5,117,
2026-10-10T18:24:13+00:00,d1d408fdfd272046fb517fe992a1c5a0,2026-10-11T20:05:00Z,DEN @ LAC,LAC,DEN,Justin Herbert,rushY,betrivers,24.5,-117,-114
2026-10-10T18:24:13+00:00,d1d408fdfd272046fb517fe992a1c5a0,2026-10-11T20:05:00Z,DEN @ LAC,LAC,DEN,J.K. Dobbins,rushY,betrivers,50.5,-115,-115
2026-10-10T18:24:13+00:00,d1d408fdfd272046fb517fe992a1c5a0,2026-10-11T20:05:00Z,DEN @ LAC,LAC,DEN,Omarion Hampton,rushY,betrivers,38.5,-114,-115
2026-10-10T18:24:13+00:00,d1d408fdfd272046fb517fe992a1c5a0,2026-10-11T20:05:00Z,DEN @ LAC,LAC,DEN,Bo Nix,rushY,betrivers,14.5,-112,-120
2026-10-10T18:24:13+00:00,d1d408fdfd272046fb517fe992a1c5a0,2026-10-11T20:05:00Z,DEN @ LAC,LAC,DEN,Keaton Mitchell,rushY,betrivers,31.5,-115,-115
2026-10-10T18:24:13+00:00,d1d408fdfd272046fb517fe992a1c5a0,2026-10-11T20:05:00Z,DEN @ LAC,LAC,DEN,RJ Harvey,rushY,betrivers,24.5,-120,-112
2026-10-10T18:24:13+00:00,d1d408fdfd272046fb517fe992a1c5a0,2026-10-11T20:05:00Z,DEN @ LAC,LAC,DEN,Justin Herbert,comp,betmgm,18.5,-111,-120
2026-10-10T18:24:13+00:00,d1d408fdfd272046fb517fe992a1c5a0,2026-10-11T20:05:00Z,DEN @ LAC,LAC,DEN,Bo Nix,comp,betmgm,21.5,-110,-120
2026-10-10T18:24:13+00:00,d1d408fdfd272046fb517fe992a1c5a0,2026-10-11T20:05:00Z,DEN @ LAC,LAC,DEN,Bo Nix,passY,betmgm,221.5,-115,-115
2026-10-10T18:24:13+00:00,d1d408fdfd272046fb517fe992a1c5a0,2026-10-11T20:05:00Z,DEN @ LAC,LAC,DEN,Justin Herbert,passY,betmgm,201.5,-115,-115
2026-10-10T18:24:13+00:00,d1d408fdfd272046fb517fe992a1c5a0,2026-10-11T20:05:00Z,DEN @ LAC,LAC,DEN,Jaylen Waddle,recY,betmgm,53.5,-125,-105
2026-10-10T18:24:13+00:00,d1d408fdfd272046fb517fe992a1c5a0,2026-10-11T20:05:00Z,DEN @ LAC,LAC,DEN,Marvin Mims Jr.,recY,betmgm,10.5,-115,-115
2026-10-10T18:24:13+00:00,d1d408fdfd272046fb517fe992a1c5a0,2026-10-11T20:05:00Z,DEN @ LAC,LAC,DEN,Courtland Sutton,recY,betmgm,37.5,-110,-120
2026-10-10T18:24:13+00:00,d1d408fdfd272046fb517fe992a1c5a0,2026-10-11T20:05:00Z,DEN @ LAC,LAC,DEN,Evan Engram,recY,betmgm,18.5,-105,-125
2026-10-10T18:24:13+00:00,d1d408fdfd272046fb517fe992a1c5a0,2026-10-11T20:05:00Z,DEN @ LAC,LAC,DEN,RJ Harvey,recY,betmgm,27.5,-115,-115
2026-10-10T18:24:13+00:00,d1d408fdfd272046fb517fe992a1c5a0,2026-10-11T20:05:00Z,DEN @ LAC,LAC,DEN,Troy Franklin,rec,betmgm,1.5,-135,100
2026-10-10T18:24:13+00:00,d1d408fdfd272046fb517fe992a1c5a0,2026-10-11T20:05:00Z,DEN @ LAC,LAC,DEN,Marvin Mims Jr.,rec,betmgm,1.5,105,-145
2026-10-10T18:24:13+00:00,d1d408fdfd272046fb517fe992a1c5a0,2026-10-11T20:05:00Z,DEN @ LAC,LAC,DEN,RJ Harvey,rec,betmgm,3.5,-160,120
2026-10-10T18:24:13+00:00,d1d408fdfd272046fb517fe992a1c5a0,2026-10-11T20:05:00Z,DEN @ LAC,LAC,DEN,Evan Engram,rec,betmgm,2.5,125,-165
2026-10-10T18:24:13+00:00,d1d408fdfd272046fb517fe992a1c5a0,2026-10-11T20:05:00Z,DEN @ LAC,LAC,DEN,Courtland Sutton,rec,betmgm,3.5,110,-150
2026-10-10T18:24:13+00:00,d1d408fdfd272046fb517fe992a1c5a0,2026-10-11T20:05:00Z,DEN @ LAC,LAC,DEN,Jaylen Waddle,rec,betmgm,4.5,-135,100
2026-10-10T18:24:13+00:00,d1d408fdfd272046fb517fe992a1c5a0,2026-10-11T20:05:00Z,DEN @ LAC,LAC,DEN,RJ Harvey,rushY,betmgm,24.5,-120,-111
2026-10-10T18:24:13+00:00,d1d408fdfd272046fb517fe992a1c5a0,2026-10-11T20:05:00Z,DEN @ LAC,LAC,DEN,J.K. Dobbins,rushY,betmgm,52.5,-111,-118
2026-10-10T18:24:13+00:00,d1d408fdfd272046fb517fe992a1c5a0,2026-10-11T20:05:00Z,DEN @ LAC,LAC,DEN,Justin Herbert,rushY,betmgm,23.5,-135,100
2026-10-10T18:24:13+00:00,d1d408fdfd272046fb517fe992a1c5a0,2026-10-11T20:05:00Z,DEN @ LAC,LAC,DEN,Omarion Hampton,rushY,betmgm,38.5,-115,-115
2026-10-10T18:24:13+00:00,d1d408fdfd272046fb517fe992a1c5a0,2026-10-11T20:05:00Z,DEN @ LAC,LAC,DEN,Bo Nix,rushY,betmgm,13.5,-115,-115
2026-10-10T18:24:13+00:00,d1d408fdfd272046fb517fe992a1c5a0,2026-10-11T20:05:00Z,DEN @ LAC,LAC,DEN,Keaton Mitchell,rushY,betmgm,31.5,-115,-115
2026-10-10T18:24:13+00:00,d1d408fdfd272046fb517fe992a1c5a0,2026-10-11T20:05:00Z,DEN @ LAC,LAC,DEN,Bo Nix,comp,espnbet,21.5,-105,-125
2026-10-10T18:24:13+00:00,d1d408fdfd272046fb517fe992a1c5a0,2026-10-11T20:05:00Z,DEN @ LAC,LAC,DEN,Justin Herbert,comp,espnbet,18.5,100,-130
2026-10-10T18:24:13+00:00,d1d408fdfd272046fb517fe992a1c5a0,2026-10-11T20:05:00Z,DEN @ LAC,LAC,DEN,Bo Nix,passY,espnbet,219.5,-115,-115
2026-10-10T18:24:13+00:00,d1d408fdfd272046fb517fe992a1c5a0,2026-10-11T20:05:00Z,DEN @ LAC,LAC,DEN,Justin Herbert,passY,espnbet,204.5,-115,-115
2026-10-10T18:24:13+00:00,d1d408fdfd272046fb517fe992a1c5a0,2026-10-11T20:05:00Z,DEN @ LAC,LAC,DEN,Jaylen Waddle,recY,espnbet,54.5,-125,-105
2026-10-10T18:24:13+00:00,d1d408fdfd272046fb517fe992a1c5a0,2026-10-11T20:05:00Z,DEN @ LAC,LAC,DEN,Courtland Sutton,recY,espnbet,39.5,-105,-125
2026-10-10T18:24:13+00:00,d1d408fdfd272046fb517fe992a1c5a0,2026-10-11T20:05:00Z,DEN @ LAC,LAC,DEN,Marvin Mims Jr.,recY,espnbet,14.5,100,-130
2026-10-10T18:24:13+00:00,d1d408fdfd272046fb517fe992a1c5a0,2026-10-11T20:05:00Z,DEN @ LAC,LAC,DEN,Troy Franklin,recY,espnbet,19.5,-105,-125
2026-10-10T18:24:13+00:00,d1d408fdfd272046fb517fe992a1c5a0,2026-10-11T20:05:00Z,DEN @ LAC,LAC,DEN,RJ Harvey,recY,espnbet,29.5,-110,-120
2026-10-10T18:24:13+00:00,d1d408fdfd272046fb517fe992a1c5a0,2026-10-11T20:05:00Z,DEN @ LAC,LAC,DEN,Evan Engram,recY,espnbet,17.5,-125,-105
2026-10-10T18:24:13+00:00,d1d408fdfd272046fb517fe992a1c5a0,2026-10-11T20:05:00Z,DEN @ LAC,LAC,DEN,Jaylen Waddle,rec,espnbet,4.5,-135,105
2026-10-10T18:24:13+00:00,d1d408fdfd272046fb517fe992a1c5a0,2026-10-11T20:05:00Z,DEN @ LAC,LAC,DEN,RJ Harvey,rec,espnbet,4.5,115,-150
2026-10-10T18:24:13+00:00,d1d408fdfd272046fb517fe992a1c5a0,2026-10-11T20:05:00Z,DEN @ LAC,LAC,DEN,Courtland Sutton,rec,espnbet,3.5,115,-150
2026-10-10T18:24:13+00:00,d1d408fdfd272046fb517fe992a1c5a0,2026-10-11T20:05:00Z,DEN @ LAC,LAC,DEN,Marvin Mims Jr.,rec,espnbet,1.5,100,-130
2026-10-10T18:24:13+00:00,d1d408fdfd272046fb517fe992a1c5a0,2026-10-11T20:05:00Z,DEN @ LAC,LAC,DEN,Evan Engram,rec,espnbet,2.5,110,-140
2026-10-10T18:24:13+00:00,d1d408fdfd272046fb517fe992a1c5a0,2026-10-11T20:05:00Z,DEN @ LAC,LAC,DEN,Troy Franklin,rec,espnbet,1.5,-110,-120
2026-10-10T18:24:13+00:00,d1d408fdfd272046fb517fe992a1c5a0,2026-10-11T20:05:00Z,DEN @ LAC,LAC,DEN,Omarion Hampton,rushY,espnbet,39.5,-110,-120
2026-10-10T18:24:13+00:00,d1d408fdfd272046fb517fe992a1c5a0,2026-10-11T20:05:00Z,DEN @ LAC,LAC,DEN,J.K. Dobbins,rushY,espnbet,49.5,-130,100
2026-10-10T18:24:13+00:00,d1d408fdfd272046fb517fe992a1c5a0,2026-10-11T20:05:00Z,DEN @ LAC,LAC,DEN,Keaton Mitchell,rushY,espnbet,34.5,100,-130
2026-10-10T18:24:13+00:00,d1d408fdfd272046fb517fe992a1c5a0,2026-10-11T20:05:00Z,DEN @ LAC,LAC,DEN,RJ Harvey,rushY,espnbet,24.5,-125,-105
2026-10-10T18:24:13+00:00,d1d408fdfd272046fb517fe992a1c5a0,2026-10-11T20:05:00Z,DEN @ LAC,LAC,DEN,Justin Herbert,rushY,espnbet,26.5,-105,-125
2026-10-10T18:24:13+00:00,d1d408fdfd272046fb517fe992a1c5a0,2026-10-11T20:05:00Z,DEN @ LAC,LAC,DEN,Bo Nix,rushY,espnbet,14.5,-120,-110
2026-10-10T18:24:13+00:00,d1d408fdfd272046fb517fe992a1c5a0,2026-10-11T20:05:00Z,DEN @ LAC,LAC,DEN,Bo Nix,passY,underdog,224.5,-137,-137
2026-10-10T18:24:13+00:00,d1d408fdfd272046fb517fe992a1c5a0,2026-10-11T20:05:00Z,DEN @ LAC,LAC,DEN,Justin Herbert,passY,underdog,199.5,-137,-137
2026-10-10T18:24:13+00:00,d1d408fdfd272046fb517fe992a1c5a0,2026-10-11T20:05:00Z,DEN @ LAC,LAC,DEN,Marvin Mims Jr.,recY,underdog,14.5,-137,-137
2026-10-10T18:24:13+00:00,d1d408fdfd272046fb517fe992a1c5a0,2026-10-11T20:05:00Z,DEN @ LAC,LAC,DEN,Keaton Mitchell,recY,underdog,14.5,-137,-137
2026-10-10T18:24:13+00:00,d1d408fdfd272046fb517fe992a1c5a0,2026-10-11T20:05:00Z,DEN @ LAC,LAC,DEN,Tre Harris,recY,underdog,49.5,-137,-137
2026-10-10T18:24:13+00:00,d1d408fdfd272046fb517fe992a1c5a0,2026-10-11T20:05:00Z,DEN @ LAC,LAC,DEN,Troy Franklin,rec,underdog,1.5,-137,-137
2026-10-10T18:24:13+00:00,d1d408fdfd272046fb517fe992a1c5a0,2026-10-11T20:05:00Z,DEN @ LAC,LAC,DEN,Oronde Gadsden II,rec,underdog,3.5,-137,-137
2026-10-10T18:24:13+00:00,d1d408fdfd272046fb517fe992a1c5a0,2026-10-11T20:05:00Z,DEN @ LAC,LAC,DEN,Omarion Hampton,rushY,underdog,39.5,-137,-137
2026-10-10T18:24:13+00:00,d1d408fdfd272046fb517fe992a1c5a0,2026-10-11T20:05:00Z,DEN @ LAC,LAC,DEN,J.K. Dobbins,rushY,underdog,49.5,-137,-137
2026-10-10T18:24:13+00:00,d1d408fdfd272046fb517fe992a1c5a0,2026-10-11T20:05:00Z,DEN @ LAC,LAC,DEN,RJ Harvey,rushY,underdog,24.5,-137,-137
2026-10-10T18:24:13+00:00,d1d408fdfd272046fb517fe992a1c5a0,2026-10-11T20:05:00Z,DEN @ LAC,LAC,DEN,Justin Herbert,rushY,underdog,24.5,-137,-137
2026-10-10T18:24:13+00:00,d1d408fdfd272046fb517fe992a1c5a0,2026-10-11T20:05:00Z,DEN @ LAC,LAC,DEN,Nik Bonitto,sacks,underdog,0.5,-137,-137
2026-10-10T18:24:13+00:00,d1d408fdfd272046fb517fe992a1c5a0,2026-10-11T20:05:00Z,DEN @ LAC,LAC,DEN,Bo Nix,comp,prizepicks,21.5,-137,-137
2026-10-10T18:24:13+00:00,d1d408fdfd272046fb517fe992a1c5a0,2026-10-11T20:05:00Z,DEN @ LAC,LAC,DEN,Justin Herbert,comp,prizepicks,18.5,-137,-137
2026-10-10T18:24:13+00:00,d1d408fdfd272046fb517fe992a1c5a0,2026-10-11T20:05:00Z,DEN @ LAC,LAC,DEN,Bo Nix,passY,prizepicks,223.5,-137,-137
2026-10-10T18:24:13+00:00,d1d408fdfd272046fb517fe992a1c5a0,2026-10-11T20:05:00Z,DEN @ LAC,LAC,DEN,Justin Herbert,passY,prizepicks,199.5,-137,-137
2026-10-10T18:24:13+00:00,d1d408fdfd272046fb517fe992a1c5a0,2026-10-11T20:05:00Z,DEN @ LAC,LAC,DEN,Jaylen Waddle,recY,prizepicks,56.5,-137,-137
2026-10-10T18:24:13+00:00,d1d408fdfd272046fb517fe992a1c5a0,2026-10-11T20:05:00Z,DEN @ LAC,LAC,DEN,Tre Harris,recY,prizepicks,50.5,-137,-137
2026-10-10T18:24:13+00:00,d1d408fdfd272046fb517fe992a1c5a0,2026-10-11T20:05:00Z,DEN @ LAC,LAC,DEN,Courtland Sutton,recY,prizepicks,36.5,-137,-137
2026-10-10T18:24:13+00:00,d1d408fdfd272046fb517fe992a1c5a0,2026-10-11T20:05:00Z,DEN @ LAC,LAC,DEN,Oronde Gadsden II,recY,prizepicks,33.5,-137,-137
2026-10-10T18:24:13+00:00,d1d408fdfd272046fb517fe992a1c5a0,2026-10-11T20:05:00Z,DEN @ LAC,LAC,DEN,RJ Harvey,recY,prizepicks,27.5,-137,-137
2026-10-10T18:24:13+00:00,d1d408fdfd272046fb517fe992a1c5a0,2026-10-11T20:05:00Z,DEN @ LAC,LAC,DEN,Troy Franklin,recY,prizepicks,19.5,-137,-137
2026-10-10T18:24:13+00:00,d1d408fdfd272046fb517fe992a1c5a0,2026-10-11T20:05:00Z,DEN @ LAC,LAC,DEN,Evan Engram,recY,prizepicks,17.5,-137,-137
2026-10-10T18:24:13+00:00,d1d408fdfd272046fb517fe992a1c5a0,2026-10-11T20:05:00Z,DEN @ LAC,LAC,DEN,Marvin Mims Jr.,recY,prizepicks,13.5,-137,-137
2026-10-10T18:24:13+00:00,d1d408fdfd272046fb517fe992a1c5a0,2026-10-11T20:05:00Z,DEN @ LAC,LAC,DEN,Keaton Mitchell,recY,prizepicks,13.5,-137,-137
2026-10-10T18:24:13+00:00,d1d408fdfd272046fb517fe992a1c5a0,2026-10-11T20:05:00Z,DEN @ LAC,LAC,DEN,Omarion Hampton,recY,prizepicks,5.5,-137,-137
2026-10-10T18:24:13+00:00,d1d408fdfd272046fb517fe992a1c5a0,2026-10-11T20:05:00Z,DEN @ LAC,LAC,DEN,J.K. Dobbins,recY,prizepicks,2.5,-137,-137
2026-10-10T18:24:13+00:00,d1d408fdfd272046fb517fe992a1c5a0,2026-10-11T20:05:00Z,DEN @ LAC,LAC,DEN,RJ Harvey,rec,prizepicks,4.0,-137,-137
2026-10-10T18:24:13+00:00,d1d408fdfd272046fb517fe992a1c5a0,2026-10-11T20:05:00Z,DEN @ LAC,LAC,DEN,Oronde Gadsden II,rec,prizepicks,3.5,-137,-137
2026-10-10T18:24:13+00:00,d1d408fdfd272046fb517fe992a1c5a0,2026-10-11T20:05:00Z,DEN @ LAC,LAC,DEN,Troy Franklin,rec,prizepicks,1.5,-137,-137
2026-10-10T18:24:13+00:00,d1d408fdfd272046fb517fe992a1c5a0,2026-10-11T20:05:00Z,DEN @ LAC,LAC,DEN,J.K. Dobbins,rushY,prizepicks,50.5,-137,-137
2026-10-10T18:24:13+00:00,d1d408fdfd272046fb517fe992a1c5a0,2026-10-11T20:05:00Z,DEN @ LAC,LAC,DEN,Omarion Hampton,rushY,prizepicks,37.5,-137,-137
2026-10-10T18:24:13+00:00,d1d408fdfd272046fb517fe992a1c5a0,2026-10-11T20:05:00Z,DEN @ LAC,LAC,DEN,Keaton Mitchell,rushY,prizepicks,31.5,-137,-137
2026-10-10T18:24:13+00:00,d1d408fdfd272046fb517fe992a1c5a0,2026-10-11T20:05:00Z,DEN @ LAC,LAC,DEN,RJ Harvey,rushY,prizepicks,25.5,-137,-137
2026-10-10T18:24:13+00:00,d1d408fdfd272046fb517fe992a1c5a0,2026-10-11T20:05:00Z,DEN @ LAC,LAC,DEN,Justin Herbert,rushY,prizepicks,24.5,-137,-137
2026-10-10T18:24:13+00:00,d1d408fdfd272046fb517fe992a1c5a0,2026-10-11T20:05:00Z,DEN @ LAC,LAC,DEN,Bo Nix,rushY,prizepicks,13.5,-137,-137
2026-10-10T18:24:13+00:00,d1d408fdfd272046fb517fe992a1c5a0,2026-10-11T20:05:00Z,DEN @ LAC,LAC,DEN,Justin Herbert,sacks,prizepicks,3.5,-137,-137
2026-10-10T18:24:13+00:00,d1d408fdfd272046fb517fe992a1c5a0,2026-10-11T20:05:00Z,DEN @ LAC,LAC,DEN,Nik Bonitto,sacks,prizepicks,0.5,-137,-137
2026-10-10T18:24:13+00:00,d1d408fdfd272046fb517fe992a1c5a0,2026-10-11T20:05:00Z,DEN @ LAC,LAC,DEN,Justin Herbert,comp,fanatics,18.5,-105,-140
2026-10-10T18:24:13+00:00,d1d408fdfd272046fb517fe992a1c5a0,2026-10-11T20:05:00Z,DEN @ LAC,LAC,DEN,Justin Herbert,passY,fanatics,200.5,-110,-120
2026-10-10T18:24:13+00:00,d1d408fdfd272046fb517fe992a1c5a0,2026-10-11T20:05:00Z,DEN @ LAC,LAC,DEN,Troy Franklin,recY,fanatics,15.5,-135,-110
2026-10-10T18:24:13+00:00,d1d408fdfd272046fb517fe992a1c5a0,2026-10-11T20:05:00Z,DEN @ LAC,LAC,DEN,RJ Harvey,rec,fanatics,4.5,120,-185
2026-10-10T18:24:13+00:00,d1d408fdfd272046fb517fe992a1c5a0,2026-10-11T20:05:00Z,DEN @ LAC,LAC,DEN,Bo Nix,rushY,fanatics,15.5,105,-155
2026-10-10T18:24:13+00:00,d1d408fdfd272046fb517fe992a1c5a0,2026-10-11T20:05:00Z,DEN @ LAC,LAC,DEN,Justin Herbert,passY,pick6,201.5,-137,-137
2026-10-10T18:24:13+00:00,d1d408fdfd272046fb517fe992a1c5a0,2026-10-11T20:05:00Z,DEN @ LAC,LAC,DEN,Bo Nix,passY,pick6,220.5,-137,-137
2026-10-10T18:24:13+00:00,d1d408fdfd272046fb517fe992a1c5a0,2026-10-11T20:05:00Z,DEN @ LAC,LAC,DEN,Evan Engram,recY,pick6,17.5,-137,-137
2026-10-10T18:24:13+00:00,d1d408fdfd272046fb517fe992a1c5a0,2026-10-11T20:05:00Z,DEN @ LAC,LAC,DEN,Troy Franklin,recY,pick6,18.5,-137,-137
2026-10-10T18:24:13+00:00,d1d408fdfd272046fb517fe992a1c5a0,2026-10-11T20:05:00Z,DEN @ LAC,LAC,DEN,Marvin Mims Jr.,recY,pick6,12.5,-137,-137
2026-10-10T18:24:13+00:00,d1d408fdfd272046fb517fe992a1c5a0,2026-10-11T20:05:00Z,DEN @ LAC,LAC,DEN,Jaylen Waddle,recY,pick6,56.5,-137,-137
2026-10-10T18:24:13+00:00,d1d408fdfd272046fb517fe992a1c5a0,2026-10-11T20:05:00Z,DEN @ LAC,LAC,DEN,RJ Harvey,recY,pick6,28.5,-137,-137
2026-10-10T18:24:13+00:00,d1d408fdfd272046fb517fe992a1c5a0,2026-10-11T20:05:00Z,DEN @ LAC,LAC,DEN,Courtland Sutton,recY,pick6,37.5,-137,-137
2026-10-10T18:24:13+00:00,d1d408fdfd272046fb517fe992a1c5a0,2026-10-11T20:05:00Z,DEN @ LAC,LAC,DEN,Jaylen Waddle,rec,pick6,4.5,,-137
2026-10-10T18:24:13+00:00,d1d408fdfd272046fb517fe992a1c5a0,2026-10-11T20:05:00Z,DEN @ LAC,LAC,DEN,Troy Franklin,rec,pick6,1.5,-137,-137
2026-10-10T18:24:13+00:00,d1d408fdfd272046fb517fe992a1c5a0,2026-10-11T20:05:00Z,DEN @ LAC,LAC,DEN,RJ Harvey,rushY,pick6,25.5,-137,-137
2026-10-10T18:24:13+00:00,d1d408fdfd272046fb517fe992a1c5a0,2026-10-11T20:05:00Z,DEN @ LAC,LAC,DEN,Bo Nix,rushY,pick6,15.5,-137,-137
2026-10-10T18:24:13+00:00,d1d408fdfd272046fb517fe992a1c5a0,2026-10-11T20:05:00Z,DEN @ LAC,LAC,DEN,Keaton Mitchell,rushY,pick6,31.5,-137,-137
2026-10-10T18:24:13+00:00,d1d408fdfd272046fb517fe992a1c5a0,2026-10-11T20:05:00Z,DEN @ LAC,LAC,DEN,J.K. Dobbins,rushY,pick6,52.5,-137,-137
2026-10-10T18:24:13+00:00,d1d408fdfd272046fb517fe992a1c5a0,2026-10-11T20:05:00Z,DEN @ LAC,LAC,DEN,Omarion Hampton,rushY,pick6,39.5,-137,-137
2026-10-10T18:24:13+00:00,d1d408fdfd272046fb517fe992a1c5a0,2026-10-11T20:05:00Z,DEN @ LAC,LAC,DEN,Justin Herbert,rushY,pick6,25.5,-137,-137
2026-10-10T18:24:13+00:00,f8e7f43f73aa983c5c99c189587f0118,2026-10-11T20:25:00Z,DET @ ARI,ARI,DET,Jared Goff,comp,draftkings,25.5,105,-133
2026-10-10T18:24:13+00:00,f8e7f43f73aa983c5c99c189587f0118,2026-10-11T20:25:00Z,DET @ ARI,ARI,DET,Jacoby Brissett,comp,draftkings,24.5,-108,-118
2026-10-10T18:24:13+00:00,f8e7f43f73aa983c5c99c189587f0118,2026-10-11T20:25:00Z,DET @ ARI,ARI,DET,Jared Goff,passY,draftkings,280.5,-112,-112
2026-10-10T18:24:13+00:00,f8e7f43f73aa983c5c99c189587f0118,2026-10-11T20:25:00Z,DET @ ARI,ARI,DET,Jacoby Brissett,passY,draftkings,267.5,-111,-113
2026-10-10T18:24:13+00:00,f8e7f43f73aa983c5c99c189587f0118,2026-10-11T20:25:00Z,DET @ ARI,ARI,DET,Trey McBride,recY,draftkings,84.5,-112,-112
2026-10-10T18:24:13+00:00,f8e7f43f73aa983c5c99c189587f0118,2026-10-11T20:25:00Z,DET @ ARI,ARI,DET,Amon-Ra St. Brown,recY,draftkings,80.5,-114,-110
2026-10-10T18:24:13+00:00,f8e7f43f73aa983c5c99c189587f0118,2026-10-11T20:25:00Z,DET @ ARI,ARI,DET,Michael Wilson,recY,draftkings,80.5,-112,-112
2026-10-10T18:24:13+00:00,f8e7f43f73aa983c5c99c189587f0118,2026-10-11T20:25:00Z,DET @ ARI,ARI,DET,Jameson Williams,recY,draftkings,56.5,-111,-113
2026-10-10T18:24:13+00:00,f8e7f43f73aa983c5c99c189587f0118,2026-10-11T20:25:00Z,DET @ ARI,ARI,DET,Sam LaPorta,recY,draftkings,51.5,-114,-110
2026-10-10T18:24:13+00:00,f8e7f43f73aa983c5c99c189587f0118,2026-10-11T20:25:00Z,DET @ ARI,ARI,DET,Jahmyr Gibbs,recY,draftkings,37.5,-113,-111
2026-10-10T18:24:13+00:00,f8e7f43f73aa983c5c99c189587f0118,2026-10-11T20:25:00Z,DET @ ARI,ARI,DET,Kendrick Bourne,recY,draftkings,31.5,-113,-111
2026-10-10T18:24:13+00:00,f8e7f43f73aa983c5c99c189587f0118,2026-10-11T20:25:00Z,DET @ ARI,ARI,DET,Isaac TeSlaa,recY,draftkings,25.5,-111,-113
2026-10-10T18:24:13+00:00,f8e7f43f73aa983c5c99c189587f0118,2026-10-11T20:25:00Z,DET @ ARI,ARI,DET,Jeremiyah Love,recY,draftkings,11.5,-112,-112
2026-10-10T18:24:13+00:00,f8e7f43f73aa983c5c99c189587f0118,2026-10-11T20:25:00Z,DET @ ARI,ARI,DET,Tyler Allgeier,recY,draftkings,9.5,-106,-118
2026-10-10T18:24:13+00:00,f8e7f43f73aa983c5c99c189587f0118,2026-10-11T20:25:00Z,DET @ ARI,ARI,DET,Trey McBride,rec,draftkings,8.5,109,-139
2026-10-10T18:24:13+00:00,f8e7f43f73aa983c5c99c189587f0118,2026-10-11T20:25:00Z,DET @ ARI,ARI,DET,Amon-Ra St. Brown,rec,draftkings,7.5,102,-130
2026-10-10T18:24:13+00:00,f8e7f43f73aa983c5c99c189587f0118,2026-10-11T20:25:00Z,DET @ ARI,ARI,DET,Michael Wilson,rec,draftkings,6.5,-120,-106
2026-10-10T18:24:13+00:00,f8e7f43f73aa983c5c99c189587f0118,2026-10-11T20:25:00Z,DET @ ARI,ARI,DET,Sam LaPorta,rec,draftkings,4.5,-147,115
2026-10-10T18:24:13+00:00,f8e7f43f73aa983c5c99c189587f0118,2026-10-11T20:25:00Z,DET @ ARI,ARI,DET,Jahmyr Gibbs,rec,draftkings,4.5,-129,101
2026-10-10T18:24:13+00:00,f8e7f43f73aa983c5c99c189587f0118,2026-10-11T20:25:00Z,DET @ ARI,ARI,DET,Jameson Williams,rec,draftkings,3.5,-132,104
2026-10-10T18:24:13+00:00,f8e7f43f73aa983c5c99c189587f0118,2026-10-11T20:25:00Z,DET @ ARI,ARI,DET,Kendrick Bourne,rec,draftkings,3.5,-102,-126
2026-10-10T18:24:13+00:00,f8e7f43f73aa983c5c99c189587f0118,2026-10-11T20:25:00Z,DET @ ARI,ARI,DET,Jeremiyah Love,rec,draftkings,2.5,110,-140
2026-10-10T18:24:13+00:00,f8e7f43f73aa983c5c99c189587f0118,2026-10-11T20:25:00Z,DET @ ARI,ARI,DET,Isaac TeSlaa,rec,draftkings,2.5,133,-170
2026-10-10T18:24:13+00:00,f8e7f43f73aa983c5c99c189587f0118,2026-10-11T20:25:00Z,DET @ ARI,ARI,DET,Tyler Allgeier,rec,draftkings,1.5,-162,127
2026-10-10T18:24:13+00:00,f8e7f43f73aa983c5c99c189587f0118,2026-10-11T20:25:00Z,DET @ ARI,ARI,DET,Jahmyr Gibbs,rushY,draftkings,89.5,-112,-112
2026-10-10T18:24:13+00:00,f8e7f43f73aa983c5c99c189587f0118,2026-10-11T20:25:00Z,DET @ ARI,ARI,DET,Jeremiyah Love,rushY,draftkings,44.5,-114,-110
2026-10-10T18:24:13+00:00,f8e7f43f73aa983c5c99c189587f0118,2026-10-11T20:25:00Z,DET @ ARI,ARI,DET,Tyler Allgeier,rushY,draftkings,29.5,-111,-113
2026-10-10T18:24:13+00:00,f8e7f43f73aa983c5c99c189587f0118,2026-10-11T20:25:00Z,DET @ ARI,ARI,DET,Jacoby Brissett,rushY,draftkings,8.5,-107,-117
2026-10-10T18:24:13+00:00,f8e7f43f73aa983c5c99c189587f0118,2026-10-11T20:25:00Z,DET @ ARI,ARI,DET,Jared Goff,rushY,draftkings,1.5,-101,-124
2026-10-10T18:24:13+00:00,f8e7f43f73aa983c5c99c189587f0118,2026-10-11T20:25:00Z,DET @ ARI,ARI,DET,Jared Goff,passY,fanduel,280.5,-114,-114
2026-10-10T18:24:13+00:00,f8e7f43f73aa983c5c99c189587f0118,2026-10-11T20:25:00Z,DET @ ARI,ARI,DET,Jacoby Brissett,passY,fanduel,266.5,-114,-114
2026-10-10T18:24:13+00:00,f8e7f43f73aa983c5c99c189587f0118,2026-10-11T20:25:00Z,DET @ ARI,ARI,DET,Sam LaPorta,recY,fanduel,51.5,-114,-114
2026-10-10T18:24:13+00:00,f8e7f43f73aa983c5c99c189587f0118,2026-10-11T20:25:00Z,DET @ ARI,ARI,DET,Isaac TeSlaa,recY,fanduel,25.5,-114,-114
2026-10-10T18:24:13+00:00,f8e7f43f73aa983c5c99c189587f0118,2026-10-11T20:25:00Z,DET @ ARI,ARI,DET,Jameson Williams,recY,fanduel,51.5,-114,-114
2026-10-10T18:24:13+00:00,f8e7f43f73aa983c5c99c189587f0118,2026-10-11T20:25:00Z,DET @ ARI,ARI,DET,Trey McBride,recY,fanduel,84.5,-114,-114
2026-10-10T18:24:13+00:00,f8e7f43f73aa983c5c99c189587f0118,2026-10-11T20:25:00Z,DET @ ARI,ARI,DET,Tyler Allgeier,recY,fanduel,9.5,-114,-114
2026-10-10T18:24:13+00:00,f8e7f43f73aa983c5c99c189587f0118,2026-10-11T20:25:00Z,DET @ ARI,ARI,DET,Jeremiyah Love,recY,fanduel,11.5,-114,-114
2026-10-10T18:24:13+00:00,f8e7f43f73aa983c5c99c189587f0118,2026-10-11T20:25:00Z,DET @ ARI,ARI,DET,Jahmyr Gibbs,recY,fanduel,37.5,-114,-114
2026-10-10T18:24:13+00:00,f8e7f43f73aa983c5c99c189587f0118,2026-10-11T20:25:00Z,DET @ ARI,ARI,DET,Kendrick Bourne,recY,fanduel,31.5,-114,-114
2026-10-10T18:24:13+00:00,f8e7f43f73aa983c5c99c189587f0118,2026-10-11T20:25:00Z,DET @ ARI,ARI,DET,Michael Wilson,recY,fanduel,79.5,-114,-114
2026-10-10T18:24:13+00:00,f8e7f43f73aa983c5c99c189587f0118,2026-10-11T20:25:00Z,DET @ ARI,ARI,DET,Amon-Ra St. Brown,recY,fanduel,78.5,-114,-114
2026-10-10T18:24:13+00:00,f8e7f43f73aa983c5c99c189587f0118,2026-10-11T20:25:00Z,DET @ ARI,ARI,DET,Isaac TeSlaa,rec,fanduel,2.5,132,-178
2026-10-10T18:24:13+00:00,f8e7f43f73aa983c5c99c189587f0118,2026-10-11T20:25:00Z,DET @ ARI,ARI,DET,Trey McBride,rec,fanduel,7.5,-158,118
2026-10-10T18:24:13+00:00,f8e7f43f73aa983c5c99c189587f0118,2026-10-11T20:25:00Z,DET @ ARI,ARI,DET,Jeremiyah Love,rec,fanduel,2.5,-102,-130
2026-10-10T18:24:13+00:00,f8e7f43f73aa983c5c99c189587f0118,2026-10-11T20:25:00Z,DET @ ARI,ARI,DET,Sam LaPorta,rec,fanduel,4.5,-154,116
2026-10-10T18:24:13+00:00,f8e7f43f73aa983c5c99c189587f0118,2026-10-11T20:25:00Z,DET @ ARI,ARI,DET,Jameson Williams,rec,fanduel,3.5,-138,104
2026-10-10T18:24:13+00:00,f8e7f43f73aa983c5c99c189587f0118,2026-10-11T20:25:00Z,DET @ ARI,ARI,DET,Kendrick Bourne,rec,fanduel,3.5,-102,-130
2026-10-10T18:24:13+00:00,f8e7f43f73aa983c5c99c189587f0118,2026-10-11T20:25:00Z,DET @ ARI,ARI,DET,Tyler Allgeier,rec,fanduel,2.5,162,-220
2026-10-10T18:24:13+00:00,f8e7f43f73aa983c5c99c189587f0118,2026-10-11T20:25:00Z,DET @ ARI,ARI,DET,Amon-Ra St. Brown,rec,fanduel,6.5,-160,120
2026-10-10T18:24:13+00:00,f8e7f43f73aa983c5c99c189587f0118,2026-10-11T20:25:00Z,DET @ ARI,ARI,DET,Michael Wilson,rec,fanduel,6.5,-114,-114
2026-10-10T18:24:13+00:00,f8e7f43f73aa983c5c99c189587f0118,2026-10-11T20:25:00Z,DET @ ARI,ARI,DET,Jahmyr Gibbs,rec,fanduel,4.5,-136,102
2026-10-10T18:24:13+00:00,f8e7f43f73aa983c5c99c189587f0118,2026-10-11T20:25:00Z,DET @ ARI,ARI,DET,Sione Vaki,rushY,fanduel,8.5,-114,-114
2026-10-10T18:24:13+00:00,f8e7f43f73aa983c5c99c189587f0118,2026-10-11T20:25:00Z,DET @ ARI,ARI,DET,Tyler Allgeier,rushY,fanduel,27.5,-114,-114
2026-10-10T18:24:13+00:00,f8e7f43f73aa983c5c99c189587f0118,2026-10-11T20:25:00Z,DET @ ARI,ARI,DET,Jared Goff,rushY,fanduel,0.5,-114,-114
2026-10-10T18:24:13+00:00,f8e7f43f73aa983c5c99c189587f0118,2026-10-11T20:25:00Z,DET @ ARI,ARI,DET,Jeremiyah Love,rushY,fanduel,46.5,-114,-114
2026-10-10T18:24:13+00:00,f8e7f43f73aa983c5c99c189587f0118,2026-10-11T20:25:00Z,DET @ ARI,ARI,DET,Jacoby Brissett,rushY,fanduel,8.5,-114,-114
2026-10-10T18:24:13+00:00,f8e7f43f73aa983c5c99c189587f0118,2026-10-11T20:25:00Z,DET @ ARI,ARI,DET,Jahmyr Gibbs,rushY,fanduel,90.5,-114,-114
2026-10-10T18:24:13+00:00,f8e7f43f73aa983c5c99c189587f0118,2026-10-11T20:25:00Z,DET @ ARI,ARI,DET,Aidan Hutchinson,sacks,fanduel,0.5,-172,
2026-10-10T18:24:13+00:00,f8e7f43f73aa983c5c99c189587f0118,2026-10-11T20:25:00Z,DET @ ARI,ARI,DET,Josh Sweat,sacks,fanduel,0.5,120,
2026-10-10T18:24:13+00:00,f8e7f43f73aa983c5c99c189587f0118,2026-10-11T20:25:00Z,DET @ ARI,ARI,DET,Alim McNeill,sacks,fanduel,0.5,134,
2026-10-10T18:24:13+00:00,f8e7f43f73aa983c5c99c189587f0118,2026-10-11T20:25:00Z,DET @ ARI,ARI,DET,DJ Wonnum,sacks,fanduel,0.5,144,
2026-10-10T18:24:13+00:00,f8e7f43f73aa983c5c99c189587f0118,2026-10-11T20:25:00Z,DET @ ARI,ARI,DET,Dante Stills,sacks,fanduel,0.5,270,
2026-10-10T18:24:13+00:00,f8e7f43f73aa983c5c99c189587f0118,2026-10-11T20:25:00Z,DET @ ARI,ARI,DET,Walter Nolen III,sacks,fanduel,0.5,360,
2026-10-10T18:24:13+00:00,f8e7f43f73aa983c5c99c189587f0118,2026-10-11T20:25:00Z,DET @ ARI,ARI,DET,Tyleik Williams,sacks,fanduel,0.5,400,
2026-10-10T18:24:13+00:00,f8e7f43f73aa983c5c99c189587f0118,2026-10-11T20:25:00Z,DET @ ARI,ARI,DET,Baron Browning,sacks,fanduel,0.5,430,
2026-10-10T18:24:13+00:00,f8e7f43f73aa983c5c99c189587f0118,2026-10-11T20:25:00Z,DET @ ARI,ARI,DET,Darius Robinson,sacks,fanduel,0.5,450,
2026-10-10T18:24:13+00:00,f8e7f43f73aa983c5c99c189587f0118,2026-10-11T20:25:00Z,DET @ ARI,ARI,DET,Derrick Barnes,sacks,fanduel,0.5,550,
2026-10-10T18:24:13+00:00,f8e7f43f73aa983c5c99c189587f0118,2026-10-11T20:25:00Z,DET @ ARI,ARI,DET,Jack Campbell,sacks,fanduel,0.5,750,
2026-10-10T18:24:13+00:00,f8e7f43f73aa983c5c99c189587f0118,2026-10-11T20:25:00Z,DET @ ARI,ARI,DET,Jared Goff,comp,betrivers,24.5,-115,
2026-10-10T18:24:13+00:00,f8e7f43f73aa983c5c99c189587f0118,2026-10-11T20:25:00Z,DET @ ARI,ARI,DET,Jacoby Brissett,comp,betrivers,24.5,-112,
2026-10-10T18:24:13+00:00,f8e7f43f73aa983c5c99c189587f0118,2026-10-11T20:25:00Z,DET @ ARI,ARI,DET,Jacoby Brissett,passY,betrivers,269.5,-115,-115
2026-10-10T18:24:13+00:00,f8e7f43f73aa983c5c99c189587f0118,2026-10-11T20:25:00Z,DET @ ARI,ARI,DET,Jared Goff,passY,betrivers,284.5,-115,-115
2026-10-10T18:24:13+00:00,f8e7f43f73aa983c5c99c189587f0118,2026-10-11T20:25:00Z,DET @ ARI,ARI,DET,Tyler Allgeier,recY,betrivers,10.5,-118,-113
2026-10-10T18:24:13+00:00,f8e7f43f73aa983c5c99c189587f0118,2026-10-11T20:25:00Z,DET @ ARI,ARI,DET,Michael Wilson,recY,betrivers,79.5,-117,-114
2026-10-10T18:24:13+00:00,f8e7f43f73aa983c5c99c189587f0118,2026-10-11T20:25:00Z,DET @ ARI,ARI,DET,Isaac TeSlaa,recY,betrivers,25.5,-117,-114
2026-10-10T18:24:13+00:00,f8e7f43f73aa983c5c99c189587f0118,2026-10-11T20:25:00Z,DET @ ARI,ARI,DET,Sam LaPorta,recY,betrivers,52.5,-117,-113
2026-10-10T18:24:13+00:00,f8e7f43f73aa983c5c99c189587f0118,2026-10-11T20:25:00Z,DET @ ARI,ARI,DET,Jahmyr Gibbs,recY,betrivers,37.5,-112,-120
2026-10-10T18:24:13+00:00,f8e7f43f73aa983c5c99c189587f0118,2026-10-11T20:25:00Z,DET @ ARI,ARI,DET,Amon-Ra St. Brown,recY,betrivers,79.5,-118,-113
2026-10-10T18:24:13+00:00,f8e7f43f73aa983c5c99c189587f0118,2026-10-11T20:25:00Z,DET @ ARI,ARI,DET,Jeremiyah Love,recY,betrivers,12.5,-118,-113
2026-10-10T18:24:13+00:00,f8e7f43f73aa983c5c99c189587f0118,2026-10-11T20:25:00Z,DET @ ARI,ARI,DET,Trey McBride,recY,betrivers,85.5,-114,-115
2026-10-10T18:24:13+00:00,f8e7f43f73aa983c5c99c189587f0118,2026-10-11T20:25:00Z,DET @ ARI,ARI,DET,Jameson Williams,recY,betrivers,55.5,-113,-118
2026-10-10T18:24:13+00:00,f8e7f43f73aa983c5c99c189587f0118,2026-10-11T20:25:00Z,DET @ ARI,ARI,DET,Amon-Ra St. Brown,rec,betrivers,7.5,115,
2026-10-10T18:24:13+00:00,f8e7f43f73aa983c5c99c189587f0118,2026-10-11T20:25:00Z,DET @ ARI,ARI,DET,Jameson Williams,rec,betrivers,3.5,-114,
2026-10-10T18:24:13+00:00,f8e7f43f73aa983c5c99c189587f0118,2026-10-11T20:25:00Z,DET @ ARI,ARI,DET,Michael Wilson,rec,betrivers,6.5,-106,
2026-10-10T18:24:13+00:00,f8e7f43f73aa983c5c99c189587f0118,2026-10-11T20:25:00Z,DET @ ARI,ARI,DET,Sam LaPorta,rec,betrivers,4.5,-143,
2026-10-10T18:24:13+00:00,f8e7f43f73aa983c5c99c189587f0118,2026-10-11T20:25:00Z,DET @ ARI,ARI,DET,Jahmyr Gibbs,rec,betrivers,4.5,-127,
2026-10-10T18:24:13+00:00,f8e7f43f73aa983c5c99c189587f0118,2026-10-11T20:25:00Z,DET @ ARI,ARI,DET,Trey McBride,rec,betrivers,8.5,118,
2026-10-10T18:24:13+00:00,f8e7f43f73aa983c5c99c189587f0118,2026-10-11T20:25:00Z,DET @ ARI,ARI,DET,Jeremiyah Love,rec,betrivers,2.5,100,
2026-10-10T18:24:13+00:00,f8e7f43f73aa983c5c99c189587f0118,2026-10-11T20:25:00Z,DET @ ARI,ARI,DET,Isaac TeSlaa,rec,betrivers,2.5,130,
2026-10-10T18:24:13+00:00,f8e7f43f73aa983c5c99c189587f0118,2026-10-11T20:25:00Z,DET @ ARI,ARI,DET,Jahmyr Gibbs,rushY,betrivers,90.5,-113,-118
2026-10-10T18:24:13+00:00,f8e7f43f73aa983c5c99c189587f0118,2026-10-11T20:25:00Z,DET @ ARI,ARI,DET,Tyler Allgeier,rushY,betrivers,27.5,-113,-117
2026-10-10T18:24:13+00:00,f8e7f43f73aa983c5c99c189587f0118,2026-10-11T20:25:00Z,DET @ ARI,ARI,DET,Jacoby Brissett,rushY,betrivers,7.5,-114,-117
2026-10-10T18:24:13+00:00,f8e7f43f73aa983c5c99c189587f0118,2026-10-11T20:25:00Z,DET @ ARI,ARI,DET,Jeremiyah Love,rushY,betrivers,45.5,-115,-115
2026-10-10T18:24:13+00:00,f8e7f43f73aa983c5c99c189587f0118,2026-10-11T20:25:00Z,DET @ ARI,ARI,DET,Jacoby Brissett,comp,betmgm,24.5,-110,-120
2026-10-10T18:24:13+00:00,f8e7f43f73aa983c5c99c189587f0118,2026-10-11T20:25:00Z,DET @ ARI,ARI,DET,Jared Goff,comp,betmgm,24.5,-135,100
2026-10-10T18:24:13+00:00,f8e7f43f73aa983c5c99c189587f0118,2026-10-11T20:25:00Z,DET @ ARI,ARI,DET,Jared Goff,passY,betmgm,283.5,-115,-115
2026-10-10T18:24:13+00:00,f8e7f43f73aa983c5c99c189587f0118,2026-10-11T20:25:00Z,DET @ ARI,ARI,DET,Jacoby Brissett,passY,betmgm,266.5,-115,-115
2026-10-10T18:24:13+00:00,f8e7f43f73aa983c5c99c189587f0118,2026-10-11T20:25:00Z,DET @ ARI,ARI,DET,Sam LaPorta,recY,betmgm,51.5,-115,-115
2026-10-10T18:24:13+00:00,f8e7f43f73aa983c5c99c189587f0118,2026-10-11T20:25:00Z,DET @ ARI,ARI,DET,Jeremiyah Love,recY,betmgm,12.5,-110,-120
2026-10-10T18:24:13+00:00,f8e7f43f73aa983c5c99c189587f0118,2026-10-11T20:25:00Z,DET @ ARI,ARI,DET,Amon-Ra St. Brown,recY,betmgm,81.5,-115,-115
2026-10-10T18:24:13+00:00,f8e7f43f73aa983c5c99c189587f0118,2026-10-11T20:25:00Z,DET @ ARI,ARI,DET,Jahmyr Gibbs,recY,betmgm,39.5,-115,-115
2026-10-10T18:24:13+00:00,f8e7f43f73aa983c5c99c189587f0118,2026-10-11T20:25:00Z,DET @ ARI,ARI,DET,Jameson Williams,recY,betmgm,54.5,-115,-115
2026-10-10T18:24:13+00:00,f8e7f43f73aa983c5c99c189587f0118,2026-10-11T20:25:00Z,DET @ ARI,ARI,DET,Isaac TeSlaa,recY,betmgm,24.5,-115,-115
2026-10-10T18:24:13+00:00,f8e7f43f73aa983c5c99c189587f0118,2026-10-11T20:25:00Z,DET @ ARI,ARI,DET,Trey McBride,recY,betmgm,83.5,-115,-115
2026-10-10T18:24:13+00:00,f8e7f43f73aa983c5c99c189587f0118,2026-10-11T20:25:00Z,DET @ ARI,ARI,DET,Kendrick Bourne,recY,betmgm,31.5,-115,-115
2026-10-10T18:24:13+00:00,f8e7f43f73aa983c5c99c189587f0118,2026-10-11T20:25:00Z,DET @ ARI,ARI,DET,Amon-Ra St. Brown,rec,betmgm,7.5,100,-135
2026-10-10T18:24:13+00:00,f8e7f43f73aa983c5c99c189587f0118,2026-10-11T20:25:00Z,DET @ ARI,ARI,DET,Jahmyr Gibbs,rec,betmgm,4.5,-120,-110
2026-10-10T18:24:13+00:00,f8e7f43f73aa983c5c99c189587f0118,2026-10-11T20:25:00Z,DET @ ARI,ARI,DET,Trey McBride,rec,betmgm,7.5,-150,110
2026-10-10T18:24:13+00:00,f8e7f43f73aa983c5c99c189587f0118,2026-10-11T20:25:00Z,DET @ ARI,ARI,DET,Jameson Williams,rec,betmgm,3.5,-115,-115
2026-10-10T18:24:13+00:00,f8e7f43f73aa983c5c99c189587f0118,2026-10-11T20:25:00Z,DET @ ARI,ARI,DET,Sam LaPorta,rec,betmgm,4.5,-150,110
2026-10-10T18:24:13+00:00,f8e7f43f73aa983c5c99c189587f0118,2026-10-11T20:25:00Z,DET @ ARI,ARI,DET,Jeremiyah Love,rec,betmgm,2.5,110,-150
2026-10-10T18:24:13+00:00,f8e7f43f73aa983c5c99c189587f0118,2026-10-11T20:25:00Z,DET @ ARI,ARI,DET,Isaac TeSlaa,rec,betmgm,1.5,-200,150
2026-10-10T18:24:13+00:00,f8e7f43f73aa983c5c99c189587f0118,2026-10-11T20:25:00Z,DET @ ARI,ARI,DET,Kendrick Bourne,rec,betmgm,3.5,125,-165
2026-10-10T18:24:13+00:00,f8e7f43f73aa983c5c99c189587f0118,2026-10-11T20:25:00Z,DET @ ARI,ARI,DET,Jahmyr Gibbs,rushY,betmgm,94.5,-115,-115
2026-10-10T18:24:13+00:00,f8e7f43f73aa983c5c99c189587f0118,2026-10-11T20:25:00Z,DET @ ARI,ARI,DET,Jeremiyah Love,rushY,betmgm,44.5,-125,-105
2026-10-10T18:24:13+00:00,f8e7f43f73aa983c5c99c189587f0118,2026-10-11T20:25:00Z,DET @ ARI,ARI,DET,Jared Goff,comp,espnbet,24.5,-125,-105
2026-10-10T18:24:13+00:00,f8e7f43f73aa983c5c99c189587f0118,2026-10-11T20:25:00Z,DET @ ARI,ARI,DET,Jared Goff,passY,espnbet,279.5,-115,-115
2026-10-10T18:24:13+00:00,f8e7f43f73aa983c5c99c189587f0118,2026-10-11T20:25:00Z,DET @ ARI,ARI,DET,Amon-Ra St. Brown,recY,espnbet,79.5,-115,-115
2026-10-10T18:24:13+00:00,f8e7f43f73aa983c5c99c189587f0118,2026-10-11T20:25:00Z,DET @ ARI,ARI,DET,Jameson Williams,recY,espnbet,57.5,-105,-125
2026-10-10T18:24:13+00:00,f8e7f43f73aa983c5c99c189587f0118,2026-10-11T20:25:00Z,DET @ ARI,ARI,DET,Sam LaPorta,recY,espnbet,54.5,100,-130
2026-10-10T18:24:13+00:00,f8e7f43f73aa983c5c99c189587f0118,2026-10-11T20:25:00Z,DET @ ARI,ARI,DET,Jahmyr Gibbs,recY,espnbet,39.5,100,-130
2026-10-10T18:24:13+00:00,f8e7f43f73aa983c5c99c189587f0118,2026-10-11T20:25:00Z,DET @ ARI,ARI,DET,Isaac TeSlaa,recY,espnbet,22.5,-130,100
2026-10-10T18:24:13+00:00,f8e7f43f73aa983c5c99c189587f0118,2026-10-11T20:25:00Z,DET @ ARI,ARI,DET,Amon-Ra St. Brown,rec,espnbet,7.5,110,-140
2026-10-10T18:24:13+00:00,f8e7f43f73aa983c5c99c189587f0118,2026-10-11T20:25:00Z,DET @ ARI,ARI,DET,Jahmyr Gibbs,rec,espnbet,4.5,-120,-110
2026-10-10T18:24:13+00:00,f8e7f43f73aa983c5c99c189587f0118,2026-10-11T20:25:00Z,DET @ ARI,ARI,DET,Jameson Williams,rec,espnbet,3.5,-130,100
2026-10-10T18:24:13+00:00,f8e7f43f73aa983c5c99c189587f0118,2026-10-11T20:25:00Z,DET @ ARI,ARI,DET,Sam LaPorta,rec,espnbet,4.5,-140,110
2026-10-10T18:24:13+00:00,f8e7f43f73aa983c5c99c189587f0118,2026-10-11T20:25:00Z,DET @ ARI,ARI,DET,Isaac TeSlaa,rec,espnbet,1.5,-190,140
2026-10-10T18:24:13+00:00,f8e7f43f73aa983c5c99c189587f0118,2026-10-11T20:25:00Z,DET @ ARI,ARI,DET,Jahmyr Gibbs,rushY,espnbet,89.5,-110,-120
2026-10-10T18:24:13+00:00,f8e7f43f73aa983c5c99c189587f0118,2026-10-11T20:25:00Z,DET @ ARI,ARI,DET,Jared Goff,rushY,espnbet,0.5,-130,100
2026-10-10T18:24:13+00:00,f8e7f43f73aa983c5c99c189587f0118,2026-10-11T20:25:00Z,DET @ ARI,ARI,DET,Jahmyr Gibbs,recY,underdog,39.5,-137,-137
2026-10-10T18:24:13+00:00,f8e7f43f73aa983c5c99c189587f0118,2026-10-11T20:25:00Z,DET @ ARI,ARI,DET,Amon-Ra St. Brown,recY,underdog,79.5,-137,-137
2026-10-10T18:24:13+00:00,f8e7f43f73aa983c5c99c189587f0118,2026-10-11T20:25:00Z,DET @ ARI,ARI,DET,Michael Wilson,recY,underdog,79.5,-137,-137
2026-10-10T18:24:13+00:00,f8e7f43f73aa983c5c99c189587f0118,2026-10-11T20:25:00Z,DET @ ARI,ARI,DET,Jahmyr Gibbs,rushY,underdog,89.5,-137,-137
2026-10-10T18:24:13+00:00,f8e7f43f73aa983c5c99c189587f0118,2026-10-11T20:25:00Z,DET @ ARI,ARI,DET,Jared Goff,rushY,underdog,0.5,-137,-137
2026-10-10T18:24:13+00:00,f8e7f43f73aa983c5c99c189587f0118,2026-10-11T20:25:00Z,DET @ ARI,ARI,DET,Aidan Hutchinson,sacks,underdog,0.75,-137,-137
2026-10-10T18:24:13+00:00,f8e7f43f73aa983c5c99c189587f0118,2026-10-11T20:25:00Z,DET @ ARI,ARI,DET,Jared Goff,comp,prizepicks,24.5,-137,-137
2026-10-10T18:24:13+00:00,f8e7f43f73aa983c5c99c189587f0118,2026-10-11T20:25:00Z,DET @ ARI,ARI,DET,Jacoby Brissett,comp,prizepicks,24.5,-137,-137
2026-10-10T18:24:13+00:00,f8e7f43f73aa983c5c99c189587f0118,2026-10-11T20:25:00Z,DET @ ARI,ARI,DET,Jared Goff,passY,prizepicks,280.5,-137,-137
2026-10-10T18:24:13+00:00,f8e7f43f73aa983c5c99c189587f0118,2026-10-11T20:25:00Z,DET @ ARI,ARI,DET,Jacoby Brissett,passY,prizepicks,266.5,-137,-137
2026-10-10T18:24:13+00:00,f8e7f43f73aa983c5c99c189587f0118,2026-10-11T20:25:00Z,DET @ ARI,ARI,DET,Trey McBride,recY,prizepicks,84.5,-137,-137
2026-10-10T18:24:13+00:00,f8e7f43f73aa983c5c99c189587f0118,2026-10-11T20:25:00Z,DET @ ARI,ARI,DET,Amon-Ra St. Brown,recY,prizepicks,80.5,-137,-137
2026-10-10T18:24:13+00:00,f8e7f43f73aa983c5c99c189587f0118,2026-10-11T20:25:00Z,DET @ ARI,ARI,DET,Michael Wilson,recY,prizepicks,76.5,-137,-137
2026-10-10T18:24:13+00:00,f8e7f43f73aa983c5c99c189587f0118,2026-10-11T20:25:00Z,DET @ ARI,ARI,DET,Jameson Williams,recY,prizepicks,51.5,-137,-137
2026-10-10T18:24:13+00:00,f8e7f43f73aa983c5c99c189587f0118,2026-10-11T20:25:00Z,DET @ ARI,ARI,DET,Sam LaPorta,recY,prizepicks,51.5,-137,-137
2026-10-10T18:24:13+00:00,f8e7f43f73aa983c5c99c189587f0118,2026-10-11T20:25:00Z,DET @ ARI,ARI,DET,Jahmyr Gibbs,recY,prizepicks,36.5,-137,-137
2026-10-10T18:24:13+00:00,f8e7f43f73aa983c5c99c189587f0118,2026-10-11T20:25:00Z,DET @ ARI,ARI,DET,Isaac TeSlaa,recY,prizepicks,25.5,-137,-137
2026-10-10T18:24:13+00:00,f8e7f43f73aa983c5c99c189587f0118,2026-10-11T20:25:00Z,DET @ ARI,ARI,DET,Jeremiyah Love,recY,prizepicks,11.5,-137,-137
2026-10-10T18:24:13+00:00,f8e7f43f73aa983c5c99c189587f0118,2026-10-11T20:25:00Z,DET @ ARI,ARI,DET,Tyler Allgeier,recY,prizepicks,9.5,-137,-137
2026-10-10T18:24:13+00:00,f8e7f43f73aa983c5c99c189587f0118,2026-10-11T20:25:00Z,DET @ ARI,ARI,DET,Trey McBride,rec,prizepicks,8.0,-137,-137
2026-10-10T18:24:13+00:00,f8e7f43f73aa983c5c99c189587f0118,2026-10-11T20:25:00Z,DET @ ARI,ARI,DET,Amon-Ra St. Brown,rec,prizepicks,7.0,-137,-137
2026-10-10T18:24:13+00:00,f8e7f43f73aa983c5c99c189587f0118,2026-10-11T20:25:00Z,DET @ ARI,ARI,DET,Michael Wilson,rec,prizepicks,6.5,-137,-137
2026-10-10T18:24:13+00:00,f8e7f43f73aa983c5c99c189587f0118,2026-10-11T20:25:00Z,DET @ ARI,ARI,DET,Sam LaPorta,rec,prizepicks,5.0,-137,-137
2026-10-10T18:24:13+00:00,f8e7f43f73aa983c5c99c189587f0118,2026-10-11T20:25:00Z,DET @ ARI,ARI,DET,Jahmyr Gibbs,rec,prizepicks,4.5,-137,-137
2026-10-10T18:24:13+00:00,f8e7f43f73aa983c5c99c189587f0118,2026-10-11T20:25:00Z,DET @ ARI,ARI,DET,Jahmyr Gibbs,rushY,prizepicks,90.5,-137,-137
2026-10-10T18:24:13+00:00,f8e7f43f73aa983c5c99c189587f0118,2026-10-11T20:25:00Z,DET @ ARI,ARI,DET,Jeremiyah Love,rushY,prizepicks,45.5,-137,-137
2026-10-10T18:24:13+00:00,f8e7f43f73aa983c5c99c189587f0118,2026-10-11T20:25:00Z,DET @ ARI,ARI,DET,Tyler Allgeier,rushY,prizepicks,27.5,-137,-137
2026-10-10T18:24:13+00:00,f8e7f43f73aa983c5c99c189587f0118,2026-10-11T20:25:00Z,DET @ ARI,ARI,DET,Sione Vaki,rushY,prizepicks,8.5,-137,-137
2026-10-10T18:24:13+00:00,f8e7f43f73aa983c5c99c189587f0118,2026-10-11T20:25:00Z,DET @ ARI,ARI,DET,Jacoby Brissett,rushY,prizepicks,7.5,-137,-137
2026-10-10T18:24:13+00:00,f8e7f43f73aa983c5c99c189587f0118,2026-10-11T20:25:00Z,DET @ ARI,ARI,DET,Jared Goff,rushY,prizepicks,0.5,-137,-137
2026-10-10T18:24:13+00:00,f8e7f43f73aa983c5c99c189587f0118,2026-10-11T20:25:00Z,DET @ ARI,ARI,DET,Jared Goff,comp,fanatics,24.5,-125,-120
2026-10-10T18:24:13+00:00,f8e7f43f73aa983c5c99c189587f0118,2026-10-11T20:25:00Z,DET @ ARI,ARI,DET,Jacoby Brissett,passY,fanatics,265.5,-115,-115
2026-10-10T18:24:13+00:00,f8e7f43f73aa983c5c99c189587f0118,2026-10-11T20:25:00Z,DET @ ARI,ARI,DET,Sam LaPorta,recY,fanatics,50.5,-125,-120
2026-10-10T18:24:13+00:00,f8e7f43f73aa983c5c99c189587f0118,2026-10-11T20:25:00Z,DET @ ARI,ARI,DET,Jahmyr Gibbs,rec,fanatics,5.5,150,-235
2026-10-10T18:24:13+00:00,f8e7f43f73aa983c5c99c189587f0118,2026-10-11T20:25:00Z,DET @ ARI,ARI,DET,Jahmyr Gibbs,rushY,fanatics,90.5,-120,-125
2026-10-10T18:24:13+00:00,f8e7f43f73aa983c5c99c189587f0118,2026-10-11T20:25:00Z,DET @ ARI,ARI,DET,Jared Goff,passY,pick6,280.5,-137,-137
2026-10-10T18:24:13+00:00,f8e7f43f73aa983c5c99c189587f0118,2026-10-11T20:25:00Z,DET @ ARI,ARI,DET,Jacoby Brissett,passY,pick6,267.5,-137,-137
2026-10-10T18:24:13+00:00,f8e7f43f73aa983c5c99c189587f0118,2026-10-11T20:25:00Z,DET @ ARI,ARI,DET,Kendrick Bourne,recY,pick6,31.5,-137,-137
2026-10-10T18:24:13+00:00,f8e7f43f73aa983c5c99c189587f0118,2026-10-11T20:25:00Z,DET @ ARI,ARI,DET,Trey McBride,recY,pick6,84.5,-137,-137
2026-10-10T18:24:13+00:00,f8e7f43f73aa983c5c99c189587f0118,2026-10-11T20:25:00Z,DET @ ARI,ARI,DET,Sam LaPorta,recY,pick6,51.5,-137,-137
2026-10-10T18:24:13+00:00,f8e7f43f73aa983c5c99c189587f0118,2026-10-11T20:25:00Z,DET @ ARI,ARI,DET,Jameson Williams,recY,pick6,56.5,-137,-137
2026-10-10T18:24:13+00:00,f8e7f43f73aa983c5c99c189587f0118,2026-10-11T20:25:00Z,DET @ ARI,ARI,DET,Jahmyr Gibbs,recY,pick6,37.5,-137,-137
2026-10-10T18:24:13+00:00,f8e7f43f73aa983c5c99c189587f0118,2026-10-11T20:25:00Z,DET @ ARI,ARI,DET,Amon-Ra St. Brown,recY,pick6,80.5,-137,-137
2026-10-10T18:24:13+00:00,f8e7f43f73aa983c5c99c189587f0118,2026-10-11T20:25:00Z,DET @ ARI,ARI,DET,Michael Wilson,recY,pick6,80.5,-137,-137
2026-10-10T18:24:13+00:00,f8e7f43f73aa983c5c99c189587f0118,2026-10-11T20:25:00Z,DET @ ARI,ARI,DET,Isaac TeSlaa,recY,pick6,25.5,-137,-137
2026-10-10T18:24:13+00:00,f8e7f43f73aa983c5c99c189587f0118,2026-10-11T20:25:00Z,DET @ ARI,ARI,DET,Jeremiyah Love,recY,pick6,11.5,-137,-137
2026-10-10T18:24:13+00:00,f8e7f43f73aa983c5c99c189587f0118,2026-10-11T20:25:00Z,DET @ ARI,ARI,DET,Tyler Allgeier,recY,pick6,9.5,-137,-137
2026-10-10T18:24:13+00:00,f8e7f43f73aa983c5c99c189587f0118,2026-10-11T20:25:00Z,DET @ ARI,ARI,DET,Jameson Williams,rec,pick6,3.5,,-137
2026-10-10T18:24:13+00:00,f8e7f43f73aa983c5c99c189587f0118,2026-10-11T20:25:00Z,DET @ ARI,ARI,DET,Michael Wilson,rec,pick6,6.5,-137,-137
2026-10-10T18:24:13+00:00,f8e7f43f73aa983c5c99c189587f0118,2026-10-11T20:25:00Z,DET @ ARI,ARI,DET,Trey McBride,rec,pick6,8.5,-137,
2026-10-10T18:24:13+00:00,f8e7f43f73aa983c5c99c189587f0118,2026-10-11T20:25:00Z,DET @ ARI,ARI,DET,Amon-Ra St. Brown,rec,pick6,7.5,-137,
2026-10-10T18:24:13+00:00,f8e7f43f73aa983c5c99c189587f0118,2026-10-11T20:25:00Z,DET @ ARI,ARI,DET,Jahmyr Gibbs,rec,pick6,4.5,,-137
2026-10-10T18:24:13+00:00,f8e7f43f73aa983c5c99c189587f0118,2026-10-11T20:25:00Z,DET @ ARI,ARI,DET,Jeremiyah Love,rec,pick6,2.5,-137,
2026-10-10T18:24:13+00:00,f8e7f43f73aa983c5c99c189587f0118,2026-10-11T20:25:00Z,DET @ ARI,ARI,DET,Tyler Allgeier,rushY,pick6,29.5,-137,-137
2026-10-10T18:24:13+00:00,f8e7f43f73aa983c5c99c189587f0118,2026-10-11T20:25:00Z,DET @ ARI,ARI,DET,Jeremiyah Love,rushY,pick6,44.5,-137,-137
2026-10-10T18:24:13+00:00,f8e7f43f73aa983c5c99c189587f0118,2026-10-11T20:25:00Z,DET @ ARI,ARI,DET,Jacoby Brissett,rushY,pick6,8.5,-137,-137
2026-10-10T18:24:13+00:00,f8e7f43f73aa983c5c99c189587f0118,2026-10-11T20:25:00Z,DET @ ARI,ARI,DET,Jared Goff,rushY,pick6,1.5,-137,-137
2026-10-10T18:24:13+00:00,f8e7f43f73aa983c5c99c189587f0118,2026-10-11T20:25:00Z,DET @ ARI,ARI,DET,Jahmyr Gibbs,rushY,pick6,89.5,-137,-137
2026-10-10T18:24:13+00:00,8e5d515b10d8a5ffb324640ed60bcc55,2026-10-11T20:25:00Z,SF @ SEA,SEA,SF,Sam Darnold,comp,draftkings,20.5,-116,-110
2026-10-10T18:24:13+00:00,8e5d515b10d8a5ffb324640ed60bcc55,2026-10-11T20:25:00Z,SF @ SEA,SEA,SF,Brock Purdy,comp,draftkings,20.5,-115,-110
2026-10-10T18:24:13+00:00,8e5d515b10d8a5ffb324640ed60bcc55,2026-10-11T20:25:00Z,SF @ SEA,SEA,SF,Sam Darnold,passY,draftkings,234.5,-111,-113
2026-10-10T18:24:13+00:00,8e5d515b10d8a5ffb324640ed60bcc55,2026-10-11T20:25:00Z,SF @ SEA,SEA,SF,Brock Purdy,passY,draftkings,226.5,-111,-113
2026-10-10T18:24:13+00:00,8e5d515b10d8a5ffb324640ed60bcc55,2026-10-11T20:25:00Z,SF @ SEA,SEA,SF,Jaxon Smith-Njigba,recY,draftkings,97.5,-111,-113
2026-10-10T18:24:13+00:00,8e5d515b10d8a5ffb324640ed60bcc55,2026-10-11T20:25:00Z,SF @ SEA,SEA,SF,George Kittle,recY,draftkings,54.5,-115,-110
2026-10-10T18:24:13+00:00,8e5d515b10d8a5ffb324640ed60bcc55,2026-10-11T20:25:00Z,SF @ SEA,SEA,SF,Mike Evans,recY,draftkings,49.5,-114,-110
2026-10-10T18:24:13+00:00,8e5d515b10d8a5ffb324640ed60bcc55,2026-10-11T20:25:00Z,SF @ SEA,SEA,SF,Christian McCaffrey,recY,draftkings,35.5,-115,-109
2026-10-10T18:24:13+00:00,8e5d515b10d8a5ffb324640ed60bcc55,2026-10-11T20:25:00Z,SF @ SEA,SEA,SF,Deebo Samuel,recY,draftkings,34.5,-115,-109
2026-10-10T18:24:13+00:00,8e5d515b10d8a5ffb324640ed60bcc55,2026-10-11T20:25:00Z,SF @ SEA,SEA,SF,Cooper Kupp,recY,draftkings,23.5,-114,-110
2026-10-10T18:24:13+00:00,8e5d515b10d8a5ffb324640ed60bcc55,2026-10-11T20:25:00Z,SF @ SEA,SEA,SF,AJ Barner,recY,draftkings,22.5,-111,-113
2026-10-10T18:24:13+00:00,8e5d515b10d8a5ffb324640ed60bcc55,2026-10-11T20:25:00Z,SF @ SEA,SEA,SF,Rashid Shaheed,recY,draftkings,20.5,-116,-108
2026-10-10T18:24:13+00:00,8e5d515b10d8a5ffb324640ed60bcc55,2026-10-11T20:25:00Z,SF @ SEA,SEA,SF,Emanuel Wilson,recY,draftkings,12.5,-112,-112
2026-10-10T18:24:13+00:00,8e5d515b10d8a5ffb324640ed60bcc55,2026-10-11T20:25:00Z,SF @ SEA,SEA,SF,Tory Horton,recY,draftkings,11.5,-112,-112
2026-10-10T18:24:13+00:00,8e5d515b10d8a5ffb324640ed60bcc55,2026-10-11T20:25:00Z,SF @ SEA,SEA,SF,George Holani,recY,draftkings,9.5,-115,-109
2026-10-10T18:24:13+00:00,8e5d515b10d8a5ffb324640ed60bcc55,2026-10-11T20:25:00Z,SF @ SEA,SEA,SF,Jaxon Smith-Njigba,rec,draftkings,6.5,-140,109
2026-10-10T18:24:13+00:00,8e5d515b10d8a5ffb324640ed60bcc55,2026-10-11T20:25:00Z,SF @ SEA,SEA,SF,Christian McCaffrey,rec,draftkings,4.5,-129,101
2026-10-10T18:24:13+00:00,8e5d515b10d8a5ffb324640ed60bcc55,2026-10-11T20:25:00Z,SF @ SEA,SEA,SF,George Kittle,rec,draftkings,4.5,-122,-104
2026-10-10T18:24:13+00:00,8e5d515b10d8a5ffb324640ed60bcc55,2026-10-11T20:25:00Z,SF @ SEA,SEA,SF,Mike Evans,rec,draftkings,3.5,-149,117
2026-10-10T18:24:13+00:00,8e5d515b10d8a5ffb324640ed60bcc55,2026-10-11T20:25:00Z,SF @ SEA,SEA,SF,Deebo Samuel,rec,draftkings,3.5,-117,-109
2026-10-10T18:24:13+00:00,8e5d515b10d8a5ffb324640ed60bcc55,2026-10-11T20:25:00Z,SF @ SEA,SEA,SF,AJ Barner,rec,draftkings,2.5,-102,-125
2026-10-10T18:24:13+00:00,8e5d515b10d8a5ffb324640ed60bcc55,2026-10-11T20:25:00Z,SF @ SEA,SEA,SF,Cooper Kupp,rec,draftkings,2.5,109,-139
2026-10-10T18:24:13+00:00,8e5d515b10d8a5ffb324640ed60bcc55,2026-10-11T20:25:00Z,SF @ SEA,SEA,SF,Rashid Shaheed,rec,draftkings,2.5,150,-193
2026-10-10T18:24:13+00:00,8e5d515b10d8a5ffb324640ed60bcc55,2026-10-11T20:25:00Z,SF @ SEA,SEA,SF,George Holani,rec,draftkings,1.5,-181,141
2026-10-10T18:24:13+00:00,8e5d515b10d8a5ffb324640ed60bcc55,2026-10-11T20:25:00Z,SF @ SEA,SEA,SF,Emanuel Wilson,rec,draftkings,1.5,-172,134
2026-10-10T18:24:13+00:00,8e5d515b10d8a5ffb324640ed60bcc55,2026-10-11T20:25:00Z,SF @ SEA,SEA,SF,Tory Horton,rec,draftkings,1.5,154,-199
2026-10-10T18:24:13+00:00,8e5d515b10d8a5ffb324640ed60bcc55,2026-10-11T20:25:00Z,SF @ SEA,SEA,SF,Emanuel Wilson,rushY,draftkings,64.5,-110,-114
2026-10-10T18:24:13+00:00,8e5d515b10d8a5ffb324640ed60bcc55,2026-10-11T20:25:00Z,SF @ SEA,SEA,SF,Christian McCaffrey,rushY,draftkings,50.5,-109,-115
2026-10-10T18:24:13+00:00,8e5d515b10d8a5ffb324640ed60bcc55,2026-10-11T20:25:00Z,SF @ SEA,SEA,SF,Brock Purdy,rushY,draftkings,24.5,-115,-109
2026-10-10T18:24:13+00:00,8e5d515b10d8a5ffb324640ed60bcc55,2026-10-11T20:25:00Z,SF @ SEA,SEA,SF,George Holani,rushY,draftkings,20.5,-111,-113
2026-10-10T18:24:13+00:00,8e5d515b10d8a5ffb324640ed60bcc55,2026-10-11T20:25:00Z,SF @ SEA,SEA,SF,Kaelon Black,rushY,draftkings,16.5,-113,-111
2026-10-10T18:24:13+00:00,8e5d515b10d8a5ffb324640ed60bcc55,2026-10-11T20:25:00Z,SF @ SEA,SEA,SF,Deebo Samuel,rushY,draftkings,9.5,-109,-115
2026-10-10T18:24:13+00:00,8e5d515b10d8a5ffb324640ed60bcc55,2026-10-11T20:25:00Z,SF @ SEA,SEA,SF,Sam Darnold,rushY,draftkings,4.5,-120,-105
2026-10-10T18:24:13+00:00,8e5d515b10d8a5ffb324640ed60bcc55,2026-10-11T20:25:00Z,SF @ SEA,SEA,SF,Sam Darnold,passY,fanduel,231.5,-114,-114
2026-10-10T18:24:13+00:00,8e5d515b10d8a5ffb324640ed60bcc55,2026-10-11T20:25:00Z,SF @ SEA,SEA,SF,Brock Purdy,passY,fanduel,228.5,-114,-114
2026-10-10T18:24:13+00:00,8e5d515b10d8a5ffb324640ed60bcc55,2026-10-11T20:25:00Z,SF @ SEA,SEA,SF,Mike Evans,recY,fanduel,50.5,-114,-114
2026-10-10T18:24:13+00:00,8e5d515b10d8a5ffb324640ed60bcc55,2026-10-11T20:25:00Z,SF @ SEA,SEA,SF,Christian McCaffrey,recY,fanduel,35.5,-114,-114
2026-10-10T18:24:13+00:00,8e5d515b10d8a5ffb324640ed60bcc55,2026-10-11T20:25:00Z,SF @ SEA,SEA,SF,George Holani,recY,fanduel,9.5,-114,-114
2026-10-10T18:24:13+00:00,8e5d515b10d8a5ffb324640ed60bcc55,2026-10-11T20:25:00Z,SF @ SEA,SEA,SF,Tory Horton,recY,fanduel,11.5,-114,-114
2026-10-10T18:24:13+00:00,8e5d515b10d8a5ffb324640ed60bcc55,2026-10-11T20:25:00Z,SF @ SEA,SEA,SF,AJ Barner,recY,fanduel,21.5,-114,-114
2026-10-10T18:24:13+00:00,8e5d515b10d8a5ffb324640ed60bcc55,2026-10-11T20:25:00Z,SF @ SEA,SEA,SF,Emanuel Wilson,recY,fanduel,11.5,-114,-114
2026-10-10T18:24:13+00:00,8e5d515b10d8a5ffb324640ed60bcc55,2026-10-11T20:25:00Z,SF @ SEA,SEA,SF,Deebo Samuel,recY,fanduel,34.5,-114,-114
2026-10-10T18:24:13+00:00,8e5d515b10d8a5ffb324640ed60bcc55,2026-10-11T20:25:00Z,SF @ SEA,SEA,SF,Cooper Kupp,recY,fanduel,23.5,-114,-114
2026-10-10T18:24:13+00:00,8e5d515b10d8a5ffb324640ed60bcc55,2026-10-11T20:25:00Z,SF @ SEA,SEA,SF,Rashid Shaheed,recY,fanduel,20.5,-114,-114
2026-10-10T18:24:13+00:00,8e5d515b10d8a5ffb324640ed60bcc55,2026-10-11T20:25:00Z,SF @ SEA,SEA,SF,George Kittle,recY,fanduel,54.5,-114,-114
2026-10-10T18:24:13+00:00,8e5d515b10d8a5ffb324640ed60bcc55,2026-10-11T20:25:00Z,SF @ SEA,SEA,SF,Jaxon Smith-Njigba,recY,fanduel,94.5,-114,-114
2026-10-10T18:24:13+00:00,8e5d515b10d8a5ffb324640ed60bcc55,2026-10-11T20:25:00Z,SF @ SEA,SEA,SF,AJ Barner,rec,fanduel,2.5,-108,-122
2026-10-10T18:24:13+00:00,8e5d515b10d8a5ffb324640ed60bcc55,2026-10-11T20:25:00Z,SF @ SEA,SEA,SF,Jaxon Smith-Njigba,rec,fanduel,6.5,-130,-102
2026-10-10T18:24:13+00:00,8e5d515b10d8a5ffb324640ed60bcc55,2026-10-11T20:25:00Z,SF @ SEA,SEA,SF,Emanuel Wilson,rec,fanduel,1.5,-158,118
2026-10-10T18:24:13+00:00,8e5d515b10d8a5ffb324640ed60bcc55,2026-10-11T20:25:00Z,SF @ SEA,SEA,SF,George Holani,rec,fanduel,1.5,-162,122
2026-10-10T18:24:13+00:00,8e5d515b10d8a5ffb324640ed60bcc55,2026-10-11T20:25:00Z,SF @ SEA,SEA,SF,Christian McCaffrey,rec,fanduel,4.5,-125,-106
2026-10-10T18:24:13+00:00,8e5d515b10d8a5ffb324640ed60bcc55,2026-10-11T20:25:00Z,SF @ SEA,SEA,SF,Cooper Kupp,rec,fanduel,2.5,116,-154
2026-10-10T18:24:13+00:00,8e5d515b10d8a5ffb324640ed60bcc55,2026-10-11T20:25:00Z,SF @ SEA,SEA,SF,George Kittle,rec,fanduel,4.5,-106,-125
2026-10-10T18:24:13+00:00,8e5d515b10d8a5ffb324640ed60bcc55,2026-10-11T20:25:00Z,SF @ SEA,SEA,SF,Rashid Shaheed,rec,fanduel,1.5,-188,140
2026-10-10T18:24:13+00:00,8e5d515b10d8a5ffb324640ed60bcc55,2026-10-11T20:25:00Z,SF @ SEA,SEA,SF,Mike Evans,rec,fanduel,3.5,-180,134
2026-10-10T18:24:13+00:00,8e5d515b10d8a5ffb324640ed60bcc55,2026-10-11T20:25:00Z,SF @ SEA,SEA,SF,Deebo Samuel,rec,fanduel,3.5,-130,-102
2026-10-10T18:24:13+00:00,8e5d515b10d8a5ffb324640ed60bcc55,2026-10-11T20:25:00Z,SF @ SEA,SEA,SF,Tory Horton,rec,fanduel,1.5,148,-200
2026-10-10T18:24:13+00:00,8e5d515b10d8a5ffb324640ed60bcc55,2026-10-11T20:25:00Z,SF @ SEA,SEA,SF,Kaelon Black,rushY,fanduel,16.5,-114,-114
2026-10-10T18:24:13+00:00,8e5d515b10d8a5ffb324640ed60bcc55,2026-10-11T20:25:00Z,SF @ SEA,SEA,SF,Brock Purdy,rushY,fanduel,23.5,-114,-114
2026-10-10T18:24:13+00:00,8e5d515b10d8a5ffb324640ed60bcc55,2026-10-11T20:25:00Z,SF @ SEA,SEA,SF,Christian McCaffrey,rushY,fanduel,49.5,-114,-114
2026-10-10T18:24:13+00:00,8e5d515b10d8a5ffb324640ed60bcc55,2026-10-11T20:25:00Z,SF @ SEA,SEA,SF,Emanuel Wilson,rushY,fanduel,62.5,-114,-114
2026-10-10T18:24:13+00:00,8e5d515b10d8a5ffb324640ed60bcc55,2026-10-11T20:25:00Z,SF @ SEA,SEA,SF,George Holani,rushY,fanduel,19.5,-114,-114
2026-10-10T18:24:13+00:00,8e5d515b10d8a5ffb324640ed60bcc55,2026-10-11T20:25:00Z,SF @ SEA,SEA,SF,Sam Darnold,rushY,fanduel,4.5,-120,-108
2026-10-10T18:24:13+00:00,8e5d515b10d8a5ffb324640ed60bcc55,2026-10-11T20:25:00Z,SF @ SEA,SEA,SF,Deebo Samuel,rushY,fanduel,8.5,-114,-114
2026-10-10T18:24:13+00:00,8e5d515b10d8a5ffb324640ed60bcc55,2026-10-11T20:25:00Z,SF @ SEA,SEA,SF,Osa Odighizuwa,sacks,fanduel,0.5,230,
2026-10-10T18:24:13+00:00,8e5d515b10d8a5ffb324640ed60bcc55,2026-10-11T20:25:00Z,SF @ SEA,SEA,SF,Leonard Williams,sacks,fanduel,0.5,300,
2026-10-10T18:24:13+00:00,8e5d515b10d8a5ffb324640ed60bcc55,2026-10-11T20:25:00Z,SF @ SEA,SEA,SF,Keion White,sacks,fanduel,0.5,320,
2026-10-10T18:24:13+00:00,8e5d515b10d8a5ffb324640ed60bcc55,2026-10-11T20:25:00Z,SF @ SEA,SEA,SF,DeMarcus Lawrence,sacks,fanduel,0.5,350,
2026-10-10T18:24:13+00:00,8e5d515b10d8a5ffb324640ed60bcc55,2026-10-11T20:25:00Z,SF @ SEA,SEA,SF,Byron Murphy II,sacks,fanduel,0.5,450,
2026-10-10T18:24:13+00:00,8e5d515b10d8a5ffb324640ed60bcc55,2026-10-11T20:25:00Z,SF @ SEA,SEA,SF,Derick Hall,sacks,fanduel,0.5,550,
2026-10-10T18:24:13+00:00,8e5d515b10d8a5ffb324640ed60bcc55,2026-10-11T20:25:00Z,SF @ SEA,SEA,SF,Romello Height,sacks,fanduel,0.5,580,
2026-10-10T18:24:13+00:00,8e5d515b10d8a5ffb324640ed60bcc55,2026-10-11T20:25:00Z,SF @ SEA,SEA,SF,Fred Warner,sacks,fanduel,0.5,750,
2026-10-10T18:24:13+00:00,8e5d515b10d8a5ffb324640ed60bcc55,2026-10-11T20:25:00Z,SF @ SEA,SEA,SF,Nick Emmanwori,sacks,fanduel,0.5,920,
2026-10-10T18:24:13+00:00,8e5d515b10d8a5ffb324640ed60bcc55,2026-10-11T20:25:00Z,SF @ SEA,SEA,SF,Sam Darnold,comp,betrivers,19.5,-134,
2026-10-10T18:24:13+00:00,8e5d515b10d8a5ffb324640ed60bcc55,2026-10-11T20:25:00Z,SF @ SEA,SEA,SF,Brock Purdy,comp,betrivers,21.5,-106,
2026-10-10T18:24:13+00:00,8e5d515b10d8a5ffb324640ed60bcc55,2026-10-11T20:25:00Z,SF @ SEA,SEA,SF,Sam Darnold,passY,betrivers,232.5,-115,-114
2026-10-10T18:24:13+00:00,8e5d515b10d8a5ffb324640ed60bcc55,2026-10-11T20:25:00Z,SF @ SEA,SEA,SF,Brock Purdy,passY,betrivers,226.5,-115,-115
2026-10-10T18:24:13+00:00,8e5d515b10d8a5ffb324640ed60bcc55,2026-10-11T20:25:00Z,SF @ SEA,SEA,SF,George Kittle,recY,betrivers,53.5,-117,-113
2026-10-10T18:24:13+00:00,8e5d515b10d8a5ffb324640ed60bcc55,2026-10-11T20:25:00Z,SF @ SEA,SEA,SF,Cooper Kupp,recY,betrivers,23.5,-120,-112
2026-10-10T18:24:13+00:00,8e5d515b10d8a5ffb324640ed60bcc55,2026-10-11T20:25:00Z,SF @ SEA,SEA,SF,George Holani,recY,betrivers,8.5,-121,-110
2026-10-10T18:24:13+00:00,8e5d515b10d8a5ffb324640ed60bcc55,2026-10-11T20:25:00Z,SF @ SEA,SEA,SF,Deebo Samuel,recY,betrivers,33.5,-117,-114
2026-10-10T18:24:13+00:00,8e5d515b10d8a5ffb324640ed60bcc55,2026-10-11T20:25:00Z,SF @ SEA,SEA,SF,Mike Evans,recY,betrivers,50.5,-114,-117
2026-10-10T18:24:13+00:00,8e5d515b10d8a5ffb324640ed60bcc55,2026-10-11T20:25:00Z,SF @ SEA,SEA,SF,Christian McCaffrey,recY,betrivers,35.5,-115,-115
2026-10-10T18:24:13+00:00,8e5d515b10d8a5ffb324640ed60bcc55,2026-10-11T20:25:00Z,SF @ SEA,SEA,SF,Rashid Shaheed,recY,betrivers,21.5,-114,-115
2026-10-10T18:24:13+00:00,8e5d515b10d8a5ffb324640ed60bcc55,2026-10-11T20:25:00Z,SF @ SEA,SEA,SF,Tory Horton,recY,betrivers,9.5,-114,-117
2026-10-10T18:24:13+00:00,8e5d515b10d8a5ffb324640ed60bcc55,2026-10-11T20:25:00Z,SF @ SEA,SEA,SF,Emanuel Wilson,recY,betrivers,11.5,-109,-122
2026-10-10T18:24:13+00:00,8e5d515b10d8a5ffb324640ed60bcc55,2026-10-11T20:25:00Z,SF @ SEA,SEA,SF,Jaxon Smith-Njigba,recY,betrivers,95.5,-117,-114
2026-10-10T18:24:13+00:00,8e5d515b10d8a5ffb324640ed60bcc55,2026-10-11T20:25:00Z,SF @ SEA,SEA,SF,AJ Barner,recY,betrivers,22.5,-117,-114
2026-10-10T18:24:13+00:00,8e5d515b10d8a5ffb324640ed60bcc55,2026-10-11T20:25:00Z,SF @ SEA,SEA,SF,Cooper Kupp,rec,betrivers,2.5,118,
2026-10-10T18:24:13+00:00,8e5d515b10d8a5ffb324640ed60bcc55,2026-10-11T20:25:00Z,SF @ SEA,SEA,SF,Deebo Samuel,rec,betrivers,3.5,-110,
2026-10-10T18:24:13+00:00,8e5d515b10d8a5ffb324640ed60bcc55,2026-10-11T20:25:00Z,SF @ SEA,SEA,SF,George Kittle,rec,betrivers,4.5,-117,
2026-10-10T18:24:13+00:00,8e5d515b10d8a5ffb324640ed60bcc55,2026-10-11T20:25:00Z,SF @ SEA,SEA,SF,Tory Horton,rec,betrivers,1.5,160,
2026-10-10T18:24:13+00:00,8e5d515b10d8a5ffb324640ed60bcc55,2026-10-11T20:25:00Z,SF @ SEA,SEA,SF,Mike Evans,rec,betrivers,3.5,-165,
2026-10-10T18:24:13+00:00,8e5d515b10d8a5ffb324640ed60bcc55,2026-10-11T20:25:00Z,SF @ SEA,SEA,SF,Emanuel Wilson,rec,betrivers,1.5,-167,
2026-10-10T18:24:13+00:00,8e5d515b10d8a5ffb324640ed60bcc55,2026-10-11T20:25:00Z,SF @ SEA,SEA,SF,Rashid Shaheed,rec,betrivers,1.5,-180,
2026-10-10T18:24:13+00:00,8e5d515b10d8a5ffb324640ed60bcc55,2026-10-11T20:25:00Z,SF @ SEA,SEA,SF,AJ Barner,rec,betrivers,2.5,-108,
2026-10-10T18:24:13+00:00,8e5d515b10d8a5ffb324640ed60bcc55,2026-10-11T20:25:00Z,SF @ SEA,SEA,SF,Jaxon Smith-Njigba,rec,betrivers,6.5,-141,
2026-10-10T18:24:13+00:00,8e5d515b10d8a5ffb324640ed60bcc55,2026-10-11T20:25:00Z,SF @ SEA,SEA,SF,Christian McCaffrey,rec,betrivers,4.5,-132,
2026-10-10T18:24:13+00:00,8e5d515b10d8a5ffb324640ed60bcc55,2026-10-11T20:25:00Z,SF @ SEA,SEA,SF,Emanuel Wilson,rushY,betrivers,63.5,-118,-112
2026-10-10T18:24:13+00:00,8e5d515b10d8a5ffb324640ed60bcc55,2026-10-11T20:25:00Z,SF @ SEA,SEA,SF,Brock Purdy,rushY,betrivers,23.5,-113,-118
2026-10-10T18:24:13+00:00,8e5d515b10d8a5ffb324640ed60bcc55,2026-10-11T20:25:00Z,SF @ SEA,SEA,SF,Sam Darnold,rushY,betrivers,5.5,-106,-125
2026-10-10T18:24:13+00:00,8e5d515b10d8a5ffb324640ed60bcc55,2026-10-11T20:25:00Z,SF @ SEA,SEA,SF,George Holani,rushY,betrivers,20.5,-110,-121
2026-10-10T18:24:13+00:00,8e5d515b10d8a5ffb324640ed60bcc55,2026-10-11T20:25:00Z,SF @ SEA,SEA,SF,Christian McCaffrey,rushY,betrivers,50.5,-114,-117
2026-10-10T18:24:13+00:00,8e5d515b10d8a5ffb324640ed60bcc55,2026-10-11T20:25:00Z,SF @ SEA,SEA,SF,Kaelon Black,rushY,betrivers,14.5,-122,-109
2026-10-10T18:24:13+00:00,8e5d515b10d8a5ffb324640ed60bcc55,2026-10-11T20:25:00Z,SF @ SEA,SEA,SF,Brock Purdy,comp,betmgm,21.5,100,-135
2026-10-10T18:24:13+00:00,8e5d515b10d8a5ffb324640ed60bcc55,2026-10-11T20:25:00Z,SF @ SEA,SEA,SF,Sam Darnold,comp,betmgm,20.5,-125,-105
2026-10-10T18:24:13+00:00,8e5d515b10d8a5ffb324640ed60bcc55,2026-10-11T20:25:00Z,SF @ SEA,SEA,SF,Brock Purdy,passY,betmgm,227.5,-105,-130
2026-10-10T18:24:13+00:00,8e5d515b10d8a5ffb324640ed60bcc55,2026-10-11T20:25:00Z,SF @ SEA,SEA,SF,Sam Darnold,passY,betmgm,228.5,-120,-110
2026-10-10T18:24:13+00:00,8e5d515b10d8a5ffb324640ed60bcc55,2026-10-11T20:25:00Z,SF @ SEA,SEA,SF,AJ Barner,recY,betmgm,22.5,-115,-115
2026-10-10T18:24:13+00:00,8e5d515b10d8a5ffb324640ed60bcc55,2026-10-11T20:25:00Z,SF @ SEA,SEA,SF,George Kittle,recY,betmgm,54.5,-110,-120
2026-10-10T18:24:13+00:00,8e5d515b10d8a5ffb324640ed60bcc55,2026-10-11T20:25:00Z,SF @ SEA,SEA,SF,Cooper Kupp,recY,betmgm,22.5,-111,-120
2026-10-10T18:24:13+00:00,8e5d515b10d8a5ffb324640ed60bcc55,2026-10-11T20:25:00Z,SF @ SEA,SEA,SF,Mike Evans,recY,betmgm,51.5,-115,-115
2026-10-10T18:24:13+00:00,8e5d515b10d8a5ffb324640ed60bcc55,2026-10-11T20:25:00Z,SF @ SEA,SEA,SF,Christian McCaffrey,recY,betmgm,36.5,-111,-118
2026-10-10T18:24:13+00:00,8e5d515b10d8a5ffb324640ed60bcc55,2026-10-11T20:25:00Z,SF @ SEA,SEA,SF,Emanuel Wilson,recY,betmgm,10.5,-110,-120
2026-10-10T18:24:13+00:00,8e5d515b10d8a5ffb324640ed60bcc55,2026-10-11T20:25:00Z,SF @ SEA,SEA,SF,Jaxon Smith-Njigba,recY,betmgm,95.5,-115,-115
2026-10-10T18:24:13+00:00,8e5d515b10d8a5ffb324640ed60bcc55,2026-10-11T20:25:00Z,SF @ SEA,SEA,SF,Deebo Samuel,recY,betmgm,33.5,-120,-111
2026-10-10T18:24:13+00:00,8e5d515b10d8a5ffb324640ed60bcc55,2026-10-11T20:25:00Z,SF @ SEA,SEA,SF,George Holani,recY,betmgm,9.5,-111,-118
2026-10-10T18:24:13+00:00,8e5d515b10d8a5ffb324640ed60bcc55,2026-10-11T20:25:00Z,SF @ SEA,SEA,SF,Rashid Shaheed,recY,betmgm,22.5,-115,-115
2026-10-10T18:24:13+00:00,8e5d515b10d8a5ffb324640ed60bcc55,2026-10-11T20:25:00Z,SF @ SEA,SEA,SF,Rashid Shaheed,rec,betmgm,2.5,140,-190
2026-10-10T18:24:13+00:00,8e5d515b10d8a5ffb324640ed60bcc55,2026-10-11T20:25:00Z,SF @ SEA,SEA,SF,Emanuel Wilson,rec,betmgm,1.5,-155,115
2026-10-10T18:24:13+00:00,8e5d515b10d8a5ffb324640ed60bcc55,2026-10-11T20:25:00Z,SF @ SEA,SEA,SF,George Holani,rec,betmgm,1.5,-145,105
2026-10-10T18:24:13+00:00,8e5d515b10d8a5ffb324640ed60bcc55,2026-10-11T20:25:00Z,SF @ SEA,SEA,SF,AJ Barner,rec,betmgm,2.5,-105,-125
2026-10-10T18:24:13+00:00,8e5d515b10d8a5ffb324640ed60bcc55,2026-10-11T20:25:00Z,SF @ SEA,SEA,SF,Jaxon Smith-Njigba,rec,betmgm,7.5,125,-165
2026-10-10T18:24:13+00:00,8e5d515b10d8a5ffb324640ed60bcc55,2026-10-11T20:25:00Z,SF @ SEA,SEA,SF,George Kittle,rec,betmgm,4.5,-125,-105
2026-10-10T18:24:13+00:00,8e5d515b10d8a5ffb324640ed60bcc55,2026-10-11T20:25:00Z,SF @ SEA,SEA,SF,Deebo Samuel,rec,betmgm,3.5,-118,-111
2026-10-10T18:24:13+00:00,8e5d515b10d8a5ffb324640ed60bcc55,2026-10-11T20:25:00Z,SF @ SEA,SEA,SF,Mike Evans,rec,betmgm,4.5,125,-165
2026-10-10T18:24:13+00:00,8e5d515b10d8a5ffb324640ed60bcc55,2026-10-11T20:25:00Z,SF @ SEA,SEA,SF,Christian McCaffrey,rec,betmgm,4.5,-145,105
2026-10-10T18:24:13+00:00,8e5d515b10d8a5ffb324640ed60bcc55,2026-10-11T20:25:00Z,SF @ SEA,SEA,SF,Cooper Kupp,rec,betmgm,2.5,110,-150
2026-10-10T18:24:13+00:00,8e5d515b10d8a5ffb324640ed60bcc55,2026-10-11T20:25:00Z,SF @ SEA,SEA,SF,Kaelon Black,rushY,betmgm,15.5,-115,-115
2026-10-10T18:24:13+00:00,8e5d515b10d8a5ffb324640ed60bcc55,2026-10-11T20:25:00Z,SF @ SEA,SEA,SF,Brock Purdy,rushY,betmgm,20.5,-175,130
2026-10-10T18:24:13+00:00,8e5d515b10d8a5ffb324640ed60bcc55,2026-10-11T20:25:00Z,SF @ SEA,SEA,SF,Emanuel Wilson,rushY,betmgm,64.5,-115,-115
2026-10-10T18:24:13+00:00,8e5d515b10d8a5ffb324640ed60bcc55,2026-10-11T20:25:00Z,SF @ SEA,SEA,SF,George Holani,rushY,betmgm,20.5,-110,-120
2026-10-10T18:24:13+00:00,8e5d515b10d8a5ffb324640ed60bcc55,2026-10-11T20:25:00Z,SF @ SEA,SEA,SF,Sam Darnold,rushY,betmgm,5.5,-110,-120
2026-10-10T18:24:13+00:00,8e5d515b10d8a5ffb324640ed60bcc55,2026-10-11T20:25:00Z,SF @ SEA,SEA,SF,Christian McCaffrey,rushY,betmgm,50.5,-115,-115
2026-10-10T18:24:13+00:00,8e5d515b10d8a5ffb324640ed60bcc55,2026-10-11T20:25:00Z,SF @ SEA,SEA,SF,Brock Purdy,comp,underdog,20.5,-137,-137
2026-10-10T18:24:13+00:00,8e5d515b10d8a5ffb324640ed60bcc55,2026-10-11T20:25:00Z,SF @ SEA,SEA,SF,Sam Darnold,comp,underdog,20.5,-137,-137
2026-10-10T18:24:13+00:00,8e5d515b10d8a5ffb324640ed60bcc55,2026-10-11T20:25:00Z,SF @ SEA,SEA,SF,Mike Evans,recY,underdog,49.5,-137,-137
2026-10-10T18:24:13+00:00,8e5d515b10d8a5ffb324640ed60bcc55,2026-10-11T20:25:00Z,SF @ SEA,SEA,SF,Cooper Kupp,recY,underdog,24.5,-137,-137
2026-10-10T18:24:13+00:00,8e5d515b10d8a5ffb324640ed60bcc55,2026-10-11T20:25:00Z,SF @ SEA,SEA,SF,George Kittle,rec,underdog,4.5,-137,-137
2026-10-10T18:24:13+00:00,8e5d515b10d8a5ffb324640ed60bcc55,2026-10-11T20:25:00Z,SF @ SEA,SEA,SF,AJ Barner,rec,underdog,2.5,-137,-137
2026-10-10T18:24:13+00:00,8e5d515b10d8a5ffb324640ed60bcc55,2026-10-11T20:25:00Z,SF @ SEA,SEA,SF,Christian McCaffrey,rushY,underdog,49.5,-137,-137
2026-10-10T18:24:13+00:00,8e5d515b10d8a5ffb324640ed60bcc55,2026-10-11T20:25:00Z,SF @ SEA,SEA,SF,Brock Purdy,rushY,underdog,24.5,-137,-137
2026-10-10T18:24:13+00:00,8e5d515b10d8a5ffb324640ed60bcc55,2026-10-11T20:25:00Z,SF @ SEA,SEA,SF,Sam Darnold,rushY,underdog,4.5,-137,-137
2026-10-10T18:24:13+00:00,8e5d515b10d8a5ffb324640ed60bcc55,2026-10-11T20:25:00Z,SF @ SEA,SEA,SF,George Holani,rushY,underdog,19.5,-137,-137
2026-10-10T18:24:13+00:00,8e5d515b10d8a5ffb324640ed60bcc55,2026-10-11T20:25:00Z,SF @ SEA,SEA,SF,Brock Purdy,comp,espnbet,20.5,-120,-110
2026-10-10T18:24:13+00:00,8e5d515b10d8a5ffb324640ed60bcc55,2026-10-11T20:25:00Z,SF @ SEA,SEA,SF,Sam Darnold,comp,espnbet,20.5,-120,-110
2026-10-10T18:24:13+00:00,8e5d515b10d8a5ffb324640ed60bcc55,2026-10-11T20:25:00Z,SF @ SEA,SEA,SF,Sam Darnold,passY,espnbet,234.5,-110,-120
2026-10-10T18:24:13+00:00,8e5d515b10d8a5ffb324640ed60bcc55,2026-10-11T20:25:00Z,SF @ SEA,SEA,SF,Brock Purdy,passY,espnbet,224.5,-105,-125
2026-10-10T18:24:13+00:00,8e5d515b10d8a5ffb324640ed60bcc55,2026-10-11T20:25:00Z,SF @ SEA,SEA,SF,Jaxon Smith-Njigba,recY,espnbet,99.5,-105,-125
2026-10-10T18:24:13+00:00,8e5d515b10d8a5ffb324640ed60bcc55,2026-10-11T20:25:00Z,SF @ SEA,SEA,SF,George Kittle,recY,espnbet,54.5,-105,-125
2026-10-10T18:24:13+00:00,8e5d515b10d8a5ffb324640ed60bcc55,2026-10-11T20:25:00Z,SF @ SEA,SEA,SF,Mike Evans,recY,espnbet,49.5,-110,-120
2026-10-10T18:24:13+00:00,8e5d515b10d8a5ffb324640ed60bcc55,2026-10-11T20:25:00Z,SF @ SEA,SEA,SF,Cooper Kupp,recY,espnbet,25.5,105,-135
2026-10-10T18:24:13+00:00,8e5d515b10d8a5ffb324640ed60bcc55,2026-10-11T20:25:00Z,SF @ SEA,SEA,SF,Rashid Shaheed,recY,espnbet,19.5,-125,-105
2026-10-10T18:24:13+00:00,8e5d515b10d8a5ffb324640ed60bcc55,2026-10-11T20:25:00Z,SF @ SEA,SEA,SF,AJ Barner,recY,espnbet,24.5,-105,-125
2026-10-10T18:24:13+00:00,8e5d515b10d8a5ffb324640ed60bcc55,2026-10-11T20:25:00Z,SF @ SEA,SEA,SF,Christian McCaffrey,recY,espnbet,34.5,-110,-120
2026-10-10T18:24:13+00:00,8e5d515b10d8a5ffb324640ed60bcc55,2026-10-11T20:25:00Z,SF @ SEA,SEA,SF,Tory Horton,recY,espnbet,9.5,-135,105
2026-10-10T18:24:13+00:00,8e5d515b10d8a5ffb324640ed60bcc55,2026-10-11T20:25:00Z,SF @ SEA,SEA,SF,George Holani,recY,espnbet,9.5,-115,-115
2026-10-10T18:24:13+00:00,8e5d515b10d8a5ffb324640ed60bcc55,2026-10-11T20:25:00Z,SF @ SEA,SEA,SF,Emanuel Wilson,recY,espnbet,11.5,-125,-105
2026-10-10T18:24:13+00:00,8e5d515b10d8a5ffb324640ed60bcc55,2026-10-11T20:25:00Z,SF @ SEA,SEA,SF,Jaxon Smith-Njigba,rec,espnbet,6.5,-140,110
2026-10-10T18:24:13+00:00,8e5d515b10d8a5ffb324640ed60bcc55,2026-10-11T20:25:00Z,SF @ SEA,SEA,SF,George Kittle,rec,espnbet,4.5,-125,-105
2026-10-10T18:24:13+00:00,8e5d515b10d8a5ffb324640ed60bcc55,2026-10-11T20:25:00Z,SF @ SEA,SEA,SF,Christian McCaffrey,rec,espnbet,4.5,-130,100
2026-10-10T18:24:13+00:00,8e5d515b10d8a5ffb324640ed60bcc55,2026-10-11T20:25:00Z,SF @ SEA,SEA,SF,Mike Evans,rec,espnbet,3.5,-150,115
2026-10-10T18:24:13+00:00,8e5d515b10d8a5ffb324640ed60bcc55,2026-10-11T20:25:00Z,SF @ SEA,SEA,SF,Cooper Kupp,rec,espnbet,2.5,110,-140
2026-10-10T18:24:13+00:00,8e5d515b10d8a5ffb324640ed60bcc55,2026-10-11T20:25:00Z,SF @ SEA,SEA,SF,George Holani,rec,espnbet,1.5,-190,140
2026-10-10T18:24:13+00:00,8e5d515b10d8a5ffb324640ed60bcc55,2026-10-11T20:25:00Z,SF @ SEA,SEA,SF,Rashid Shaheed,rec,espnbet,2.5,150,-200
2026-10-10T18:24:13+00:00,8e5d515b10d8a5ffb324640ed60bcc55,2026-10-11T20:25:00Z,SF @ SEA,SEA,SF,AJ Barner,rec,espnbet,2.5,-105,-125
2026-10-10T18:24:13+00:00,8e5d515b10d8a5ffb324640ed60bcc55,2026-10-11T20:25:00Z,SF @ SEA,SEA,SF,Emanuel Wilson,rec,espnbet,1.5,-180,135
2026-10-10T18:24:13+00:00,8e5d515b10d8a5ffb324640ed60bcc55,2026-10-11T20:25:00Z,SF @ SEA,SEA,SF,Tory Horton,rec,espnbet,1.5,150,-200
2026-10-10T18:24:13+00:00,8e5d515b10d8a5ffb324640ed60bcc55,2026-10-11T20:25:00Z,SF @ SEA,SEA,SF,Emanuel Wilson,rushY,espnbet,64.5,-110,-120
2026-10-10T18:24:13+00:00,8e5d515b10d8a5ffb324640ed60bcc55,2026-10-11T20:25:00Z,SF @ SEA,SEA,SF,Christian McCaffrey,rushY,espnbet,49.5,-115,-115
2026-10-10T18:24:13+00:00,8e5d515b10d8a5ffb324640ed60bcc55,2026-10-11T20:25:00Z,SF @ SEA,SEA,SF,George Holani,rushY,espnbet,19.5,-130,100
2026-10-10T18:24:13+00:00,8e5d515b10d8a5ffb324640ed60bcc55,2026-10-11T20:25:00Z,SF @ SEA,SEA,SF,Kaelon Black,rushY,espnbet,14.5,-135,105
2026-10-10T18:24:13+00:00,8e5d515b10d8a5ffb324640ed60bcc55,2026-10-11T20:25:00Z,SF @ SEA,SEA,SF,Brock Purdy,rushY,espnbet,24.5,-130,100
2026-10-10T18:24:13+00:00,8e5d515b10d8a5ffb324640ed60bcc55,2026-10-11T20:25:00Z,SF @ SEA,SEA,SF,Sam Darnold,rushY,espnbet,5.5,100,-130
2026-10-10T18:24:13+00:00,8e5d515b10d8a5ffb324640ed60bcc55,2026-10-11T20:25:00Z,SF @ SEA,SEA,SF,Brock Purdy,comp,prizepicks,21.0,-137,-137
2026-10-10T18:24:13+00:00,8e5d515b10d8a5ffb324640ed60bcc55,2026-10-11T20:25:00Z,SF @ SEA,SEA,SF,Sam Darnold,comp,prizepicks,20.0,-137,-137
2026-10-10T18:24:13+00:00,8e5d515b10d8a5ffb324640ed60bcc55,2026-10-11T20:25:00Z,SF @ SEA,SEA,SF,Sam Darnold,passY,prizepicks,230.5,-137,-137
2026-10-10T18:24:13+00:00,8e5d515b10d8a5ffb324640ed60bcc55,2026-10-11T20:25:00Z,SF @ SEA,SEA,SF,Brock Purdy,passY,prizepicks,225.5,-137,-137
2026-10-10T18:24:13+00:00,8e5d515b10d8a5ffb324640ed60bcc55,2026-10-11T20:25:00Z,SF @ SEA,SEA,SF,Jaxon Smith-Njigba,recY,prizepicks,93.5,-137,-137
2026-10-10T18:24:13+00:00,8e5d515b10d8a5ffb324640ed60bcc55,2026-10-11T20:25:00Z,SF @ SEA,SEA,SF,George Kittle,recY,prizepicks,52.5,-137,-137
2026-10-10T18:24:13+00:00,8e5d515b10d8a5ffb324640ed60bcc55,2026-10-11T20:25:00Z,SF @ SEA,SEA,SF,Mike Evans,recY,prizepicks,50.5,-137,-137
2026-10-10T18:24:13+00:00,8e5d515b10d8a5ffb324640ed60bcc55,2026-10-11T20:25:00Z,SF @ SEA,SEA,SF,Christian McCaffrey,recY,prizepicks,36.5,-137,-137
2026-10-10T18:24:13+00:00,8e5d515b10d8a5ffb324640ed60bcc55,2026-10-11T20:25:00Z,SF @ SEA,SEA,SF,Deebo Samuel,recY,prizepicks,34.5,-137,-137
2026-10-10T18:24:13+00:00,8e5d515b10d8a5ffb324640ed60bcc55,2026-10-11T20:25:00Z,SF @ SEA,SEA,SF,Cooper Kupp,recY,prizepicks,23.5,-137,-137
2026-10-10T18:24:13+00:00,8e5d515b10d8a5ffb324640ed60bcc55,2026-10-11T20:25:00Z,SF @ SEA,SEA,SF,AJ Barner,recY,prizepicks,22.5,-137,-137
2026-10-10T18:24:13+00:00,8e5d515b10d8a5ffb324640ed60bcc55,2026-10-11T20:25:00Z,SF @ SEA,SEA,SF,Rashid Shaheed,recY,prizepicks,20.5,-137,-137
2026-10-10T18:24:13+00:00,8e5d515b10d8a5ffb324640ed60bcc55,2026-10-11T20:25:00Z,SF @ SEA,SEA,SF,Emanuel Wilson,recY,prizepicks,11.5,-137,-137
2026-10-10T18:24:13+00:00,8e5d515b10d8a5ffb324640ed60bcc55,2026-10-11T20:25:00Z,SF @ SEA,SEA,SF,Tory Horton,recY,prizepicks,11.5,-137,-137
2026-10-10T18:24:13+00:00,8e5d515b10d8a5ffb324640ed60bcc55,2026-10-11T20:25:00Z,SF @ SEA,SEA,SF,George Holani,recY,prizepicks,9.5,-137,-137
2026-10-10T18:24:13+00:00,8e5d515b10d8a5ffb324640ed60bcc55,2026-10-11T20:25:00Z,SF @ SEA,SEA,SF,Jaxon Smith-Njigba,rec,prizepicks,6.5,-137,-137
2026-10-10T18:24:13+00:00,8e5d515b10d8a5ffb324640ed60bcc55,2026-10-11T20:25:00Z,SF @ SEA,SEA,SF,George Kittle,rec,prizepicks,4.5,-137,-137
2026-10-10T18:24:13+00:00,8e5d515b10d8a5ffb324640ed60bcc55,2026-10-11T20:25:00Z,SF @ SEA,SEA,SF,Mike Evans,rec,prizepicks,4.0,-137,-137
2026-10-10T18:24:13+00:00,8e5d515b10d8a5ffb324640ed60bcc55,2026-10-11T20:25:00Z,SF @ SEA,SEA,SF,Deebo Samuel,rec,prizepicks,3.5,-137,-137
2026-10-10T18:24:13+00:00,8e5d515b10d8a5ffb324640ed60bcc55,2026-10-11T20:25:00Z,SF @ SEA,SEA,SF,AJ Barner,rec,prizepicks,2.5,-137,-137
2026-10-10T18:24:13+00:00,8e5d515b10d8a5ffb324640ed60bcc55,2026-10-11T20:25:00Z,SF @ SEA,SEA,SF,Rashid Shaheed,rec,prizepicks,2.0,-137,-137
2026-10-10T18:24:13+00:00,8e5d515b10d8a5ffb324640ed60bcc55,2026-10-11T20:25:00Z,SF @ SEA,SEA,SF,Emanuel Wilson,rushY,prizepicks,64.5,-137,-137
2026-10-10T18:24:13+00:00,8e5d515b10d8a5ffb324640ed60bcc55,2026-10-11T20:25:00Z,SF @ SEA,SEA,SF,Christian McCaffrey,rushY,prizepicks,50.5,-137,-137
2026-10-10T18:24:13+00:00,8e5d515b10d8a5ffb324640ed60bcc55,2026-10-11T20:25:00Z,SF @ SEA,SEA,SF,Brock Purdy,rushY,prizepicks,23.5,-137,-137
2026-10-10T18:24:13+00:00,8e5d515b10d8a5ffb324640ed60bcc55,2026-10-11T20:25:00Z,SF @ SEA,SEA,SF,George Holani,rushY,prizepicks,20.5,-137,-137
2026-10-10T18:24:13+00:00,8e5d515b10d8a5ffb324640ed60bcc55,2026-10-11T20:25:00Z,SF @ SEA,SEA,SF,Kaelon Black,rushY,prizepicks,16.5,-137,-137
2026-10-10T18:24:13+00:00,8e5d515b10d8a5ffb324640ed60bcc55,2026-10-11T20:25:00Z,SF @ SEA,SEA,SF,Deebo Samuel,rushY,prizepicks,8.5,-137,-137
2026-10-10T18:24:13+00:00,8e5d515b10d8a5ffb324640ed60bcc55,2026-10-11T20:25:00Z,SF @ SEA,SEA,SF,Sam Darnold,rushY,prizepicks,4.5,-137,-137
2026-10-10T18:24:13+00:00,8e5d515b10d8a5ffb324640ed60bcc55,2026-10-11T20:25:00Z,SF @ SEA,SEA,SF,Sam Darnold,comp,fanatics,20.5,-120,-125
2026-10-10T18:24:13+00:00,8e5d515b10d8a5ffb324640ed60bcc55,2026-10-11T20:25:00Z,SF @ SEA,SEA,SF,Sam Darnold,passY,fanatics,230.5,-110,-120
2026-10-10T18:24:13+00:00,8e5d515b10d8a5ffb324640ed60bcc55,2026-10-11T20:25:00Z,SF @ SEA,SEA,SF,Cooper Kupp,recY,fanatics,25.5,-110,-135
2026-10-10T18:24:13+00:00,8e5d515b10d8a5ffb324640ed60bcc55,2026-10-11T20:25:00Z,SF @ SEA,SEA,SF,Mike Evans,rec,fanatics,4.5,135,-210
2026-10-10T18:24:13+00:00,8e5d515b10d8a5ffb324640ed60bcc55,2026-10-11T20:25:00Z,SF @ SEA,SEA,SF,Christian McCaffrey,rushY,fanatics,50.5,-115,-135
2026-10-10T18:24:13+00:00,8e5d515b10d8a5ffb324640ed60bcc55,2026-10-11T20:25:00Z,SF @ SEA,SEA,SF,Sam Darnold,passY,pick6,234.5,-137,-137
2026-10-10T18:24:13+00:00,8e5d515b10d8a5ffb324640ed60bcc55,2026-10-11T20:25:00Z,SF @ SEA,SEA,SF,Brock Purdy,passY,pick6,226.5,-137,-137
2026-10-10T18:24:13+00:00,8e5d515b10d8a5ffb324640ed60bcc55,2026-10-11T20:25:00Z,SF @ SEA,SEA,SF,Rashid Shaheed,recY,pick6,20.5,-137,-137
2026-10-10T18:24:13+00:00,8e5d515b10d8a5ffb324640ed60bcc55,2026-10-11T20:25:00Z,SF @ SEA,SEA,SF,Jaxon Smith-Njigba,recY,pick6,97.5,-137,-137
2026-10-10T18:24:13+00:00,8e5d515b10d8a5ffb324640ed60bcc55,2026-10-11T20:25:00Z,SF @ SEA,SEA,SF,Deebo Samuel,recY,pick6,34.5,-137,-137
2026-10-10T18:24:13+00:00,8e5d515b10d8a5ffb324640ed60bcc55,2026-10-11T20:25:00Z,SF @ SEA,SEA,SF,Christian McCaffrey,recY,pick6,35.5,-137,-137
2026-10-10T18:24:13+00:00,8e5d515b10d8a5ffb324640ed60bcc55,2026-10-11T20:25:00Z,SF @ SEA,SEA,SF,Cooper Kupp,recY,pick6,23.5,-137,-137
2026-10-10T18:24:13+00:00,8e5d515b10d8a5ffb324640ed60bcc55,2026-10-11T20:25:00Z,SF @ SEA,SEA,SF,Mike Evans,recY,pick6,49.5,-137,-137
2026-10-10T18:24:13+00:00,8e5d515b10d8a5ffb324640ed60bcc55,2026-10-11T20:25:00Z,SF @ SEA,SEA,SF,George Kittle,recY,pick6,54.5,-137,-137
2026-10-10T18:24:13+00:00,8e5d515b10d8a5ffb324640ed60bcc55,2026-10-11T20:25:00Z,SF @ SEA,SEA,SF,AJ Barner,recY,pick6,22.5,-137,-137
2026-10-10T18:24:13+00:00,8e5d515b10d8a5ffb324640ed60bcc55,2026-10-11T20:25:00Z,SF @ SEA,SEA,SF,Emanuel Wilson,recY,pick6,12.5,-137,-137
2026-10-10T18:24:13+00:00,8e5d515b10d8a5ffb324640ed60bcc55,2026-10-11T20:25:00Z,SF @ SEA,SEA,SF,George Holani,recY,pick6,9.5,-137,-137
2026-10-10T18:24:13+00:00,8e5d515b10d8a5ffb324640ed60bcc55,2026-10-11T20:25:00Z,SF @ SEA,SEA,SF,Tory Horton,recY,pick6,11.5,-137,-137
2026-10-10T18:24:13+00:00,8e5d515b10d8a5ffb324640ed60bcc55,2026-10-11T20:25:00Z,SF @ SEA,SEA,SF,Cooper Kupp,rec,pick6,2.5,-137,
2026-10-10T18:24:13+00:00,8e5d515b10d8a5ffb324640ed60bcc55,2026-10-11T20:25:00Z,SF @ SEA,SEA,SF,Jaxon Smith-Njigba,rec,pick6,6.5,,-137
2026-10-10T18:24:13+00:00,8e5d515b10d8a5ffb324640ed60bcc55,2026-10-11T20:25:00Z,SF @ SEA,SEA,SF,Christian McCaffrey,rec,pick6,4.5,,-137
2026-10-10T18:24:13+00:00,8e5d515b10d8a5ffb324640ed60bcc55,2026-10-11T20:25:00Z,SF @ SEA,SEA,SF,George Kittle,rec,pick6,4.5,-137,-137
2026-10-10T18:24:13+00:00,8e5d515b10d8a5ffb324640ed60bcc55,2026-10-11T20:25:00Z,SF @ SEA,SEA,SF,AJ Barner,rec,pick6,2.5,-137,-137
2026-10-10T18:24:13+00:00,8e5d515b10d8a5ffb324640ed60bcc55,2026-10-11T20:25:00Z,SF @ SEA,SEA,SF,Deebo Samuel,rushY,pick6,9.5,-137,-137
2026-10-10T18:24:13+00:00,8e5d515b10d8a5ffb324640ed60bcc55,2026-10-11T20:25:00Z,SF @ SEA,SEA,SF,Christian McCaffrey,rushY,pick6,50.5,-137,-137
2026-10-10T18:24:13+00:00,8e5d515b10d8a5ffb324640ed60bcc55,2026-10-11T20:25:00Z,SF @ SEA,SEA,SF,Brock Purdy,rushY,pick6,24.5,-137,-137
2026-10-10T18:24:13+00:00,8e5d515b10d8a5ffb324640ed60bcc55,2026-10-11T20:25:00Z,SF @ SEA,SEA,SF,Emanuel Wilson,rushY,pick6,64.5,-137,-137
2026-10-10T18:24:13+00:00,8e5d515b10d8a5ffb324640ed60bcc55,2026-10-11T20:25:00Z,SF @ SEA,SEA,SF,Kaelon Black,rushY,pick6,16.5,-137,-137
2026-10-10T18:24:13+00:00,8e5d515b10d8a5ffb324640ed60bcc55,2026-10-11T20:25:00Z,SF @ SEA,SEA,SF,George Holani,rushY,pick6,20.5,-137,-137
2026-10-10T18:24:13+00:00,8e5d515b10d8a5ffb324640ed60bcc55,2026-10-11T20:25:00Z,SF @ SEA,SEA,SF,Sam Darnold,rushY,pick6,4.5,-137,-137
2026-10-10T18:24:13+00:00,86457f91112732f21ad4bb7d37bd291c,2026-10-12T00:20:00Z,BAL @ ATL,ATL,BAL,Michael Penix Jr.,comp,draftkings,18.5,-109,-117
2026-10-10T18:24:13+00:00,86457f91112732f21ad4bb7d37bd291c,2026-10-12T00:20:00Z,BAL @ ATL,ATL,BAL,Tyler Huntley,comp,draftkings,17.5,-131,103
2026-10-10T18:24:13+00:00,86457f91112732f21ad4bb7d37bd291c,2026-10-12T00:20:00Z,BAL @ ATL,ATL,BAL,Michael Penix Jr.,passY,draftkings,220.5,-112,-112
2026-10-10T18:24:13+00:00,86457f91112732f21ad4bb7d37bd291c,2026-10-12T00:20:00Z,BAL @ ATL,ATL,BAL,Tyler Huntley,passY,draftkings,174.5,-113,-111
2026-10-10T18:24:13+00:00,86457f91112732f21ad4bb7d37bd291c,2026-10-12T00:20:00Z,BAL @ ATL,ATL,BAL,Drake London,recY,draftkings,80.5,-111,-113
2026-10-10T18:24:13+00:00,86457f91112732f21ad4bb7d37bd291c,2026-10-12T00:20:00Z,BAL @ ATL,ATL,BAL,Zay Flowers,recY,draftkings,68.5,-113,-111
2026-10-10T18:24:13+00:00,86457f91112732f21ad4bb7d37bd291c,2026-10-12T00:20:00Z,BAL @ ATL,ATL,BAL,Mark Andrews,recY,draftkings,32.5,-115,-109
2026-10-10T18:24:13+00:00,86457f91112732f21ad4bb7d37bd291c,2026-10-12T00:20:00Z,BAL @ ATL,ATL,BAL,Bijan Robinson,recY,draftkings,26.5,-112,-112
2026-10-10T18:24:13+00:00,86457f91112732f21ad4bb7d37bd291c,2026-10-12T00:20:00Z,BAL @ ATL,ATL,BAL,Kyle Pitts,recY,draftkings,23.5,-115,-109
2026-10-10T18:24:13+00:00,86457f91112732f21ad4bb7d37bd291c,2026-10-12T00:20:00Z,BAL @ ATL,ATL,BAL,Jahan Dotson,recY,draftkings,20.5,-114,-110
2026-10-10T18:24:13+00:00,86457f91112732f21ad4bb7d37bd291c,2026-10-12T00:20:00Z,BAL @ ATL,ATL,BAL,Rashod Bateman,recY,draftkings,17.5,-111,-113
2026-10-10T18:24:13+00:00,86457f91112732f21ad4bb7d37bd291c,2026-10-12T00:20:00Z,BAL @ ATL,ATL,BAL,Devontez Walker,recY,draftkings,8.5,-116,-108
2026-10-10T18:24:13+00:00,86457f91112732f21ad4bb7d37bd291c,2026-10-12T00:20:00Z,BAL @ ATL,ATL,BAL,Justice Hill,recY,draftkings,8.5,-111,-113
2026-10-10T18:24:13+00:00,86457f91112732f21ad4bb7d37bd291c,2026-10-12T00:20:00Z,BAL @ ATL,ATL,BAL,Olamide Zaccheaus,recY,draftkings,8.5,-106,-118
2026-10-10T18:24:13+00:00,86457f91112732f21ad4bb7d37bd291c,2026-10-12T00:20:00Z,BAL @ ATL,ATL,BAL,Derrick Henry,recY,draftkings,5.5,-108,-117
2026-10-10T18:24:13+00:00,86457f91112732f21ad4bb7d37bd291c,2026-10-12T00:20:00Z,BAL @ ATL,ATL,BAL,Drake London,rec,draftkings,5.5,-155,121
2026-10-10T18:24:13+00:00,86457f91112732f21ad4bb7d37bd291c,2026-10-12T00:20:00Z,BAL @ ATL,ATL,BAL,Zay Flowers,rec,draftkings,5.5,-106,-121
2026-10-10T18:24:13+00:00,86457f91112732f21ad4bb7d37bd291c,2026-10-12T00:20:00Z,BAL @ ATL,ATL,BAL,Mark Andrews,rec,draftkings,4.5,126,-161
2026-10-10T18:24:13+00:00,86457f91112732f21ad4bb7d37bd291c,2026-10-12T00:20:00Z,BAL @ ATL,ATL,BAL,Bijan Robinson,rec,draftkings,3.5,-122,-105
2026-10-10T18:24:13+00:00,86457f91112732f21ad4bb7d37bd291c,2026-10-12T00:20:00Z,BAL @ ATL,ATL,BAL,Kyle Pitts,rec,draftkings,2.5,106,-135
2026-10-10T18:24:13+00:00,86457f91112732f21ad4bb7d37bd291c,2026-10-12T00:20:00Z,BAL @ ATL,ATL,BAL,Jahan Dotson,rec,draftkings,1.5,-156,122
2026-10-10T18:24:13+00:00,86457f91112732f21ad4bb7d37bd291c,2026-10-12T00:20:00Z,BAL @ ATL,ATL,BAL,Rashod Bateman,rec,draftkings,1.5,-150,117
2026-10-10T18:24:13+00:00,86457f91112732f21ad4bb7d37bd291c,2026-10-12T00:20:00Z,BAL @ ATL,ATL,BAL,Justice Hill,rec,draftkings,1.5,-109,-117
2026-10-10T18:24:13+00:00,86457f91112732f21ad4bb7d37bd291c,2026-10-12T00:20:00Z,BAL @ ATL,ATL,BAL,Derrick Henry,rec,draftkings,1.5,163,-210
2026-10-10T18:24:13+00:00,86457f91112732f21ad4bb7d37bd291c,2026-10-12T00:20:00Z,BAL @ ATL,ATL,BAL,Olamide Zaccheaus,rec,draftkings,0.5,-241,186
2026-10-10T18:24:13+00:00,86457f91112732f21ad4bb7d37bd291c,2026-10-12T00:20:00Z,BAL @ ATL,ATL,BAL,Devontez Walker,rec,draftkings,0.5,-207,160
2026-10-10T18:24:13+00:00,86457f91112732f21ad4bb7d37bd291c,2026-10-12T00:20:00Z,BAL @ ATL,ATL,BAL,Bijan Robinson,rushY,draftkings,88.5,-114,-110
2026-10-10T18:24:13+00:00,86457f91112732f21ad4bb7d37bd291c,2026-10-12T00:20:00Z,BAL @ ATL,ATL,BAL,Derrick Henry,rushY,draftkings,78.5,-111,-113
2026-10-10T18:24:13+00:00,86457f91112732f21ad4bb7d37bd291c,2026-10-12T00:20:00Z,BAL @ ATL,ATL,BAL,Brian Robinson Jr.,rushY,draftkings,35.5,-113,-111
2026-10-10T18:24:13+00:00,86457f91112732f21ad4bb7d37bd291c,2026-10-12T00:20:00Z,BAL @ ATL,ATL,BAL,Tyler Huntley,rushY,draftkings,28.5,-116,-108
2026-10-10T18:24:13+00:00,86457f91112732f21ad4bb7d37bd291c,2026-10-12T00:20:00Z,BAL @ ATL,ATL,BAL,Justice Hill,rushY,draftkings,11.5,-109,-115
2026-10-10T18:24:13+00:00,86457f91112732f21ad4bb7d37bd291c,2026-10-12T00:20:00Z,BAL @ ATL,ATL,BAL,Michael Penix Jr.,rushY,draftkings,0.5,-107,-117
2026-10-10T18:24:13+00:00,86457f91112732f21ad4bb7d37bd291c,2026-10-12T00:20:00Z,BAL @ ATL,ATL,BAL,Michael Penix Jr.,passY,fanduel,219.5,-114,-114
2026-10-10T18:24:13+00:00,86457f91112732f21ad4bb7d37bd291c,2026-10-12T00:20:00Z,BAL @ ATL,ATL,BAL,Tyler Huntley,passY,fanduel,174.5,-114,-114
2026-10-10T18:24:13+00:00,86457f91112732f21ad4bb7d37bd291c,2026-10-12T00:20:00Z,BAL @ ATL,ATL,BAL,Devontez Walker,recY,fanduel,8.5,-120,-108
2026-10-10T18:24:13+00:00,86457f91112732f21ad4bb7d37bd291c,2026-10-12T00:20:00Z,BAL @ ATL,ATL,BAL,Olamide Zaccheaus,recY,fanduel,7.5,-114,-114
2026-10-10T18:24:13+00:00,86457f91112732f21ad4bb7d37bd291c,2026-10-12T00:20:00Z,BAL @ ATL,ATL,BAL,Kyle Pitts,recY,fanduel,24.5,-114,-114
2026-10-10T18:24:13+00:00,86457f91112732f21ad4bb7d37bd291c,2026-10-12T00:20:00Z,BAL @ ATL,ATL,BAL,Bijan Robinson,recY,fanduel,26.5,-114,-114
2026-10-10T18:24:13+00:00,86457f91112732f21ad4bb7d37bd291c,2026-10-12T00:20:00Z,BAL @ ATL,ATL,BAL,Jahan Dotson,recY,fanduel,19.5,-114,-114
2026-10-10T18:24:13+00:00,86457f91112732f21ad4bb7d37bd291c,2026-10-12T00:20:00Z,BAL @ ATL,ATL,BAL,Rashod Bateman,recY,fanduel,17.5,-114,-114
2026-10-10T18:24:13+00:00,86457f91112732f21ad4bb7d37bd291c,2026-10-12T00:20:00Z,BAL @ ATL,ATL,BAL,Drake London,recY,fanduel,80.5,-114,-114
2026-10-10T18:24:13+00:00,86457f91112732f21ad4bb7d37bd291c,2026-10-12T00:20:00Z,BAL @ ATL,ATL,BAL,Zay Flowers,recY,fanduel,68.5,-114,-114
2026-10-10T18:24:13+00:00,86457f91112732f21ad4bb7d37bd291c,2026-10-12T00:20:00Z,BAL @ ATL,ATL,BAL,Mark Andrews,recY,fanduel,30.5,-114,-114
2026-10-10T18:24:13+00:00,86457f91112732f21ad4bb7d37bd291c,2026-10-12T00:20:00Z,BAL @ ATL,ATL,BAL,Derrick Henry,recY,fanduel,4.5,-114,-114
2026-10-10T18:24:13+00:00,86457f91112732f21ad4bb7d37bd291c,2026-10-12T00:20:00Z,BAL @ ATL,ATL,BAL,Justice Hill,recY,fanduel,8.5,-114,-114
2026-10-10T18:24:13+00:00,86457f91112732f21ad4bb7d37bd291c,2026-10-12T00:20:00Z,BAL @ ATL,ATL,BAL,Olamide Zaccheaus,rec,fanduel,0.5,-225,164
2026-10-10T18:24:13+00:00,86457f91112732f21ad4bb7d37bd291c,2026-10-12T00:20:00Z,BAL @ ATL,ATL,BAL,Mark Andrews,rec,fanduel,3.5,-138,104
2026-10-10T18:24:13+00:00,86457f91112732f21ad4bb7d37bd291c,2026-10-12T00:20:00Z,BAL @ ATL,ATL,BAL,Devontez Walker,rec,fanduel,0.5,-230,168
2026-10-10T18:24:13+00:00,86457f91112732f21ad4bb7d37bd291c,2026-10-12T00:20:00Z,BAL @ ATL,ATL,BAL,Rashod Bateman,rec,fanduel,1.5,-148,112
2026-10-10T18:24:13+00:00,86457f91112732f21ad4bb7d37bd291c,2026-10-12T00:20:00Z,BAL @ ATL,ATL,BAL,Zay Flowers,rec,fanduel,5.5,100,-132
2026-10-10T18:24:13+00:00,86457f91112732f21ad4bb7d37bd291c,2026-10-12T00:20:00Z,BAL @ ATL,ATL,BAL,Kyle Pitts,rec,fanduel,2.5,102,-136
2026-10-10T18:24:13+00:00,86457f91112732f21ad4bb7d37bd291c,2026-10-12T00:20:00Z,BAL @ ATL,ATL,BAL,Bijan Robinson,rec,fanduel,3.5,-148,112
2026-10-10T18:24:13+00:00,86457f91112732f21ad4bb7d37bd291c,2026-10-12T00:20:00Z,BAL @ ATL,ATL,BAL,Jahan Dotson,rec,fanduel,1.5,-162,122
2026-10-10T18:24:13+00:00,86457f91112732f21ad4bb7d37bd291c,2026-10-12T00:20:00Z,BAL @ ATL,ATL,BAL,Drake London,rec,fanduel,5.5,-154,116
2026-10-10T18:24:13+00:00,86457f91112732f21ad4bb7d37bd291c,2026-10-12T00:20:00Z,BAL @ ATL,ATL,BAL,Derrick Henry,rec,fanduel,1.5,168,-230
2026-10-10T18:24:13+00:00,86457f91112732f21ad4bb7d37bd291c,2026-10-12T00:20:00Z,BAL @ ATL,ATL,BAL,Justice Hill,rec,fanduel,1.5,-108,-122
2026-10-10T18:24:13+00:00,86457f91112732f21ad4bb7d37bd291c,2026-10-12T00:20:00Z,BAL @ ATL,ATL,BAL,Justice Hill,rushY,fanduel,11.5,-114,-114
2026-10-10T18:24:13+00:00,86457f91112732f21ad4bb7d37bd291c,2026-10-12T00:20:00Z,BAL @ ATL,ATL,BAL,Brian Robinson Jr.,rushY,fanduel,35.5,-114,-114
2026-10-10T18:24:13+00:00,86457f91112732f21ad4bb7d37bd291c,2026-10-12T00:20:00Z,BAL @ ATL,ATL,BAL,Tyler Huntley,rushY,fanduel,29.5,-114,-114
2026-10-10T18:24:13+00:00,86457f91112732f21ad4bb7d37bd291c,2026-10-12T00:20:00Z,BAL @ ATL,ATL,BAL,Michael Penix Jr.,rushY,fanduel,0.5,-102,-128
2026-10-10T18:24:13+00:00,86457f91112732f21ad4bb7d37bd291c,2026-10-12T00:20:00Z,BAL @ ATL,ATL,BAL,Bijan Robinson,rushY,fanduel,88.5,-114,-114
2026-10-10T18:24:13+00:00,86457f91112732f21ad4bb7d37bd291c,2026-10-12T00:20:00Z,BAL @ ATL,ATL,BAL,Derrick Henry,rushY,fanduel,80.5,-114,-114
2026-10-10T18:24:13+00:00,86457f91112732f21ad4bb7d37bd291c,2026-10-12T00:20:00Z,BAL @ ATL,ATL,BAL,Cameron Thomas,sacks,fanduel,0.5,152,
2026-10-10T18:24:13+00:00,86457f91112732f21ad4bb7d37bd291c,2026-10-12T00:20:00Z,BAL @ ATL,ATL,BAL,Gervon Dexter Sr.,sacks,fanduel,0.5,174,
2026-10-10T18:24:13+00:00,86457f91112732f21ad4bb7d37bd291c,2026-10-12T00:20:00Z,BAL @ ATL,ATL,BAL,Justin Madubuike,sacks,fanduel,0.5,225,
2026-10-10T18:24:13+00:00,86457f91112732f21ad4bb7d37bd291c,2026-10-12T00:20:00Z,BAL @ ATL,ATL,BAL,Samson Ebukam,sacks,fanduel,0.5,230,
2026-10-10T18:24:13+00:00,86457f91112732f21ad4bb7d37bd291c,2026-10-12T00:20:00Z,BAL @ ATL,ATL,BAL,Brandon Dorlus,sacks,fanduel,0.5,270,
2026-10-10T18:24:13+00:00,86457f91112732f21ad4bb7d37bd291c,2026-10-12T00:20:00Z,BAL @ ATL,ATL,BAL,Tavius Robinson,sacks,fanduel,0.5,320,
2026-10-10T18:24:13+00:00,86457f91112732f21ad4bb7d37bd291c,2026-10-12T00:20:00Z,BAL @ ATL,ATL,BAL,Mike Green,sacks,fanduel,0.5,490,
2026-10-10T18:24:13+00:00,86457f91112732f21ad4bb7d37bd291c,2026-10-12T00:20:00Z,BAL @ ATL,ATL,BAL,Calais Campbell,sacks,fanduel,0.5,520,
2026-10-10T18:24:13+00:00,86457f91112732f21ad4bb7d37bd291c,2026-10-12T00:20:00Z,BAL @ ATL,ATL,BAL,Travis Jones,sacks,fanduel,0.5,640,
2026-10-10T18:24:13+00:00,86457f91112732f21ad4bb7d37bd291c,2026-10-12T00:20:00Z,BAL @ ATL,ATL,BAL,Roquan Smith,sacks,fanduel,0.5,800,
2026-10-10T18:24:13+00:00,86457f91112732f21ad4bb7d37bd291c,2026-10-12T00:20:00Z,BAL @ ATL,ATL,BAL,Kyle Hamilton,sacks,fanduel,0.5,880,
2026-10-10T18:24:13+00:00,86457f91112732f21ad4bb7d37bd291c,2026-10-12T00:20:00Z,BAL @ ATL,ATL,BAL,Michael Penix Jr.,comp,betrivers,17.5,-130,
2026-10-10T18:24:13+00:00,86457f91112732f21ad4bb7d37bd291c,2026-10-12T00:20:00Z,BAL @ ATL,ATL,BAL,Tyler Huntley,comp,betrivers,18.5,-103,
2026-10-10T18:24:13+00:00,86457f91112732f21ad4bb7d37bd291c,2026-10-12T00:20:00Z,BAL @ ATL,ATL,BAL,Michael Penix Jr.,passY,betrivers,221.5,-114,-115
2026-10-10T18:24:13+00:00,86457f91112732f21ad4bb7d37bd291c,2026-10-12T00:20:00Z,BAL @ ATL,ATL,BAL,Tyler Huntley,passY,betrivers,168.5,-115,-115
2026-10-10T18:24:13+00:00,86457f91112732f21ad4bb7d37bd291c,2026-10-12T00:20:00Z,BAL @ ATL,ATL,BAL,Mark Andrews,recY,betrivers,30.5,-118,-113
2026-10-10T18:24:13+00:00,86457f91112732f21ad4bb7d37bd291c,2026-10-12T00:20:00Z,BAL @ ATL,ATL,BAL,Zay Flowers,recY,betrivers,67.5,-115,-115
2026-10-10T18:24:13+00:00,86457f91112732f21ad4bb7d37bd291c,2026-10-12T00:20:00Z,BAL @ ATL,ATL,BAL,Kyle Pitts,recY,betrivers,24.5,-118,-113
2026-10-10T18:24:13+00:00,86457f91112732f21ad4bb7d37bd291c,2026-10-12T00:20:00Z,BAL @ ATL,ATL,BAL,Jahan Dotson,recY,betrivers,19.5,-120,-112
2026-10-10T18:24:13+00:00,86457f91112732f21ad4bb7d37bd291c,2026-10-12T00:20:00Z,BAL @ ATL,ATL,BAL,Drake London,recY,betrivers,83.5,-117,-114
2026-10-10T18:24:13+00:00,86457f91112732f21ad4bb7d37bd291c,2026-10-12T00:20:00Z,BAL @ ATL,ATL,BAL,Justice Hill,recY,betrivers,7.5,-115,-115
2026-10-10T18:24:13+00:00,86457f91112732f21ad4bb7d37bd291c,2026-10-12T00:20:00Z,BAL @ ATL,ATL,BAL,Devontez Walker,recY,betrivers,7.5,-117,-114
2026-10-10T18:24:13+00:00,86457f91112732f21ad4bb7d37bd291c,2026-10-12T00:20:00Z,BAL @ ATL,ATL,BAL,Rashod Bateman,recY,betrivers,16.5,-118,-113
2026-10-10T18:24:13+00:00,86457f91112732f21ad4bb7d37bd291c,2026-10-12T00:20:00Z,BAL @ ATL,ATL,BAL,Bijan Robinson,recY,betrivers,27.5,-113,-118
2026-10-10T18:24:13+00:00,86457f91112732f21ad4bb7d37bd291c,2026-10-12T00:20:00Z,BAL @ ATL,ATL,BAL,Derrick Henry,recY,betrivers,4.5,-109,-122
2026-10-10T18:24:13+00:00,86457f91112732f21ad4bb7d37bd291c,2026-10-12T00:20:00Z,BAL @ ATL,ATL,BAL,Kyle Pitts,rec,betrivers,2.5,117,
2026-10-10T18:24:13+00:00,86457f91112732f21ad4bb7d37bd291c,2026-10-12T00:20:00Z,BAL @ ATL,ATL,BAL,Rashod Bateman,rec,betrivers,1.5,-162,
2026-10-10T18:24:13+00:00,86457f91112732f21ad4bb7d37bd291c,2026-10-12T00:20:00Z,BAL @ ATL,ATL,BAL,Mark Andrews,rec,betrivers,4.5,120,
2026-10-10T18:24:13+00:00,86457f91112732f21ad4bb7d37bd291c,2026-10-12T00:20:00Z,BAL @ ATL,ATL,BAL,Bijan Robinson,rec,betrivers,3.5,-121,
2026-10-10T18:24:13+00:00,86457f91112732f21ad4bb7d37bd291c,2026-10-12T00:20:00Z,BAL @ ATL,ATL,BAL,Drake London,rec,betrivers,5.5,-157,
2026-10-10T18:24:13+00:00,86457f91112732f21ad4bb7d37bd291c,2026-10-12T00:20:00Z,BAL @ ATL,ATL,BAL,Devontez Walker,rec,betrivers,0.5,-235,
2026-10-10T18:24:13+00:00,86457f91112732f21ad4bb7d37bd291c,2026-10-12T00:20:00Z,BAL @ ATL,ATL,BAL,Derrick Henry,rec,betrivers,1.5,170,
2026-10-10T18:24:13+00:00,86457f91112732f21ad4bb7d37bd291c,2026-10-12T00:20:00Z,BAL @ ATL,ATL,BAL,Zay Flowers,rec,betrivers,5.5,-121,
2026-10-10T18:24:13+00:00,86457f91112732f21ad4bb7d37bd291c,2026-10-12T00:20:00Z,BAL @ ATL,ATL,BAL,Justice Hill,rec,betrivers,1.5,-114,
2026-10-10T18:24:13+00:00,86457f91112732f21ad4bb7d37bd291c,2026-10-12T00:20:00Z,BAL @ ATL,ATL,BAL,Jahan Dotson,rec,betrivers,1.5,-148,
2026-10-10T18:24:13+00:00,86457f91112732f21ad4bb7d37bd291c,2026-10-12T00:20:00Z,BAL @ ATL,ATL,BAL,Justice Hill,rushY,betrivers,11.5,-109,-122
2026-10-10T18:24:13+00:00,86457f91112732f21ad4bb7d37bd291c,2026-10-12T00:20:00Z,BAL @ ATL,ATL,BAL,Bijan Robinson,rushY,betrivers,88.5,-114,-117
2026-10-10T18:24:13+00:00,86457f91112732f21ad4bb7d37bd291c,2026-10-12T00:20:00Z,BAL @ ATL,ATL,BAL,Brian Robinson Jr.,rushY,betrivers,35.5,-117,-113
2026-10-10T18:24:13+00:00,86457f91112732f21ad4bb7d37bd291c,2026-10-12T00:20:00Z,BAL @ ATL,ATL,BAL,Tyler Huntley,rushY,betrivers,28.5,-115,-115
2026-10-10T18:24:13+00:00,86457f91112732f21ad4bb7d37bd291c,2026-10-12T00:20:00Z,BAL @ ATL,ATL,BAL,Derrick Henry,rushY,betrivers,80.5,-113,-118
2026-10-10T18:24:13+00:00,86457f91112732f21ad4bb7d37bd291c,2026-10-12T00:20:00Z,BAL @ ATL,ATL,BAL,Michael Penix Jr.,comp,betmgm,18.5,-118,-111
2026-10-10T18:24:13+00:00,86457f91112732f21ad4bb7d37bd291c,2026-10-12T00:20:00Z,BAL @ ATL,ATL,BAL,Tyler Huntley,comp,betmgm,17.5,-135,100
2026-10-10T18:24:13+00:00,86457f91112732f21ad4bb7d37bd291c,2026-10-12T00:20:00Z,BAL @ ATL,ATL,BAL,Michael Penix Jr.,passY,betmgm,213.5,-115,-115
2026-10-10T18:24:13+00:00,86457f91112732f21ad4bb7d37bd291c,2026-10-12T00:20:00Z,BAL @ ATL,ATL,BAL,Tyler Huntley,passY,betmgm,177.5,-115,-115
2026-10-10T18:24:13+00:00,86457f91112732f21ad4bb7d37bd291c,2026-10-12T00:20:00Z,BAL @ ATL,ATL,BAL,Rashod Bateman,recY,betmgm,17.5,-110,-120
2026-10-10T18:24:13+00:00,86457f91112732f21ad4bb7d37bd291c,2026-10-12T00:20:00Z,BAL @ ATL,ATL,BAL,Kyle Pitts,recY,betmgm,24.5,-115,-115
2026-10-10T18:24:13+00:00,86457f91112732f21ad4bb7d37bd291c,2026-10-12T00:20:00Z,BAL @ ATL,ATL,BAL,Bijan Robinson,recY,betmgm,27.5,-120,-111
2026-10-10T18:24:13+00:00,86457f91112732f21ad4bb7d37bd291c,2026-10-12T00:20:00Z,BAL @ ATL,ATL,BAL,Jahan Dotson,recY,betmgm,22.5,-115,-115
2026-10-10T18:24:13+00:00,86457f91112732f21ad4bb7d37bd291c,2026-10-12T00:20:00Z,BAL @ ATL,ATL,BAL,Drake London,recY,betmgm,78.5,-115,-115
2026-10-10T18:24:13+00:00,86457f91112732f21ad4bb7d37bd291c,2026-10-12T00:20:00Z,BAL @ ATL,ATL,BAL,Zay Flowers,recY,betmgm,65.5,-115,-115
2026-10-10T18:24:13+00:00,86457f91112732f21ad4bb7d37bd291c,2026-10-12T00:20:00Z,BAL @ ATL,ATL,BAL,Olamide Zaccheaus,recY,betmgm,7.5,-110,-120
2026-10-10T18:24:13+00:00,86457f91112732f21ad4bb7d37bd291c,2026-10-12T00:20:00Z,BAL @ ATL,ATL,BAL,Derrick Henry,recY,betmgm,5.5,-120,-110
2026-10-10T18:24:13+00:00,86457f91112732f21ad4bb7d37bd291c,2026-10-12T00:20:00Z,BAL @ ATL,ATL,BAL,Justice Hill,recY,betmgm,9.5,-105,-125
2026-10-10T18:24:13+00:00,86457f91112732f21ad4bb7d37bd291c,2026-10-12T00:20:00Z,BAL @ ATL,ATL,BAL,Devontez Walker,recY,betmgm,8.5,-120,-110
2026-10-10T18:24:13+00:00,86457f91112732f21ad4bb7d37bd291c,2026-10-12T00:20:00Z,BAL @ ATL,ATL,BAL,Mark Andrews,recY,betmgm,32.5,-115,-115
2026-10-10T18:24:13+00:00,86457f91112732f21ad4bb7d37bd291c,2026-10-12T00:20:00Z,BAL @ ATL,ATL,BAL,Rashod Bateman,rec,betmgm,1.5,-175,130
2026-10-10T18:24:13+00:00,86457f91112732f21ad4bb7d37bd291c,2026-10-12T00:20:00Z,BAL @ ATL,ATL,BAL,Kyle Pitts,rec,betmgm,2.5,100,-135
2026-10-10T18:24:13+00:00,86457f91112732f21ad4bb7d37bd291c,2026-10-12T00:20:00Z,BAL @ ATL,ATL,BAL,Mark Andrews,rec,betmgm,3.5,-160,120
2026-10-10T18:24:13+00:00,86457f91112732f21ad4bb7d37bd291c,2026-10-12T00:20:00Z,BAL @ ATL,ATL,BAL,Zay Flowers,rec,betmgm,5.5,-111,-120
2026-10-10T18:24:13+00:00,86457f91112732f21ad4bb7d37bd291c,2026-10-12T00:20:00Z,BAL @ ATL,ATL,BAL,Bijan Robinson,rec,betmgm,3.5,-120,-110
2026-10-10T18:24:13+00:00,86457f91112732f21ad4bb7d37bd291c,2026-10-12T00:20:00Z,BAL @ ATL,ATL,BAL,Jahan Dotson,rec,betmgm,1.5,-190,140
2026-10-10T18:24:13+00:00,86457f91112732f21ad4bb7d37bd291c,2026-10-12T00:20:00Z,BAL @ ATL,ATL,BAL,Drake London,rec,betmgm,5.5,-155,115
2026-10-10T18:24:13+00:00,86457f91112732f21ad4bb7d37bd291c,2026-10-12T00:20:00Z,BAL @ ATL,ATL,BAL,Olamide Zaccheaus,rec,betmgm,0.5,-225,165
2026-10-10T18:24:13+00:00,86457f91112732f21ad4bb7d37bd291c,2026-10-12T00:20:00Z,BAL @ ATL,ATL,BAL,Derrick Henry,rec,betmgm,1.5,145,-200
2026-10-10T18:24:13+00:00,86457f91112732f21ad4bb7d37bd291c,2026-10-12T00:20:00Z,BAL @ ATL,ATL,BAL,Justice Hill,rec,betmgm,1.5,-115,-115
2026-10-10T18:24:13+00:00,86457f91112732f21ad4bb7d37bd291c,2026-10-12T00:20:00Z,BAL @ ATL,ATL,BAL,Devontez Walker,rec,betmgm,0.5,-235,175
2026-10-10T18:24:13+00:00,86457f91112732f21ad4bb7d37bd291c,2026-10-12T00:20:00Z,BAL @ ATL,ATL,BAL,Brian Robinson Jr.,rushY,betmgm,35.5,-115,-115
2026-10-10T18:24:13+00:00,86457f91112732f21ad4bb7d37bd291c,2026-10-12T00:20:00Z,BAL @ ATL,ATL,BAL,Bijan Robinson,rushY,betmgm,86.5,-115,-115
2026-10-10T18:24:13+00:00,86457f91112732f21ad4bb7d37bd291c,2026-10-12T00:20:00Z,BAL @ ATL,ATL,BAL,Derrick Henry,rushY,betmgm,81.5,-111,-120
2026-10-10T18:24:13+00:00,86457f91112732f21ad4bb7d37bd291c,2026-10-12T00:20:00Z,BAL @ ATL,ATL,BAL,Justice Hill,rushY,betmgm,11.5,-120,-110
2026-10-10T18:24:13+00:00,86457f91112732f21ad4bb7d37bd291c,2026-10-12T00:20:00Z,BAL @ ATL,ATL,BAL,Tyler Huntley,rushY,betmgm,28.5,-110,-120
2026-10-10T18:24:13+00:00,86457f91112732f21ad4bb7d37bd291c,2026-10-12T00:20:00Z,BAL @ ATL,ATL,BAL,Michael Penix Jr.,comp,espnbet,18.5,-110,-120
2026-10-10T18:24:13+00:00,86457f91112732f21ad4bb7d37bd291c,2026-10-12T00:20:00Z,BAL @ ATL,ATL,BAL,Michael Penix Jr.,passY,espnbet,219.5,-115,-115
2026-10-10T18:24:13+00:00,86457f91112732f21ad4bb7d37bd291c,2026-10-12T00:20:00Z,BAL @ ATL,ATL,BAL,Tyler Huntley,passY,espnbet,174.5,-115,-115
2026-10-10T18:24:13+00:00,86457f91112732f21ad4bb7d37bd291c,2026-10-12T00:20:00Z,BAL @ ATL,ATL,BAL,Drake London,recY,espnbet,79.5,-115,-115
2026-10-10T18:24:13+00:00,86457f91112732f21ad4bb7d37bd291c,2026-10-12T00:20:00Z,BAL @ ATL,ATL,BAL,Zay Flowers,recY,espnbet,69.5,-105,-125
2026-10-10T18:24:13+00:00,86457f91112732f21ad4bb7d37bd291c,2026-10-12T00:20:00Z,BAL @ ATL,ATL,BAL,Mark Andrews,recY,espnbet,34.5,100,-130
2026-10-10T18:24:13+00:00,86457f91112732f21ad4bb7d37bd291c,2026-10-12T00:20:00Z,BAL @ ATL,ATL,BAL,Rashod Bateman,recY,espnbet,19.5,105,-135
2026-10-10T18:24:13+00:00,86457f91112732f21ad4bb7d37bd291c,2026-10-12T00:20:00Z,BAL @ ATL,ATL,BAL,Kyle Pitts,recY,espnbet,25.5,100,-130
2026-10-10T18:24:13+00:00,86457f91112732f21ad4bb7d37bd291c,2026-10-12T00:20:00Z,BAL @ ATL,ATL,BAL,Elijah Dotson,recY,espnbet,19.5,-125,-105
2026-10-10T18:24:13+00:00,86457f91112732f21ad4bb7d37bd291c,2026-10-12T00:20:00Z,BAL @ ATL,ATL,BAL,Bijan Robinson,recY,espnbet,27.5,-105,-125
2026-10-10T18:24:13+00:00,86457f91112732f21ad4bb7d37bd291c,2026-10-12T00:20:00Z,BAL @ ATL,ATL,BAL,Olamide Zaccheaus,recY,espnbet,7.5,-115,-115
2026-10-10T18:24:13+00:00,86457f91112732f21ad4bb7d37bd291c,2026-10-12T00:20:00Z,BAL @ ATL,ATL,BAL,Derrick Henry,recY,espnbet,4.5,-135,105
2026-10-10T18:24:13+00:00,86457f91112732f21ad4bb7d37bd291c,2026-10-12T00:20:00Z,BAL @ ATL,ATL,BAL,Justice Hill,recY,espnbet,9.5,100,-130
2026-10-10T18:24:13+00:00,86457f91112732f21ad4bb7d37bd291c,2026-10-12T00:20:00Z,BAL @ ATL,ATL,BAL,Drake London,rec,espnbet,6.5,115,-150
2026-10-10T18:24:13+00:00,86457f91112732f21ad4bb7d37bd291c,2026-10-12T00:20:00Z,BAL @ ATL,ATL,BAL,Mark Andrews,rec,espnbet,3.5,-150,115
2026-10-10T18:24:13+00:00,86457f91112732f21ad4bb7d37bd291c,2026-10-12T00:20:00Z,BAL @ ATL,ATL,BAL,Zay Flowers,rec,espnbet,5.5,-105,-125
2026-10-10T18:24:13+00:00,86457f91112732f21ad4bb7d37bd291c,2026-10-12T00:20:00Z,BAL @ ATL,ATL,BAL,Bijan Robinson,rec,espnbet,3.5,-125,-105
2026-10-10T18:24:13+00:00,86457f91112732f21ad4bb7d37bd291c,2026-10-12T00:20:00Z,BAL @ ATL,ATL,BAL,Kyle Pitts,rec,espnbet,2.5,105,-135
2026-10-10T18:24:13+00:00,86457f91112732f21ad4bb7d37bd291c,2026-10-12T00:20:00Z,BAL @ ATL,ATL,BAL,Rashod Bateman,rec,espnbet,1.5,-160,125
2026-10-10T18:24:13+00:00,86457f91112732f21ad4bb7d37bd291c,2026-10-12T00:20:00Z,BAL @ ATL,ATL,BAL,Derrick Henry,rec,espnbet,1.5,160,-220
2026-10-10T18:24:13+00:00,86457f91112732f21ad4bb7d37bd291c,2026-10-12T00:20:00Z,BAL @ ATL,ATL,BAL,Elijah Dotson,rec,espnbet,1.5,-155,120
2026-10-10T18:24:13+00:00,86457f91112732f21ad4bb7d37bd291c,2026-10-12T00:20:00Z,BAL @ ATL,ATL,BAL,Justice Hill,rec,espnbet,1.5,-110,-120
2026-10-10T18:24:13+00:00,86457f91112732f21ad4bb7d37bd291c,2026-10-12T00:20:00Z,BAL @ ATL,ATL,BAL,Olamide Zaccheaus,rec,espnbet,0.5,-250,180
2026-10-10T18:24:13+00:00,86457f91112732f21ad4bb7d37bd291c,2026-10-12T00:20:00Z,BAL @ ATL,ATL,BAL,Bijan Robinson,rushY,espnbet,89.5,-105,-125
2026-10-10T18:24:13+00:00,86457f91112732f21ad4bb7d37bd291c,2026-10-12T00:20:00Z,BAL @ ATL,ATL,BAL,Derrick Henry,rushY,espnbet,79.5,-120,-110
2026-10-10T18:24:13+00:00,86457f91112732f21ad4bb7d37bd291c,2026-10-12T00:20:00Z,BAL @ ATL,ATL,BAL,Brian Robinson Jr.,rushY,espnbet,34.5,-120,-110
2026-10-10T18:24:13+00:00,86457f91112732f21ad4bb7d37bd291c,2026-10-12T00:20:00Z,BAL @ ATL,ATL,BAL,Tyler Huntley,rushY,espnbet,29.5,-105,-125
2026-10-10T18:24:13+00:00,86457f91112732f21ad4bb7d37bd291c,2026-10-12T00:20:00Z,BAL @ ATL,ATL,BAL,Justice Hill,rushY,espnbet,11.5,105,-135
2026-10-10T18:24:13+00:00,86457f91112732f21ad4bb7d37bd291c,2026-10-12T00:20:00Z,BAL @ ATL,ATL,BAL,Michael Penix Jr.,rushY,espnbet,0.5,-105,-125
2026-10-10T18:24:13+00:00,86457f91112732f21ad4bb7d37bd291c,2026-10-12T00:20:00Z,BAL @ ATL,ATL,BAL,Michael Penix Jr.,comp,prizepicks,18.5,-137,-137
2026-10-10T18:24:13+00:00,86457f91112732f21ad4bb7d37bd291c,2026-10-12T00:20:00Z,BAL @ ATL,ATL,BAL,Tyler Huntley,comp,prizepicks,17.5,-137,-137
2026-10-10T18:24:13+00:00,86457f91112732f21ad4bb7d37bd291c,2026-10-12T00:20:00Z,BAL @ ATL,ATL,BAL,Michael Penix Jr.,passY,prizepicks,221.5,-137,-137
2026-10-10T18:24:13+00:00,86457f91112732f21ad4bb7d37bd291c,2026-10-12T00:20:00Z,BAL @ ATL,ATL,BAL,Tyler Huntley,passY,prizepicks,170.5,-137,-137
2026-10-10T18:24:13+00:00,86457f91112732f21ad4bb7d37bd291c,2026-10-12T00:20:00Z,BAL @ ATL,ATL,BAL,Drake London,recY,prizepicks,80.5,-137,-137
2026-10-10T18:24:13+00:00,86457f91112732f21ad4bb7d37bd291c,2026-10-12T00:20:00Z,BAL @ ATL,ATL,BAL,Zay Flowers,recY,prizepicks,69.5,-137,-137
2026-10-10T18:24:13+00:00,86457f91112732f21ad4bb7d37bd291c,2026-10-12T00:20:00Z,BAL @ ATL,ATL,BAL,Mark Andrews,recY,prizepicks,32.5,-137,-137
2026-10-10T18:24:13+00:00,86457f91112732f21ad4bb7d37bd291c,2026-10-12T00:20:00Z,BAL @ ATL,ATL,BAL,Bijan Robinson,recY,prizepicks,26.5,-137,-137
2026-10-10T18:24:13+00:00,86457f91112732f21ad4bb7d37bd291c,2026-10-12T00:20:00Z,BAL @ ATL,ATL,BAL,Kyle Pitts,recY,prizepicks,24.5,-137,-137
2026-10-10T18:24:13+00:00,86457f91112732f21ad4bb7d37bd291c,2026-10-12T00:20:00Z,BAL @ ATL,ATL,BAL,Jahan Dotson,recY,prizepicks,19.5,-137,-137
2026-10-10T18:24:13+00:00,86457f91112732f21ad4bb7d37bd291c,2026-10-12T00:20:00Z,BAL @ ATL,ATL,BAL,Rashod Bateman,recY,prizepicks,17.5,-137,-137
2026-10-10T18:24:13+00:00,86457f91112732f21ad4bb7d37bd291c,2026-10-12T00:20:00Z,BAL @ ATL,ATL,BAL,Justice Hill,recY,prizepicks,8.5,-137,-137
2026-10-10T18:24:13+00:00,86457f91112732f21ad4bb7d37bd291c,2026-10-12T00:20:00Z,BAL @ ATL,ATL,BAL,Devontez Walker,recY,prizepicks,8.5,-137,-137
2026-10-10T18:24:13+00:00,86457f91112732f21ad4bb7d37bd291c,2026-10-12T00:20:00Z,BAL @ ATL,ATL,BAL,Matthew Hibner,recY,prizepicks,7.5,-137,-137
2026-10-10T18:24:13+00:00,86457f91112732f21ad4bb7d37bd291c,2026-10-12T00:20:00Z,BAL @ ATL,ATL,BAL,Olamide Zaccheaus,recY,prizepicks,7.5,-137,-137
2026-10-10T18:24:13+00:00,86457f91112732f21ad4bb7d37bd291c,2026-10-12T00:20:00Z,BAL @ ATL,ATL,BAL,Derrick Henry,recY,prizepicks,4.5,-137,-137
2026-10-10T18:24:13+00:00,86457f91112732f21ad4bb7d37bd291c,2026-10-12T00:20:00Z,BAL @ ATL,ATL,BAL,Drake London,rec,prizepicks,6.0,-137,-137
2026-10-10T18:24:13+00:00,86457f91112732f21ad4bb7d37bd291c,2026-10-12T00:20:00Z,BAL @ ATL,ATL,BAL,Zay Flowers,rec,prizepicks,5.5,-137,-137
2026-10-10T18:24:13+00:00,86457f91112732f21ad4bb7d37bd291c,2026-10-12T00:20:00Z,BAL @ ATL,ATL,BAL,Mark Andrews,rec,prizepicks,4.0,-137,-137
2026-10-10T18:24:13+00:00,86457f91112732f21ad4bb7d37bd291c,2026-10-12T00:20:00Z,BAL @ ATL,ATL,BAL,Justice Hill,rec,prizepicks,1.5,-137,-137
2026-10-10T18:24:13+00:00,86457f91112732f21ad4bb7d37bd291c,2026-10-12T00:20:00Z,BAL @ ATL,ATL,BAL,Brian Robinson Jr.,rec,prizepicks,0.5,-137,-137
2026-10-10T18:24:13+00:00,86457f91112732f21ad4bb7d37bd291c,2026-10-12T00:20:00Z,BAL @ ATL,ATL,BAL,Bijan Robinson,rushY,prizepicks,88.5,-137,-137
2026-10-10T18:24:13+00:00,86457f91112732f21ad4bb7d37bd291c,2026-10-12T00:20:00Z,BAL @ ATL,ATL,BAL,Derrick Henry,rushY,prizepicks,81.5,-137,-137
2026-10-10T18:24:13+00:00,86457f91112732f21ad4bb7d37bd291c,2026-10-12T00:20:00Z,BAL @ ATL,ATL,BAL,Brian Robinson Jr.,rushY,prizepicks,35.5,-137,-137
2026-10-10T18:24:13+00:00,86457f91112732f21ad4bb7d37bd291c,2026-10-12T00:20:00Z,BAL @ ATL,ATL,BAL,Tyler Huntley,rushY,prizepicks,28.5,-137,-137
2026-10-10T18:24:13+00:00,86457f91112732f21ad4bb7d37bd291c,2026-10-12T00:20:00Z,BAL @ ATL,ATL,BAL,Justice Hill,rushY,prizepicks,11.5,-137,-137
2026-10-10T18:24:13+00:00,86457f91112732f21ad4bb7d37bd291c,2026-10-12T00:20:00Z,BAL @ ATL,ATL,BAL,Michael Penix Jr.,rushY,prizepicks,0.5,-137,-137
2026-10-10T18:24:13+00:00,86457f91112732f21ad4bb7d37bd291c,2026-10-12T00:20:00Z,BAL @ ATL,ATL,BAL,Michael Penix Jr.,sacks,prizepicks,1.5,-137,-137
2026-10-10T18:24:13+00:00,86457f91112732f21ad4bb7d37bd291c,2026-10-12T00:20:00Z,BAL @ ATL,ATL,BAL,Michael Penix Jr.,comp,fanatics,18.5,-105,-140
2026-10-10T18:24:13+00:00,86457f91112732f21ad4bb7d37bd291c,2026-10-12T00:20:00Z,BAL @ ATL,ATL,BAL,Michael Penix Jr.,passY,fanatics,215.5,-110,-120
2026-10-10T18:24:13+00:00,86457f91112732f21ad4bb7d37bd291c,2026-10-12T00:20:00Z,BAL @ ATL,ATL,BAL,Drake London,recY,fanatics,80.5,-110,-135
2026-10-10T18:24:13+00:00,86457f91112732f21ad4bb7d37bd291c,2026-10-12T00:20:00Z,BAL @ ATL,ATL,BAL,Rashod Bateman,rec,fanatics,1.5,-165,110
2026-10-10T18:24:13+00:00,86457f91112732f21ad4bb7d37bd291c,2026-10-12T00:20:00Z,BAL @ ATL,ATL,BAL,Justice Hill,rushY,fanatics,10.5,-135,-110
2026-10-10T18:24:13+00:00,86457f91112732f21ad4bb7d37bd291c,2026-10-12T00:20:00Z,BAL @ ATL,ATL,BAL,Tyler Huntley,passY,underdog,174.5,-137,-137
2026-10-10T18:24:13+00:00,86457f91112732f21ad4bb7d37bd291c,2026-10-12T00:20:00Z,BAL @ ATL,ATL,BAL,Drake London,recY,underdog,79.5,-137,-137
2026-10-10T18:24:13+00:00,86457f91112732f21ad4bb7d37bd291c,2026-10-12T00:20:00Z,BAL @ ATL,ATL,BAL,Zay Flowers,recY,underdog,69.5,-137,-137
2026-10-10T18:24:13+00:00,86457f91112732f21ad4bb7d37bd291c,2026-10-12T00:20:00Z,BAL @ ATL,ATL,BAL,Kyle Pitts,recY,underdog,24.5,-137,-137
2026-10-10T18:24:13+00:00,86457f91112732f21ad4bb7d37bd291c,2026-10-12T00:20:00Z,BAL @ ATL,ATL,BAL,Brian Robinson Jr.,rec,underdog,0.5,-137,-137
2026-10-10T18:24:13+00:00,86457f91112732f21ad4bb7d37bd291c,2026-10-12T00:20:00Z,BAL @ ATL,ATL,BAL,Justice Hill,rec,underdog,1.5,-137,-137
2026-10-10T18:24:13+00:00,86457f91112732f21ad4bb7d37bd291c,2026-10-12T00:20:00Z,BAL @ ATL,ATL,BAL,Bijan Robinson,rushY,underdog,89.5,-137,-137
2026-10-10T18:24:13+00:00,86457f91112732f21ad4bb7d37bd291c,2026-10-12T00:20:00Z,BAL @ ATL,ATL,BAL,Derrick Henry,rushY,underdog,79.5,-137,-137
2026-10-10T18:24:13+00:00,86457f91112732f21ad4bb7d37bd291c,2026-10-12T00:20:00Z,BAL @ ATL,ATL,BAL,Tyler Huntley,rushY,underdog,29.5,-137,-137
2026-10-10T18:24:13+00:00,86457f91112732f21ad4bb7d37bd291c,2026-10-12T00:20:00Z,BAL @ ATL,ATL,BAL,Tyler Huntley,passY,pick6,174.5,-137,-137
2026-10-10T18:24:13+00:00,86457f91112732f21ad4bb7d37bd291c,2026-10-12T00:20:00Z,BAL @ ATL,ATL,BAL,Michael Penix Jr.,passY,pick6,220.5,-137,-137
2026-10-10T18:24:13+00:00,86457f91112732f21ad4bb7d37bd291c,2026-10-12T00:20:00Z,BAL @ ATL,ATL,BAL,Rashod Bateman,recY,pick6,17.5,-137,-137
2026-10-10T18:24:13+00:00,86457f91112732f21ad4bb7d37bd291c,2026-10-12T00:20:00Z,BAL @ ATL,ATL,BAL,Jahan Dotson,recY,pick6,20.5,-137,-137
2026-10-10T18:24:13+00:00,86457f91112732f21ad4bb7d37bd291c,2026-10-12T00:20:00Z,BAL @ ATL,ATL,BAL,Kyle Pitts,recY,pick6,23.5,-137,-137
2026-10-10T18:24:13+00:00,86457f91112732f21ad4bb7d37bd291c,2026-10-12T00:20:00Z,BAL @ ATL,ATL,BAL,Justice Hill,recY,pick6,8.5,-137,-137
2026-10-10T18:24:13+00:00,86457f91112732f21ad4bb7d37bd291c,2026-10-12T00:20:00Z,BAL @ ATL,ATL,BAL,Bijan Robinson,recY,pick6,26.5,-137,-137
2026-10-10T18:24:13+00:00,86457f91112732f21ad4bb7d37bd291c,2026-10-12T00:20:00Z,BAL @ ATL,ATL,BAL,Zay Flowers,recY,pick6,68.5,-137,-137
2026-10-10T18:24:13+00:00,86457f91112732f21ad4bb7d37bd291c,2026-10-12T00:20:00Z,BAL @ ATL,ATL,BAL,Drake London,recY,pick6,80.5,-137,-137
2026-10-10T18:24:13+00:00,86457f91112732f21ad4bb7d37bd291c,2026-10-12T00:20:00Z,BAL @ ATL,ATL,BAL,Mark Andrews,recY,pick6,32.5,-137,-137
2026-10-10T18:24:13+00:00,86457f91112732f21ad4bb7d37bd291c,2026-10-12T00:20:00Z,BAL @ ATL,ATL,BAL,Derrick Henry,recY,pick6,5.5,-137,-137
2026-10-10T18:24:13+00:00,86457f91112732f21ad4bb7d37bd291c,2026-10-12T00:20:00Z,BAL @ ATL,ATL,BAL,Devontez Walker,recY,pick6,8.5,-137,-137
2026-10-10T18:24:13+00:00,86457f91112732f21ad4bb7d37bd291c,2026-10-12T00:20:00Z,BAL @ ATL,ATL,BAL,Olamide Zaccheaus,recY,pick6,8.5,-137,-137
2026-10-10T18:24:13+00:00,86457f91112732f21ad4bb7d37bd291c,2026-10-12T00:20:00Z,BAL @ ATL,ATL,BAL,Kyle Pitts,rec,pick6,2.5,-137,
2026-10-10T18:24:13+00:00,86457f91112732f21ad4bb7d37bd291c,2026-10-12T00:20:00Z,BAL @ ATL,ATL,BAL,Zay Flowers,rec,pick6,5.5,-137,-137
2026-10-10T18:24:13+00:00,86457f91112732f21ad4bb7d37bd291c,2026-10-12T00:20:00Z,BAL @ ATL,ATL,BAL,Justice Hill,rec,pick6,1.5,-137,-137
2026-10-10T18:24:13+00:00,86457f91112732f21ad4bb7d37bd291c,2026-10-12T00:20:00Z,BAL @ ATL,ATL,BAL,Michael Penix Jr.,rushY,pick6,0.5,-137,-137
2026-10-10T18:24:13+00:00,86457f91112732f21ad4bb7d37bd291c,2026-10-12T00:20:00Z,BAL @ ATL,ATL,BAL,Tyler Huntley,rushY,pick6,28.5,-137,-137
2026-10-10T18:24:13+00:00,86457f91112732f21ad4bb7d37bd291c,2026-10-12T00:20:00Z,BAL @ ATL,ATL,BAL,Justice Hill,rushY,pick6,11.5,-137,-137
2026-10-10T18:24:13+00:00,86457f91112732f21ad4bb7d37bd291c,2026-10-12T00:20:00Z,BAL @ ATL,ATL,BAL,Bijan Robinson,rushY,pick6,88.5,-137,-137
2026-10-10T18:24:13+00:00,86457f91112732f21ad4bb7d37bd291c,2026-10-12T00:20:00Z,BAL @ ATL,ATL,BAL,Brian Robinson Jr.,rushY,pick6,35.5,-137,-137
2026-10-10T18:24:13+00:00,86457f91112732f21ad4bb7d37bd291c,2026-10-12T00:20:00Z,BAL @ ATL,ATL,BAL,Derrick Henry,rushY,pick6,78.5,-137,-137
2026-10-10T18:24:13+00:00,e6d00eedd87d367e510314bd8cab8f6f,2026-10-13T00:15:00Z,BUF @ LA,LA,BUF,Matthew Stafford,comp,draftkings,23.5,-115,-111
2026-10-10T18:24:13+00:00,e6d00eedd87d367e510314bd8cab8f6f,2026-10-13T00:15:00Z,BUF @ LA,LA,BUF,Josh Allen,comp,draftkings,20.5,-126,-101
2026-10-10T18:24:13+00:00,e6d00eedd87d367e510314bd8cab8f6f,2026-10-13T00:15:00Z,BUF @ LA,LA,BUF,Matthew Stafford,passY,draftkings,278.5,-111,-113
2026-10-10T18:24:13+00:00,e6d00eedd87d367e510314bd8cab8f6f,2026-10-13T00:15:00Z,BUF @ LA,LA,BUF,Josh Allen,passY,draftkings,242.5,-112,-112
2026-10-10T18:24:13+00:00,e6d00eedd87d367e510314bd8cab8f6f,2026-10-13T00:15:00Z,BUF @ LA,LA,BUF,Puka Nacua,recY,draftkings,94.5,-110,-114
2026-10-10T18:24:13+00:00,e6d00eedd87d367e510314bd8cab8f6f,2026-10-13T00:15:00Z,BUF @ LA,LA,BUF,Davante Adams,recY,draftkings,62.5,-110,-114
2026-10-10T18:24:13+00:00,e6d00eedd87d367e510314bd8cab8f6f,2026-10-13T00:15:00Z,BUF @ LA,LA,BUF,Dalton Kincaid,recY,draftkings,54.5,-113,-111
2026-10-10T18:24:13+00:00,e6d00eedd87d367e510314bd8cab8f6f,2026-10-13T00:15:00Z,BUF @ LA,LA,BUF,Khalil Shakir,recY,draftkings,46.5,-112,-112
2026-10-10T18:24:13+00:00,e6d00eedd87d367e510314bd8cab8f6f,2026-10-13T00:15:00Z,BUF @ LA,LA,BUF,Keon Coleman,recY,draftkings,38.5,-111,-113
2026-10-10T18:24:13+00:00,e6d00eedd87d367e510314bd8cab8f6f,2026-10-13T00:15:00Z,BUF @ LA,LA,BUF,Tyler Higbee,recY,draftkings,23.5,-110,-114
2026-10-10T18:24:13+00:00,e6d00eedd87d367e510314bd8cab8f6f,2026-10-13T00:15:00Z,BUF @ LA,LA,BUF,Kyren Williams,recY,draftkings,22.5,-108,-116
2026-10-10T18:24:13+00:00,e6d00eedd87d367e510314bd8cab8f6f,2026-10-13T00:15:00Z,BUF @ LA,LA,BUF,Colby Parkinson,recY,draftkings,16.5,-113,-111
2026-10-10T18:24:13+00:00,e6d00eedd87d367e510314bd8cab8f6f,2026-10-13T00:15:00Z,BUF @ LA,LA,BUF,Ty Johnson,recY,draftkings,12.5,-108,-116
2026-10-10T18:24:13+00:00,e6d00eedd87d367e510314bd8cab8f6f,2026-10-13T00:15:00Z,BUF @ LA,LA,BUF,Dawson Knox,recY,draftkings,10.5,-115,-109
2026-10-10T18:24:13+00:00,e6d00eedd87d367e510314bd8cab8f6f,2026-10-13T00:15:00Z,BUF @ LA,LA,BUF,James Cook,recY,draftkings,10.5,-111,-113
2026-10-10T18:24:13+00:00,e6d00eedd87d367e510314bd8cab8f6f,2026-10-13T00:15:00Z,BUF @ LA,LA,BUF,Konata Mumpfield,recY,draftkings,7.5,-111,-113
2026-10-10T18:24:13+00:00,e6d00eedd87d367e510314bd8cab8f6f,2026-10-13T00:15:00Z,BUF @ LA,LA,BUF,Jordan Whittington,recY,draftkings,5.5,-117,-108
2026-10-10T18:24:13+00:00,e6d00eedd87d367e510314bd8cab8f6f,2026-10-13T00:15:00Z,BUF @ LA,LA,BUF,Puka Nacua,rec,draftkings,7.5,-101,-126
2026-10-10T18:24:13+00:00,e6d00eedd87d367e510314bd8cab8f6f,2026-10-13T00:15:00Z,BUF @ LA,LA,BUF,Khalil Shakir,rec,draftkings,4.5,-109,-117
2026-10-10T18:24:13+00:00,e6d00eedd87d367e510314bd8cab8f6f,2026-10-13T00:15:00Z,BUF @ LA,LA,BUF,Dalton Kincaid,rec,draftkings,4.5,101,-129
2026-10-10T18:24:13+00:00,e6d00eedd87d367e510314bd8cab8f6f,2026-10-13T00:15:00Z,BUF @ LA,LA,BUF,Davante Adams,rec,draftkings,4.5,104,-132
2026-10-10T18:24:13+00:00,e6d00eedd87d367e510314bd8cab8f6f,2026-10-13T00:15:00Z,BUF @ LA,LA,BUF,Keon Coleman,rec,draftkings,3.5,133,-171
2026-10-10T18:24:13+00:00,e6d00eedd87d367e510314bd8cab8f6f,2026-10-13T00:15:00Z,BUF @ LA,LA,BUF,Kyren Williams,rec,draftkings,2.5,-158,123
2026-10-10T18:24:13+00:00,e6d00eedd87d367e510314bd8cab8f6f,2026-10-13T00:15:00Z,BUF @ LA,LA,BUF,Tyler Higbee,rec,draftkings,2.5,-133,104
2026-10-10T18:24:13+00:00,e6d00eedd87d367e510314bd8cab8f6f,2026-10-13T00:15:00Z,BUF @ LA,LA,BUF,Colby Parkinson,rec,draftkings,1.5,-181,141
2026-10-10T18:24:13+00:00,e6d00eedd87d367e510314bd8cab8f6f,2026-10-13T00:15:00Z,BUF @ LA,LA,BUF,Ty Johnson,rec,draftkings,1.5,-178,139
2026-10-10T18:24:13+00:00,e6d00eedd87d367e510314bd8cab8f6f,2026-10-13T00:15:00Z,BUF @ LA,LA,BUF,James Cook,rec,draftkings,1.5,-130,102
2026-10-10T18:24:13+00:00,e6d00eedd87d367e510314bd8cab8f6f,2026-10-13T00:15:00Z,BUF @ LA,LA,BUF,Dawson Knox,rec,draftkings,1.5,122,-156
2026-10-10T18:24:13+00:00,e6d00eedd87d367e510314bd8cab8f6f,2026-10-13T00:15:00Z,BUF @ LA,LA,BUF,Jordan Whittington,rec,draftkings,0.5,-200,155
2026-10-10T18:24:13+00:00,e6d00eedd87d367e510314bd8cab8f6f,2026-10-13T00:15:00Z,BUF @ LA,LA,BUF,Konata Mumpfield,rec,draftkings,0.5,-179,139
2026-10-10T18:24:13+00:00,e6d00eedd87d367e510314bd8cab8f6f,2026-10-13T00:15:00Z,BUF @ LA,LA,BUF,James Cook,rushY,draftkings,73.5,-114,-110
2026-10-10T18:24:13+00:00,e6d00eedd87d367e510314bd8cab8f6f,2026-10-13T00:15:00Z,BUF @ LA,LA,BUF,Kyren Williams,rushY,draftkings,69.5,-113,-111
2026-10-10T18:24:13+00:00,e6d00eedd87d367e510314bd8cab8f6f,2026-10-13T00:15:00Z,BUF @ LA,LA,BUF,Josh Allen,rushY,draftkings,38.5,-111,-113
2026-10-10T18:24:13+00:00,e6d00eedd87d367e510314bd8cab8f6f,2026-10-13T00:15:00Z,BUF @ LA,LA,BUF,Blake Corum,rushY,draftkings,32.5,-112,-112
2026-10-10T18:24:13+00:00,e6d00eedd87d367e510314bd8cab8f6f,2026-10-13T00:15:00Z,BUF @ LA,LA,BUF,Matthew Stafford,rushY,draftkings,0.5,-124,-101
2026-10-10T18:24:13+00:00,e6d00eedd87d367e510314bd8cab8f6f,2026-10-13T00:15:00Z,BUF @ LA,LA,BUF,Josh Allen,passY,fanduel,244.5,-114,-114
2026-10-10T18:24:13+00:00,e6d00eedd87d367e510314bd8cab8f6f,2026-10-13T00:15:00Z,BUF @ LA,LA,BUF,Matthew Stafford,passY,fanduel,278.5,-114,-114
2026-10-10T18:24:13+00:00,e6d00eedd87d367e510314bd8cab8f6f,2026-10-13T00:15:00Z,BUF @ LA,LA,BUF,Keon Coleman,recY,fanduel,36.5,-114,-114
2026-10-10T18:24:13+00:00,e6d00eedd87d367e510314bd8cab8f6f,2026-10-13T00:15:00Z,BUF @ LA,LA,BUF,Davante Adams,recY,fanduel,62.5,-114,-114
2026-10-10T18:24:13+00:00,e6d00eedd87d367e510314bd8cab8f6f,2026-10-13T00:15:00Z,BUF @ LA,LA,BUF,Kyren Williams,recY,fanduel,19.5,-114,-114
2026-10-10T18:24:13+00:00,e6d00eedd87d367e510314bd8cab8f6f,2026-10-13T00:15:00Z,BUF @ LA,LA,BUF,Khalil Shakir,recY,fanduel,45.5,-114,-114
2026-10-10T18:24:13+00:00,e6d00eedd87d367e510314bd8cab8f6f,2026-10-13T00:15:00Z,BUF @ LA,LA,BUF,James Cook,recY,fanduel,9.5,-114,-114
2026-10-10T18:24:13+00:00,e6d00eedd87d367e510314bd8cab8f6f,2026-10-13T00:15:00Z,BUF @ LA,LA,BUF,Colby Parkinson,recY,fanduel,16.5,-114,-114
2026-10-10T18:24:13+00:00,e6d00eedd87d367e510314bd8cab8f6f,2026-10-13T00:15:00Z,BUF @ LA,LA,BUF,Konata Mumpfield,recY,fanduel,7.5,-114,-114
2026-10-10T18:24:13+00:00,e6d00eedd87d367e510314bd8cab8f6f,2026-10-13T00:15:00Z,BUF @ LA,LA,BUF,Puka Nacua,recY,fanduel,92.5,-114,-114
2026-10-10T18:24:13+00:00,e6d00eedd87d367e510314bd8cab8f6f,2026-10-13T00:15:00Z,BUF @ LA,LA,BUF,Tyler Higbee,recY,fanduel,23.5,-114,-114
2026-10-10T18:24:13+00:00,e6d00eedd87d367e510314bd8cab8f6f,2026-10-13T00:15:00Z,BUF @ LA,LA,BUF,Dalton Kincaid,recY,fanduel,56.5,-114,-114
2026-10-10T18:24:13+00:00,e6d00eedd87d367e510314bd8cab8f6f,2026-10-13T00:15:00Z,BUF @ LA,LA,BUF,Dawson Knox,recY,fanduel,11.5,-114,-114
2026-10-10T18:24:13+00:00,e6d00eedd87d367e510314bd8cab8f6f,2026-10-13T00:15:00Z,BUF @ LA,LA,BUF,Ty Johnson,recY,fanduel,11.5,-114,-114
2026-10-10T18:24:13+00:00,e6d00eedd87d367e510314bd8cab8f6f,2026-10-13T00:15:00Z,BUF @ LA,LA,BUF,Jordan Whittington,recY,fanduel,5.5,-114,-114
2026-10-10T18:24:13+00:00,e6d00eedd87d367e510314bd8cab8f6f,2026-10-13T00:15:00Z,BUF @ LA,LA,BUF,Jordan Whittington,rec,fanduel,0.5,-180,134
2026-10-10T18:24:13+00:00,e6d00eedd87d367e510314bd8cab8f6f,2026-10-13T00:15:00Z,BUF @ LA,LA,BUF,Ty Johnson,rec,fanduel,2.5,152,-205
2026-10-10T18:24:13+00:00,e6d00eedd87d367e510314bd8cab8f6f,2026-10-13T00:15:00Z,BUF @ LA,LA,BUF,Colby Parkinson,rec,fanduel,1.5,-180,134
2026-10-10T18:24:13+00:00,e6d00eedd87d367e510314bd8cab8f6f,2026-10-13T00:15:00Z,BUF @ LA,LA,BUF,James Cook,rec,fanduel,1.5,-122,-108
2026-10-10T18:24:13+00:00,e6d00eedd87d367e510314bd8cab8f6f,2026-10-13T00:15:00Z,BUF @ LA,LA,BUF,Khalil Shakir,rec,fanduel,4.5,-108,-122
2026-10-10T18:24:13+00:00,e6d00eedd87d367e510314bd8cab8f6f,2026-10-13T00:15:00Z,BUF @ LA,LA,BUF,Keon Coleman,rec,fanduel,2.5,-158,118
2026-10-10T18:24:13+00:00,e6d00eedd87d367e510314bd8cab8f6f,2026-10-13T00:15:00Z,BUF @ LA,LA,BUF,Konata Mumpfield,rec,fanduel,0.5,-172,128
2026-10-10T18:24:13+00:00,e6d00eedd87d367e510314bd8cab8f6f,2026-10-13T00:15:00Z,BUF @ LA,LA,BUF,Puka Nacua,rec,fanduel,6.5,-160,120
2026-10-10T18:24:13+00:00,e6d00eedd87d367e510314bd8cab8f6f,2026-10-13T00:15:00Z,BUF @ LA,LA,BUF,Dalton Kincaid,rec,fanduel,4.5,-102,-130
2026-10-10T18:24:13+00:00,e6d00eedd87d367e510314bd8cab8f6f,2026-10-13T00:15:00Z,BUF @ LA,LA,BUF,Tyler Higbee,rec,fanduel,2.5,-128,-104
2026-10-10T18:24:13+00:00,e6d00eedd87d367e510314bd8cab8f6f,2026-10-13T00:15:00Z,BUF @ LA,LA,BUF,Dawson Knox,rec,fanduel,1.5,114,-152
2026-10-10T18:24:13+00:00,e6d00eedd87d367e510314bd8cab8f6f,2026-10-13T00:15:00Z,BUF @ LA,LA,BUF,Davante Adams,rec,fanduel,4.5,108,-144
2026-10-10T18:24:13+00:00,e6d00eedd87d367e510314bd8cab8f6f,2026-10-13T00:15:00Z,BUF @ LA,LA,BUF,Kyren Williams,rec,fanduel,2.5,-158,118
2026-10-10T18:24:13+00:00,e6d00eedd87d367e510314bd8cab8f6f,2026-10-13T00:15:00Z,BUF @ LA,LA,BUF,James Cook,rushY,fanduel,75.5,-114,-114
2026-10-10T18:24:13+00:00,e6d00eedd87d367e510314bd8cab8f6f,2026-10-13T00:15:00Z,BUF @ LA,LA,BUF,Blake Corum,rushY,fanduel,31.5,-114,-114
2026-10-10T18:24:13+00:00,e6d00eedd87d367e510314bd8cab8f6f,2026-10-13T00:15:00Z,BUF @ LA,LA,BUF,Matthew Stafford,rushY,fanduel,1.5,102,-132
2026-10-10T18:24:13+00:00,e6d00eedd87d367e510314bd8cab8f6f,2026-10-13T00:15:00Z,BUF @ LA,LA,BUF,Kyren Williams,rushY,fanduel,68.5,-114,-114
2026-10-10T18:24:13+00:00,e6d00eedd87d367e510314bd8cab8f6f,2026-10-13T00:15:00Z,BUF @ LA,LA,BUF,Josh Allen,rushY,fanduel,36.5,-114,-114
2026-10-10T18:24:13+00:00,e6d00eedd87d367e510314bd8cab8f6f,2026-10-13T00:15:00Z,BUF @ LA,LA,BUF,Josh Allen,comp,betrivers,20.5,-113,
2026-10-10T18:24:13+00:00,e6d00eedd87d367e510314bd8cab8f6f,2026-10-13T00:15:00Z,BUF @ LA,LA,BUF,Matthew Stafford,comp,betrivers,22.5,-127,
2026-10-10T18:24:13+00:00,e6d00eedd87d367e510314bd8cab8f6f,2026-10-13T00:15:00Z,BUF @ LA,LA,BUF,Josh Allen,passY,betrivers,244.5,-115,-115
2026-10-10T18:24:13+00:00,e6d00eedd87d367e510314bd8cab8f6f,2026-10-13T00:15:00Z,BUF @ LA,LA,BUF,Matthew Stafford,passY,betrivers,281.5,-115,-115
2026-10-10T18:24:13+00:00,e6d00eedd87d367e510314bd8cab8f6f,2026-10-13T00:15:00Z,BUF @ LA,LA,BUF,Kyren Williams,recY,betrivers,20.5,-121,-110
2026-10-10T18:24:13+00:00,e6d00eedd87d367e510314bd8cab8f6f,2026-10-13T00:15:00Z,BUF @ LA,LA,BUF,Konata Mumpfield,recY,betrivers,7.5,-114,-117
2026-10-10T18:24:13+00:00,e6d00eedd87d367e510314bd8cab8f6f,2026-10-13T00:15:00Z,BUF @ LA,LA,BUF,Jordan Whittington,recY,betrivers,5.5,-121,-110
2026-10-10T18:24:13+00:00,e6d00eedd87d367e510314bd8cab8f6f,2026-10-13T00:15:00Z,BUF @ LA,LA,BUF,Tyler Higbee,recY,betrivers,25.5,-115,-115
2026-10-10T18:24:13+00:00,e6d00eedd87d367e510314bd8cab8f6f,2026-10-13T00:15:00Z,BUF @ LA,LA,BUF,Puka Nacua,recY,betrivers,93.5,-117,-114
2026-10-10T18:24:13+00:00,e6d00eedd87d367e510314bd8cab8f6f,2026-10-13T00:15:00Z,BUF @ LA,LA,BUF,Colby Parkinson,recY,betrivers,16.5,-117,-114
2026-10-10T18:24:13+00:00,e6d00eedd87d367e510314bd8cab8f6f,2026-10-13T00:15:00Z,BUF @ LA,LA,BUF,Davante Adams,recY,betrivers,63.5,-117,-114
2026-10-10T18:24:13+00:00,e6d00eedd87d367e510314bd8cab8f6f,2026-10-13T00:15:00Z,BUF @ LA,LA,BUF,Colby Parkinson,rec,betrivers,1.5,-159,
2026-10-10T18:24:13+00:00,e6d00eedd87d367e510314bd8cab8f6f,2026-10-13T00:15:00Z,BUF @ LA,LA,BUF,Tyler Higbee,rec,betrivers,2.5,-137,
2026-10-10T18:24:13+00:00,e6d00eedd87d367e510314bd8cab8f6f,2026-10-13T00:15:00Z,BUF @ LA,LA,BUF,Davante Adams,rec,betrivers,4.5,112,
2026-10-10T18:24:13+00:00,e6d00eedd87d367e510314bd8cab8f6f,2026-10-13T00:15:00Z,BUF @ LA,LA,BUF,Kyren Williams,rec,betrivers,2.5,-167,
2026-10-10T18:24:13+00:00,e6d00eedd87d367e510314bd8cab8f6f,2026-10-13T00:15:00Z,BUF @ LA,LA,BUF,Jordan Whittington,rec,betrivers,0.5,-175,
2026-10-10T18:24:13+00:00,e6d00eedd87d367e510314bd8cab8f6f,2026-10-13T00:15:00Z,BUF @ LA,LA,BUF,Konata Mumpfield,rec,betrivers,0.5,-186,
2026-10-10T18:24:13+00:00,e6d00eedd87d367e510314bd8cab8f6f,2026-10-13T00:15:00Z,BUF @ LA,LA,BUF,Puka Nacua,rec,betrivers,7.5,115,
2026-10-10T18:24:13+00:00,e6d00eedd87d367e510314bd8cab8f6f,2026-10-13T00:15:00Z,BUF @ LA,LA,BUF,Kyren Williams,rushY,betrivers,71.5,-117,-114
2026-10-10T18:24:13+00:00,e6d00eedd87d367e510314bd8cab8f6f,2026-10-13T00:15:00Z,BUF @ LA,LA,BUF,Blake Corum,rushY,betrivers,34.5,-112,-120
2026-10-10T18:24:13+00:00,e6d00eedd87d367e510314bd8cab8f6f,2026-10-13T00:15:00Z,BUF @ LA,LA,BUF,James Cook,rushY,betrivers,75.5,-118,-113
2026-10-10T18:24:13+00:00,e6d00eedd87d367e510314bd8cab8f6f,2026-10-13T00:15:00Z,BUF @ LA,LA,BUF,Josh Allen,rushY,betrivers,37.5,-114,-117
2026-10-10T18:24:13+00:00,e6d00eedd87d367e510314bd8cab8f6f,2026-10-13T00:15:00Z,BUF @ LA,LA,BUF,Matthew Stafford,comp,betmgm,23.5,-120,-110
2026-10-10T18:24:13+00:00,e6d00eedd87d367e510314bd8cab8f6f,2026-10-13T00:15:00Z,BUF @ LA,LA,BUF,Josh Allen,passY,betmgm,242.5,-115,-115
2026-10-10T18:24:13+00:00,e6d00eedd87d367e510314bd8cab8f6f,2026-10-13T00:15:00Z,BUF @ LA,LA,BUF,Matthew Stafford,passY,betmgm,286.5,-115,-115
2026-10-10T18:24:13+00:00,e6d00eedd87d367e510314bd8cab8f6f,2026-10-13T00:15:00Z,BUF @ LA,LA,BUF,Jordan Whittington,recY,betmgm,6.5,-120,-111
2026-10-10T18:24:13+00:00,e6d00eedd87d367e510314bd8cab8f6f,2026-10-13T00:15:00Z,BUF @ LA,LA,BUF,Konata Mumpfield,recY,betmgm,7.5,-115,-115
2026-10-10T18:24:13+00:00,e6d00eedd87d367e510314bd8cab8f6f,2026-10-13T00:15:00Z,BUF @ LA,LA,BUF,James Cook,recY,betmgm,11.5,-115,-115
2026-10-10T18:24:13+00:00,e6d00eedd87d367e510314bd8cab8f6f,2026-10-13T00:15:00Z,BUF @ LA,LA,BUF,Ty Johnson,recY,betmgm,12.5,-115,-115
2026-10-10T18:24:13+00:00,e6d00eedd87d367e510314bd8cab8f6f,2026-10-13T00:15:00Z,BUF @ LA,LA,BUF,Colby Parkinson,recY,betmgm,17.5,-115,-115
2026-10-10T18:24:13+00:00,e6d00eedd87d367e510314bd8cab8f6f,2026-10-13T00:15:00Z,BUF @ LA,LA,BUF,Kyren Williams,recY,betmgm,19.5,-135,100
2026-10-10T18:24:13+00:00,e6d00eedd87d367e510314bd8cab8f6f,2026-10-13T00:15:00Z,BUF @ LA,LA,BUF,Puka Nacua,recY,betmgm,94.5,-115,-115
2026-10-10T18:24:13+00:00,e6d00eedd87d367e510314bd8cab8f6f,2026-10-13T00:15:00Z,BUF @ LA,LA,BUF,Davante Adams,recY,betmgm,65.5,-115,-115
2026-10-10T18:24:13+00:00,e6d00eedd87d367e510314bd8cab8f6f,2026-10-13T00:15:00Z,BUF @ LA,LA,BUF,Davante Adams,rec,betmgm,4.5,-105,-125
2026-10-10T18:24:13+00:00,e6d00eedd87d367e510314bd8cab8f6f,2026-10-13T00:15:00Z,BUF @ LA,LA,BUF,Kyren Williams,rec,betmgm,2.5,-145,105
2026-10-10T18:24:13+00:00,e6d00eedd87d367e510314bd8cab8f6f,2026-10-13T00:15:00Z,BUF @ LA,LA,BUF,Puka Nacua,rec,betmgm,7.5,100,-135
2026-10-10T18:24:13+00:00,e6d00eedd87d367e510314bd8cab8f6f,2026-10-13T00:15:00Z,BUF @ LA,LA,BUF,Colby Parkinson,rec,betmgm,1.5,-200,145
2026-10-10T18:24:13+00:00,e6d00eedd87d367e510314bd8cab8f6f,2026-10-13T00:15:00Z,BUF @ LA,LA,BUF,Konata Mumpfield,rec,betmgm,0.5,-190,140
2026-10-10T18:24:13+00:00,e6d00eedd87d367e510314bd8cab8f6f,2026-10-13T00:15:00Z,BUF @ LA,LA,BUF,Josh Allen,rushY,betmgm,36.5,-115,-115
2026-10-10T18:24:13+00:00,e6d00eedd87d367e510314bd8cab8f6f,2026-10-13T00:15:00Z,BUF @ LA,LA,BUF,James Cook,rushY,betmgm,74.5,-115,-115
2026-10-10T18:24:13+00:00,e6d00eedd87d367e510314bd8cab8f6f,2026-10-13T00:15:00Z,BUF @ LA,LA,BUF,Kyren Williams,rushY,betmgm,70.5,-115,-115
2026-10-10T18:24:13+00:00,e6d00eedd87d367e510314bd8cab8f6f,2026-10-13T00:15:00Z,BUF @ LA,LA,BUF,Matthew Stafford,comp,underdog,23.5,-137,-137
2026-10-10T18:24:13+00:00,e6d00eedd87d367e510314bd8cab8f6f,2026-10-13T00:15:00Z,BUF @ LA,LA,BUF,Josh Allen,passY,underdog,249.5,-137,-137
2026-10-10T18:24:13+00:00,e6d00eedd87d367e510314bd8cab8f6f,2026-10-13T00:15:00Z,BUF @ LA,LA,BUF,Tyler Higbee,recY,underdog,24.5,-137,-137
2026-10-10T18:24:13+00:00,e6d00eedd87d367e510314bd8cab8f6f,2026-10-13T00:15:00Z,BUF @ LA,LA,BUF,Khalil Shakir,rec,underdog,4.5,-137,-137
2026-10-10T18:24:13+00:00,e6d00eedd87d367e510314bd8cab8f6f,2026-10-13T00:15:00Z,BUF @ LA,LA,BUF,Kyren Williams,rushY,underdog,69.5,-137,-137
2026-10-10T18:24:13+00:00,e6d00eedd87d367e510314bd8cab8f6f,2026-10-13T00:15:00Z,BUF @ LA,LA,BUF,Matthew Stafford,comp,espnbet,23.5,-110,-120
2026-10-10T18:24:13+00:00,e6d00eedd87d367e510314bd8cab8f6f,2026-10-13T00:15:00Z,BUF @ LA,LA,BUF,Josh Allen,comp,espnbet,21.5,100,-130
2026-10-10T18:24:13+00:00,e6d00eedd87d367e510314bd8cab8f6f,2026-10-13T00:15:00Z,BUF @ LA,LA,BUF,Matthew Stafford,passY,espnbet,279.5,-105,-125
2026-10-10T18:24:13+00:00,e6d00eedd87d367e510314bd8cab8f6f,2026-10-13T00:15:00Z,BUF @ LA,LA,BUF,Josh Allen,passY,espnbet,239.5,-120,-110
2026-10-10T18:24:13+00:00,e6d00eedd87d367e510314bd8cab8f6f,2026-10-13T00:15:00Z,BUF @ LA,LA,BUF,Puka Nacua,recY,espnbet,94.5,-110,-120
2026-10-10T18:24:13+00:00,e6d00eedd87d367e510314bd8cab8f6f,2026-10-13T00:15:00Z,BUF @ LA,LA,BUF,Davante Adams,recY,espnbet,62.5,-110,-120
2026-10-10T18:24:13+00:00,e6d00eedd87d367e510314bd8cab8f6f,2026-10-13T00:15:00Z,BUF @ LA,LA,BUF,Khalil Shakir,recY,espnbet,48.5,-110,-120
2026-10-10T18:24:13+00:00,e6d00eedd87d367e510314bd8cab8f6f,2026-10-13T00:15:00Z,BUF @ LA,LA,BUF,Dalton Kincaid,recY,espnbet,54.5,-120,-110
2026-10-10T18:24:13+00:00,e6d00eedd87d367e510314bd8cab8f6f,2026-10-13T00:15:00Z,BUF @ LA,LA,BUF,Keon Coleman,recY,espnbet,39.5,-105,-125
2026-10-10T18:24:13+00:00,e6d00eedd87d367e510314bd8cab8f6f,2026-10-13T00:15:00Z,BUF @ LA,LA,BUF,Tyler Higbee,recY,espnbet,25.5,105,-135
2026-10-10T18:24:13+00:00,e6d00eedd87d367e510314bd8cab8f6f,2026-10-13T00:15:00Z,BUF @ LA,LA,BUF,Colby Parkinson,recY,espnbet,16.5,-115,-115
2026-10-10T18:24:13+00:00,e6d00eedd87d367e510314bd8cab8f6f,2026-10-13T00:15:00Z,BUF @ LA,LA,BUF,Konata Mumpfield,recY,espnbet,7.5,-110,-120
2026-10-10T18:24:13+00:00,e6d00eedd87d367e510314bd8cab8f6f,2026-10-13T00:15:00Z,BUF @ LA,LA,BUF,Jordan Whittington,recY,espnbet,5.5,-120,-110
2026-10-10T18:24:13+00:00,e6d00eedd87d367e510314bd8cab8f6f,2026-10-13T00:15:00Z,BUF @ LA,LA,BUF,Dawson Knox,recY,espnbet,10.5,-115,-115
2026-10-10T18:24:13+00:00,e6d00eedd87d367e510314bd8cab8f6f,2026-10-13T00:15:00Z,BUF @ LA,LA,BUF,Kyren Williams,recY,espnbet,24.5,100,-130
2026-10-10T18:24:13+00:00,e6d00eedd87d367e510314bd8cab8f6f,2026-10-13T00:15:00Z,BUF @ LA,LA,BUF,James Cook,recY,espnbet,9.5,-130,100
2026-10-10T18:24:13+00:00,e6d00eedd87d367e510314bd8cab8f6f,2026-10-13T00:15:00Z,BUF @ LA,LA,BUF,Ty Johnson,recY,espnbet,14.5,115,-150
2026-10-10T18:24:13+00:00,e6d00eedd87d367e510314bd8cab8f6f,2026-10-13T00:15:00Z,BUF @ LA,LA,BUF,Puka Nacua,rec,espnbet,7.5,100,-130
2026-10-10T18:24:13+00:00,e6d00eedd87d367e510314bd8cab8f6f,2026-10-13T00:15:00Z,BUF @ LA,LA,BUF,Davante Adams,rec,espnbet,4.5,105,-135
2026-10-10T18:24:13+00:00,e6d00eedd87d367e510314bd8cab8f6f,2026-10-13T00:15:00Z,BUF @ LA,LA,BUF,Khalil Shakir,rec,espnbet,4.5,-120,-110
2026-10-10T18:24:13+00:00,e6d00eedd87d367e510314bd8cab8f6f,2026-10-13T00:15:00Z,BUF @ LA,LA,BUF,Kyren Williams,rec,espnbet,2.5,-155,120
2026-10-10T18:24:13+00:00,e6d00eedd87d367e510314bd8cab8f6f,2026-10-13T00:15:00Z,BUF @ LA,LA,BUF,Dalton Kincaid,rec,espnbet,4.5,100,-130
2026-10-10T18:24:13+00:00,e6d00eedd87d367e510314bd8cab8f6f,2026-10-13T00:15:00Z,BUF @ LA,LA,BUF,Keon Coleman,rec,espnbet,3.5,130,-170
2026-10-10T18:24:13+00:00,e6d00eedd87d367e510314bd8cab8f6f,2026-10-13T00:15:00Z,BUF @ LA,LA,BUF,James Cook,rec,espnbet,1.5,-130,100
2026-10-10T18:24:13+00:00,e6d00eedd87d367e510314bd8cab8f6f,2026-10-13T00:15:00Z,BUF @ LA,LA,BUF,Colby Parkinson,rec,espnbet,1.5,-190,140
2026-10-10T18:24:13+00:00,e6d00eedd87d367e510314bd8cab8f6f,2026-10-13T00:15:00Z,BUF @ LA,LA,BUF,Tyler Higbee,rec,espnbet,2.5,-125,-105
2026-10-10T18:24:13+00:00,e6d00eedd87d367e510314bd8cab8f6f,2026-10-13T00:15:00Z,BUF @ LA,LA,BUF,Konata Mumpfield,rec,espnbet,0.5,-180,135
2026-10-10T18:24:13+00:00,e6d00eedd87d367e510314bd8cab8f6f,2026-10-13T00:15:00Z,BUF @ LA,LA,BUF,Dawson Knox,rec,espnbet,1.5,125,-160
2026-10-10T18:24:13+00:00,e6d00eedd87d367e510314bd8cab8f6f,2026-10-13T00:15:00Z,BUF @ LA,LA,BUF,Ty Johnson,rec,espnbet,1.5,-180,135
2026-10-10T18:24:13+00:00,e6d00eedd87d367e510314bd8cab8f6f,2026-10-13T00:15:00Z,BUF @ LA,LA,BUF,Jordan Whittington,rec,espnbet,0.5,-200,150
2026-10-10T18:24:13+00:00,e6d00eedd87d367e510314bd8cab8f6f,2026-10-13T00:15:00Z,BUF @ LA,LA,BUF,James Cook,rushY,espnbet,74.5,-105,-125
2026-10-10T18:24:13+00:00,e6d00eedd87d367e510314bd8cab8f6f,2026-10-13T00:15:00Z,BUF @ LA,LA,BUF,Kyren Williams,rushY,espnbet,69.5,-115,-115
2026-10-10T18:24:13+00:00,e6d00eedd87d367e510314bd8cab8f6f,2026-10-13T00:15:00Z,BUF @ LA,LA,BUF,Blake Corum,rushY,espnbet,31.5,-125,-105
2026-10-10T18:24:13+00:00,e6d00eedd87d367e510314bd8cab8f6f,2026-10-13T00:15:00Z,BUF @ LA,LA,BUF,Josh Allen,rushY,espnbet,39.5,-105,-125
2026-10-10T18:24:13+00:00,e6d00eedd87d367e510314bd8cab8f6f,2026-10-13T00:15:00Z,BUF @ LA,LA,BUF,Matthew Stafford,rushY,espnbet,0.5,-135,105
2026-10-10T18:24:13+00:00,e6d00eedd87d367e510314bd8cab8f6f,2026-10-13T00:15:00Z,BUF @ LA,LA,BUF,Matthew Stafford,comp,prizepicks,23.0,-137,-137
2026-10-10T18:24:13+00:00,e6d00eedd87d367e510314bd8cab8f6f,2026-10-13T00:15:00Z,BUF @ LA,LA,BUF,Josh Allen,comp,prizepicks,21.0,-137,-137
2026-10-10T18:24:13+00:00,e6d00eedd87d367e510314bd8cab8f6f,2026-10-13T00:15:00Z,BUF @ LA,LA,BUF,Matthew Stafford,passY,prizepicks,278.5,-137,-137
2026-10-10T18:24:13+00:00,e6d00eedd87d367e510314bd8cab8f6f,2026-10-13T00:15:00Z,BUF @ LA,LA,BUF,Josh Allen,passY,prizepicks,245.5,-137,-137
2026-10-10T18:24:13+00:00,e6d00eedd87d367e510314bd8cab8f6f,2026-10-13T00:15:00Z,BUF @ LA,LA,BUF,Puka Nacua,recY,prizepicks,92.5,-137,-137
2026-10-10T18:24:13+00:00,e6d00eedd87d367e510314bd8cab8f6f,2026-10-13T00:15:00Z,BUF @ LA,LA,BUF,Davante Adams,recY,prizepicks,62.5,-137,-137
2026-10-10T18:24:13+00:00,e6d00eedd87d367e510314bd8cab8f6f,2026-10-13T00:15:00Z,BUF @ LA,LA,BUF,Dalton Kincaid,recY,prizepicks,58.5,-137,-137
2026-10-10T18:24:13+00:00,e6d00eedd87d367e510314bd8cab8f6f,2026-10-13T00:15:00Z,BUF @ LA,LA,BUF,Khalil Shakir,recY,prizepicks,46.5,-137,-137
2026-10-10T18:24:13+00:00,e6d00eedd87d367e510314bd8cab8f6f,2026-10-13T00:15:00Z,BUF @ LA,LA,BUF,Keon Coleman,recY,prizepicks,36.5,-137,-137
2026-10-10T18:24:13+00:00,e6d00eedd87d367e510314bd8cab8f6f,2026-10-13T00:15:00Z,BUF @ LA,LA,BUF,Tyler Higbee,recY,prizepicks,23.5,-137,-137
2026-10-10T18:24:13+00:00,e6d00eedd87d367e510314bd8cab8f6f,2026-10-13T00:15:00Z,BUF @ LA,LA,BUF,Kyren Williams,recY,prizepicks,19.5,-137,-137
2026-10-10T18:24:13+00:00,e6d00eedd87d367e510314bd8cab8f6f,2026-10-13T00:15:00Z,BUF @ LA,LA,BUF,Colby Parkinson,recY,prizepicks,16.5,-137,-137
2026-10-10T18:24:13+00:00,e6d00eedd87d367e510314bd8cab8f6f,2026-10-13T00:15:00Z,BUF @ LA,LA,BUF,Dawson Knox,recY,prizepicks,11.5,-137,-137
2026-10-10T18:24:13+00:00,e6d00eedd87d367e510314bd8cab8f6f,2026-10-13T00:15:00Z,BUF @ LA,LA,BUF,Ty Johnson,recY,prizepicks,11.5,-137,-137
2026-10-10T18:24:13+00:00,e6d00eedd87d367e510314bd8cab8f6f,2026-10-13T00:15:00Z,BUF @ LA,LA,BUF,James Cook,recY,prizepicks,9.5,-137,-137
2026-10-10T18:24:13+00:00,e6d00eedd87d367e510314bd8cab8f6f,2026-10-13T00:15:00Z,BUF @ LA,LA,BUF,Konata Mumpfield,recY,prizepicks,7.5,-137,-137
2026-10-10T18:24:13+00:00,e6d00eedd87d367e510314bd8cab8f6f,2026-10-13T00:15:00Z,BUF @ LA,LA,BUF,Davis Allen,recY,prizepicks,7.5,-137,-137
2026-10-10T18:24:13+00:00,e6d00eedd87d367e510314bd8cab8f6f,2026-10-13T00:15:00Z,BUF @ LA,LA,BUF,Jordan Whittington,recY,prizepicks,5.5,-137,-137
2026-10-10T18:24:13+00:00,e6d00eedd87d367e510314bd8cab8f6f,2026-10-13T00:15:00Z,BUF @ LA,LA,BUF,Blake Corum,recY,prizepicks,3.5,-137,-137
2026-10-10T18:24:13+00:00,e6d00eedd87d367e510314bd8cab8f6f,2026-10-13T00:15:00Z,BUF @ LA,LA,BUF,Puka Nacua,rec,prizepicks,7.0,-137,-137
2026-10-10T18:24:13+00:00,e6d00eedd87d367e510314bd8cab8f6f,2026-10-13T00:15:00Z,BUF @ LA,LA,BUF,Dalton Kincaid,rec,prizepicks,4.5,-137,-137
2026-10-10T18:24:13+00:00,e6d00eedd87d367e510314bd8cab8f6f,2026-10-13T00:15:00Z,BUF @ LA,LA,BUF,Khalil Shakir,rec,prizepicks,4.5,-137,-137
2026-10-10T18:24:13+00:00,e6d00eedd87d367e510314bd8cab8f6f,2026-10-13T00:15:00Z,BUF @ LA,LA,BUF,Keon Coleman,rec,prizepicks,3.0,-137,-137
2026-10-10T18:24:13+00:00,e6d00eedd87d367e510314bd8cab8f6f,2026-10-13T00:15:00Z,BUF @ LA,LA,BUF,Tyler Higbee,rec,prizepicks,2.5,-137,-137
2026-10-10T18:24:13+00:00,e6d00eedd87d367e510314bd8cab8f6f,2026-10-13T00:15:00Z,BUF @ LA,LA,BUF,Ty Johnson,rec,prizepicks,2.0,-137,-137
2026-10-10T18:24:13+00:00,e6d00eedd87d367e510314bd8cab8f6f,2026-10-13T00:15:00Z,BUF @ LA,LA,BUF,Colby Parkinson,rec,prizepicks,2.0,-137,-137
2026-10-10T18:24:13+00:00,e6d00eedd87d367e510314bd8cab8f6f,2026-10-13T00:15:00Z,BUF @ LA,LA,BUF,James Cook,rushY,prizepicks,75.5,-137,-137
2026-10-10T18:24:13+00:00,e6d00eedd87d367e510314bd8cab8f6f,2026-10-13T00:15:00Z,BUF @ LA,LA,BUF,Kyren Williams,rushY,prizepicks,69.5,-137,-137
2026-10-10T18:24:13+00:00,e6d00eedd87d367e510314bd8cab8f6f,2026-10-13T00:15:00Z,BUF @ LA,LA,BUF,Josh Allen,rushY,prizepicks,36.5,-137,-137
2026-10-10T18:24:13+00:00,e6d00eedd87d367e510314bd8cab8f6f,2026-10-13T00:15:00Z,BUF @ LA,LA,BUF,Blake Corum,rushY,prizepicks,32.5,-137,-137
2026-10-10T18:24:13+00:00,e6d00eedd87d367e510314bd8cab8f6f,2026-10-13T00:15:00Z,BUF @ LA,LA,BUF,Matthew Stafford,rushY,prizepicks,0.5,-137,-137
2026-10-10T18:24:13+00:00,e6d00eedd87d367e510314bd8cab8f6f,2026-10-13T00:15:00Z,BUF @ LA,LA,BUF,Matthew Stafford,sacks,prizepicks,1.5,-137,-137
2026-10-10T18:24:13+00:00,e6d00eedd87d367e510314bd8cab8f6f,2026-10-13T00:15:00Z,BUF @ LA,LA,BUF,Matthew Stafford,comp,fanatics,23.5,-115,-125
2026-10-10T18:24:13+00:00,e6d00eedd87d367e510314bd8cab8f6f,2026-10-13T00:15:00Z,BUF @ LA,LA,BUF,Matthew Stafford,passY,fanatics,275.5,-120,-110
2026-10-10T18:24:13+00:00,e6d00eedd87d367e510314bd8cab8f6f,2026-10-13T00:15:00Z,BUF @ LA,LA,BUF,Puka Nacua,recY,fanatics,90.5,-135,-115
2026-10-10T18:24:13+00:00,e6d00eedd87d367e510314bd8cab8f6f,2026-10-13T00:15:00Z,BUF @ LA,LA,BUF,Dalton Kincaid,rec,fanatics,4.5,-105,-140
2026-10-10T18:24:13+00:00,e6d00eedd87d367e510314bd8cab8f6f,2026-10-13T00:15:00Z,BUF @ LA,LA,BUF,Blake Corum,rushY,fanatics,30.5,-125,-120
