player_id,player_display_name,position,position_group,season,week,season_type,team,opponent_team,completions,attempts,passing_yards,passing_tds,passing_interceptions,sacks_suffered,sack_yards_lost,passing_air_yards,passing_yards_after_catch,passing_first_downs,passing_epa,passing_cpoe,carries,rushing_yards,rushing_tds,rushing_first_downs,rushing_10,rushing_epa,receptions,targets,receiving_yards,receiving_tds,receiving_air_yards,receiving_yards_after_catch,receiving_first_downs,receiving_epa,racr,target_share,air_yards_share,wopr,rushing_fumbles_lost,receiving_fumbles_lost,sack_fumbles_lost,rushing_2pt_conversions,receiving_2pt_conversions,passing_2pt_conversions,fantasy_points,fantasy_points_ppr
00-0023459,Aaron Rodgers,QB,QB,2026,1,REG,PIT,ATL,24,40,221,1,0,2,-15,407,121,10,-7.8381452707295,1.23448287313049,3,-3,0,0,0,-1.43968164623948,0,0,0,0,0,0,0,,,0,0,0,0,0,0,0,0,0,12.54,12.54
00-0025565,Nick Folk,K,SPEC,2026,1,REG,ATL,PIT,0,0,0,0,0,0,0,0,0,0,,,0,0,0,0,0,,0,0,0,0,0,0,0,,,0,0,0,0,0,0,0,0,0,0,0
00-0026190,Calais Campbell,DE,DL,2026,1,REG,BAL,IND,0,0,0,0,0,0,0,0,0,0,,,0,0,0,0,0,,0,0,0,0,0,0,0,,,0,0,0,0,0,0,0,0,0,0,0
00-0026498,Matthew Stafford,QB,QB,2026,1,REG,LA,SF,15,25,155,0,1,0,0,232,85,5,-5.61114235420246,-4.68852035701275,2,-1,0,0,0,-3.81403467035852,0,0,0,0,0,0,0,,,0,0,0,0,0,0,0,0,0,4.1,4.1
00-0027969,Cameron Heyward,DE,DL,2026,1,REG,PIT,ATL,0,0,0,0,0,0,0,0,0,0,,,0,0,0,0,0,,0,0,0,0,0,0,0,,,0,0,0,0,0,0,0,0,0,0,0
00-0029604,Kirk Cousins,QB,QB,2026,1,REG,LV,MIA,21,30,160,3,2,0,0,226,70,10,0.393194662359296,0.708901060038599,5,-6,0,0,0,-3.76460217684507,0,0,0,0,0,0,0,,,0,0,0,0,0,0,0,0,0,13.8,13.8
00-0029606,Harrison Smith,FS,DB,2026,1,REG,MIN,GB,0,0,0,0,0,0,0,0,0,0,,,0,0,0,0,0,,0,0,0,0,0,0,0,,,0,0,0,0,0,0,0,0,0,0,0
00-0029607,Demario Davis,OLB,LB,2026,1,REG,NYJ,TEN,0,0,0,0,0,0,0,0,0,0,,,0,0,0,0,0,,0,0,0,0,0,0,0,,,0,0,0,0,0,0,0,0,0,0,0
00-0029692,Bryan Anger,P,SPEC,2026,1,REG,DAL,NYG,0,0,0,0,0,0,0,0,0,0,,,0,0,0,0,0,,0,0,0,0,0,0,0,,,0,0,0,0,0,0,0,0,0,0,0
00-0029714,Andrew DePaola,LS,SPEC,2026,1,REG,MIN,GB,0,0,0,0,0,0,0,0,0,0,,,0,0,0,0,0,,0,0,0,0,0,0,0,,,0,0,0,0,0,0,0,0,0,0,0
00-0030092,Sam Martin,P,SPEC,2026,1,REG,CAR,CHI,0,0,0,0,0,0,0,0,0,0,,,0,0,0,0,0,,0,0,0,0,0,0,0,,,0,0,0,0,0,0,0,0,0,0,0
00-0030140,Tress Way,P,SPEC,2026,1,REG,WAS,PHI,0,0,0,0,0,0,0,0,0,0,,,0,0,0,0,0,,0,0,0,0,0,0,0,,,0,0,0,0,0,0,0,0,0,0,0
00-0030279,Keenan Allen,WR,WR,2026,1,REG,IND,BAL,0,0,0,0,0,0,0,0,0,0,,,0,0,0,0,0,,6,6,32,0,22,10,1,-0.00896294851554558,1.45454545454545,0.206896551724138,0.109452736318408,0.386961743009092,0,0,0,0,0,0,3.2,9.2
00-0030294,Tony Jefferson,S,DB,2026,1,REG,LAC,ARI,0,0,0,0,0,0,0,0,0,0,,,0,0,0,0,0,,0,0,0,0,0,0,0,,,0,0,0,0,0,0,0,0,0,0,0
00-0030506,Travis Kelce,TE,TE,2026,1,REG,KC,DEN,0,0,0,0,0,0,0,0,0,0,,,0,0,0,0,0,,3,5,71,0,29,63,2,4.96814065461513,2.44827586206897,0.2,0.218045112781955,0.452631578947368,0,0,0,0,0,0,7.1,10.1
00-0030565,Geno Smith,QB,QB,2026,1,REG,NYJ,TEN,19,24,215,0,0,0,0,168,82,7,9.75485210445876,12.8360209257706,6,7,0,0,0,-5.25670542404987,0,0,0,0,0,0,0,,,0,0,0,0,0,0,0,0,0,9.3,9.3
00-0031040,Khalil Mack,OLB,LB,2026,1,REG,LAC,ARI,0,0,0,0,0,0,0,0,0,0,,,0,0,0,0,0,,0,0,0,0,0,0,0,,,0,0,0,0,0,0,0,0,0,0,0
00-0031136,Chris Boswell,K,SPEC,2026,1,REG,PIT,ATL,0,0,0,0,0,0,0,0,0,0,,,0,0,0,0,0,,0,0,0,0,0,0,0,,,0,0,0,0,0,0,0,0,0,0,0
00-0031203,Cairo Santos,K,SPEC,2026,1,REG,CHI,CAR,0,0,0,0,0,0,0,0,0,0,,,0,0,0,0,0,,0,0,0,0,0,0,0,,,0,0,0,0,0,0,0,0,0,0,0
00-0031279,Jake Matthews,OT,OL,2026,1,REG,ATL,PIT,0,0,0,0,0,0,0,0,0,0,,,0,0,0,0,0,,0,0,0,0,0,0,0,,,0,0,0,0,0,0,0,0,0,0,0
00-0031330,Morgan Moses,OT,OL,2026,1,REG,NE,SEA,0,0,0,0,0,0,0,0,0,0,,,0,0,0,0,0,,0,0,0,0,0,0,0,,,0,0,0,0,0,0,0,0,0,0,0
00-0031360,Kyle Van Noy,MLB,LB,2026,1,REG,MIN,GB,0,0,0,0,0,0,0,0,0,0,,,0,0,0,0,0,,0,0,0,0,0,0,0,,,0,0,0,0,0,0,0,0,0,0,0
00-0031364,Jadeveon Clowney,DE,DL,2026,1,REG,HOU,BUF,0,0,0,0,0,0,0,0,0,0,,,0,0,0,0,0,,0,0,0,0,0,0,0,,,0,0,0,0,0,0,0,0,0,0,0
00-0031381,Davante Adams,WR,WR,2026,1,REG,LA,SF,0,0,0,0,0,0,0,0,0,0,,,0,0,0,0,0,,3,6,26,0,73,9,1,-1.70472908939701,0.356164383561644,0.222222222222222,0.286274509803922,0.533725490196078,0,0,0,0,0,0,2.6,5.6
00-0031408,Mike Evans,WR,WR,2026,1,REG,SF,LA,0,0,0,0,0,0,0,0,0,0,,,0,0,0,0,0,,6,7,49,1,55,6,6,8.18519229372032,0.890909090909091,0.205882352941176,0.369127516778524,0.567212791156731,0,0,0,0,0,0,10.9,16.9
00-0031411,DeMarcus Lawrence,LB,LB,2026,1,REG,SEA,NE,0,0,0,0,0,0,0,0,0,0,,,0,0,0,0,0,,0,0,0,0,0,0,0,,,0,0,0,0,0,0,0,0,0,0,0
00-0031492,Jason Myers,K,SPEC,2026,1,REG,SEA,NE,0,0,0,0,0,0,0,0,0,0,,,0,0,0,0,0,,0,0,0,0,0,0,0,,,0,0,0,0,0,0,0,0,0,0,0
00-0031565,Danielle Hunter,DE,DL,2026,1,REG,HOU,BUF,0,0,0,0,0,0,0,0,0,0,,,0,0,0,0,0,,0,0,0,0,0,0,0,,,0,0,0,0,0,0,0,0,0,0,0
00-0031576,Za'Darius Smith,DE,DL,2026,1,REG,ATL,PIT,0,0,0,0,0,0,0,0,0,0,,,0,0,0,0,0,,0,0,0,0,0,0,0,,,0,0,0,0,0,0,0,0,0,0,0
00-0031583,Grady Jarrett,DT,DL,2026,1,REG,CHI,CAR,0,0,0,0,0,0,0,0,0,0,,,0,0,0,0,0,,0,0,0,0,0,0,0,,,0,0,0,0,0,0,0,0,0,0,0
00-0031588,Stefon Diggs,WR,WR,2026,1,REG,WAS,PHI,0,0,0,0,0,0,0,0,0,0,,,0,0,0,0,0,,4,9,55,1,83,15,4,3.75257198052714,0.662650602409639,0.310344827586207,0.261829652996845,0.648797998477102,0,0,0,0,0,0,11.5,15.5
00-0031610,Darren Waller,TE,TE,2026,1,REG,CAR,CHI,0,0,0,0,0,0,0,0,0,0,,,0,0,0,0,0,,2,2,28,0,8,20,2,1.23824440309545,3.5,0.0588235294117647,0.0218579234972678,0.103535840565734,0,0,0,0,0,0,2.8,4.8
00-0031898,Alex Singleton,LB,LB,2026,1,REG,DEN,KC,0,0,0,0,0,0,0,0,0,0,,,0,0,0,0,0,,0,0,0,0,0,0,0,,,0,0,0,0,0,0,0,0,0,0,0
00-0031933,Leonard Williams,DE,DL,2026,1,REG,SEA,NE,0,0,0,0,0,0,0,0,0,0,,,0,0,0,0,0,,0,0,0,0,0,0,0,,,0,0,0,0,0,0,0,0,0,0,0
00-0031957,Rakeem Nunez-Roches,DT,DL,2026,1,REG,TB,CIN,0,0,0,0,0,0,0,0,0,0,,,0,0,0,0,0,,0,0,0,0,0,0,0,,,0,0,0,0,0,0,0,0,0,0,0
00-0032065,Bradley Pinion,P,SPEC,2026,1,REG,MIA,LV,0,0,0,0,0,0,0,0,0,0,,,0,0,0,0,0,,0,0,0,0,0,0,0,,,0,0,0,0,0,0,0,0,0,0,0
00-0032071,Trent Brown,OT,OL,2026,1,REG,HOU,BUF,0,0,0,0,0,0,0,0,0,0,,,0,0,0,0,0,,0,0,0,0,0,0,0,,,0,0,0,0,0,0,0,0,0,0,0
00-0032104,Ameer Abdullah,RB,RB,2026,1,REG,JAX,CLE,0,0,0,0,0,0,0,0,0,0,,,4,32,0,1,2,1.0198065017674,1,1,0,0,-3,3,0,-0.747522654477507,0,0.0476190476190476,-0.012396694214876,0.0627508854781582,0,0,0,0,0,0,3.2,4.2
00-0032146,Bud Dupree,OLB,LB,2026,1,REG,LAC,ARI,0,0,0,0,0,0,0,0,0,0,,,0,0,0,0,0,,0,0,0,0,0,0,0,,,0,0,0,0,0,0,0,0,0,0,0
00-0032164,Arik Armstead,DT,DL,2026,1,REG,JAX,CLE,0,0,0,0,0,0,0,0,0,0,,,0,0,0,0,0,,0,0,0,0,0,0,0,,,0,0,0,0,0,0,0,0,0,0,0
00-0032265,Mario Edwards,DT,DL,2026,1,REG,HOU,BUF,0,0,0,0,0,0,0,0,0,0,,,0,0,0,0,0,,0,0,0,0,0,0,0,,,0,0,0,0,0,0,0,0,0,0,0
00-0032378,DeForest Buckner,DT,DL,2026,1,REG,IND,BAL,0,0,0,0,0,0,0,0,0,0,,,0,0,0,0,0,,0,0,0,0,0,0,0,,,0,0,0,0,0,0,0,0,0,0,0
00-0032387,Jarran Reed,DT,DL,2026,1,REG,SEA,NE,0,0,0,0,0,0,0,0,0,0,,,0,0,0,0,0,,0,0,0,0,0,0,0,,,0,0,0,0,0,0,0,0,0,0,0
00-0032398,Chris Moore,WR,WR,2026,1,REG,BAL,IND,0,0,0,0,0,0,0,0,0,0,,,0,0,0,0,0,,1,2,53,0,68,23,1,3.20926064962987,0.779411764705882,0.0833333333333333,0.252788104089219,0.301951672862454,0,0,0,0,0,0,5.3,6.3
00-0032424,DJ Reader,DT,DL,2026,1,REG,NYG,DAL,0,0,0,0,0,0,0,0,0,0,,,0,0,0,0,0,,0,0,0,0,0,0,0,,,0,0,0,0,0,0,0,0,0,0,0
00-0032464,Kalif Raymond,WR,WR,2026,1,REG,CHI,CAR,0,0,0,0,0,0,0,0,0,0,,,0,0,0,0,0,,8,9,84,0,65,21,5,6.47426565661235,1.29230769230769,0.346153846153846,0.203761755485893,0.661863998070895,0,0,0,0,0,0,8.4,16.4
00-0032569,Wil Lutz,K,SPEC,2026,1,REG,DEN,KC,0,0,0,0,0,0,0,0,0,0,,,0,0,0,0,0,,0,0,0,0,0,0,0,,,0,0,0,0,0,0,0,0,0,0,0
00-0032701,Jake Brendel,C,OL,2026,1,REG,SF,LA,0,0,0,0,0,0,0,0,0,0,,,0,0,0,0,0,,1,1,2,0,-1,3,0,-0.444575506495312,0,0.0294117647058824,-0.00671140939597315,0.0394196604816423,0,0,0,0,0,0,0.2,1.2
00-0032726,Ka'imi Fairbairn,K,SPEC,2026,1,REG,HOU,BUF,0,0,0,0,0,0,0,0,0,0,,,0,0,0,0,0,,0,0,0,0,0,0,0,,,0,0,0,0,0,0,0,0,0,0,0
00-0032753,Luke Rhodes,LS,SPEC,2026,1,REG,IND,BAL,0,0,0,0,0,0,0,0,0,0,,,0,0,0,0,0,,0,0,0,0,0,0,0,,,0,0,0,0,0,0,0,0,0,0,0
00-0032759,Sheldon Rankins,DT,DL,2026,1,REG,HOU,BUF,0,0,0,0,0,0,0,0,0,0,,,0,0,0,0,0,,0,0,0,0,0,0,0,,,0,0,0,0,0,0,0,0,0,0,0
00-0032762,Chris Jones,DE,DL,2026,1,REG,KC,DEN,0,0,0,0,0,0,0,0,0,0,,,0,0,0,0,0,,0,0,0,0,0,0,0,,,0,0,0,0,0,0,0,0,0,0,0
00-0032764,Derrick Henry,RB,RB,2026,1,REG,BAL,IND,0,0,0,0,0,0,0,0,0,0,,,24,144,3,7,4,6.75778948888183,1,1,19,0,-1,20,1,1.70314843778033,-19,0.0416666666666667,-0.00371747211895911,0.0598977695167286,0,0,0,0,0,0,34.3,35.3
00-0032775,Demarcus Robinson,WR,WR,2026,1,REG,SF,LA,0,0,0,0,0,0,0,0,0,0,,,0,0,0,0,0,,2,3,50,1,45,7,2,2.95337476504783,1.11111111111111,0.0882352941176471,0.302013422818792,0.343762337149625,0,0,0,0,0,0,11,13
00-0032889,A'Shawn Robinson,DT,DL,2026,1,REG,TB,CIN,0,0,0,0,0,0,0,0,0,0,,,0,0,0,0,0,,0,0,0,0,0,0,0,,,0,0,0,0,0,0,0,0,0,0,0
00-0032950,Carson Wentz,QB,QB,2026,1,REG,MIN,GB,12,19,133,3,0,3,-19,141,29,7,4.9871116107931,-7.26135169204913,5,-1,0,1,0,0.0453942799940705,0,0,0,0,0,0,0,,,0,0,0,0,0,0,0,0,1,19.22,19.22
00-0032951,Laquon Treadwell,WR,WR,2026,1,REG,IND,BAL,0,0,0,0,0,0,0,0,0,0,,,0,0,0,0,0,,0,1,0,0,4,0,0,-4.8116334649967,0,0.0344827586206897,0.0199004975124378,0.0656544861897409,0,0,0,0,0,0,0,0
00-0032965,Ronnie Stanley,OT,OL,2026,1,REG,BAL,IND,0,0,0,0,0,0,0,0,0,0,,,0,0,0,0,0,,0,0,0,0,0,0,0,,,0,0,0,0,0,0,0,0,0,0,0
00-0033038,Eric Murray,S,DB,2026,1,REG,JAX,CLE,0,0,0,0,0,0,0,0,0,0,,,0,0,0,0,0,,0,0,0,0,0,0,0,,,0,0,0,0,0,0,0,0,0,0,0
00-0033051,David Onyemata,DT,DL,2026,1,REG,NYJ,TEN,0,0,0,0,0,0,0,0,0,0,,,0,0,0,0,0,,0,0,0,0,0,0,0,,,0,0,0,0,0,0,0,0,0,0,0
00-0033055,Jalen Ramsey,CB,DB,2026,1,REG,PIT,ATL,0,0,0,0,0,0,0,0,0,0,,,0,0,0,0,0,,0,0,0,0,0,0,0,,,0,0,0,0,0,0,0,0,0,0,0
00-0033077,Dak Prescott,QB,QB,2026,1,REG,DAL,NYG,22,34,175,2,1,0,0,309,91,12,10.3809027645621,7.72986660401026,2,14,0,1,1,0.936536743305624,0,0,0,0,0,0,0,,,0,0,0,0,0,0,0,0,0,14.4,14.4
00-0033090,Hunter Henry,TE,TE,2026,1,REG,NE,SEA,0,0,0,0,0,0,0,0,0,0,,,0,0,0,0,0,,3,3,26,0,12,14,1,0.0977376837981865,2.16666666666667,0.0967741935483871,0.0542986425339367,0.183170340096336,0,0,0,0,0,0,2.6,5.6
00-0033093,Jonathan Bullard,DE,DL,2026,1,REG,DAL,NYG,0,0,0,0,0,0,0,0,0,0,,,0,0,0,0,0,,0,0,0,0,0,0,0,,,0,0,0,0,0,0,0,0,0,0,0
00-0033106,Jared Goff,QB,QB,2026,1,REG,DET,NO,26,39,206,2,0,1,-2,207,97,10,5.85451096913376,-2.90968670294835,2,2,0,0,0,-1.50222795829177,0,0,0,0,0,0,0,,,0,0,0,0,0,0,0,0,0,16.44,16.44
00-0033109,Javon Hargrave,NT,DL,2026,1,REG,GB,MIN,0,0,0,0,0,0,0,0,0,0,,,0,0,0,0,0,,0,0,0,0,0,0,0,,,0,0,0,0,0,0,0,0,0,0,0
00-0033110,Tyler Higbee,TE,TE,2026,1,REG,LA,SF,0,0,0,0,0,0,0,0,0,0,,,0,0,0,0,0,,2,2,12,0,9,3,0,-4.7324243192561,1.33333333333333,0.0740740740740741,0.0352941176470588,0.135816993464052,0,1,0,0,0,0,-0.8,1.2
00-0033119,Jacoby Brissett,QB,QB,2026,1,REG,ARI,LAC,27,37,277,1,0,1,0,283,98,15,9.01286468515324,4.60590309387929,6,14,0,3,1,2.06466043723049,0,0,0,0,0,0,0,,,0,0,0,0,0,0,0,0,0,16.48,16.48
00-0033120,Kenny Clark,NT,DL,2026,1,REG,DAL,NYG,0,0,0,0,0,0,0,0,0,0,,,0,0,0,0,0,,0,0,0,0,0,0,0,,,0,0,0,0,0,0,0,0,0,0,0
00-0033131,Maliek Collins,DT,DL,2026,1,REG,CLE,JAX,0,0,0,0,0,0,0,0,0,0,,,0,0,0,0,0,,0,0,0,0,0,0,0,,,0,0,0,0,0,0,0,0,0,0,0
00-0033132,Kevin Byard,FS,DB,2026,1,REG,NE,SEA,0,0,0,0,0,0,0,0,0,0,,,0,0,0,0,0,,0,0,0,0,0,0,0,,,0,0,0,0,0,0,0,0,0,0,0
00-0033269,Rigoberto Sanchez,P,SPEC,2026,1,REG,IND,BAL,0,0,0,0,0,0,0,0,0,0,,,0,0,0,0,0,,0,0,0,0,0,0,0,,,0,0,0,0,0,0,0,0,0,0,0
00-0033280,Christian McCaffrey,RB,RB,2026,1,REG,SF,LA,0,0,0,0,0,0,0,0,0,0,,,10,68,0,2,2,2.7396103811916,5,8,20,0,-3,30,0,-4.91340415015036,-6.66666666666667,0.235294117647059,-0.0201342281879195,0.338847216739045,0,0,0,0,0,0,8.8,13.8
00-0033281,Marlon Humphrey,CB,DB,2026,1,REG,BAL,IND,0,0,0,0,0,0,0,0,0,0,,,0,0,0,0,0,,0,0,0,0,0,0,0,,,0,0,0,0,0,0,0,0,0,0,0
00-0033288,George Kittle,TE,TE,2026,1,REG,SF,LA,0,0,0,0,0,0,0,0,0,0,,,0,0,0,0,0,,2,5,12,0,38,17,0,-5.58083584159613,0.315789473684211,0.147058823529412,0.25503355704698,0.399111725227004,0,0,0,0,0,0,1.2,3.2
00-0033290,Jermaine Eluemunor,G,OL,2026,1,REG,NYG,DAL,0,0,0,0,0,0,0,0,0,0,,,0,0,0,0,0,,0,0,0,0,0,0,0,,,0,0,0,0,0,0,0,0,0,0,0
00-0033293,Aaron Jones,RB,RB,2026,1,REG,MIN,GB,0,0,0,0,0,0,0,0,0,0,,,12,40,1,3,0,-1.04638333478943,0,1,0,0,4,0,0,-0.883685847977176,0,0.0434782608695652,0.0227272727272727,0.0811264822134387,0,0,0,0,0,0,10,10
00-0033294,Chuck Clark,SAF,DB,2026,1,REG,DET,NO,0,0,0,0,0,0,0,0,0,0,,,0,0,0,0,0,,0,0,0,0,0,0,0,,,0,0,0,0,0,0,0,0,0,0,0
00-0033297,D.J. Jones,DT,DL,2026,1,REG,DEN,KC,0,0,0,0,0,0,0,0,0,0,,,0,0,0,0,0,,0,0,0,0,0,0,0,,,0,0,0,0,0,0,0,0,0,0,0
00-0033303,Harrison Butker,K,SPEC,2026,1,REG,KC,DEN,0,0,0,0,0,0,0,0,0,0,,,0,0,0,0,0,,0,0,0,0,0,0,0,,,0,0,0,0,0,0,0,0,0,0,0
00-0033307,Kendrick Bourne,WR,WR,2026,1,REG,ARI,LAC,0,0,0,0,0,0,0,0,0,0,,,0,0,0,0,0,,8,8,75,0,40,35,5,5.81814638472861,1.875,0.216216216216216,0.141342756183746,0.423264253652946,0,0,0,0,0,0,7.5,15.5
00-0033319,Nick Mullens,QB,QB,2026,1,REG,JAX,CLE,0,0,0,0,0,0,0,0,0,0,,,3,-3,0,0,0,0,0,0,0,0,0,0,0,,,0,0,0,0,0,0,0,0,0,-0.3,-0.3
00-0033336,Eric Wilson,LB,LB,2026,1,REG,MIN,GB,0,0,0,0,0,0,0,0,0,0,,,0,0,0,0,0,,0,0,0,0,0,0,0,,,0,0,0,0,0,0,0,0,0,0,0
00-0033376,Patrick Ricard,RB,RB,2026,1,REG,NYG,DAL,0,0,0,0,0,0,0,0,0,0,,,0,0,0,0,0,,0,1,0,0,-4,0,0,-0.495520856464282,0,0.0344827586206897,-0.0163265306122449,0.0402955665024631,0,0,0,0,0,0,0,0
00-0033381,Adam Butler,DT,DL,2026,1,REG,LV,MIA,0,0,0,0,0,0,0,0,0,0,,,0,0,0,0,0,,0,0,0,0,0,0,0,,,0,0,0,0,0,0,0,0,0,0,0
00-0033523,Jonathan Allen,DT,DL,2026,1,REG,CIN,TB,0,0,0,0,0,0,0,0,0,0,,,0,0,0,0,0,,0,0,0,0,0,0,0,,,0,0,0,0,0,0,0,0,0,0,0
00-0033526,Samaje Perine,RB,RB,2026,1,REG,CIN,TB,0,0,0,0,0,0,0,0,0,0,,,5,20,0,1,0,-0.560715940431692,3,3,30,0,3,27,2,3.11588981241221,10,0.0882352941176471,0.0132743362831858,0.141644976574701,0,0,0,0,0,0,5,8
00-0033537,Deshaun Watson,QB,QB,2026,1,REG,CLE,JAX,16,22,205,1,1,5,-20,228,95,9,-5.56012219451874,10.3209957480431,6,38,0,3,0,4.20838451880263,0,0,0,0,0,0,0,,,0,0,0,0,0,0,0,0,0,14,14
00-0033546,Dalvin Tomlinson,DE,DL,2026,1,REG,LAC,ARI,0,0,0,0,0,0,0,0,0,0,,,0,0,0,0,0,,0,0,0,0,0,0,0,,,0,0,0,0,0,0,0,0,0,0,0
00-0033551,Rasul Douglas,CB,DB,2026,1,REG,WAS,PHI,0,0,0,0,0,0,0,0,0,0,,,0,0,0,0,0,,0,0,0,0,0,0,0,,,0,0,0,0,0,0,0,0,0,0,0
00-0033555,Mack Hollins,WR,WR,2026,1,REG,NE,SEA,0,0,0,0,0,0,0,0,0,0,,,0,0,0,0,0,,4,5,51,0,62,5,1,2.78798099863343,0.82258064516129,0.161290322580645,0.280542986425339,0.438315574368705,0,0,0,0,0,0,5.1,9.1
00-0033576,Eric Saubert,TE,TE,2026,1,REG,SEA,NE,0,0,0,0,0,0,0,0,0,0,,,0,0,0,0,0,,0,0,0,0,0,0,0,,,0,0,0,0,0,0,0,0,0,0,0
00-0033662,Cooper Rush,QB,QB,2026,1,REG,ATL,PIT,12,22,143,1,2,4,-25,77,118,4,-15.7645474334581,-10.4180133656452,0,0,0,0,0,,0,0,0,0,0,0,0,,,0,0,0,0,0,0,0,0,0,5.72,5.72
00-0033676,Elijah Wilkinson,OT,OL,2026,1,REG,ARI,LAC,0,0,0,0,0,0,0,0,0,0,,,0,0,0,0,0,,0,0,0,0,0,0,0,,,0,0,0,0,0,0,0,0,0,0,0
00-0033729,Cameron Johnston,P,SPEC,2026,1,REG,PIT,ATL,0,1,0,0,0,0,0,0,0,0,-1.84454587288201,,0,0,0,0,0,,0,0,0,0,0,0,0,,,0,0,0,0,0,0,0,0,0,0,0
00-0033787,Jake Elliott,K,SPEC,2026,1,REG,PHI,WAS,0,0,0,0,0,0,0,0,0,0,,,0,0,0,0,0,,0,0,0,0,0,0,0,,,0,0,0,0,0,0,0,0,0,0,0
00-0033858,Jonnu Smith,TE,TE,2026,1,REG,GB,MIN,0,0,0,0,0,0,0,0,0,0,,,0,0,0,0,0,,2,3,50,0,24,30,2,3.96298011025647,2.08333333333333,0.075,0.0511727078891258,0.148320895522388,0,0,0,0,0,0,5,7
00-0033860,Davon Godchaux,DT,DL,2026,1,REG,NO,DET,0,0,0,0,0,0,0,0,0,0,,,0,0,0,0,0,,0,0,0,0,0,0,0,,,0,0,0,0,0,0,0,0,0,0,0
00-0033873,Patrick Mahomes,QB,QB,2026,1,REG,KC,DEN,15,27,184,2,1,2,-12,133,166,7,-2.30183139477449,-11.91810131073,7,23,1,2,1,-1.1145332257729,0,0,0,0,0,0,0,,,0,0,0,0,0,0,0,0,0,21.66,21.66
00-0033877,Malik Hooker,FS,DB,2026,1,REG,DAL,NYG,0,0,0,0,0,0,0,0,0,0,,,0,0,0,0,0,,0,0,0,0,0,0,0,,,0,0,0,0,0,0,0,0,0,0,0
00-0033881,Evan Engram,TE,TE,2026,1,REG,DEN,KC,0,0,0,0,0,0,0,0,0,0,,,0,0,0,0,0,,4,5,43,1,18,15,3,4.05413447407773,2.38888888888889,0.185185185185185,0.195652173913043,0.414734299516908,0,0,0,0,0,0,10.3,14.3
00-0033885,David Njoku,TE,TE,2026,1,REG,LAC,ARI,0,0,0,0,0,0,0,0,0,0,,,0,0,0,0,0,,5,5,58,0,28,30,3,-0.324215846543666,2.07142857142857,0.185185185185185,0.102564102564103,0.34957264957265,0,0,0,0,0,0,5.8,10.8
00-0033886,T.J. Watt,OLB,LB,2026,1,REG,PIT,ATL,0,0,0,0,0,0,0,0,0,0,,,0,0,0,0,0,,0,0,0,0,0,0,0,,,0,0,0,0,0,0,0,0,0,0,0
00-0033890,Budda Baker,S,DB,2026,1,REG,ARI,LAC,0,0,0,0,0,0,0,0,0,0,,,0,0,0,0,0,,0,0,0,0,0,0,0,,,0,0,0,0,0,0,0,0,0,0,0
00-0033908,Cooper Kupp,WR,WR,2026,1,REG,SEA,NE,0,0,0,0,0,0,0,0,0,0,,,0,0,0,0,0,,2,3,35,0,49,5,2,1.72321773739532,0.714285714285714,0.125,0.318181818181818,0.410227272727273,0,0,0,0,0,0,3.5,5.5
00-0033914,Alex Anzalone,MLB,LB,2026,1,REG,TB,CIN,0,0,0,0,0,0,0,0,0,0,,,0,0,0,0,0,,0,0,0,0,0,0,0,,,0,0,0,0,0,0,0,0,0,0,0
00-0033921,Chris Godwin Jr.,WR,WR,2026,1,REG,TB,CIN,0,0,0,0,0,0,0,0,0,0,,,1,3,0,0,0,-0.131124019389972,4,4,40,0,3,37,2,2.8691691273707,13.3333333333333,0.148148148148148,0.020979020979021,0.236907536907537,0,0,0,0,0,0,4.3,8.3
00-0033928,Jourdan Lewis,CB,DB,2026,1,REG,JAX,CLE,0,0,0,0,0,0,0,0,0,0,,,0,0,0,0,0,,0,0,0,0,0,0,0,,,0,0,0,0,0,0,0,0,0,0,0
00-0033935,Trey Hendrickson,LB,LB,2026,1,REG,BAL,IND,0,0,0,0,0,0,0,0,0,0,,,0,0,0,0,0,,0,0,0,0,0,0,0,,,0,0,0,0,0,0,0,0,0,0,0
00-0033941,Rayshawn Jenkins,DB,DB,2026,1,REG,PIT,ATL,0,0,0,0,0,0,0,0,0,0,,,0,0,0,0,0,,0,0,0,0,0,0,0,,,0,0,0,0,0,0,0,0,0,0,0
00-0033945,Samson Ebukam,DE,DL,2026,1,REG,ATL,PIT,0,0,0,0,0,0,0,0,0,0,,,0,0,0,0,0,,0,0,0,0,0,0,0,,,0,0,0,0,0,0,0,0,0,0,0
00-0033952,Grover Stewart,DT,DL,2026,1,REG,IND,BAL,0,0,0,0,0,0,0,0,0,0,,,0,0,0,0,0,,0,0,0,0,0,0,0,,,0,0,0,0,0,0,0,0,0,0,0
00-0033964,Al-Quadin Muhammad,LB,LB,2026,1,REG,TB,CIN,0,0,0,0,0,0,0,0,0,0,,,0,0,0,0,0,,0,0,0,0,0,0,0,,,0,0,0,0,0,0,0,0,0,0,0
00-0034091,George Odum,DB,DB,2026,1,REG,HOU,BUF,0,0,0,0,0,0,0,0,0,0,,,0,0,0,0,0,,0,0,0,0,0,0,0,,,0,0,0,0,0,0,0,0,0,0,0
00-0034158,Brian O'Neill,OT,OL,2026,1,REG,MIN,GB,0,0,0,0,0,0,0,0,0,0,,,0,0,0,0,0,,0,0,0,0,0,0,0,,,0,0,0,0,0,0,0,0,0,0,0
00-0034160,Michael Dickson,P,SPEC,2026,1,REG,SEA,NE,0,0,0,0,0,0,0,0,0,0,,,0,0,0,0,0,,0,0,0,0,0,0,0,,,0,0,0,0,0,0,0,0,0,0,0
00-0034161,Daniel Carlson,K,SPEC,2026,1,REG,NO,DET,0,0,0,0,0,0,0,0,0,0,,,0,0,0,0,0,,0,0,0,0,0,0,0,,,0,0,0,0,0,0,0,0,0,0,0
00-0034162,J.K. Scott,P,SPEC,2026,1,REG,LAC,ARI,0,0,0,0,0,0,0,0,0,0,,,0,0,0,0,0,,0,0,0,0,0,0,0,,,0,0,0,0,0,0,0,0,0,0,0
00-0034163,Jacob Martin,DE,DL,2026,1,REG,TEN,NYJ,0,0,0,0,0,0,0,0,0,0,,,0,0,0,0,0,,0,0,0,0,0,0,0,,,0,0,0,0,0,0,0,0,0,0,0
00-0034173,Eddy Pineiro,K,SPEC,2026,1,REG,SF,LA,0,0,0,0,0,0,0,0,0,0,,,0,0,0,0,0,,0,0,0,0,0,0,0,,,0,0,0,0,0,0,0,0,0,0,0
00-0034248,Elijah Campbell,DB,DB,2026,1,REG,NYG,DAL,0,0,0,0,0,0,0,0,0,0,,,0,0,0,0,0,,0,0,0,0,0,0,0,,,0,0,0,0,0,0,0,0,0,0,0
00-0034275,Foley Fatukasi,DT,DL,2026,1,REG,LV,MIA,0,0,0,0,0,0,0,0,0,0,,,0,0,0,0,0,,0,0,0,0,0,0,0,,,0,0,0,0,0,0,0,0,0,0,0
00-0034278,Tremon Smith,CB,DB,2026,1,REG,HOU,BUF,0,0,0,0,0,0,0,0,0,0,,,0,0,0,0,0,,0,0,0,0,0,0,0,,,0,0,0,0,0,0,0,0,0,0,0
00-0034285,Zach Sieler,DE,DL,2026,1,REG,MIA,LV,0,0,0,0,0,0,0,0,0,0,,,0,0,0,0,0,,0,0,0,0,0,0,0,,,0,0,0,0,0,0,0,0,0,0,0
00-0034302,Frankie Luvu,LB,LB,2026,1,REG,WAS,PHI,0,0,0,0,0,0,0,0,0,0,,,0,0,0,0,0,,0,0,0,0,0,0,0,,,0,0,0,0,0,0,0,0,0,0,0
00-0034320,Kentavius Street,DE,DL,2026,1,REG,CHI,CAR,0,0,0,0,0,0,0,0,0,0,,,0,0,0,0,0,,0,0,0,0,0,0,0,,,0,0,0,0,0,0,0,0,0,0,0
00-0034333,Daron Payne,NT,DL,2026,1,REG,WAS,PHI,0,0,0,0,0,0,0,0,0,0,,,0,0,0,0,0,,0,0,0,0,0,0,0,,,0,0,0,0,0,0,0,0,0,0,0
00-0034348,Courtland Sutton,WR,WR,2026,1,REG,DEN,KC,0,0,0,0,0,0,0,0,0,0,,,0,0,0,0,0,,2,5,11,0,40,4,0,-4.80634321924299,0.275,0.185185185185185,0.434782608695652,0.582125603864734,0,0,0,0,0,0,1.1,3.1
00-0034350,Uchenna Nwosu,LB,LB,2026,1,REG,SEA,NE,0,0,0,0,0,0,0,0,0,0,,,0,0,0,0,0,,0,0,0,0,0,0,0,,,0,0,0,0,0,0,0,0,0,0,0
00-0034351,Dallas Goedert,TE,TE,2026,1,REG,PHI,WAS,0,0,0,0,0,0,0,0,0,0,,,0,0,0,0,0,,4,5,77,2,52,32,3,8.29784154849754,1.48076923076923,0.227272727272727,0.231111111111111,0.502686868686869,0,0,0,0,0,0,19.7,23.7
00-0034356,Donte Jackson,CB,DB,2026,1,REG,LAC,ARI,0,0,0,0,0,0,0,0,0,0,,,0,0,0,0,0,,0,0,0,0,0,0,0,,,0,0,0,0,0,0,0,0,0,0,0
00-0034361,Justin Reid,S,DB,2026,1,REG,NO,DET,0,0,0,0,0,0,0,0,0,0,,,0,0,0,0,0,,0,0,0,0,0,0,0,,,0,0,0,0,0,0,0,0,0,0,0
00-0034376,Taron Johnson,CB,DB,2026,1,REG,LV,MIA,0,0,0,0,0,0,0,0,0,0,,,0,0,0,0,0,,0,0,0,0,0,0,0,,,0,0,0,0,0,0,0,0,0,0,0
00-0034377,Avonte Maddox,FS,DB,2026,1,REG,DET,NO,0,0,0,0,0,0,0,0,0,0,,,0,0,0,0,0,,0,0,0,0,0,0,0,,,0,0,0,0,0,0,0,0,0,0,0
00-0034381,Josh Sweat,LB,LB,2026,1,REG,ARI,LAC,0,0,0,0,0,0,0,0,0,0,,,0,0,0,0,0,,0,0,0,0,0,0,0,,,0,0,0,0,0,0,0,0,0,0,0
00-0034383,Dalton Schultz,TE,TE,2026,1,REG,HOU,BUF,0,0,0,0,0,0,0,0,0,0,,,0,0,0,0,0,,4,8,35,0,26,27,1,-2.52330097794766,1.34615384615385,0.216216216216216,0.0807453416149068,0.380846063454759,0,0,0,0,0,0,3.5,7.5
00-0034384,D.J. Reed,CB,DB,2026,1,REG,DET,NO,0,0,0,0,0,0,0,0,0,0,,,0,0,0,0,0,,0,0,0,0,0,0,0,,,0,0,0,0,0,0,0,0,0,0,0
00-0034391,Siran Neal,DB,DB,2026,1,REG,SF,LA,0,0,0,0,0,0,0,0,0,0,,,0,0,0,0,0,,0,0,0,0,0,0,0,,,0,0,0,0,0,0,0,0,0,0,0
00-0034397,Tim Settle,DT,DL,2026,1,REG,WAS,PHI,0,0,0,0,0,0,0,0,0,0,,,0,0,0,0,0,,0,0,0,0,0,0,0,,,0,0,0,0,0,0,0,0,0,0,0
00-0034413,Foyesade Oluokun,LB,LB,2026,1,REG,JAX,CLE,0,0,0,0,0,0,0,0,0,0,,,0,0,0,0,0,,0,0,0,0,0,0,0,,,0,0,0,0,0,0,0,0,0,0,0
00-0034419,Braxton Berrios,WR,WR,2026,1,REG,NYG,DAL,0,0,0,0,0,0,0,0,0,0,,,0,0,0,0,0,,0,0,0,0,0,0,0,,,0,0,0,0,0,0,0,0,0,0,0
00-0034429,Jordan Mailata,OT,OL,2026,1,REG,PHI,WAS,0,0,0,0,0,0,0,0,0,0,,,0,0,0,0,0,,0,0,0,0,0,0,0,,,0,0,0,0,0,0,0,0,0,0,0
00-0034431,Zaire Franklin,OLB,LB,2026,1,REG,GB,MIN,0,0,0,0,0,0,0,0,0,0,,,0,0,0,0,0,,0,0,0,0,0,0,0,,,0,0,0,0,0,0,0,0,0,0,0
00-0034437,Logan Cooke,P,SPEC,2026,1,REG,JAX,CLE,0,0,0,0,0,0,0,0,0,0,,,0,0,0,0,0,,0,0,0,0,0,0,0,,,0,0,0,0,0,0,0,0,0,0,0
00-0034446,Jalen Davis,CB,DB,2026,1,REG,CIN,TB,0,0,0,0,0,0,0,0,0,0,,,0,0,0,0,0,,0,0,0,0,0,0,0,,,0,0,0,0,0,0,0,0,0,0,0
00-0034465,Jeremy Reaves,DB,DB,2026,1,REG,WAS,PHI,0,0,0,0,0,0,0,0,0,0,,,0,0,0,0,0,,0,0,0,0,0,0,0,,,0,0,0,0,0,0,0,0,0,0,0
00-0034473,Dennis Gardeck,LB,LB,2026,1,REG,JAX,CLE,0,0,0,0,0,0,0,0,0,0,,,0,0,0,0,0,,0,0,0,0,0,0,0,,,0,0,0,0,0,0,0,0,0,0,0
00-0034485,Jonathan Owens,SAF,DB,2026,1,REG,IND,BAL,0,0,0,0,0,0,0,0,0,0,,,0,0,0,0,0,,0,0,0,0,0,0,0,,,0,0,0,0,0,0,0,0,0,0,0
00-0034573,Charvarius Ward,CB,DB,2026,1,REG,IND,BAL,0,0,0,0,0,0,0,0,0,0,,,0,0,0,0,0,,0,0,0,0,0,0,0,,,0,0,0,0,0,0,0,0,0,0,0
00-0034613,Tanner Hudson,TE,TE,2026,1,REG,CIN,TB,0,0,0,0,0,0,0,0,0,0,,,0,0,0,0,0,,1,1,4,0,4,0,0,-0.059483043034561,1,0.0294117647058824,0.0176991150442478,0.056507027589797,0,0,0,0,0,0,0.4,1.4
00-0034639,Mike Ford,DB,DB,2026,1,REG,ATL,PIT,0,0,0,0,0,0,0,0,0,0,,,0,0,0,0,0,,0,0,0,0,0,0,0,,,0,0,0,0,0,0,0,0,0,0,0
00-0034657,Matt Dickerson,DT,DL,2026,1,REG,JAX,CLE,0,0,0,0,0,0,0,0,0,0,,,0,0,0,0,0,,0,0,0,0,0,0,0,,,0,0,0,0,0,0,0,0,0,0,0
00-0034673,Tremaine Edmunds,MLB,LB,2026,1,REG,NYG,DAL,0,0,0,0,0,0,0,0,0,0,,,0,0,0,0,0,,0,0,0,0,0,0,0,,,0,0,0,0,0,0,0,0,0,0,0
00-0034675,Jessie Bates,FS,DB,2026,1,REG,ATL,PIT,0,0,0,0,0,0,0,0,0,0,,,0,0,0,0,0,,0,0,0,0,0,0,0,,,0,0,0,0,0,0,0,0,0,0,0
00-0034720,Robert Spillane,LB,LB,2026,1,REG,NE,SEA,0,0,0,0,0,0,0,0,0,0,,,0,0,0,0,0,,0,0,0,0,0,0,0,,,0,0,0,0,0,0,0,0,0,0,0
00-0034721,Corey Bojorquez,P,SPEC,2026,1,REG,CLE,JAX,0,0,0,0,0,0,0,0,0,0,,,0,0,0,0,0,,0,0,0,0,0,0,0,,,0,0,0,0,0,0,0,0,0,0,0
00-0034753,Mark Andrews,TE,TE,2026,1,REG,BAL,IND,0,0,0,0,0,0,0,0,0,0,,,0,0,0,0,0,,4,6,49,0,44,12,2,2.08282694523223,1.11363636363636,0.25,0.163568773234201,0.489498141263941,0,0,0,0,0,0,4.9,8.9
00-0034754,Oren Burks,ILB,LB,2026,1,REG,CIN,TB,0,0,0,0,0,0,0,0,0,0,,,0,0,0,0,0,,0,0,0,0,0,0,0,,,0,0,0,0,0,0,0,0,0,0,0
00-0034760,Nathan Shepherd,DE,DL,2026,1,REG,NO,DET,0,0,0,0,0,0,0,0,0,0,,,0,0,0,0,0,,0,0,0,0,0,0,0,,,0,0,0,0,0,0,0,0,0,0,0
00-0034773,Vita Vea,DT,DL,2026,1,REG,TB,CIN,0,0,0,0,0,0,0,0,0,0,,,0,0,0,0,0,,0,0,0,0,0,0,0,,,0,0,0,0,0,0,0,0,0,0,0
00-0034778,Carlton Davis III,CB,DB,2026,1,REG,NE,SEA,0,0,0,0,0,0,0,0,0,0,,,0,0,0,0,0,,0,0,0,0,0,0,0,,,0,0,0,0,0,0,0,0,0,0,0
00-0034782,Harrison Phillips,DT,DL,2026,1,REG,NYJ,TEN,0,0,0,0,0,0,0,0,0,0,,,0,0,0,0,0,,0,0,0,0,0,0,0,,,0,0,0,0,0,0,0,0,0,0,0
00-0034790,Derwin James,FS,DB,2026,1,REG,LAC,ARI,0,0,0,0,0,0,0,0,0,0,,,0,0,0,0,0,,0,0,0,0,0,0,0,,,0,0,0,0,0,0,0,0,0,0,0
00-0034794,Jason Sanders,K,SPEC,2026,1,REG,NYJ,TEN,0,0,0,0,0,0,0,0,0,0,,,0,0,0,0,0,,0,0,0,0,0,0,0,,,0,0,0,0,0,0,0,0,0,0,0
00-0034796,Lamar Jackson,QB,QB,2026,1,REG,BAL,IND,17,25,324,1,0,2,-20,269,169,11,10.3436732474516,4.80174024899801,7,40,1,3,2,2.25430682068691,0,0,0,0,0,0,0,,,0,0,0,0,0,1,0,0,0,24.96,24.96
00-0034798,Durham Smythe,TE,TE,2026,1,REG,BAL,IND,0,0,0,0,0,0,0,0,0,0,,,0,0,0,0,0,,1,1,4,0,4,0,0,0.0780366834951565,1,0.0416666666666667,0.0148698884758364,0.0729089219330855,0,0,0,0,0,0,0.4,1.4
00-0034800,B.J. Hill,DT,DL,2026,1,REG,CIN,TB,0,0,0,0,0,0,0,0,0,0,,,0,0,0,0,0,,0,0,0,0,0,0,0,,,0,0,0,0,0,0,0,0,0,0,0
00-0034801,Josh Woods,LB,LB,2026,1,REG,ATL,PIT,0,0,0,0,0,0,0,0,0,0,,,0,0,0,0,0,,0,0,0,0,0,0,0,,,0,0,0,0,0,0,0,0,0,0,0
00-0034805,John Franklin-Myers,DE,DL,2026,1,REG,TEN,NYJ,0,0,0,0,0,0,0,0,0,0,,,0,0,0,0,0,,0,0,0,0,0,0,0,,,0,0,0,0,0,0,0,0,0,0,0
00-0034807,Ogbo Okoronkwo,DE,DL,2026,1,REG,SF,LA,0,0,0,0,0,0,0,0,0,0,,,0,0,0,0,0,,0,0,0,0,0,0,0,,,0,0,0,0,0,0,0,0,0,0,0
00-0034810,Sebastian Joseph-Day,DT,DL,2026,1,REG,PIT,ATL,0,0,0,0,0,0,0,0,0,0,,,0,0,0,0,0,,0,0,0,0,0,0,0,,,0,0,0,0,0,0,0,0,0,0,0
00-0034815,Fred Warner,MLB,LB,2026,1,REG,SF,LA,0,0,0,0,0,0,0,0,0,0,,,0,0,0,0,0,,0,0,0,0,0,0,0,,,0,0,0,0,0,0,0,0,0,0,0
00-0034825,Arden Key,DE,DL,2026,1,REG,IND,BAL,0,0,0,0,0,0,0,0,0,0,,,0,0,0,0,0,,0,0,0,0,0,0,0,,,0,0,0,0,0,0,0,0,0,0,0
00-0034827,DJ Moore,WR,WR,2026,1,REG,BUF,HOU,0,0,0,0,0,0,0,0,0,0,,,0,0,0,0,0,,5,8,100,1,158,24,4,6.37665451987414,0.632911392405063,0.285714285714286,0.412532637075718,0.717344274524431,0,0,0,0,0,0,16,21
00-0034829,Mike Gesicki,TE,TE,2026,1,REG,CIN,TB,0,0,0,0,0,0,0,0,0,0,,,0,0,0,0,0,,5,7,78,1,63,21,5,6.85891047911719,1.23809523809524,0.205882352941176,0.278761061946903,0.503956272774597,0,0,0,0,0,0,13.8,18.8
00-0034832,Bradley Chubb,OLB,LB,2026,1,REG,BUF,HOU,0,0,0,0,0,0,0,0,0,0,,,0,0,0,0,0,,0,0,0,0,0,0,0,,,0,0,0,0,0,0,0,0,0,0,0
00-0034843,Mike Hughes,CB,DB,2026,1,REG,ATL,PIT,0,0,0,0,0,0,0,0,0,0,,,0,0,0,0,0,,0,0,0,0,0,0,0,,,0,0,0,0,0,0,0,0,0,0,0
00-0034844,Saquon Barkley,RB,RB,2026,1,REG,PHI,WAS,0,0,0,0,0,0,0,0,0,0,,,15,83,0,2,1,-0.664371837454382,1,2,-3,0,-1,2,0,-1.35727704223245,3,0.0909090909090909,-0.00444444444444444,0.133252525252525,0,0,0,0,0,0,8,9
00-0034854,KhaDarel Hodge,WR,WR,2026,1,REG,SF,LA,0,0,0,0,0,0,0,0,0,0,,,0,0,0,0,0,,0,0,0,0,0,0,0,,,0,0,0,0,0,0,0,0,0,0,0
00-0034855,Baker Mayfield,QB,QB,2026,1,REG,TB,CIN,23,28,216,0,0,4,-23,143,167,12,-5.41051944553709,14.0204619478296,5,30,1,1,0,-2.61708559188992,0,0,0,0,0,0,0,,,0,0,0,1,0,2,0,0,0,11.64,11.64
00-0034856,Denzel Ward,CB,DB,2026,1,REG,CLE,JAX,0,0,0,0,0,0,0,0,0,0,,,0,0,0,0,0,,0,0,0,0,0,0,0,,,0,0,0,0,0,0,0,0,0,0,0
00-0034857,Josh Allen,QB,QB,2026,1,REG,BUF,HOU,20,29,334,2,0,2,-11,383,109,13,14.5350239260416,8.14148528235299,6,23,2,2,1,-2.31320906124893,0,0,0,0,0,0,0,,,0,0,0,0,0,0,0,0,0,35.66,35.66
00-0034869,Sam Darnold,QB,QB,2026,1,REG,SEA,NE,1,2,13,0,0,1,-5,15,2,1,-2.0761460470967,-24.2113411426544,0,0,0,0,0,,0,0,0,0,0,0,0,,,0,0,0,0,0,0,0,0,0,0.52,0.52
00-0034874,Roquan Smith,ILB,LB,2026,1,REG,BAL,IND,0,0,0,0,0,0,0,0,0,0,,,0,0,0,0,0,,0,0,0,0,0,0,0,,,0,0,0,0,0,0,0,0,0,0,0
00-0034941,Mitch Wishnowsky,P,SPEC,2026,1,REG,NE,SEA,0,0,0,0,0,0,0,0,0,0,,,0,0,0,0,0,,0,0,0,0,0,0,0,,,0,0,0,0,0,0,0,0,0,0,0
00-0034960,Jakobi Meyers,WR,WR,2026,1,REG,JAX,CLE,0,0,0,0,0,0,0,0,0,0,,,1,2,0,1,0,0.404034327017143,2,2,40,1,29,11,2,4.74274538678583,1.37931034482759,0.0952380952380952,0.119834710743802,0.226741440377804,0,0,0,0,0,0,10.2,12.2
00-0034967,Rashan Gary,LB,LB,2026,1,REG,DAL,NYG,0,0,0,0,0,0,0,0,0,0,,,0,0,0,0,0,,0,0,0,0,0,0,0,,,0,0,0,0,0,0,0,0,0,0,0
00-0034973,Maxx Crosby,DE,DL,2026,1,REG,LV,MIA,0,0,0,0,0,0,0,0,0,0,,,0,0,0,0,0,,0,0,0,0,0,0,0,,,0,0,0,0,0,0,0,0,0,0,0
00-0034974,Julian Love,SAF,DB,2026,1,REG,SEA,NE,0,0,0,0,0,0,0,0,0,0,,,0,0,0,0,0,,0,0,0,0,0,0,0,,,0,0,0,0,0,0,0,0,0,0,0
00-0034975,Justice Hill,RB,RB,2026,1,REG,BAL,IND,0,0,0,0,0,0,0,0,0,0,,,6,18,0,2,0,-2.35316453221633,1,1,10,0,-1,11,1,1.13617216539569,-10,0.0416666666666667,-0.00371747211895911,0.0598977695167286,0,0,0,0,0,0,2.8,3.8
00-0034981,Foster Moreau,TE,TE,2026,1,REG,HOU,BUF,0,0,0,0,0,0,0,0,0,0,,,0,0,0,0,0,,2,2,15,0,7,8,0,0.931147911353037,2.14285714285714,0.0540540540540541,0.0217391304347826,0.0962984723854289,0,0,0,0,0,0,1.5,3.5
00-0034982,Dre Greenlaw,LB,LB,2026,1,REG,SF,LA,0,0,0,0,0,0,0,0,0,0,,,0,0,0,0,0,,0,0,0,0,0,0,0,,,0,0,0,0,0,0,0,0,0,0,0
00-0034993,Marcus Epps,SAF,DB,2026,1,REG,PHI,WAS,0,0,0,0,0,0,0,0,0,0,,,0,0,0,0,0,,0,0,0,0,0,0,0,,,0,0,0,0,0,0,0,0,0,0,0
00-0035021,Ashton Dulin,WR,WR,2026,1,REG,IND,BAL,0,0,0,0,0,0,0,0,0,0,,,0,0,0,0,0,,0,1,0,0,0,0,0,-0.61307160416618,,0.0344827586206897,0,0.0517241379310345,0,0,0,0,0,0,0,0
00-0035125,Alec Ingold,FB,RB,2026,1,REG,LAC,ARI,0,0,0,0,0,0,0,0,0,0,,,0,0,0,0,0,,0,0,0,0,0,0,0,,,0,0,0,0,0,0,0,0,0,0,0
00-0035133,Keisean Nixon,DB,DB,2026,1,REG,GB,MIN,0,0,0,0,0,0,0,0,0,0,,,0,0,0,0,0,,0,0,0,0,0,0,0,,,0,0,0,0,0,0,0,0,0,0,0
00-0035144,Mack Wilson,LB,LB,2026,1,REG,ARI,LAC,0,0,0,0,0,0,0,0,0,0,,,0,0,0,0,0,,0,0,0,0,0,0,0,,,0,0,0,0,0,0,0,0,0,0,0
00-0035156,Jack Fox,P,SPEC,2026,1,REG,DET,NO,0,0,0,0,0,0,0,0,0,0,,,0,0,0,0,0,,0,0,0,0,0,0,0,,,0,0,0,0,0,0,0,0,0,0,0
00-0035166,Azeez Al-Shaair,LB,LB,2026,1,REG,HOU,BUF,0,0,0,0,0,0,0,0,0,0,,,0,0,0,0,0,,0,0,0,0,0,0,0,,,0,0,0,0,0,0,0,0,0,0,0
00-0035190,AJ Cole,P,SPEC,2026,1,REG,LV,MIA,0,0,0,0,0,0,0,0,0,0,,,0,0,0,0,0,,0,0,0,0,0,0,0,,,0,0,0,0,0,0,0,0,0,0,0
00-0035192,Joey Slye,K,SPEC,2026,1,REG,TEN,NYJ,0,0,0,0,0,0,0,0,0,0,,,0,0,0,0,0,,0,0,0,0,0,0,0,,,0,0,0,0,0,0,0,0,0,0,0
00-0035202,Del'Shawn Phillips,LB,LB,2026,1,REG,LAC,ARI,0,0,0,0,0,0,0,0,0,0,,,0,0,0,0,0,,0,0,0,0,0,0,0,,,0,0,0,0,0,0,0,0,0,0,0
00-0035208,Olamide Zaccheaus,WR,WR,2026,1,REG,ATL,PIT,0,0,0,0,0,0,0,0,0,0,,,0,0,0,0,0,,1,1,5,0,5,0,0,-0.108711670909543,1,0.0526315789473684,0.0649350649350649,0.124401913875598,0,0,0,0,0,0,0.5,1.5
00-0035227,P.J. Locke,DB,DB,2026,1,REG,DAL,NYG,0,0,0,0,0,0,0,0,0,0,,,0,0,0,0,0,,0,0,0,0,0,0,0,,,0,0,0,0,0,0,0,0,0,0,0
00-0035228,Kyler Murray,QB,QB,2026,1,REG,MIN,GB,3,5,18,0,1,0,0,35,17,1,-4.46829484705813,6.35889917612076,2,9,0,0,0,2.29099782393314,0,0,0,0,0,0,0,,,0,0,0,0,0,0,0,0,0,-0.38,-0.38
00-0035229,T.J. Hockenson,TE,TE,2026,1,REG,MIN,GB,0,0,0,0,0,0,0,0,0,0,,,0,0,0,0,0,,4,5,36,1,17,13,2,3.17175681563094,2.11764705882353,0.217391304347826,0.0965909090909091,0.393700592885376,0,0,0,0,0,0,9.6,13.6
00-0035230,Ed Oliver,DT,DL,2026,1,REG,BUF,HOU,0,0,0,0,0,0,0,0,0,0,,,0,0,0,0,0,,0,0,0,0,0,0,0,,,0,0,0,0,0,0,0,0,0,0,0
00-0035234,Tytus Howard,OT,OL,2026,1,REG,CLE,JAX,0,0,0,0,0,0,0,0,0,0,,,0,0,0,0,0,,0,0,0,0,0,0,0,,,0,0,0,0,0,0,0,0,0,0,0
00-0035236,Byron Murphy,CB,DB,2026,1,REG,MIN,GB,0,0,0,0,0,0,0,0,0,0,,,0,0,0,0,0,,0,0,0,0,0,0,0,,,0,0,0,0,0,0,0,0,0,0,0
00-0035240,Jahlani Tavai,LB,LB,2026,1,REG,JAX,CLE,0,0,0,0,0,0,0,0,0,0,,,0,0,0,0,0,,0,0,0,0,0,0,0,,,0,0,0,0,0,0,0,0,0,0,0
00-0035248,Zach Allen,DE,DL,2026,1,REG,DEN,KC,0,0,0,0,0,0,0,0,0,0,,,0,0,0,0,0,,0,0,0,0,0,0,0,,,0,0,0,0,0,0,0,0,0,0,0
00-0035249,Josh Oliver,TE,TE,2026,1,REG,MIN,GB,0,0,0,0,0,0,0,0,0,0,,,0,0,0,0,0,,2,4,22,0,13,5,1,-0.0295819991151802,1.69230769230769,0.173913043478261,0.0738636363636364,0.312574110671937,0,0,0,0,0,0,2.2,4.2
00-0035250,Devin Singletary,RB,RB,2026,1,REG,NYG,DAL,0,0,0,0,0,0,0,0,0,0,,,6,16,0,0,0,-1.03492048056796,4,4,22,1,-16,38,2,3.46941840823274,-1.375,0.137931034482759,-0.0653061224489796,0.161182266009852,0,0,0,0,0,0,9.8,13.8
00-0035253,C.J. Gardner-Johnson,SAF,DB,2026,1,REG,BUF,HOU,0,0,0,0,0,0,0,0,0,0,,,0,0,0,0,0,,0,0,0,0,0,0,0,,,0,0,0,0,0,0,0,0,0,0,0
00-0035254,Anthony Nelson,LB,LB,2026,1,REG,TB,CIN,0,0,0,0,0,0,0,0,0,0,,,0,0,0,0,0,,0,0,0,0,0,0,0,,,0,0,0,0,0,0,0,0,0,0,0
00-0035258,Hjalte Froholdt,C,OL,2026,1,REG,ARI,LAC,0,0,0,0,0,0,0,0,0,0,,,0,0,0,0,0,,0,0,0,0,0,0,0,,,0,0,0,0,0,0,0,0,0,0,0
00-0035261,Tony Pollard,RB,RB,2026,1,REG,TEN,NYJ,0,0,0,0,0,0,0,0,0,0,,,7,35,0,1,1,-0.487543386640027,1,2,-1,0,24,1,0,-1.57559819926973,-0.0416666666666667,0.0714285714285714,0.126315789473684,0.195563909774436,0,0,0,0,0,0,3.4,4.4
00-0035262,Drue Tranquill,LB,LB,2026,1,REG,KC,DEN,0,0,0,0,0,0,0,0,0,0,,,0,0,0,0,0,,0,0,0,0,0,0,0,,,0,0,0,0,0,0,0,0,0,0,0
00-0035269,Matt Gay,K,SPEC,2026,1,REG,LV,MIA,0,0,0,0,0,0,0,0,0,0,,,0,0,0,0,0,,0,0,0,0,0,0,0,,,0,0,0,0,0,0,0,0,0,0,0
00-0035272,Andrew Van Ginkel,OLB,LB,2026,1,REG,MIN,GB,0,0,0,0,0,0,0,0,0,0,,,0,0,0,0,0,,0,0,0,0,0,0,0,,,0,0,0,0,0,0,0,0,0,0,0
00-0035276,Blake Cashman,LB,LB,2026,1,REG,MIN,GB,0,0,0,0,0,0,0,0,0,0,,,0,0,0,0,0,,0,0,0,0,0,0,0,,,0,0,0,0,0,0,0,0,0,0,0
00-0035277,Mike Jackson,CB,DB,2026,1,REG,CAR,CHI,0,0,0,0,0,0,0,0,0,0,,,0,0,0,0,0,,0,0,0,0,0,0,0,,,0,0,0,0,0,0,0,0,0,0,0
00-0035279,Charles Omenihu,DE,DL,2026,1,REG,WAS,PHI,0,0,0,0,0,0,0,0,0,0,,,0,0,0,0,0,,0,0,0,0,0,0,0,,,0,0,0,0,0,0,0,0,0,0,0
00-0035280,Jake Bailey,P,SPEC,2026,1,REG,ATL,PIT,0,0,0,0,0,0,0,0,0,0,,,0,0,0,0,0,,0,0,0,0,0,0,0,,,0,0,0,0,0,0,0,0,0,0,0
00-0035286,Cole Holcomb,LB,LB,2026,1,REG,PIT,ATL,0,0,0,0,0,0,0,0,0,0,,,0,0,0,0,0,,0,0,0,0,0,0,0,,,0,0,0,0,0,0,0,0,0,0,0
00-0035316,Kaden Elliss,LB,LB,2026,1,REG,NO,DET,0,0,0,0,0,0,0,0,0,0,,,0,0,0,0,0,,0,0,0,0,0,0,0,,,0,0,0,0,0,0,0,0,0,0,0
00-0035357,Cam Lewis,CB,DB,2026,1,REG,CHI,CAR,0,0,0,0,0,0,0,0,0,0,,,0,0,0,0,0,,0,0,0,0,0,0,0,,,0,0,0,0,0,0,0,0,0,0,0
00-0035358,Chase McLaughlin,K,SPEC,2026,1,REG,TB,CIN,0,0,0,0,0,0,0,0,0,0,,,0,0,0,0,0,,0,0,0,0,0,0,0,,,0,0,0,0,0,0,0,0,0,0,0
00-0035363,Joe Giles-Harris,LB,LB,2026,1,REG,CIN,TB,0,0,0,0,0,0,0,0,0,0,,,0,0,0,0,0,,0,0,0,0,0,0,0,,,0,0,0,0,0,0,0,0,0,0,0
00-0035378,Andrew Wingard,SAF,DB,2026,1,REG,ARI,LAC,0,0,0,0,0,0,0,0,0,0,,,0,0,0,0,0,,0,0,0,0,0,0,0,,,0,0,0,0,0,0,0,0,0,0,0
00-0035386,T.J. Edwards,LB,LB,2026,1,REG,CHI,CAR,0,0,0,0,0,0,0,0,0,0,,,0,0,0,0,0,,0,0,0,0,0,0,0,,,0,0,0,0,0,0,0,0,0,0,0
00-0035402,Carl Granderson,DE,DL,2026,1,REG,NO,DET,0,0,0,0,0,0,0,0,0,0,,,0,0,0,0,0,,0,0,0,0,0,0,0,,,0,0,0,0,0,0,0,0,0,0,0
00-0035409,Shy Tuttle,DT,DL,2026,1,REG,WAS,PHI,0,0,0,0,0,0,0,0,0,0,,,0,0,0,0,0,,0,0,0,0,0,0,0,,,0,0,0,0,0,0,0,0,0,0,0
00-0035500,Greg Dortch,WR,WR,2026,1,REG,BUF,HOU,0,0,0,0,0,0,0,0,0,0,,,0,0,0,0,0,,0,0,0,0,0,0,0,,,0,0,0,0,0,0,0,0,0,0,0
00-0035525,Devin Bush,LB,LB,2026,1,REG,CHI,CAR,0,0,0,0,0,0,0,0,0,0,,,0,0,0,0,0,,0,0,0,0,0,0,0,,,0,0,0,0,0,0,0,0,0,0,0
00-0035526,Elgton Jenkins,C,OL,2026,1,REG,CLE,JAX,0,0,0,0,0,0,0,0,0,0,,,0,0,0,0,0,,0,0,0,0,0,0,0,,,0,0,0,0,0,0,0,0,0,0,0
00-0035544,Tom Kennedy,WR,WR,2026,1,REG,DET,NO,0,0,0,0,0,0,0,0,0,0,,,0,0,0,0,0,,0,0,0,0,0,0,0,,,0,0,0,0,0,0,0,0,0,0,0
00-0035588,Garrett Bradbury,C,OL,2026,1,REG,CHI,CAR,0,0,0,0,0,0,0,0,0,0,,,0,0,0,0,0,,0,0,0,0,0,0,0,,,0,0,0,0,0,0,0,0,0,0,0
00-0035630,Chris Lindstrom,G,OL,2026,1,REG,ATL,PIT,0,0,0,0,0,0,0,0,0,0,,,0,0,0,0,0,,0,0,0,0,0,0,0,,,0,0,0,0,0,0,0,0,0,0,0
00-0035631,Drew Sample,TE,TE,2026,1,REG,CIN,TB,0,0,0,0,0,0,0,0,0,0,,,0,0,0,0,0,,3,3,19,0,0,19,1,0.881284959963523,0,0.0882352941176471,0,0.132352941176471,0,0,0,0,0,0,1.9,4.9
00-0035632,Amani Hooker,SAF,DB,2026,1,REG,TEN,NYJ,0,0,0,0,0,0,0,0,0,0,,,0,0,0,0,0,,0,0,0,0,0,0,0,,,0,0,0,0,0,0,0,0,0,0,0
00-0035636,L.J. Collier,DE,DL,2026,1,REG,ARI,LAC,0,0,0,0,0,0,0,0,0,0,,,0,0,0,0,0,,0,0,0,0,0,0,0,,,0,0,0,0,0,0,0,0,0,0,0
00-0035637,Rock Ya-Sin,CB,DB,2026,1,REG,DET,NO,0,0,0,0,0,0,0,0,0,0,,,0,0,0,0,0,,0,0,0,0,0,0,0,,,0,0,0,0,0,0,0,0,0,0,0
00-0035640,DK Metcalf,WR,WR,2026,1,REG,PIT,ATL,0,0,0,0,0,0,0,0,0,0,,,0,0,0,0,0,,4,10,40,0,204,5,2,-5.44210947206011,0.196078431372549,0.27027027027027,0.501228501228501,0.756265356265356,0,0,0,0,0,0,4,8
00-0035642,Josh Hines-Allen,DE,DL,2026,1,REG,JAX,CLE,0,0,0,0,0,0,0,0,0,0,,,0,0,0,0,0,,0,0,0,0,0,0,0,,,0,0,0,0,0,0,0,0,0,0,0
00-0035643,Jeffery Simmons,DT,DL,2026,1,REG,TEN,NYJ,0,0,0,0,0,0,0,0,0,0,,,0,0,0,0,0,,0,0,0,0,0,0,0,,,0,0,0,0,0,0,0,0,0,0,0
00-0035644,Noah Fant,TE,TE,2026,1,REG,NO,DET,0,0,0,0,0,0,0,0,0,0,,,0,0,0,0,0,,4,8,33,1,48,15,2,-8.52552928170189,0.6875,0.153846153846154,0.0993788819875776,0.300334448160535,0,0,0,0,0,0,9.3,13.3
00-0035647,Montez Sweat,DE,DL,2026,1,REG,CHI,CAR,0,0,0,0,0,0,0,0,0,0,,,0,0,0,0,0,,0,0,0,0,0,0,0,,,0,0,0,0,0,0,0,0,0,0,0
00-0035659,Terry McLaurin,WR,WR,2026,1,REG,WAS,PHI,0,0,0,0,0,0,0,0,0,0,,,0,0,0,0,0,,2,4,14,0,22,15,1,1.97057261219015,0.636363636363636,0.137931034482759,0.0694006309148265,0.255476993364516,0,0,0,0,0,0,1.4,3.4
00-0035667,Greg Gaines,DT,DL,2026,1,REG,BUF,HOU,0,0,0,0,0,0,0,0,0,0,,,0,0,0,0,0,,0,0,0,0,0,0,0,,,0,0,0,0,0,0,0,0,0,0,0
00-0035669,Nick Scott,SAF,DB,2026,1,REG,CAR,CHI,0,0,0,0,0,0,0,0,0,0,,,0,0,0,0,0,,0,0,0,0,0,0,0,,,0,0,0,0,0,0,0,0,0,0,0
00-0035672,Cody Barton,LB,LB,2026,1,REG,TEN,NYJ,0,0,0,0,0,0,0,0,0,0,,,0,0,0,0,0,,0,0,0,0,0,0,0,,,0,0,0,0,0,0,0,0,0,0,0
00-0035674,Jerry Tillery,DT,DL,2026,1,REG,IND,BAL,0,0,0,0,0,0,0,0,0,0,,,0,0,0,0,0,,0,0,0,0,0,0,0,,,0,0,0,0,0,0,0,0,0,0,0
00-0035676,A.J. Brown,WR,WR,2026,1,REG,NE,SEA,0,0,0,0,0,0,0,0,0,0,,,0,0,0,0,0,,3,4,26,0,19,14,2,1.25107853568625,1.36842105263158,0.129032258064516,0.085972850678733,0.253729382571887,0,0,0,0,0,0,2.6,5.6
00-0035678,Dre'Mont Jones,LB,LB,2026,1,REG,NE,SEA,0,0,0,0,0,0,0,0,0,0,,,0,0,0,0,0,,0,0,0,0,0,0,0,,,0,0,0,0,0,0,0,0,0,0,0
00-0035680,Quincy Williams,LB,LB,2026,1,REG,CLE,JAX,0,0,0,0,0,0,0,0,0,0,,,0,0,0,0,0,,0,0,0,0,0,0,0,,,0,0,0,0,0,0,0,0,0,0,0
00-0035683,Dexter Lawrence,DT,DL,2026,1,REG,CIN,TB,0,0,0,0,0,0,0,0,0,0,,,0,0,0,0,0,,0,0,0,0,0,0,0,,,0,0,0,0,0,0,0,0,0,0,0
00-0035685,David Montgomery,RB,RB,2026,1,REG,HOU,BUF,0,0,0,0,0,0,0,0,0,0,,,20,60,2,4,1,-0.305665276246145,3,3,19,1,5,14,1,2.63787156331819,3.8,0.0810810810810811,0.015527950310559,0.132491186839013,0,0,0,0,0,0,25.9,28.9
00-0035687,Bobby Okereke,ILB,LB,2026,1,REG,CAR,CHI,0,0,0,0,0,0,0,0,0,0,,,0,0,0,0,0,,0,0,0,0,0,0,0,,,0,0,0,0,0,0,0,0,0,0,0
00-0035689,Dawson Knox,TE,TE,2026,1,REG,BUF,HOU,0,0,0,0,0,0,0,0,0,0,,,0,0,0,0,0,,1,1,7,0,2,5,0,0.290546651929617,3.5,0.0357142857142857,0.00522193211488251,0.0572267810518463,0,0,0,0,0,0,0.7,1.7
00-0035692,Clelin Ferrell,DE,DL,2026,1,REG,MIA,LV,0,0,0,0,0,0,0,0,0,0,,,0,0,0,0,0,,0,0,0,0,0,0,0,,,0,0,0,0,0,0,0,0,0,0,0
00-0035699,Jamel Dean,CB,DB,2026,1,REG,PIT,ATL,0,0,0,0,0,0,0,0,0,0,,,0,0,0,0,0,,0,0,0,0,0,0,0,,,0,0,0,0,0,0,0,0,0,0,0
00-0035704,Drew Lock,QB,QB,2026,1,REG,SEA,NE,16,22,187,1,0,1,-7,139,102,8,6.44459495016549,4.77941239422018,2,13,0,0,1,1.73395041114418,0,0,0,0,0,0,0,,,0,0,0,0,0,0,0,0,0,12.78,12.78
00-0035705,Jalen Thompson,DB,DB,2026,1,REG,DAL,NYG,0,0,0,0,0,0,0,0,0,0,,,0,0,0,0,0,,0,0,0,0,0,0,0,,,0,0,0,0,0,0,0,0,0,0,0
00-0035707,Devin White,LB,LB,2026,1,REG,DET,NO,0,0,0,0,0,0,0,0,0,0,,,0,0,0,0,0,,0,0,0,0,0,0,0,,,0,0,0,0,0,0,0,0,0,0,0
00-0035710,Daniel Jones,QB,QB,2026,1,REG,IND,BAL,19,31,166,1,1,2,-17,201,76,8,-9.61222987736863,-5.06045787498869,1,4,0,1,0,0.244398751994595,0,0,0,0,0,0,0,,,0,0,0,0,0,0,0,0,0,9.04,9.04
00-0035713,Brian Burns,LB,LB,2026,1,REG,NYG,DAL,0,0,0,0,0,0,0,0,0,0,,,0,0,0,0,0,,0,0,0,0,0,0,0,,,0,0,0,0,0,0,0,0,0,0,0
00-0035717,Nick Bosa,DE,DL,2026,1,REG,SF,LA,0,0,0,0,0,0,0,0,0,0,,,0,0,0,0,0,,0,0,0,0,0,0,0,,,0,0,0,0,0,0,0,0,0,0,0
00-0035718,Quinnen Williams,DT,DL,2026,1,REG,DAL,NYG,0,0,0,0,0,0,0,0,0,0,,,0,0,0,0,0,,0,0,0,0,0,0,0,,,0,0,0,0,0,0,0,0,0,0,0
00-0035719,Deebo Samuel Sr.,WR,WR,2026,1,REG,SF,LA,0,0,0,0,0,0,0,0,0,0,,,1,12,0,1,1,0.380924516823143,6,7,48,1,17,28,3,2.92173303698655,2.82352941176471,0.205882352941176,0.114093959731544,0.388689301223845,0,0,0,0,0,0,12,18
00-0035763,Malcolm Roach,DT,DL,2026,1,REG,DEN,KC,0,0,0,0,0,0,0,0,0,0,,,0,0,0,0,0,,0,0,0,0,0,0,0,,,0,0,0,0,0,0,0,0,0,0,0
00-0035795,James Pierre,CB,DB,2026,1,REG,MIN,GB,0,0,0,0,0,0,0,0,0,0,,,0,0,0,0,0,,0,0,0,0,0,0,0,,,0,0,0,0,0,0,0,0,0,0,0
00-0035821,Corliss Waitman,P,SPEC,2026,1,REG,SF,LA,0,0,0,0,0,0,0,0,0,0,,,0,0,0,0,0,,0,0,0,0,0,0,0,,,0,0,0,0,0,0,0,0,0,0,0
00-0035827,Ross Matiscik,LS,SPEC,2026,1,REG,JAX,CLE,0,0,0,0,0,0,0,0,0,0,,,0,0,0,0,0,,0,0,0,0,0,0,0,,,0,0,0,0,0,0,0,0,0,0,0
00-0035859,Blake Gillikin,P,SPEC,2026,1,REG,ARI,LAC,0,0,0,0,0,0,0,0,0,0,,,0,0,0,0,0,,0,0,0,0,0,0,0,,,0,0,0,0,0,0,0,0,0,0,0
00-0035889,Tommy Townsend,P,SPEC,2026,1,REG,TEN,NYJ,0,0,0,0,0,0,0,0,0,0,,,0,0,0,0,0,,0,0,0,0,0,0,0,,,0,0,0,0,0,0,0,0,0,0,0
00-0035891,Cody White,WR,WR,2026,1,REG,LV,MIA,0,0,0,0,0,0,0,0,0,0,,,0,0,0,0,0,,0,1,0,0,3,0,0,-0.750253529055044,0,0.0344827586206897,0.0132743362831858,0.0610161733292646,0,0,0,0,0,0,0,0
00-0035933,Michael Hoecht,LB,LB,2026,1,REG,BUF,HOU,0,0,0,0,0,0,0,0,0,0,,,0,0,0,0,0,,0,0,0,0,0,0,0,,,0,0,0,0,0,0,0,0,0,0,0
00-0036036,Terence Steele,OT,OL,2026,1,REG,DAL,NYG,0,0,0,0,0,0,0,0,0,0,,,0,0,0,0,0,,0,0,0,0,0,0,0,,,0,0,0,0,0,0,0,0,0,0,0
00-0036037,Sam Franklin Jr.,SAF,DB,2026,1,REG,BUF,HOU,0,0,0,0,0,0,0,0,0,0,,,0,0,0,0,0,,0,0,0,0,0,0,0,,,0,0,0,0,0,0,0,0,0,0,0
00-0036040,Juwan Johnson,TE,TE,2026,1,REG,NO,DET,0,0,0,0,0,0,0,0,0,0,,,0,0,0,0,0,,3,7,54,1,77,4,3,0.980823072895873,0.701298701298701,0.134615384615385,0.159420289855072,0.313517279821628,0,0,0,0,0,0,11.4,14.4
00-0036081,Broderick Washington,DT,DL,2026,1,REG,BAL,IND,0,0,0,0,0,0,0,0,0,0,,,0,0,0,0,0,,0,0,0,0,0,0,0,,,0,0,0,0,0,0,0,0,0,0,0
00-0036124,Khalil Dorsey,CB,DB,2026,1,REG,DET,NO,0,0,0,0,0,0,0,0,0,0,,,0,0,0,0,0,,0,0,0,0,0,0,0,,,0,0,0,0,0,0,0,0,0,0,0
00-0036139,Rico Dowdle,RB,RB,2026,1,REG,PIT,ATL,0,0,0,0,0,0,0,0,0,0,,,8,15,0,0,0,-3.29519674123731,2,5,6,0,4,12,0,-3.30180700980391,1.5,0.135135135135135,0.00982800982800983,0.20958230958231,0,0,0,0,0,0,2.1,4.1
00-0036157,Kristian Welch,LB,LB,2026,1,REG,GB,MIN,0,0,0,0,0,0,0,0,0,0,,,0,0,0,0,0,,0,0,0,0,0,0,0,,,0,0,0,0,0,0,0,0,0,0,0
00-0036158,J.K. Dobbins,RB,RB,2026,1,REG,DEN,KC,0,0,0,0,0,0,0,0,0,0,,,8,36,0,1,1,-1.12913190689869,0,0,0,0,0,0,0,,,0,0,0,0,0,0,0,0,0,3.6,3.6
00-0036159,Joshua Uche,LB,LB,2026,1,REG,MIA,LV,0,0,0,0,0,0,0,0,0,0,,,0,0,0,0,0,,0,0,0,0,0,0,0,,,0,0,0,0,0,0,0,0,0,0,0
00-0036162,Tyler Bass,K,SPEC,2026,1,REG,BUF,HOU,0,0,0,0,0,0,0,0,0,0,,,0,0,0,0,0,,0,0,0,0,0,0,0,,,0,0,0,0,0,0,0,0,0,0,0
00-0036171,Aaron Brewer,C,OL,2026,1,REG,MIA,LV,0,0,0,0,0,0,0,0,0,0,,,0,0,0,0,0,,0,0,0,0,0,0,0,,,0,0,0,0,0,0,0,0,0,0,0
00-0036181,Teair Tart,DT,DL,2026,1,REG,LAC,ARI,0,0,0,0,0,0,0,0,0,0,,,0,0,0,0,0,,0,0,0,0,0,0,0,,,0,0,0,0,0,0,0,0,0,0,0
00-0036192,A.J. Epenesa,LB,LB,2026,1,REG,PHI,WAS,0,0,0,0,0,0,0,0,0,0,,,0,0,0,0,0,,0,0,0,0,0,0,0,,,0,0,0,0,0,0,0,0,0,0,0
00-0036193,Anfernee Jennings,LB,LB,2026,1,REG,NO,DET,0,0,0,0,0,0,0,0,0,0,,,0,0,0,0,0,,0,0,0,0,0,0,0,,,0,0,0,0,0,0,0,0,0,0,0
00-0036204,LaCale London,DE,DL,2026,1,REG,ATL,PIT,0,0,0,0,0,0,0,0,0,0,,,0,0,0,0,0,,0,0,0,0,0,0,0,,,0,0,0,0,0,0,0,0,0,0,0
00-0036220,Derrick Brown,DT,DL,2026,1,REG,CAR,CHI,0,0,0,0,0,0,0,0,0,0,,,0,0,0,0,0,,0,0,0,0,0,0,0,,,0,0,0,0,0,0,0,0,0,0,0
00-0036221,Brandon Jones,SAF,DB,2026,1,REG,DEN,KC,0,0,0,0,0,0,0,0,0,0,,,0,0,0,0,0,,0,0,0,0,0,0,0,,,0,0,0,0,0,0,0,0,0,0,0
00-0036222,Isaiah Rodgers,CB,DB,2026,1,REG,MIN,GB,0,0,0,0,0,0,0,0,0,0,,,0,0,0,0,0,,0,0,0,0,0,0,0,,,0,0,0,0,0,0,0,0,0,0,0
00-0036223,Jonathan Taylor,RB,RB,2026,1,REG,IND,BAL,0,0,0,0,0,0,0,0,0,0,,,19,98,2,7,5,2.20308467058931,3,4,23,0,0,26,0,-4.98359160288237,0,0.137931034482759,0,0.206896551724138,0,1,0,0,0,0,22.1,25.1
00-0036231,Kyle Dugger,SAF,DB,2026,1,REG,CIN,TB,0,0,0,0,0,0,0,0,0,0,,,0,0,0,0,0,,0,0,0,0,0,0,0,,,0,0,0,0,0,0,0,0,0,0,0
00-0036244,Colby Parkinson,TE,TE,2026,1,REG,LA,SF,0,0,0,0,0,0,0,0,0,0,,,0,0,0,0,0,,1,2,6,0,9,4,0,-0.25877505610697,0.666666666666667,0.0740740740740741,0.0352941176470588,0.135816993464052,0,0,0,0,0,0,0.6,1.6
00-0036246,Jon Runyan,G,OL,2026,1,REG,NYG,DAL,0,0,0,0,0,0,0,0,0,0,,,0,0,0,0,0,,0,0,0,0,0,0,0,,,0,0,0,0,0,0,0,0,0,0,0
00-0036248,Austin Jackson,OT,OL,2026,1,REG,MIA,LV,0,0,0,0,0,0,0,0,0,0,,,0,0,0,0,0,,0,0,0,0,0,0,0,,,0,0,0,0,0,0,0,0,0,0,0
00-0036252,Michael Pittman,WR,WR,2026,1,REG,PIT,ATL,0,0,0,0,0,0,0,0,0,0,,,0,0,0,0,0,,3,3,58,0,33,25,2,3.44789096410386,1.75757575757576,0.0810810810810811,0.0810810810810811,0.178378378378378,0,0,0,0,0,0,5.8,8.8
00-0036253,Julian Blackmon,SAF,DB,2026,1,REG,NO,DET,0,0,0,0,0,0,0,0,0,0,,,0,0,0,0,0,,0,0,0,0,0,0,0,,,0,0,0,0,0,0,0,0,0,0,0
00-0036259,Jauan Jennings,WR,WR,2026,1,REG,MIN,GB,0,0,0,0,0,0,0,0,0,0,,,0,0,0,0,0,,0,1,0,0,30,0,0,-4.07392876828089,0,0.0434782608695652,0.170454545454545,0.18453557312253,0,0,0,0,0,0,0,0
00-0036260,Javon Kinlaw,DT,DL,2026,1,REG,WAS,PHI,0,0,0,0,0,0,0,0,0,0,,,0,0,0,0,0,,0,0,0,0,0,0,0,,,0,0,0,0,0,0,0,0,0,0,0
00-0036262,DaVon Hamilton,DT,DL,2026,1,REG,JAX,CLE,0,0,0,0,0,0,0,0,0,0,,,0,0,0,0,0,,0,0,0,0,0,0,0,,,0,0,0,0,0,0,0,0,0,0,0
00-0036264,Jordan Love,QB,QB,2026,1,REG,GB,MIN,21,42,387,2,1,4,-34,469,160,16,-2.70364609367362,-9.65405449271202,1,0,0,0,0,-4.35180443932768,0,0,0,0,0,0,0,,,0,0,0,0,0,1,0,0,0,19.48,19.48
00-0036265,AJ Dillon,RB,RB,2026,1,REG,CAR,CHI,0,0,0,0,0,0,0,0,0,0,,,5,28,0,1,1,-1.98432166490238,0,0,0,0,0,0,0,,,0,0,0,0,0,0,0,0,0,2.8,2.8
00-0036266,Jordan Elliott,DT,DL,2026,1,REG,TEN,NYJ,0,0,0,0,0,0,0,0,0,0,,,0,0,0,0,0,,0,0,0,0,0,0,0,,,0,0,0,0,0,0,0,0,0,0,0
00-0036272,Ben Bartch,OT,OL,2026,1,REG,DET,NO,0,0,0,0,0,0,0,0,0,0,,,0,0,0,0,0,,0,0,0,0,0,0,0,,,0,0,0,0,0,0,0,0,0,0,0
00-0036275,D'Andre Swift,RB,RB,2026,1,REG,CHI,CAR,0,0,0,0,0,0,0,0,0,0,,,18,124,3,5,2,9.22019312880002,1,1,10,0,4,6,1,0.739021006971598,2.5,0.0384615384615385,0.0125391849529781,0.0664697371593923,0,0,0,0,0,0,31.4,32.4
00-0036280,Malik Harrison,LB,LB,2026,1,REG,NYG,DAL,0,0,0,0,0,0,0,0,0,0,,,0,0,0,0,0,,0,0,0,0,0,0,0,,,0,0,0,0,0,0,0,0,0,0,0
00-0036281,C.J. Henderson,CB,DB,2026,1,REG,ATL,PIT,0,0,0,0,0,0,0,0,0,0,,,0,0,0,0,0,,0,0,0,0,0,0,0,,,0,0,0,0,0,0,0,0,0,0,0
00-0036282,Grant Delpit,SAF,DB,2026,1,REG,CLE,JAX,0,0,0,0,0,0,0,0,0,0,,,0,0,0,0,0,,0,0,0,0,0,0,0,,,0,0,0,0,0,0,0,0,0,0,0
00-0036285,A.J. Terrell,CB,DB,2026,1,REG,ATL,PIT,0,0,0,0,0,0,0,0,0,0,,,0,0,0,0,0,,0,0,0,0,0,0,0,,,0,0,0,0,0,0,0,0,0,0,0
00-0036286,K'Lavon Chaisson,LB,LB,2026,1,REG,WAS,PHI,0,0,0,0,0,0,0,0,0,0,,,0,0,0,0,0,,0,0,0,0,0,0,0,,,0,0,0,0,0,0,0,0,0,0,0
00-0036290,Cole Kmet,TE,TE,2026,1,REG,CHI,CAR,0,0,0,0,0,0,0,0,0,0,,,0,0,0,0,0,,2,3,35,1,47,8,2,3.57649476337247,0.74468085106383,0.115384615384615,0.147335423197492,0.276211719315168,0,0,0,0,0,0,9.5,11.5
00-0036292,Jaylon Johnson,CB,DB,2026,1,REG,CHI,CAR,0,0,0,0,0,0,0,0,0,0,,,0,0,0,0,0,,0,0,0,0,0,0,0,,,0,0,0,0,0,0,0,0,0,0,0
00-0036293,Jeremy Chinn,SAF,DB,2026,1,REG,LV,MIA,0,0,0,0,0,0,0,0,0,0,,,0,0,0,0,0,,0,0,0,0,0,0,0,,,0,0,0,0,0,0,0,0,0,0,0
00-0036298,Akeem Davis-Gaither,LB,LB,2026,1,REG,IND,BAL,0,0,0,0,0,0,0,0,0,0,,,0,0,0,0,0,,0,0,0,0,0,0,0,,,0,0,0,0,0,0,0,0,0,0,0
00-0036302,Jaylinn Hawkins,SAF,DB,2026,1,REG,BAL,IND,0,0,0,0,0,0,0,0,0,0,,,0,0,0,0,0,,0,0,0,0,0,0,0,,,0,0,0,0,0,0,0,0,0,0,0
00-0036305,Trevis Gipson,LB,LB,2026,1,REG,CAR,CHI,0,0,0,0,0,0,0,0,0,0,,,0,0,0,0,0,,0,0,0,0,0,0,0,,,0,0,0,0,0,0,0,0,0,0,0
00-0036309,Darnell Mooney,WR,WR,2026,1,REG,NYG,DAL,0,0,0,0,0,0,0,0,0,0,,,0,0,0,0,0,,2,2,27,0,25,2,2,2.43315296579385,1.08,0.0689655172413793,0.102040816326531,0.17487684729064,0,0,0,0,0,0,2.7,4.7
00-0036313,Braden Mann,P,SPEC,2026,1,REG,PHI,WAS,0,0,0,0,0,0,0,0,0,0,,,0,0,0,0,0,,0,0,0,0,0,0,0,,,0,0,0,0,0,0,0,0,0,0,0
00-0036321,Chase Young,DE,DL,2026,1,REG,NO,DET,0,0,0,0,0,0,0,0,0,0,,,0,0,0,0,0,,0,0,0,0,0,0,0,,,0,0,0,0,0,0,0,0,0,0,0
00-0036322,Justin Jefferson,WR,WR,2026,1,REG,MIN,GB,0,0,0,0,0,0,0,0,0,0,,,0,0,0,0,0,,8,9,92,2,80,28,5,12.5018565803622,1.15,0.391304347826087,0.454545454545455,0.905138339920949,0,0,0,0,1,0,23.2,31.2
00-0036323,Patrick Queen,LB,LB,2026,1,REG,PIT,ATL,0,0,0,0,0,0,0,0,0,0,,,0,0,0,0,0,,0,0,0,0,0,0,0,,,0,0,0,0,0,0,0,0,0,0,0
00-0036325,Robert Hunt,G,OL,2026,1,REG,CAR,CHI,0,0,0,0,0,0,0,0,0,0,,,0,0,0,0,0,,0,0,0,0,0,0,0,,,0,0,0,0,0,0,0,0,0,0,0
00-0036329,Ashtyn Davis,SAF,DB,2026,1,REG,SF,LA,0,0,0,0,0,0,0,0,0,0,,,0,0,0,0,0,,0,0,0,0,0,0,0,,,0,0,0,0,0,0,0,0,0,0,0
00-0036331,Devin Duvernay,WR,WR,2026,1,REG,ARI,LAC,0,0,0,0,0,0,0,0,0,0,,,0,0,0,0,0,,0,0,0,0,0,0,0,,,0,0,0,0,0,0,0,0,0,0,0
00-0036333,Alex Highsmith,LB,LB,2026,1,REG,PIT,ATL,0,0,0,0,0,0,0,0,0,0,,,0,0,0,0,0,,0,0,0,0,0,0,0,,,0,0,0,0,0,0,0,0,0,0,0
00-0036335,D.J. Wonnum,DE,DL,2026,1,REG,DET,NO,0,0,0,0,0,0,0,0,0,0,,,0,0,0,0,0,,0,0,0,0,0,0,0,,,0,0,0,0,0,0,0,0,0,0,0
00-0036337,James Lynch,DT,DL,2026,1,REG,CHI,CAR,0,0,0,0,0,0,0,0,0,0,,,0,0,0,0,0,,0,0,0,0,0,0,0,,,0,0,0,0,0,0,0,0,0,0,0
00-0036338,Troy Dye,LB,LB,2026,1,REG,LAC,ARI,0,0,0,0,0,0,0,0,0,0,,,0,0,0,0,0,,0,0,0,0,0,0,0,,,0,0,0,0,0,0,0,0,0,0,0
00-0036339,Kevin Dotson,G,OL,2026,1,REG,LA,SF,0,0,0,0,0,0,0,0,0,0,,,0,0,0,0,0,,0,0,0,0,0,0,0,,,0,0,0,0,0,0,0,0,0,0,0
00-0036341,Khalid Kareem,DE,DL,2026,1,REG,SF,LA,0,0,0,0,0,0,0,0,0,0,,,0,0,0,0,0,,0,0,0,0,0,0,0,,,0,0,0,0,0,0,0,0,0,0,0
00-0036347,Blake Brandel,C,OL,2026,1,REG,MIN,GB,0,0,0,0,0,0,0,0,0,0,,,0,0,0,0,0,,0,0,0,0,0,0,0,,,0,0,0,0,0,0,0,0,0,0,0
00-0036348,Josh Metellus,SAF,DB,2026,1,REG,MIN,GB,0,0,0,0,0,0,0,0,0,0,,,0,0,0,0,0,,0,0,0,0,0,0,0,,,0,0,0,0,0,0,0,0,0,0,0
00-0036349,Kam Curl,SAF,DB,2026,1,REG,LA,SF,0,0,0,0,0,0,0,0,0,0,,,0,0,0,0,0,,0,0,0,0,0,0,0,,,0,0,0,0,0,0,0,0,0,0,0
00-0036355,Justin Herbert,QB,QB,2026,1,REG,LAC,ARI,17,27,209,1,1,3,-22,273,78,9,-5.60766631702427,-6.20937612321642,5,29,0,1,1,-1.06714193610242,0,0,0,0,0,0,0,,,0,0,0,0,0,0,0,0,0,13.26,13.26
00-0036356,Isaiah Simmons,SAF,DB,2026,1,REG,CAR,CHI,0,0,0,0,0,0,0,0,0,0,,,0,0,0,0,0,,0,0,0,0,0,0,0,,,0,0,0,0,0,0,0,0,0,0,0
00-0036358,CeeDee Lamb,WR,WR,2026,1,REG,DAL,NYG,0,0,0,0,0,0,0,0,0,0,,,1,0,0,0,0,-0.837553194956854,5,8,44,1,90,19,5,5.59327441145433,0.488888888888889,0.266666666666667,0.29126213592233,0.603883495145631,0,0,0,0,0,0,10.4,15.4
00-0036362,Willie Gay Jr.,LB,LB,2026,1,REG,MIA,LV,0,0,0,0,0,0,0,0,0,0,,,0,0,0,0,0,,0,0,0,0,0,0,0,,,0,0,0,0,0,0,0,0,0,0,0
00-0036366,Neville Gallimore,DT,DL,2026,1,REG,CHI,CAR,0,0,0,0,0,0,0,0,0,0,,,0,0,0,0,0,,0,0,0,0,0,0,0,,,0,0,0,0,0,0,0,0,0,0,0
00-0036374,L'Jarius Sneed,CB,DB,2026,1,REG,KC,DEN,0,0,0,0,0,0,0,0,0,0,,,0,0,0,0,0,,0,0,0,0,0,0,0,,,0,0,0,0,0,0,0,0,0,0,0
00-0036375,Amik Robertson,CB,DB,2026,1,REG,WAS,PHI,0,0,0,0,0,0,0,0,0,0,,,0,0,0,0,0,,0,0,0,0,0,0,0,,,0,0,0,0,0,0,0,0,0,0,0
00-0036380,Alohi Gilman,SAF,DB,2026,1,REG,KC,DEN,0,0,0,0,0,0,0,0,0,0,,,0,0,0,0,0,,0,0,0,0,0,0,0,,,0,0,0,0,0,0,0,0,0,0,0
00-0036386,Andrew Thomas,OT,OL,2026,1,REG,NYG,DAL,0,0,0,0,0,0,0,0,0,0,,,0,0,0,0,0,,0,0,0,0,0,0,0,,,0,0,0,0,0,0,0,0,0,0,0
00-0036388,Xavier McKinney,SAF,DB,2026,1,REG,GB,MIN,0,0,0,0,0,0,0,0,0,0,,,0,0,0,0,0,,0,0,0,0,0,0,0,,,0,0,0,0,0,0,0,0,0,0,0
00-0036389,Jalen Hurts,QB,QB,2026,1,REG,PHI,WAS,14,25,203,3,0,3,-21,225,65,6,1.27337632780823,0.867941298268058,7,46,0,2,2,4.19875540526118,0,0,0,0,0,0,0,,,0,0,0,0,0,0,0,0,0,24.72,24.72
00-0036406,Tristan Wirfs,OT,OL,2026,1,REG,TB,CIN,0,0,0,0,0,0,0,0,0,0,,,0,0,0,0,0,,0,0,0,0,0,0,0,,,0,0,0,0,0,0,0,0,0,0,0
00-0036407,Jerry Jeudy,WR,WR,2026,1,REG,CLE,JAX,0,0,0,0,0,0,0,0,0,0,,,0,0,0,0,0,,2,4,26,0,40,9,1,-6.0874144253321,0.65,0.181818181818182,0.175438596491228,0.395534290271132,0,0,0,0,0,0,2.6,4.6
00-0036409,Jordyn Brooks,LB,LB,2026,1,REG,MIA,LV,0,0,0,0,0,0,0,0,0,0,,,0,0,0,0,0,,0,0,0,0,0,0,0,,,0,0,0,0,0,0,0,0,0,0,0
00-0036410,Tee Higgins,WR,WR,2026,1,REG,CIN,TB,0,0,0,0,0,0,0,0,0,0,,,0,0,0,0,0,,3,6,59,0,117,26,3,2.33281312085455,0.504273504273504,0.176470588235294,0.517699115044248,0.627095262883915,0,0,0,0,0,0,5.9,8.9
00-0036411,Antoine Winfield Jr.,SAF,DB,2026,1,REG,TB,CIN,0,0,0,0,0,0,0,0,0,0,,,0,0,0,0,0,,0,0,0,0,0,0,0,,,0,0,0,0,0,0,0,0,0,0,0
00-0036416,Kristian Fulton,CB,DB,2026,1,REG,KC,DEN,0,0,0,0,0,0,0,0,0,0,,,0,0,0,0,0,,0,0,0,0,0,0,0,,,0,0,0,0,0,0,0,0,0,0,0
00-0036418,Zack Baun,LB,LB,2026,1,REG,PHI,WAS,0,0,0,0,0,0,0,0,0,0,,,0,0,0,0,0,,0,0,0,0,0,0,0,,,0,0,0,0,0,0,0,0,0,0,0
00-0036422,Adam Trautman,TE,TE,2026,1,REG,DEN,KC,0,0,0,0,0,0,0,0,0,0,,,0,0,0,0,0,,2,3,10,0,-1,8,0,-0.665217289701104,0,0.111111111111111,-0.0108695652173913,0.159057971014493,0,0,0,0,0,0,1,3
00-0036425,DeeJay Dallas,RB,RB,2026,1,REG,MIN,GB,0,0,0,0,0,0,0,0,0,0,,,0,0,0,0,0,,1,1,1,0,1,0,0,-1.62547256168909,1,0.0434782608695652,0.00568181818181818,0.0691946640316206,0,0,0,0,0,0,0.1,1.1
00-0036428,Justin Strnad,LB,LB,2026,1,REG,DEN,KC,0,0,0,0,0,0,0,0,0,0,,,0,0,0,0,0,,0,0,0,0,0,0,0,,,0,0,0,0,0,0,0,0,0,0,0
00-0036442,Joe Burrow,QB,QB,2026,1,REG,CIN,TB,25,35,254,1,1,1,-9,226,144,14,-2.62695306242177,6.35173276943319,5,20,0,4,1,0.484639389935182,0,0,0,0,0,0,0,,,0,0,0,0,0,0,0,0,0,14.16,14.16
00-0036443,Rex Sunahara,LS,SPEC,2026,1,REG,CLE,JAX,0,0,0,0,0,0,0,0,0,0,,,0,0,0,0,0,,0,0,0,0,0,0,0,,,0,0,0,0,0,0,0,0,0,0,0
00-0036463,Chris Blair,WR,WR,2026,1,REG,ATL,PIT,0,0,0,0,0,0,0,0,0,0,,,0,0,0,0,0,,0,0,0,0,0,0,0,,,0,0,0,0,0,0,0,0,0,0,0
00-0036479,Kwity Paye,DE,DL,2026,1,REG,LV,MIA,0,0,0,0,0,0,0,0,0,0,,,0,0,0,0,0,,0,0,0,0,0,0,0,,,0,0,0,0,0,0,0,0,0,0,0
00-0036480,Dayo Odeyingbo,DE,DL,2026,1,REG,CHI,CAR,0,0,0,0,0,0,0,0,0,0,,,0,0,0,0,0,,0,0,0,0,0,0,0,,,0,0,0,0,0,0,0,0,0,0,0
00-0036500,Jamien Sherwood,LB,LB,2026,1,REG,NYJ,TEN,0,0,0,0,0,0,0,0,0,0,,,0,0,0,0,0,,0,0,0,0,0,0,0,,,0,0,0,0,0,0,0,0,0,0,0
00-0036501,Michael Carter II,CB,DB,2026,1,REG,PHI,WAS,0,0,0,0,0,0,0,0,0,0,,,0,0,0,0,0,,0,0,0,0,0,0,0,,,0,0,0,0,0,0,0,0,0,0,0
00-0036550,Rashod Bateman,WR,WR,2026,1,REG,BAL,IND,0,0,0,0,0,0,0,0,0,0,,,0,0,0,0,0,,0,1,0,0,23,0,0,-0.83109826920554,0,0.0416666666666667,0.0855018587360595,0.122351301115242,0,0,0,0,0,0,0,0
00-0036554,Nico Collins,WR,WR,2026,1,REG,HOU,BUF,0,0,0,0,0,0,0,0,0,0,,,1,7,0,1,0,0.906610255362466,7,10,75,1,120,8,3,4.90679983879016,0.625,0.27027027027027,0.372670807453416,0.666274970622797,0,0,0,0,0,0,14.2,21.2
00-0036555,Chuba Hubbard,RB,RB,2026,1,REG,CAR,CHI,0,0,0,0,0,0,0,0,0,0,,,10,49,1,2,1,1.46913529216545,3,3,38,1,0,38,2,4.32245056936517,0,0.0882352941176471,0,0.132352941176471,0,0,0,0,0,0,20.7,23.7
00-0036557,Jaylon Moore,OT,OL,2026,1,REG,KC,DEN,0,0,0,0,0,0,0,0,0,0,,,0,0,0,0,0,,0,0,0,0,0,0,0,,,0,0,0,0,0,0,0,0,0,0,0
00-0036563,Deommodore Lenoir,CB,DB,2026,1,REG,SF,LA,0,0,0,0,0,0,0,0,0,0,,,0,0,0,0,0,,0,0,0,0,0,0,0,,,0,0,0,0,0,0,0,0,0,0,0
00-0036564,Talanoa Hufanga,SAF,DB,2026,1,REG,DEN,KC,0,0,0,0,0,0,0,0,0,0,,,0,0,0,0,0,,0,0,0,0,0,0,0,,,0,0,0,0,0,0,0,0,0,0,0
00-0036568,Roy Lopez,DT,DL,2026,1,REG,ARI,LAC,0,0,0,0,0,0,0,0,0,0,,,0,0,0,0,0,,0,0,0,0,0,0,0,,,0,0,0,0,0,0,0,0,0,0,0
00-0036587,Ar'Darius Washington,SAF,DB,2026,1,REG,NYG,DAL,0,0,0,0,0,0,0,0,0,0,,,0,0,0,0,0,,0,0,0,0,0,0,0,,,0,0,0,0,0,0,0,0,0,0,0
00-0036590,Quintin Morris,TE,TE,2026,1,REG,JAX,CLE,0,0,0,0,0,0,0,0,0,0,,,0,0,0,0,0,,0,1,0,0,2,0,0,-0.527358944877051,0,0.0476190476190476,0.00826446280991736,0.0772136953955136,0,0,0,0,0,0,0,0
00-0036603,Alaric Jackson,OT,OL,2026,1,REG,LA,SF,0,0,0,0,0,0,0,0,0,0,,,0,0,0,0,0,,0,0,0,0,0,0,0,,,0,0,0,0,0,0,0,0,0,0,0
00-0036613,Jaylen Waddle,WR,WR,2026,1,REG,DEN,KC,0,0,0,0,0,0,0,0,0,0,,,0,0,0,0,0,,1,3,2,0,13,0,0,-4.27596350270323,0.153846153846154,0.111111111111111,0.141304347826087,0.265579710144928,0,0,0,0,0,0,0.2,1.2
00-0036617,Asante Samuel Jr.,CB,DB,2026,1,REG,PIT,ATL,0,0,0,0,0,0,0,0,0,0,,,0,0,0,0,0,,0,0,0,0,0,0,0,,,0,0,0,0,0,0,0,0,0,0,0
00-0036621,Nick Bolton,LB,LB,2026,1,REG,KC,DEN,0,0,0,0,0,0,0,0,0,0,,,0,0,0,0,0,,0,0,0,0,0,0,0,,,0,0,0,0,0,0,0,0,0,0,0
00-0036622,Josh Myers,C,OL,2026,1,REG,NYJ,TEN,0,0,0,0,0,0,0,0,0,0,,,0,0,0,0,0,,0,0,0,0,0,0,0,,,0,0,0,0,0,0,0,0,0,0,0
00-0036623,Creed Humphrey,C,OL,2026,1,REG,KC,DEN,0,0,0,0,0,0,0,0,0,0,,,0,0,0,0,0,,0,0,0,0,0,0,0,,,0,0,0,0,0,0,0,0,0,0,0
00-0036624,Alim McNeill,DT,DL,2026,1,REG,DET,NO,0,0,0,0,0,0,0,0,0,0,,,0,0,0,0,0,,0,0,0,0,0,0,0,,,0,0,0,0,0,0,0,0,0,0,0
00-0036625,Benjamin St-Juste,CB,DB,2026,1,REG,GB,MIN,0,0,0,0,0,0,0,0,0,0,,,0,0,0,0,0,,0,0,0,0,0,0,0,,,0,0,0,0,0,0,0,0,0,0,0
00-0036626,Dyami Brown,WR,WR,2026,1,REG,WAS,PHI,0,0,0,0,0,0,0,0,0,0,,,0,0,0,0,0,,0,2,0,0,64,0,0,-2.04212499466093,0,0.0689655172413793,0.201892744479495,0.244773196997716,0,0,0,0,0,0,0,0
00-0036628,John Bates,TE,TE,2026,1,REG,WAS,PHI,0,0,0,0,0,0,0,0,0,0,,,0,0,0,0,0,,2,3,13,0,6,15,0,-1.63707323711412,2.16666666666667,0.103448275862069,0.0189274447949527,0.16842162514957,0,0,0,0,0,0,1.3,3.3
00-0036629,Camryn Bynum,SAF,DB,2026,1,REG,IND,BAL,0,0,0,0,0,0,0,0,0,0,,,0,0,0,0,0,,0,0,0,0,0,0,0,,,0,0,0,0,0,0,0,0,0,0,0
00-0036637,Noah Gray,TE,TE,2026,1,REG,KC,DEN,0,0,0,0,0,0,0,0,0,0,,,0,0,0,0,0,,1,1,5,0,5,0,0,0.435155155893881,1,0.04,0.037593984962406,0.0863157894736842,0,0,0,0,0,0,0.5,1.5
00-0036642,Tedarrell Slaton,DT,DL,2026,1,REG,CIN,TB,0,0,0,0,0,0,0,0,0,0,,,0,0,0,0,0,,0,0,0,0,0,0,0,,,0,0,0,0,0,0,0,0,0,0,0
00-0036646,Simi Fehoko,WR,WR,2026,1,REG,ARI,LAC,0,0,0,0,0,0,0,0,0,0,,,0,0,0,0,0,,0,0,0,0,0,0,0,,,0,0,0,0,0,0,0,0,0,0,0
00-0036648,Nick Niemann,LB,LB,2026,1,REG,GB,MIN,0,0,0,0,0,0,0,0,0,0,,,0,0,0,0,0,,0,0,0,0,0,0,0,,,0,0,0,0,0,0,0,0,0,0,0
00-0036658,Isaiah McDuffie,LB,LB,2026,1,REG,GB,MIN,0,0,0,0,0,0,0,0,0,0,,,0,0,0,0,0,,0,0,0,0,0,0,0,,,0,0,0,0,0,0,0,0,0,0,0
00-0036660,Trey Smith,G,OL,2026,1,REG,KC,DEN,0,0,0,0,0,0,0,0,0,0,,,0,0,0,0,0,,0,0,0,0,0,0,0,,,0,0,0,0,0,0,0,0,0,0,0
00-0036677,Zayne Anderson,SAF,DB,2026,1,REG,MIA,LV,0,0,0,0,0,0,0,0,0,0,,,0,0,0,0,0,,0,0,0,0,0,0,0,,,0,0,0,0,0,0,0,0,0,0,0
00-0036682,Malik Herring,DE,DL,2026,1,REG,MIA,LV,0,0,0,0,0,0,0,0,0,0,,,0,0,0,0,0,,0,0,0,0,0,0,0,,,0,0,0,0,0,0,0,0,0,0,0
00-0036683,Devon Key,SAF,DB,2026,1,REG,DEN,KC,0,0,0,0,0,0,0,0,0,0,,,0,0,0,0,0,,0,0,0,0,0,0,0,,,0,0,0,0,0,0,0,0,0,0,0
00-0036754,Brock Wright,TE,TE,2026,1,REG,DET,NO,0,0,0,0,0,0,0,0,0,0,,,0,0,0,0,0,,1,1,5,0,2,3,0,-0.199289370793849,2.5,0.0256410256410256,0.00966183574879227,0.0452248234856931,0,0,0,0,0,0,0.5,1.5
00-0036813,Christian Elliss,LB,LB,2026,1,REG,NE,SEA,0,0,0,0,0,0,0,0,0,0,,,0,0,0,0,0,,0,0,0,0,0,0,0,,,0,0,0,0,0,0,0,0,0,0,0
00-0036816,Riley Patterson,K,SPEC,2026,1,REG,MIA,LV,0,0,0,0,0,0,0,0,0,0,,,0,0,0,0,0,,0,0,0,0,0,0,0,,,0,0,0,0,0,0,0,0,0,0,0
00-0036825,Feleipe Franks,TE,TE,2026,1,REG,CAR,CHI,0,0,0,0,0,0,0,0,0,0,,,0,0,0,0,0,,0,0,0,0,0,0,0,,,0,0,0,0,0,0,0,0,0,0,0
00-0036844,Garret Wallow,LB,LB,2026,1,REG,SF,LA,0,0,0,0,0,0,0,0,0,0,,,0,0,0,0,0,,0,0,0,0,0,0,0,,,0,0,0,0,0,0,0,0,0,0,0
00-0036854,Evan McPherson,K,SPEC,2026,1,REG,CIN,TB,0,0,0,0,0,0,0,0,0,0,,,0,0,0,0,0,,0,0,0,0,0,0,0,,,0,0,0,0,0,0,0,0,0,0,0
00-0036867,Chris Rumph II,LB,LB,2026,1,REG,NO,DET,0,0,0,0,0,0,0,0,0,0,,,0,0,0,0,0,,0,0,0,0,0,0,0,,,0,0,0,0,0,0,0,0,0,0,0
00-0036874,Pat Surtain II,CB,DB,2026,1,REG,DEN,KC,0,0,0,0,0,0,0,0,0,0,,,0,0,0,0,0,,0,0,0,0,0,0,0,,,0,0,0,0,0,0,0,0,0,0,0
00-0036875,Rhamondre Stevenson,RB,RB,2026,1,REG,NE,SEA,0,0,0,0,0,0,0,0,0,0,,,18,51,0,2,1,-8.05034076428274,5,6,44,0,-6,45,1,-0.101129514170695,-7.33333333333333,0.193548387096774,-0.0271493212669683,0.271318055758283,0,0,0,0,0,0,9.5,14.5
00-0036880,Penei Sewell,OT,OL,2026,1,REG,DET,NO,0,0,0,0,0,0,0,0,0,0,,,0,0,0,0,0,,0,0,0,0,0,0,0,,,0,0,0,0,0,0,0,0,0,0,0
00-0036883,Tommy Togiai,DT,DL,2026,1,REG,HOU,BUF,0,0,0,0,0,0,0,0,0,0,,,0,0,0,0,0,,0,0,0,0,0,0,0,,,0,0,0,0,0,0,0,0,0,0,0
00-0036887,Luke Farrell,TE,TE,2026,1,REG,SF,LA,0,0,0,0,0,0,0,0,0,0,,,0,0,0,0,0,,2,2,19,0,3,16,1,1.52484449348412,6.33333333333333,0.0588235294117647,0.0201342281879195,0.102329253849191,0,0,0,0,0,0,1.9,3.9
00-0036888,Damar Hamlin,SAF,DB,2026,1,REG,BUF,HOU,0,0,0,0,0,0,0,0,0,0,,,0,0,0,0,0,,0,0,0,0,0,0,0,,,0,0,0,0,0,0,0,0,0,0,0
00-0036894,Pat Freiermuth,TE,TE,2026,1,REG,PIT,ATL,0,0,0,0,0,0,0,0,0,0,,,0,0,0,0,0,,5,5,46,1,21,25,3,3.73616116441553,2.19047619047619,0.135135135135135,0.0515970515970516,0.238820638820639,0,0,0,0,0,0,10.6,15.6
00-0036900,Ja'Marr Chase,WR,WR,2026,1,REG,CIN,TB,0,0,0,0,0,0,0,0,0,0,,,0,0,0,0,0,,2,4,12,0,34,2,1,-2.53715490718605,0.352941176470588,0.117647058823529,0.150442477876106,0.281780322748568,0,0,0,0,0,0,1.2,3.2
00-0036901,Eric Stokes,CB,DB,2026,1,REG,LV,MIA,0,0,0,0,0,0,0,0,0,0,,,0,0,0,0,0,,0,0,0,0,0,0,0,,,0,0,0,0,0,0,0,0,0,0,0
00-0036903,Bobby Brown III,DT,DL,2026,1,REG,CAR,CHI,0,0,0,0,0,0,0,0,0,0,,,0,0,0,0,0,,0,0,0,0,0,0,0,,,0,0,0,0,0,0,0,0,0,0,0
00-0036909,Khyiris Tonga,DT,DL,2026,1,REG,KC,DEN,0,0,0,0,0,0,0,0,0,0,,,0,0,0,0,0,,0,0,0,0,0,0,0,,,0,0,0,0,0,0,0,0,0,0,0
00-0036912,DeVonta Smith,WR,WR,2026,1,REG,PHI,WAS,0,0,0,0,0,0,0,0,0,0,,,0,0,0,0,0,,3,6,53,0,79,5,1,0.817402785876766,0.670886075949367,0.272727272727273,0.351111111111111,0.654868686868687,0,0,0,0,0,0,5.3,8.3
00-0036914,Greg Rousseau,LB,LB,2026,1,REG,BUF,HOU,0,0,0,0,0,0,0,0,0,0,,,0,0,0,0,0,,0,0,0,0,0,0,0,,,0,0,0,0,0,0,0,0,0,0,0
00-0036916,Milton Williams,DT,DL,2026,1,REG,NE,SEA,0,0,0,0,0,0,0,0,0,0,,,0,0,0,0,0,,0,0,0,0,0,0,0,,,0,0,0,0,0,0,0,0,0,0,0
00-0036919,Kenny Gainwell,RB,RB,2026,1,REG,TB,CIN,0,0,0,0,0,0,0,0,0,0,,,5,15,0,1,0,-1.11748554528458,1,1,3,0,-5,8,0,-0.392871659016237,-0.6,0.037037037037037,-0.034965034965035,0.0310800310800311,0,0,0,0,0,0,1.8,2.8
00-0036922,Patrick Johnson,DE,DL,2026,1,REG,LV,MIA,0,0,0,0,0,0,0,0,0,0,,,0,0,0,0,0,,0,0,0,0,0,0,0,,,0,0,0,0,0,0,0,0,0,0,0
00-0036927,Pete Werner,LB,LB,2026,1,REG,NO,DET,0,0,0,0,0,0,0,0,0,0,,,0,0,0,0,0,,0,0,0,0,0,0,0,,,0,0,0,0,0,0,0,0,0,0,0
00-0036933,Zaven Collins,LB,LB,2026,1,REG,ARI,LAC,0,0,0,0,0,0,0,0,0,0,,,0,0,0,0,0,,0,0,0,0,0,0,0,,,0,0,0,0,0,0,0,0,0,0,0
00-0036934,Jaelan Phillips,LB,LB,2026,1,REG,CAR,CHI,0,0,0,0,0,0,0,0,0,0,,,0,0,0,0,0,,0,0,0,0,0,0,0,,,0,0,0,0,0,0,0,0,0,0,0
00-0036937,Paulson Adebo,CB,DB,2026,1,REG,NYG,DAL,0,0,0,0,0,0,0,0,0,0,,,0,0,0,0,0,,0,0,0,0,0,0,0,,,0,0,0,0,0,0,0,0,0,0,0
00-0036940,Odafe Oweh,LB,LB,2026,1,REG,WAS,PHI,0,0,0,0,0,0,0,0,0,0,,,0,0,0,0,0,,0,0,0,0,0,0,0,,,0,0,0,0,0,0,0,0,0,0,0
00-0036941,Andre Cisco,SAF,DB,2026,1,REG,NYJ,TEN,0,0,0,0,0,0,0,0,0,0,,,0,0,0,0,0,,0,0,0,0,0,0,0,,,0,0,0,0,0,0,0,0,0,0,0
00-0036942,Osa Odighizuwa,DT,DL,2026,1,REG,SF,LA,0,0,0,0,0,0,0,0,0,0,,,0,0,0,0,0,,0,0,0,0,0,0,0,,,0,0,0,0,0,0,0,0,0,0,0
00-0036943,Mitchell Fraboni,LS,SPEC,2026,1,REG,DEN,KC,0,0,0,0,0,0,0,0,0,0,,,0,0,0,0,0,,0,0,0,0,0,0,0,,,0,0,0,0,0,0,0,0,0,0,0
00-0036944,Jaycee Horn,CB,DB,2026,1,REG,CAR,CHI,0,0,0,0,0,0,0,0,0,0,,,0,0,0,0,0,,0,0,0,0,0,0,0,,,0,0,0,0,0,0,0,0,0,0,0
00-0036962,Tre'von Moehrig,SAF,DB,2026,1,REG,CAR,CHI,0,0,0,0,0,0,0,0,0,0,,,0,0,0,0,0,,0,0,0,0,0,0,0,,,0,0,0,0,0,0,0,0,0,0,0
00-0036963,Amon-Ra St. Brown,WR,WR,2026,1,REG,DET,NO,0,0,0,0,0,0,0,0,0,0,,,0,0,0,0,0,,10,14,67,2,70,27,4,0.810928608058666,0.957142857142857,0.358974358974359,0.338164251207729,0.775176514306949,0,0,0,0,0,0,18.7,28.7
00-0036964,Derrick Barnes,LB,LB,2026,1,REG,DET,NO,0,0,0,0,0,0,0,0,0,0,,,0,0,0,0,0,,0,0,0,0,0,0,0,,,0,0,0,0,0,0,0,0,0,0,0
00-0036970,Kyle Pitts,TE,TE,2026,1,REG,ATL,PIT,0,0,0,0,0,0,0,0,0,0,,,0,0,0,0,0,,0,1,0,0,26,0,0,-0.91247421503067,0,0.0526315789473684,0.337662337662338,0.315311004784689,0,0,0,0,0,0,0,0
00-0036971,Trevor Lawrence,QB,QB,2026,1,REG,JAX,CLE,18,23,245,4,0,1,-11,242,61,13,19.021475746762,22.3253698576064,2,3,0,1,0,-0.399042708100751,0,0,0,0,0,0,0,,,0,0,0,0,0,0,0,0,0,26.1,26.1
00-0036973,Travis Etienne,RB,RB,2026,1,REG,NO,DET,0,0,0,0,0,0,0,0,0,0,,,9,46,0,2,2,-1.83234053023625,7,9,32,0,-2,35,2,-0.994797872218927,-16,0.173076923076923,-0.0041407867494824,0.256716833890747,0,0,0,0,0,0,7.8,14.8
00-0036974,Tyson Campbell,CB,DB,2026,1,REG,CLE,JAX,0,0,0,0,0,0,0,0,0,0,,,0,0,0,0,0,,0,0,0,0,0,0,0,,,0,0,0,0,0,0,0,0,0,0,0
00-0036979,Alijah Vera-Tucker,G,OL,2026,1,REG,NE,SEA,0,0,0,0,0,0,0,0,0,0,,,0,0,0,0,0,,0,0,0,0,0,0,0,,,0,0,0,0,0,0,0,0,0,0,0
00-0036981,Christian Barmore,DT,DL,2026,1,REG,NE,SEA,0,0,0,0,0,0,0,0,0,0,,,0,0,0,0,0,,0,0,0,0,0,0,0,,,0,0,0,0,0,0,0,0,0,0,0
00-0036982,Chauncey Golston,DE,DL,2026,1,REG,NYG,DAL,0,0,0,0,0,0,0,0,0,0,,,0,0,0,0,0,,0,0,0,0,0,0,0,,,0,0,0,0,0,0,0,0,0,0,0
00-0036985,Robert Hainsey,C,OL,2026,1,REG,JAX,CLE,0,0,0,0,0,0,0,0,0,0,,,0,0,0,0,0,,0,0,0,0,0,0,0,,,0,0,0,0,0,0,0,0,0,0,0
00-0036986,Nahshon Wright,CB,DB,2026,1,REG,NYJ,TEN,0,0,0,0,0,0,0,0,0,0,,,0,0,0,0,0,,0,0,0,0,0,0,0,,,0,0,0,0,0,0,0,0,0,0,0
00-0036988,Josh Palmer,WR,WR,2026,1,REG,BUF,HOU,0,0,0,0,0,0,0,0,0,0,,,0,0,0,0,0,,1,2,34,1,62,6,1,4.11890889785718,0.548387096774194,0.0714285714285714,0.161879895561358,0.220458784035808,0,0,0,0,0,0,9.4,10.4
00-0036989,Malcolm Koonce,DE,DL,2026,1,REG,LV,MIA,0,0,0,0,0,0,0,0,0,0,,,0,0,0,0,0,,0,0,0,0,0,0,0,,,0,0,0,0,0,0,0,0,0,0,0
00-0036990,Divine Deablo,LB,LB,2026,1,REG,ATL,PIT,0,0,0,0,0,0,0,0,0,0,,,0,0,0,0,0,,0,0,0,0,0,0,0,,,0,0,0,0,0,0,0,0,0,0,0
00-0036992,Elijah Molden,CB,DB,2026,1,REG,LAC,ARI,0,0,0,0,0,0,0,0,0,0,,,0,0,0,0,0,,0,0,0,0,0,0,0,,,0,0,0,0,0,0,0,0,0,0,0
00-0036994,Ernest Jones,LB,LB,2026,1,REG,SEA,NE,0,0,0,0,0,0,0,0,0,0,,,0,0,0,0,0,,0,0,0,0,0,0,0,,,0,0,0,0,0,0,0,0,0,0,0
00-0036996,Greg Newsome II,CB,DB,2026,1,REG,NYG,DAL,0,0,0,0,0,0,0,0,0,0,,,0,0,0,0,0,,0,0,0,0,0,0,0,,,0,0,0,0,0,0,0,0,0,0,0
00-0036997,Javonte Williams,RB,RB,2026,1,REG,DAL,NYG,0,0,0,0,0,0,0,0,0,0,,,12,41,1,2,0,1.38681224867469,5,5,31,1,-11,42,2,1.63934679445811,-2.81818181818182,0.166666666666667,-0.0355987055016181,0.225080906148867,0,0,0,0,0,0,19.2,24.2
00-0036998,Jevon Holland,SAF,DB,2026,1,REG,NYG,DAL,0,0,0,0,0,0,0,0,0,0,,,0,0,0,0,0,,0,0,0,0,0,0,0,,,0,0,0,0,0,0,0,0,0,0,0
00-0037002,Landon Dickerson,G,OL,2026,1,REG,PHI,WAS,0,0,0,0,0,0,0,0,0,0,,,0,0,0,0,0,,0,0,0,0,0,0,0,,,0,0,0,0,0,0,0,0,0,0,0
00-0037003,Chazz Surratt,LB,LB,2026,1,REG,SEA,NE,0,0,0,0,0,0,0,0,0,0,,,0,0,0,0,0,,0,0,0,0,0,0,0,,,0,0,0,0,0,0,0,0,0,0,0
00-0037004,Hunter Long,TE,TE,2026,1,REG,ARI,LAC,0,0,0,0,0,0,0,0,0,0,,,0,0,0,0,0,,0,0,0,0,0,0,0,,,0,0,0,0,0,0,0,0,0,0,0
00-0037005,Tommy Tremble,TE,TE,2026,1,REG,CAR,CHI,0,0,0,0,0,0,0,0,0,0,,,0,0,0,0,0,,3,5,25,0,23,9,2,0.541267560445704,1.08695652173913,0.147058823529412,0.0628415300546448,0.264577306332369,0,0,0,0,0,0,2.5,5.5
00-0037009,Rashawn Slater,OT,OL,2026,1,REG,LAC,ARI,0,0,0,0,0,0,0,0,0,0,,,0,0,0,0,0,,0,0,0,0,0,0,0,,,0,0,0,0,0,0,0,0,0,0,0
00-0037034,Dee Alford,CB,DB,2026,1,REG,BUF,HOU,0,0,0,0,0,0,0,0,0,0,,,0,0,0,0,0,,0,0,0,0,0,0,0,,,0,0,0,0,0,0,0,0,0,0,0
00-0037073,Jordan Davis,DT,DL,2026,1,REG,PHI,WAS,0,0,0,0,0,0,0,0,0,0,,,0,0,0,0,0,,0,0,0,0,0,0,0,,,0,0,0,0,0,0,0,0,0,0,0
00-0037074,Quay Walker,LB,LB,2026,1,REG,LV,MIA,0,0,0,0,0,0,0,0,0,0,,,0,0,0,0,0,,0,0,0,0,0,0,0,,,0,0,0,0,0,0,0,0,0,0,0
00-0037075,Devonte Wyatt,DT,DL,2026,1,REG,GB,MIN,0,0,0,0,0,0,0,0,0,0,,,0,0,0,0,0,,0,0,0,0,0,0,0,,,0,0,0,0,0,0,0,0,0,0,0
00-0037076,Sean Rhyan,C,OL,2026,1,REG,GB,MIN,0,0,0,0,0,0,0,0,0,0,,,0,0,0,0,0,,0,0,0,0,0,0,0,,,0,0,0,0,0,0,0,0,0,0,0
00-0037079,Riq Woolen,CB,DB,2026,1,REG,PHI,WAS,0,0,0,0,0,0,0,0,0,0,,,0,0,0,0,0,,0,0,0,0,0,0,0,,,0,0,0,0,0,0,0,0,0,0,0
00-0037082,Dominique Robinson,DE,DL,2026,1,REG,HOU,BUF,0,0,0,0,0,0,0,0,0,0,,,0,0,0,0,0,,0,0,0,0,0,0,0,,,0,0,0,0,0,0,0,0,0,0,0
00-0037083,Kingsley Enagbare,LB,LB,2026,1,REG,NYJ,TEN,0,0,0,0,0,0,0,0,0,0,,,0,0,0,0,0,,0,0,0,0,0,0,0,,,0,0,0,0,0,0,0,0,0,0,0
00-0037091,Bo Melton,WR,WR,2026,1,REG,GB,MIN,0,0,0,0,0,0,0,0,0,0,,,0,0,0,0,0,,1,1,10,0,10,0,1,0.996042763523292,1,0.025,0.0213219616204691,0.0524253731343284,0,0,0,0,0,0,1,2
00-0037093,Dareke Young,WR,WR,2026,1,REG,LV,MIA,0,0,0,0,0,0,0,0,0,0,,,0,0,0,0,0,,0,0,0,0,0,0,0,,,0,0,0,0,0,0,0,0,0,0,0
00-0037094,Jonathan Ford,DT,DL,2026,1,REG,GB,MIN,0,0,0,0,0,0,0,0,0,0,,,0,0,0,0,0,,0,0,0,0,0,0,0,,,0,0,0,0,0,0,0,0,0,0,0
00-0037096,Elijah Hicks,SAF,DB,2026,1,REG,CHI,CAR,0,0,0,0,0,0,0,0,0,0,,,0,0,0,0,0,,0,0,0,0,0,0,0,,,0,0,0,0,0,0,0,0,0,0,0
00-0037129,Josh Blackwell,CB,DB,2026,1,REG,CHI,CAR,0,0,0,0,0,0,0,0,0,0,,,0,0,0,0,0,,0,0,0,0,0,0,0,,,0,0,0,0,0,0,0,0,0,0,0
00-0037130,Reed Blankenship,SAF,DB,2026,1,REG,HOU,BUF,0,0,0,0,0,0,0,0,0,0,,,0,0,0,0,0,,0,0,0,0,0,0,0,,,0,0,0,0,0,0,0,0,0,0,0
00-0037132,Britain Covey,WR,WR,2026,1,REG,PHI,WAS,0,0,0,0,0,0,0,0,0,0,,,0,0,0,0,0,,0,0,0,0,0,0,0,,,0,0,0,0,0,0,0,0,0,0,0
00-0037137,Josh Jobe,CB,DB,2026,1,REG,SEA,NE,0,0,0,0,0,0,0,0,0,0,,,0,0,0,0,0,,0,0,0,0,0,0,0,,,0,0,0,0,0,0,0,0,0,0,0
00-0037155,Tony Adams,SAF,DB,2026,1,REG,TEN,NYJ,0,0,0,0,0,0,0,0,0,0,,,0,0,0,0,0,,0,0,0,0,0,0,0,,,0,0,0,0,0,0,0,0,0,0,0
00-0037179,Jeremiah Moon,LB,LB,2026,1,REG,CAR,CHI,0,0,0,0,0,0,0,0,0,0,,,0,0,0,0,0,,0,0,0,0,0,0,0,,,0,0,0,0,0,0,0,0,0,0,0
00-0037190,Sauce Gardner,CB,DB,2026,1,REG,IND,BAL,0,0,0,0,0,0,0,0,0,0,,,0,0,0,0,0,,0,0,0,0,0,0,0,,,0,0,0,0,0,0,0,0,0,0,0
00-0037191,Trent McDuffie,CB,DB,2026,1,REG,LA,SF,0,0,0,0,0,0,0,0,0,0,,,0,0,0,0,0,,0,0,0,0,0,0,0,,,0,0,0,0,0,0,0,0,0,0,0
00-0037192,George Karlaftis,DE,DL,2026,1,REG,KC,DEN,0,0,0,0,0,0,0,0,0,0,,,0,0,0,0,0,,0,0,0,0,0,0,0,,,0,0,0,0,0,0,0,0,0,0,0
00-0037193,Bryan Cook,SAF,DB,2026,1,REG,CIN,TB,0,0,0,0,0,0,0,0,0,0,,,0,0,0,0,0,,0,0,0,0,0,0,0,,,0,0,0,0,0,0,0,0,0,0,0
00-0037195,Jaylen Watson,CB,DB,2026,1,REG,LA,SF,0,0,0,0,0,0,0,0,0,0,,,0,0,0,0,0,,0,0,0,0,0,0,0,,,0,0,0,0,0,0,0,0,0,0,0
00-0037196,Rasheed Walker,OT,OL,2026,1,REG,CAR,CHI,0,0,0,0,0,0,0,0,0,0,,,0,0,0,0,0,,0,0,0,0,0,0,0,,,0,0,0,0,0,0,0,0,0,0,0
00-0037208,Jack Cochrane,LB,LB,2026,1,REG,KC,DEN,0,0,0,0,0,0,0,0,0,0,,,0,0,0,0,0,,0,0,0,0,0,0,0,,,0,0,0,0,0,0,0,0,0,0,0
00-0037224,Cameron Dicker,K,SPEC,2026,1,REG,LAC,ARI,0,0,0,0,0,0,0,0,0,0,,,0,0,0,0,0,,0,0,0,0,0,0,0,,,0,0,0,0,0,0,0,0,0,0,0
00-0037228,Jaylen Warren,RB,RB,2026,1,REG,PIT,ATL,0,0,0,0,0,0,0,0,0,0,,,10,46,0,3,1,-1.24450429144781,5,6,27,0,-6,36,1,-4.96711773652351,-4.5,0.162162162162162,-0.0147420147420147,0.232923832923833,0,1,0,0,0,0,5.3,10.3
00-0037235,Travon Walker,DE,DL,2026,1,REG,JAX,CLE,0,0,0,0,0,0,0,0,0,0,,,0,0,0,0,0,,0,0,0,0,0,0,0,,,0,0,0,0,0,0,0,0,0,0,0
00-0037236,Aidan Hutchinson,DE,DL,2026,1,REG,DET,NO,0,0,0,0,0,0,0,0,0,0,,,0,0,0,0,0,,0,0,0,0,0,0,0,,,0,0,0,0,0,0,0,0,0,0,0
00-0037237,Derek Stingley Jr.,CB,DB,2026,1,REG,HOU,BUF,0,0,0,0,0,0,0,0,0,0,,,0,0,0,0,0,,0,0,0,0,0,0,0,,,0,0,0,0,0,0,0,0,0,0,0
00-0037238,Drake London,WR,WR,2026,1,REG,ATL,PIT,0,0,0,0,0,0,0,0,0,0,,,1,6,0,0,0,0.585678446106613,2,4,29,0,22,7,1,0.719250586444868,1.31818181818182,0.210526315789474,0.285714285714286,0.51578947368421,0,0,0,0,0,0,3.5,5.5
00-0037239,Chris Olave,WR,WR,2026,1,REG,NO,DET,0,0,0,0,0,0,0,0,0,0,,,0,0,0,0,0,,10,13,182,0,234,33,7,13.709707931499,0.777777777777778,0.25,0.484472049689441,0.714130434782609,0,0,0,0,0,0,18.2,28.2
00-0037240,Jameson Williams,WR,WR,2026,1,REG,DET,NO,0,0,0,0,0,0,0,0,0,0,,,0,0,0,0,0,,4,9,45,0,127,2,2,0.444626706943382,0.354330708661417,0.230769230769231,0.613526570048309,0.775622445187663,0,0,0,0,0,0,4.5,8.5
00-0037244,Devin Lloyd,LB,LB,2026,1,REG,CAR,CHI,0,0,0,0,0,0,0,0,0,0,,,0,0,0,0,0,,0,0,0,0,0,0,0,,,0,0,0,0,0,0,0,0,0,0,0
00-0037246,Jalen Pitre,SAF,DB,2026,1,REG,HOU,BUF,0,0,0,0,0,0,0,0,0,0,,,0,0,0,0,0,,0,0,0,0,0,0,0,,,0,0,0,0,0,0,0,0,0,0,0
00-0037247,George Pickens,WR,WR,2026,1,REG,DAL,NYG,0,0,0,0,0,0,0,0,0,0,,,0,0,0,0,0,,3,6,28,0,104,5,2,0.618737541371957,0.269230769230769,0.2,0.336569579288026,0.535598705501618,0,0,0,0,0,0,2.8,5.8
00-0037248,James Cook,RB,RB,2026,1,REG,BUF,HOU,0,0,0,0,0,0,0,0,0,0,,,13,57,0,3,2,-0.0903680950286798,3,4,12,0,-4,14,2,-0.378373864921741,-3,0.142857142857143,-0.010443864229765,0.206975009324879,0,0,0,0,0,0,6.9,9.9
00-0037249,Nik Bonitto,LB,LB,2026,1,REG,DEN,KC,0,0,0,0,0,0,0,0,0,0,,,0,0,0,0,0,,0,0,0,0,0,0,0,,,0,0,0,0,0,0,0,0,0,0,0
00-0037250,Martin Emerson,CB,DB,2026,1,REG,NO,DET,0,0,0,0,0,0,0,0,0,0,,,0,0,0,0,0,,0,0,0,0,0,0,0,,,0,0,0,0,0,0,0,0,0,0,0
00-0037252,Greg Dulcich,TE,TE,2026,1,REG,MIA,LV,0,0,0,0,0,0,0,0,0,0,,,0,0,0,0,0,,2,2,18,0,1,17,1,1.6406516446732,18,0.0740740740740741,0.00323624595469256,0.113376483279396,0,0,0,0,0,0,1.8,3.8
00-0037253,Marcus Jones,CB,DB,2026,1,REG,NE,SEA,0,0,0,0,0,0,0,0,0,0,,,0,0,0,0,0,,0,0,0,0,0,0,0,,,0,0,0,0,0,0,0,0,0,0,0
00-0037254,Terrel Bernard,LB,LB,2026,1,REG,BUF,HOU,0,0,0,0,0,0,0,0,0,0,,,0,0,0,0,0,,0,0,0,0,0,0,0,,,0,0,0,0,0,0,0,0,0,0,0
00-0037256,Rachaad White,RB,RB,2026,1,REG,WAS,PHI,0,0,0,0,0,0,0,0,0,0,,,7,22,0,1,0,-2.76765998384035,2,2,5,0,-10,15,0,-1.67799055227079,-0.5,0.0689655172413793,-0.0315457413249211,0.0813662569346242,0,0,0,0,0,0,2.7,4.7
00-0037261,Khalil Shakir,WR,WR,2026,1,REG,BUF,HOU,0,0,0,0,0,0,0,0,0,0,,,0,0,0,0,0,,4,6,50,0,39,25,2,0.549217689313984,1.28205128205128,0.214285714285714,0.101827676240209,0.392707944796718,0,0,0,0,0,0,5,9
00-0037262,Thomas Booker,DT,DL,2026,1,REG,LV,MIA,0,0,0,0,0,0,0,0,0,0,,,0,0,0,0,0,,0,0,0,0,0,0,0,,,0,0,0,0,0,0,0,0,0,0,0
00-0037263,Tyler Allgeier,RB,RB,2026,1,REG,ARI,LAC,0,0,0,0,0,0,0,0,0,0,,,17,61,0,2,1,-2.96501528027531,2,2,9,0,-5,14,0,-0.168503512977622,-1.8,0.0540540540540541,-0.0176678445229682,0.0687135899150033,0,0,0,0,0,0,7,9
00-0037268,Zyon McCollum,CB,DB,2026,1,REG,TB,CIN,0,0,0,0,0,0,0,0,0,0,,,0,0,0,0,0,,0,0,0,0,0,0,0,,,0,0,0,0,0,0,0,0,0,0,0
00-0037270,Otito Ogbonnia,DT,DL,2026,1,REG,DAL,NYG,0,0,0,0,0,0,0,0,0,0,,,0,0,0,0,0,,0,0,0,0,0,0,0,,,0,0,0,0,0,0,0,0,0,0,0
00-0037271,D'Marco Jackson,LB,LB,2026,1,REG,CHI,CAR,0,0,0,0,0,0,0,0,0,0,,,0,0,0,0,0,,0,0,0,0,0,0,0,,,0,0,0,0,0,0,0,0,0,0,0
00-0037275,DaRon Bland,CB,DB,2026,1,REG,DAL,NYG,0,0,0,0,0,0,0,0,0,0,,,0,0,0,0,0,,0,0,0,0,0,0,0,,,0,0,0,0,0,0,0,0,0,0,0
00-0037284,Matt Araiza,P,SPEC,2026,1,REG,KC,DEN,0,0,0,0,0,0,0,0,0,0,,,0,0,0,0,0,,0,0,0,0,0,0,0,,,0,0,0,0,0,0,0,0,0,0,0
00-0037288,Christian Benford,CB,DB,2026,1,REG,BUF,HOU,0,0,0,0,0,0,0,0,0,0,,,0,0,0,0,0,,0,0,0,0,0,0,0,,,0,0,0,0,0,0,0,0,0,0,0
00-0037289,Malcolm Rodriguez,LB,LB,2026,1,REG,DET,NO,0,0,0,0,0,0,0,0,0,0,,,0,0,0,0,0,,0,0,0,0,0,0,0,,,0,0,0,0,0,0,0,0,0,0,0
00-0037291,Jalen Nailor,WR,WR,2026,1,REG,LV,MIA,0,0,0,0,0,0,0,0,0,0,,,0,0,0,0,0,,3,5,27,0,64,9,3,-1.64430593431462,0.421875,0.172413793103448,0.283185840707965,0.456850778150748,0,0,0,0,0,0,2.7,5.7
00-0037292,Andrew Ogletree,TE,TE,2026,1,REG,IND,BAL,0,0,0,0,0,0,0,0,0,0,,,0,0,0,0,0,,0,1,0,0,3,0,0,-0.608843558933586,0,0.0344827586206897,0.0149253731343284,0.0621718991250643,0,0,0,0,0,0,0,0
00-0037301,Theo Jackson,DB,DB,2026,1,REG,MIN,GB,0,0,0,0,0,0,0,0,0,0,,,0,0,0,0,0,,0,0,0,0,0,0,0,,,0,0,0,0,0,0,0,0,0,0,0
00-0037304,Connor Heyward,FB,RB,2026,1,REG,LV,MIA,0,0,0,0,0,0,0,0,0,0,,,1,1,0,1,0,1.84822383732535,0,0,0,0,0,0,0,,,0,0,0,0,0,0,0,0,0,0.1,0.1
00-0037310,James Houston,LB,LB,2026,1,REG,DAL,NYG,0,0,0,0,0,0,0,0,0,0,,,0,0,0,0,0,,0,0,0,0,0,0,0,,,0,0,0,0,0,0,0,0,0,0,0
00-0037313,Montaric Brown,CB,DB,2026,1,REG,JAX,CLE,0,0,0,0,0,0,0,0,0,0,,,0,0,0,0,0,,0,0,0,0,0,0,0,,,0,0,0,0,0,0,0,0,0,0,0
00-0037317,Nick Muse,TE,TE,2026,1,REG,ATL,PIT,0,0,0,0,0,0,0,0,0,0,,,0,0,0,0,0,,0,0,0,0,0,0,0,,,0,0,0,0,0,0,0,0,0,0,0
00-0037323,Rodney Thomas,SAF,DB,2026,1,REG,SEA,NE,0,0,0,0,0,0,0,0,0,0,,,0,0,0,0,0,,0,0,0,0,0,0,0,,,0,0,0,0,0,0,0,0,0,0,0
00-0037380,Kaden Davis,WR,WR,2026,1,REG,CHI,CAR,0,0,0,0,0,0,0,0,0,0,,,0,0,0,0,0,,0,0,0,0,0,0,0,,,0,0,0,0,0,0,0,0,0,0,0
00-0037384,Ja'Quan McMillian,CB,DB,2026,1,REG,DEN,KC,0,0,0,0,0,0,0,0,0,0,,,0,0,0,0,0,,0,0,0,0,0,0,0,,,0,0,0,0,0,0,0,0,0,0,0
00-0037428,Alec Anderson,OT,OL,2026,1,REG,BUF,HOU,0,0,0,0,0,0,0,0,0,0,,,0,0,0,0,0,,0,0,0,0,0,0,0,,,0,0,0,0,0,0,0,0,0,0,0
00-0037457,Jake Hansen,LB,LB,2026,1,REG,HOU,BUF,0,0,0,0,0,0,0,0,0,0,,,0,0,0,0,0,,0,0,0,0,0,0,0,,,0,0,0,0,0,0,0,0,0,0,0
00-0037480,Dylan Cook,OT,OL,2026,1,REG,PIT,ATL,0,0,0,0,0,0,0,0,0,0,,,0,0,0,0,0,,0,0,0,0,0,0,0,,,0,0,0,0,0,0,0,0,0,0,0
00-0037500,Ryan Wright,P,SPEC,2026,1,REG,NO,DET,0,0,0,0,0,0,0,0,0,0,,,0,0,0,0,0,,0,0,0,0,0,0,0,,,0,0,0,0,0,0,0,0,0,0,0
00-0037512,Isaiah Pola-Mao,SAF,DB,2026,1,REG,LV,MIA,0,0,0,0,0,0,0,0,0,0,,,0,0,0,0,0,,0,0,0,0,0,0,0,,,0,0,0,0,0,0,0,0,0,0,0
00-0037524,Tay Martin,WR,WR,2026,1,REG,DET,NO,0,0,0,0,0,0,0,0,0,0,,,0,0,0,0,0,,0,0,0,0,0,0,0,,,0,0,0,0,0,0,0,0,0,0,0
00-0037525,Jordan Mason,RB,RB,2026,1,REG,MIN,GB,0,0,0,0,0,0,0,0,0,0,,,15,59,1,2,1,-2.96508915317827,0,0,0,0,0,0,0,,,0,0,0,0,0,0,0,0,0,11.9,11.9
00-0037526,Marcelino McCrary-Ball,LB,LB,2026,1,REG,NYJ,TEN,0,0,0,0,0,0,0,0,0,0,,,0,0,0,0,0,,0,0,0,0,0,0,0,,,0,0,0,0,0,0,0,0,0,0,0
00-0037527,Segun Olubi,LB,LB,2026,1,REG,LV,MIA,0,0,0,0,0,0,0,0,0,0,,,0,0,0,0,0,,0,0,0,0,0,0,0,,,0,0,0,0,0,0,0,0,0,0,0
00-0037545,Rashid Shaheed,WR,WR,2026,1,REG,SEA,NE,0,0,0,0,0,0,0,0,0,0,,,0,0,0,0,0,,1,3,4,0,19,2,0,-2.89760249434039,0.210526315789474,0.125,0.123376623376623,0.273863636363636,0,0,0,0,0,0,0.4,1.4
00-0037547,Daniel Whelan,P,SPEC,2026,1,REG,GB,MIN,0,0,0,0,0,0,0,0,0,0,,,0,0,0,0,0,,0,0,0,0,0,0,0,,,0,0,0,0,0,0,0,0,0,0,0
00-0037557,Ronnie Rivers,RB,RB,2026,1,REG,LA,SF,0,0,0,0,0,0,0,0,0,0,,,5,19,0,1,0,-2.73792025452713,1,1,5,0,2,3,1,0.436692280520219,2.5,0.037037037037037,0.00784313725490196,0.0610457516339869,0,0,0,0,0,0,2.4,3.4
00-0037561,Markquese Bell,SAF,DB,2026,1,REG,DAL,NYG,0,0,0,0,0,0,0,0,0,0,,,0,0,0,0,0,,0,0,0,0,0,0,0,,,0,0,0,0,0,0,0,0,0,0,0
00-0037587,Nate Landman,LB,LB,2026,1,REG,LA,SF,0,0,0,0,0,0,0,0,0,0,,,0,0,0,0,0,,0,0,0,0,0,0,0,,,0,0,0,0,0,0,0,0,0,0,0
00-0037596,Jack Gibbens,LB,LB,2026,1,REG,ARI,LAC,0,0,0,0,0,0,0,0,0,0,,,0,0,0,0,0,,0,0,0,0,0,0,0,,,0,0,0,0,0,0,0,0,0,0,0
00-0037611,Kayvon Thibodeaux,LB,LB,2026,1,REG,NYG,DAL,0,0,0,0,0,0,0,0,0,0,,,0,0,0,0,0,,0,0,0,0,0,0,0,,,0,0,0,0,0,0,0,0,0,0,0
00-0037615,Nakobe Dean,LB,LB,2026,1,REG,LV,MIA,0,0,0,0,0,0,0,0,0,0,,,0,0,0,0,0,,0,0,0,0,0,0,0,,,0,0,0,0,0,0,0,0,0,0,0
00-0037616,Nick Cross,SAF,DB,2026,1,REG,WAS,PHI,0,0,0,0,0,0,0,0,0,0,,,0,0,0,0,0,,0,0,0,0,0,0,0,,,0,0,0,0,0,0,0,0,0,0,0
00-0037663,Jermaine Johnson II,DE,DL,2026,1,REG,TEN,NYJ,0,0,0,0,0,0,0,0,0,0,,,0,0,0,0,0,,0,0,0,0,0,0,0,,,0,0,0,0,0,0,0,0,0,0,0
00-0037664,Alec Pierce,WR,WR,2026,1,REG,IND,BAL,0,0,0,0,0,0,0,0,0,0,,,0,0,0,0,0,,4,6,61,0,103,9,4,1.89531610906124,0.592233009708738,0.206896551724138,0.512437810945274,0.669051295247899,0,0,0,0,0,0,6.1,10.1
00-0037665,Sam Williams,DE,DL,2026,1,REG,CLE,JAX,0,0,0,0,0,0,0,0,0,0,,,0,0,0,0,0,,0,0,0,0,0,0,0,,,0,0,0,0,0,0,0,0,0,0,0
00-0037686,Tucker Addington,LS,SPEC,2026,1,REG,MIA,LV,0,0,0,0,0,0,0,0,0,0,,,0,0,0,0,0,,0,0,0,0,0,0,0,,,0,0,0,0,0,0,0,0,0,0,0
00-0037692,Brandon Aubrey,K,SPEC,2026,1,REG,DAL,NYG,0,0,0,0,0,0,0,0,0,0,,,0,0,0,0,0,,0,0,0,0,0,0,0,,,0,0,0,0,0,0,0,0,0,0,0
00-0037740,Garrett Wilson,WR,WR,2026,1,REG,NYJ,TEN,0,0,0,0,0,0,0,0,0,0,,,0,0,0,0,0,,6,7,79,0,77,18,3,5.48922100456324,1.02597402597403,0.304347826086957,0.458333333333333,0.777355072463768,0,0,0,0,0,0,7.9,13.9
00-0037741,Jahan Dotson,WR,WR,2026,1,REG,ATL,PIT,0,0,0,0,0,0,0,0,0,0,,,0,0,0,0,0,,1,3,19,0,52,1,1,-4.57413271139376,0.365384615384615,0.157894736842105,0.675324675324675,0.709569377990431,0,0,0,0,0,0,1.9,2.9
00-0037743,Daxton Hill,DB,DB,2026,1,REG,CIN,TB,0,0,0,0,0,0,0,0,0,0,,,0,0,0,0,0,,0,0,0,0,0,0,0,,,0,0,0,0,0,0,0,0,0,0,0
00-0037744,Trey McBride,TE,TE,2026,1,REG,ARI,LAC,0,0,0,0,0,0,0,0,0,0,,,0,0,0,0,0,,9,13,95,1,89,36,6,3.75088593887328,1.06741573033708,0.351351351351351,0.314487632508834,0.747168369783211,0,0,0,0,0,0,15.5,24.5
00-0037746,Brian Robinson,RB,RB,2026,1,REG,ATL,PIT,0,0,0,0,0,0,0,0,0,0,,,9,31,0,2,1,-1.05737868789583,0,0,0,0,0,0,0,,,0,0,0,0,0,0,0,0,0,3.1,3.1
00-0037752,Tycen Anderson,SAF,DB,2026,1,REG,DEN,KC,0,0,0,0,0,0,0,0,0,0,,,0,0,0,0,0,,0,0,0,0,0,0,0,,,0,0,0,0,0,0,0,0,0,0,0
00-0037756,Travis Jones,DT,DL,2026,1,REG,BAL,IND,0,0,0,0,0,0,0,0,0,0,,,0,0,0,0,0,,0,0,0,0,0,0,0,,,0,0,0,0,0,0,0,0,0,0,0
00-0037758,Cordale Flott,CB,DB,2026,1,REG,TEN,NYJ,0,0,0,0,0,0,0,0,0,0,,,0,0,0,0,0,,0,0,0,0,0,0,0,,,0,0,0,0,0,0,0,0,0,0,0
00-0037799,Dondrea Tillman,LB,LB,2026,1,REG,DEN,KC,0,0,0,0,0,0,0,0,0,0,,,0,0,0,0,0,,0,0,0,0,0,0,0,,,0,0,0,0,0,0,0,0,0,0,0
00-0037801,KaVontae Turpin,WR,WR,2026,1,REG,DAL,NYG,0,0,0,0,0,0,0,0,0,0,,,0,0,0,0,0,,1,1,8,0,1,7,1,0.933485899469815,8,0.0333333333333333,0.00323624595469256,0.0522653721682848,0,0,0,0,0,0,0.8,1.8
00-0037805,Jeremy Ruckert,TE,TE,2026,1,REG,NYJ,TEN,0,0,0,0,0,0,0,0,0,0,,,0,0,0,0,0,,1,1,4,0,1,3,0,-0.26420405972749,4,0.0434782608695652,0.00595238095238095,0.0693840579710145,0,0,0,0,0,0,0.4,1.4
00-0037809,Chig Okonkwo,TE,TE,2026,1,REG,WAS,PHI,0,0,0,0,0,0,0,0,0,0,,,0,0,0,0,0,,2,3,16,0,39,2,1,0.928091929177754,0.41025641025641,0.103448275862069,0.123028391167192,0.241292287610138,0,0,0,0,0,0,1.6,3.6
00-0037812,Abraham Lucas,OT,OL,2026,1,REG,SEA,NE,0,0,0,0,0,0,0,0,0,0,,,0,0,0,0,0,,0,0,0,0,0,0,0,,,0,0,0,0,0,0,0,0,0,0,0
00-0037815,Cameron Thomas,DE,DL,2026,1,REG,ATL,PIT,0,0,0,0,0,0,0,0,0,0,,,0,0,0,0,0,,0,0,0,0,0,0,0,,,0,0,0,0,0,0,0,0,0,0,0
00-0037816,Romeo Doubs,WR,WR,2026,1,REG,NE,SEA,0,0,0,0,0,0,0,0,0,0,,,0,0,0,0,0,,0,3,0,0,75,0,0,-5.96985967375804,0,0.0967741935483871,0.339366515837104,0.382717851408553,0,0,0,0,0,0,0,0
00-0037817,Zach Bako-Bewele,G,OL,2026,1,REG,GB,MIN,0,0,0,0,0,0,0,0,0,0,,,0,0,0,0,0,,0,0,0,0,0,0,0,,,0,0,0,0,0,0,0,0,0,0,0
00-0037818,Zion Johnson,G,OL,2026,1,REG,CLE,JAX,0,0,0,0,0,0,0,0,0,0,,,0,0,0,0,0,,0,0,0,0,0,0,0,,,0,0,0,0,0,0,0,0,0,0,0
00-0037819,Leo Chenal,LB,LB,2026,1,REG,WAS,PHI,0,0,0,0,0,0,0,0,0,0,,,0,0,0,0,0,,0,0,0,0,0,0,0,,,0,0,0,0,0,0,0,0,0,0,0
00-0037834,Brock Purdy,QB,QB,2026,1,REG,SF,LA,25,34,205,3,1,0,0,149,117,12,4.82562753588093,0.771556181066177,5,29,0,4,1,3.22245055087842,0,0,0,0,0,0,0,,,0,0,0,0,0,0,0,0,0,21.1,21.1
00-0037838,Isaiah Likely,TE,TE,2026,1,REG,NYG,DAL,0,0,0,0,0,0,0,0,0,0,,,0,0,0,0,0,,8,8,78,2,64,14,6,11.0291232934978,1.21875,0.275862068965517,0.261224489795918,0.596650246305419,0,0,0,0,0,0,19.8,27.8
00-0037839,Cobie Durant,CB,DB,2026,1,REG,DAL,NYG,0,0,0,0,0,0,0,0,0,0,,,0,0,0,0,0,,0,0,0,0,0,0,0,,,0,0,0,0,0,0,0,0,0,0,0
00-0037840,Kyren Williams,RB,RB,2026,1,REG,LA,SF,0,0,0,0,0,0,0,0,0,0,,,11,41,1,3,0,1.14232724759495,3,3,24,0,7,17,1,0.414404189679772,3.42857142857143,0.111111111111111,0.0274509803921569,0.185882352941176,0,0,0,0,0,0,12.5,15.5
00-0037841,Quentin Lake,SAF,DB,2026,1,REG,LA,SF,0,0,0,0,0,0,0,0,0,0,,,0,0,0,0,0,,0,0,0,0,0,0,0,,,0,0,0,0,0,0,0,0,0,0,0
00-0037843,Daniel Hardy,DE,DL,2026,1,REG,CHI,CAR,0,0,0,0,0,0,0,0,0,0,,,0,0,0,0,0,,0,0,0,0,0,0,0,,,0,0,0,0,0,0,0,0,0,0,0
00-0038038,Kyle Hamilton,SAF,DB,2026,1,REG,BAL,IND,0,0,0,0,0,0,0,0,0,0,,,0,0,0,0,0,,0,0,0,0,0,0,0,,,0,0,0,0,0,0,0,0,0,0,0
00-0038039,Jack Jones,CB,DB,2026,1,REG,SF,LA,0,0,0,0,0,0,0,0,0,0,,,0,0,0,0,0,,0,0,0,0,0,0,0,,,0,0,0,0,0,0,0,0,0,0,0
00-0038041,Jake Ferguson,TE,TE,2026,1,REG,DAL,NYG,0,0,0,0,0,0,0,0,0,0,,,0,0,0,0,0,,2,2,6,0,6,0,0,-0.210477623593761,1,0.0666666666666667,0.0194174757281553,0.113592233009709,0,0,0,0,0,0,0.6,2.6
00-0038046,Charlie Kolar,TE,TE,2026,1,REG,LAC,ARI,0,0,0,0,0,0,0,0,0,0,,,0,0,0,0,0,,0,0,0,0,0,0,0,,,0,0,0,0,0,0,0,0,0,0,0
00-0038090,Skyy Moore,WR,WR,2026,1,REG,GB,MIN,0,0,0,0,0,0,0,0,0,0,,,0,0,0,0,0,,0,1,0,0,12,0,0,-3.66071927163284,0,0.025,0.0255863539445629,0.055410447761194,0,0,0,0,0,0,0,0
00-0038094,Jordan Stout,P,SPEC,2026,1,REG,NYG,DAL,0,0,0,0,0,0,0,0,0,0,,,0,0,0,0,0,,0,0,0,0,0,0,0,,,0,0,0,0,0,0,0,0,0,0,0
00-0038102,Kenny Pickett,QB,QB,2026,1,REG,CAR,CHI,0,1,0,0,0,0,0,3,0,0,-0.381134943338111,-77.1572053432465,1,24,0,1,1,1.67775175964925,0,0,0,0,0,0,0,,,0,0,0,0,0,0,0,0,0,2.4,2.4
00-0038104,Tyquan Thornton,WR,WR,2026,1,REG,KC,DEN,0,0,0,0,0,0,0,0,0,0,,,0,0,0,0,0,,0,1,0,0,36,0,0,-0.561907757772133,0,0.04,0.270676691729323,0.249473684210526,0,0,0,0,0,0,0,0
00-0038106,Eyioma Uwazurike,DT,DL,2026,1,REG,DEN,KC,0,0,0,0,0,0,0,0,0,0,,,0,0,0,0,0,,0,0,0,0,0,0,0,,,0,0,0,0,0,0,0,0,0,0,0
00-0038112,Cam Jurgens,G,OL,2026,1,REG,PHI,WAS,0,0,0,0,0,0,0,0,0,0,,,0,0,0,0,0,,0,0,0,0,0,0,0,,,0,0,0,0,0,0,0,0,0,0,0
00-0038115,Daniel Bellinger,TE,TE,2026,1,REG,TEN,NYJ,0,0,0,0,0,0,0,0,0,0,,,0,0,0,0,0,,1,1,7,0,1,6,0,-0.36864963174626,7,0.0357142857142857,0.00526315789473684,0.0572556390977444,0,0,0,0,0,0,0.7,1.7
00-0038116,Arnold Ebiketie,LB,LB,2026,1,REG,PHI,WAS,0,0,0,0,0,0,0,0,0,0,,,0,0,0,0,0,,0,0,0,0,0,0,0,,,0,0,0,0,0,0,0,0,0,0,0
00-0038117,Wan'Dale Robinson,WR,WR,2026,1,REG,TEN,NYJ,0,0,0,0,0,0,0,0,0,0,,,0,0,0,0,0,,5,6,38,0,23,13,3,2.96551320876461,1.65217391304348,0.214285714285714,0.121052631578947,0.406165413533835,0,0,0,0,0,0,3.8,8.8
00-0038120,Breece Hall,RB,RB,2026,1,REG,NYJ,TEN,0,0,0,0,0,0,0,0,0,0,,,22,102,1,7,3,2.34956525173038,2,2,16,0,3,13,0,1.24271293135826,5.33333333333333,0.0869565217391304,0.0178571428571429,0.142934782608696,0,0,0,0,0,0,17.8,19.8
00-0038121,Alontae Taylor,CB,DB,2026,1,REG,TEN,NYJ,0,0,0,0,0,0,0,0,0,0,,,0,0,0,0,0,,0,0,0,0,0,0,0,,,0,0,0,0,0,0,0,0,0,0,0
00-0038123,Dane Belton,SAF,DB,2026,1,REG,NYJ,TEN,0,0,0,0,0,0,0,0,0,0,,,0,0,0,0,0,,0,0,0,0,0,0,0,,,0,0,0,0,0,0,0,0,0,0,0
00-0038124,Christian Watson,WR,WR,2026,1,REG,GB,MIN,0,0,0,0,0,0,0,0,0,0,,,0,0,0,0,0,,6,8,147,2,127,72,5,6.88224781749887,1.15748031496063,0.2,0.270788912579957,0.48955223880597,0,0,0,0,0,0,26.7,32.7
00-0038125,Roger McCreary,CB,DB,2026,1,REG,DET,NO,0,0,0,0,0,0,0,0,0,0,,,0,0,0,0,0,,0,0,0,0,0,0,0,,,0,0,0,0,0,0,0,0,0,0,0
00-0038128,Malik Willis,QB,QB,2026,1,REG,MIA,LV,15,27,220,0,1,5,-35,309,96,7,-5.48974969708947,-8.85024655748297,6,39,1,2,1,1.04589421552373,0,0,0,0,0,0,0,,,0,0,0,0,0,0,0,0,0,16.7,16.7
00-0038129,Cade Otton,TE,TE,2026,1,REG,TB,CIN,0,0,0,0,0,0,0,0,0,0,,,0,0,0,0,0,,3,5,26,0,32,27,3,-0.089039068960119,0.8125,0.185185185185185,0.223776223776224,0.434421134421134,0,0,0,0,0,0,2.6,5.6
00-0038133,Boye Mafe,DE,DL,2026,1,REG,CIN,TB,0,0,0,0,0,0,0,0,0,0,,,0,0,0,0,0,,0,0,0,0,0,0,0,,,0,0,0,0,0,0,0,0,0,0,0
00-0038134,Kenneth Walker III,RB,RB,2026,1,REG,KC,DEN,0,0,0,0,0,0,0,0,0,0,,,23,173,1,8,4,10.1025641742744,3,6,18,1,-2,18,2,0.642277418170124,-9,0.24,-0.0150375939849624,0.349473684210526,0,0,0,0,0,0,31.1,34.1
00-0038135,Jaquan Brisker,SAF,DB,2026,1,REG,PIT,ATL,0,0,0,0,0,0,0,0,0,0,,,0,0,0,0,0,,0,0,0,0,0,0,0,,,0,0,0,0,0,0,0,0,0,0,0
00-0038359,Xavier Smith,WR,WR,2026,1,REG,LA,SF,0,0,0,0,0,0,0,0,0,0,,,0,0,0,0,0,,0,0,0,0,0,0,0,,,0,0,0,0,0,0,0,0,0,0,0
00-0038360,Alex Ward,LS,SPEC,2026,1,REG,LV,MIA,0,0,0,0,0,0,0,0,0,0,,,0,0,0,0,0,,0,0,0,0,0,0,0,,,0,0,0,0,0,0,0,0,0,0,0
00-0038386,Jalen Carter,DT,DL,2026,1,REG,PHI,WAS,0,0,0,0,0,0,0,0,0,0,,,0,0,0,0,0,,0,0,0,0,0,0,0,,,0,0,0,0,0,0,0,0,0,0,0
00-0038387,Colby Wooden,DE,DL,2026,1,REG,NO,DET,0,0,0,0,0,0,0,0,0,0,,,0,0,0,0,0,,0,0,0,0,0,0,0,,,0,0,0,0,0,0,0,0,0,0,0
00-0038393,Dontayvion Wicks,WR,WR,2026,1,REG,PHI,WAS,0,0,0,0,0,0,0,0,0,0,,,0,0,0,0,0,,2,4,73,1,79,21,2,3.75947187870042,0.924050632911392,0.181818181818182,0.351111111111111,0.518505050505051,0,0,0,0,0,0,13.3,15.3
00-0038398,Karl Brooks,DT,DL,2026,1,REG,GB,MIN,0,0,0,0,0,0,0,0,0,0,,,0,0,0,0,0,,0,0,0,0,0,0,0,,,0,0,0,0,0,0,0,0,0,0,0
00-0038399,Zaire Barnes,LB,LB,2026,1,REG,NYG,DAL,0,0,0,0,0,0,0,0,0,0,,,0,0,0,0,0,,0,0,0,0,0,0,0,,,0,0,0,0,0,0,0,0,0,0,0
00-0038412,Moro Ojomo,DT,DL,2026,1,REG,PHI,WAS,0,0,0,0,0,0,0,0,0,0,,,0,0,0,0,0,,0,0,0,0,0,0,0,,,0,0,0,0,0,0,0,0,0,0,0
00-0038428,Andre Szmyt,K,SPEC,2026,1,REG,CLE,JAX,0,0,0,0,0,0,0,0,0,0,,,0,0,0,0,0,,0,0,0,0,0,0,0,,,0,0,0,0,0,0,0,0,0,0,0
00-0038454,Keaton Mitchell,RB,RB,2026,1,REG,LAC,ARI,0,0,0,0,0,0,0,0,0,0,,,4,9,0,0,0,-1.147076887195,0,0,0,0,0,0,0,,,0,0,0,0,0,0,0,0,0,0.9,0.9
00-0038463,Brenton Cox Jr.,DE,DL,2026,1,REG,GB,MIN,0,0,0,0,0,0,0,0,0,0,,,0,0,0,0,0,,0,0,0,0,0,0,0,,,0,0,0,0,0,0,0,0,0,0,0
00-0038488,Brady Russell,RB,RB,2026,1,REG,SEA,NE,0,0,0,0,0,0,0,0,0,0,,,0,0,0,0,0,,2,2,20,0,6,14,1,1.07975835981779,3.33333333333333,0.0833333333333333,0.038961038961039,0.152272727272727,0,0,0,0,0,0,2,4
00-0038489,Ben VanSumeren,RB,RB,2026,1,REG,KC,DEN,0,0,0,0,0,0,0,0,0,0,,,0,0,0,0,0,,0,0,0,0,0,0,0,,,0,0,0,0,0,0,0,0,0,0,0
00-0038493,Claudin Cherelus,LB,LB,2026,1,REG,CAR,CHI,0,0,0,0,0,0,0,0,0,0,,,0,0,0,0,0,,0,0,0,0,0,0,0,,,0,0,0,0,0,0,0,0,0,0,0
00-0038504,Trenton Simpson,LB,LB,2026,1,REG,BAL,IND,0,0,0,0,0,0,0,0,0,0,,,0,0,0,0,0,,0,0,0,0,0,0,0,,,0,0,0,0,0,0,0,0,0,0,0
00-0038505,Tavius Robinson,LB,LB,2026,1,REG,BAL,IND,0,0,0,0,0,0,0,0,0,0,,,0,0,0,0,0,,0,0,0,0,0,0,0,,,0,0,0,0,0,0,0,0,0,0,0
00-0038519,Nikko Remigio,WR,WR,2026,1,REG,KC,DEN,0,0,0,0,0,0,0,0,0,0,,,0,0,0,0,0,,0,0,0,0,0,0,0,,,0,0,0,0,0,0,0,0,0,0,0
00-0038540,Paris Johnson Jr.,OT,OL,2026,1,REG,ARI,LAC,0,0,0,0,0,0,0,0,0,0,,,0,0,0,0,0,,0,0,0,0,0,0,0,,,0,0,0,0,0,0,0,0,0,0,0
00-0038541,Tyree Wilson,DE,DL,2026,1,REG,NO,DET,0,0,0,0,0,0,0,0,0,0,,,0,0,0,0,0,,0,0,0,0,0,0,0,,,0,0,0,0,0,0,0,0,0,0,0
00-0038542,Bijan Robinson,RB,RB,2026,1,REG,ATL,PIT,0,0,0,0,0,0,0,0,0,0,,,21,83,0,7,2,-2.06107826887382,8,10,90,1,-30,110,2,-2.13789269155889,-3,0.526315789473684,-0.38961038961039,0.516746411483254,0,0,0,0,0,0,23.3,31.3
00-0038543,Jaxon Smith-Njigba,WR,WR,2026,1,REG,SEA,NE,0,0,0,0,0,0,0,0,0,0,,,0,0,0,0,0,,8,11,122,1,76,62,5,7.67704542934139,1.60526315789474,0.458333333333333,0.493506493506494,1.03295454545455,0,0,0,0,0,0,18.2,26.2
00-0038544,Quentin Johnston,WR,WR,2026,1,REG,LAC,ARI,0,0,0,0,0,0,0,0,0,0,,,0,0,0,0,0,,2,6,17,0,39,5,0,-1.09559556399472,0.435897435897436,0.222222222222222,0.142857142857143,0.433333333333333,0,0,0,0,0,0,1.7,3.7
00-0038546,Myles Murphy,DE,DL,2026,1,REG,CIN,TB,0,0,0,0,0,0,0,0,0,0,,,0,0,0,0,0,,0,0,0,0,0,0,0,,,0,0,0,0,0,0,0,0,0,0,0
00-0038547,Luke Schoonmaker,TE,TE,2026,1,REG,DAL,NYG,0,0,0,0,0,0,0,0,0,0,,,0,0,0,0,0,,1,1,12,0,12,0,0,0.869711147621274,1,0.0333333333333333,0.0388349514563107,0.0771844660194175,0,0,0,0,0,0,1.2,2.2
00-0038548,O'Cyrus Torrence,G,OL,2026,1,REG,BUF,HOU,0,0,0,0,0,0,0,0,0,0,,,0,0,0,0,0,,0,0,0,0,0,0,0,,,0,0,0,0,0,0,0,0,0,0,0
00-0038549,DJ Turner II,CB,DB,2026,1,REG,CIN,TB,0,0,0,0,0,0,0,0,0,0,,,0,0,0,0,0,,0,0,0,0,0,0,0,,,0,0,0,0,0,0,0,0,0,0,0
00-0038551,Kendre Miller,RB,RB,2026,1,REG,NO,DET,0,0,0,0,0,0,0,0,0,0,,,9,30,1,2,0,0.716897957259789,0,0,0,0,0,0,0,,,0,0,0,0,0,0,0,0,0,9,9
00-0038552,Riley Moss,CB,DB,2026,1,REG,DEN,KC,0,0,0,0,0,0,0,0,0,0,,,0,0,0,0,0,,0,0,0,0,0,0,0,,,0,0,0,0,0,0,0,0,0,0,0
00-0038553,Daiyan Henley,LB,LB,2026,1,REG,LAC,ARI,0,0,0,0,0,0,0,0,0,0,,,0,0,0,0,0,,0,0,0,0,0,0,0,,,0,0,0,0,0,0,0,0,0,0,0
00-0038554,Ji'Ayir Brown,SAF,DB,2026,1,REG,SF,LA,0,0,0,0,0,0,0,0,0,0,,,0,0,0,0,0,,0,0,0,0,0,0,0,,,0,0,0,0,0,0,0,0,0,0,0
00-0038555,Tank Bigsby,RB,RB,2026,1,REG,PHI,WAS,0,0,0,0,0,0,0,0,0,0,,,1,3,0,0,0,-0.317280971154105,0,0,0,0,0,0,0,,,0,0,0,0,0,0,0,0,0,0.3,0.3
00-0038556,DeMarvion Overshown,LB,LB,2026,1,REG,DAL,NYG,0,0,0,0,0,0,0,0,0,0,,,0,0,0,0,0,,0,0,0,0,0,0,0,,,0,0,0,0,0,0,0,0,0,0,0
00-0038557,Dorian Williams,LB,LB,2026,1,REG,BUF,HOU,0,0,0,0,0,0,0,0,0,0,,,0,0,0,0,0,,0,0,0,0,0,0,0,,,0,0,0,0,0,0,0,0,0,0,0
00-0038558,Darnell Washington,TE,TE,2026,1,REG,PIT,ATL,0,0,0,0,0,0,0,0,0,0,,,0,0,0,0,0,,2,2,18,0,6,12,1,0.635578643181361,3,0.0540540540540541,0.0147420147420147,0.0914004914004914,0,0,0,0,0,0,1.8,3.8
00-0038559,Michael Wilson,WR,WR,2026,1,REG,ARI,LAC,0,0,0,0,0,0,0,0,0,0,,,0,0,0,0,0,,5,7,56,0,83,3,3,1.92698321241642,0.674698795180723,0.189189189189189,0.293286219081272,0.489084137140674,0,0,0,0,0,0,5.6,10.6
00-0038560,Jordan Battle,SAF,DB,2026,1,REG,CIN,TB,0,0,0,0,0,0,0,0,0,0,,,0,0,0,0,0,,0,0,0,0,0,0,0,,,0,0,0,0,0,0,0,0,0,0,0
00-0038563,Tre Tucker,WR,WR,2026,1,REG,LV,MIA,0,0,0,0,0,0,0,0,0,0,,,0,0,0,0,0,,2,4,27,0,50,1,1,3.7979774218984,0.54,0.137931034482759,0.221238938053097,0.361763808361306,0,0,0,0,0,0,2.7,4.7
00-0038567,Chad Ryland,K,SPEC,2026,1,REG,ARI,LAC,0,0,0,0,0,0,0,0,0,0,,,0,0,0,0,0,,0,0,0,0,0,0,0,,,0,0,0,0,0,0,0,0,0,0,0
00-0038570,Ventrell Miller,LB,LB,2026,1,REG,JAX,CLE,0,0,0,0,0,0,0,0,0,0,,,0,0,0,0,0,,0,0,0,0,0,0,0,,,0,0,0,0,0,0,0,0,0,0,0
00-0038573,Derius Davis,WR,WR,2026,1,REG,LAC,ARI,0,0,0,0,0,0,0,0,0,0,,,0,0,0,0,0,,0,1,0,0,55,0,0,-2.34865460090805,0,0.037037037037037,0.201465201465201,0.196581196581197,0,0,0,0,0,0,0,0
00-0038574,Isaiah McGuire,DE,DL,2026,1,REG,CLE,JAX,0,0,0,0,0,0,0,0,0,0,,,0,0,0,0,0,,0,0,0,0,0,0,0,,,0,0,0,0,0,0,0,0,0,0,0
00-0038577,Nick Herbig,LB,LB,2026,1,REG,PIT,ATL,0,0,0,0,0,0,0,0,0,0,,,0,0,0,0,0,,0,0,0,0,0,0,0,,,0,0,0,0,0,0,0,0,0,0,0
00-0038588,Jordan Howden,SAF,DB,2026,1,REG,NO,DET,0,0,0,0,0,0,0,0,0,0,,,0,0,0,0,0,,0,0,0,0,0,0,0,,,0,0,0,0,0,0,0,0,0,0,0
00-0038596,Antonio Johnson,SAF,DB,2026,1,REG,JAX,CLE,0,0,0,0,0,0,0,0,0,0,,,0,0,0,0,0,,0,0,0,0,0,0,0,,,0,0,0,0,0,0,0,0,0,0,0
00-0038597,Chase Brown,RB,RB,2026,1,REG,CIN,TB,0,0,0,0,0,0,0,0,0,0,,,16,56,1,4,2,-1.0608258471475,5,6,22,0,-12,32,0,-1.13899782887893,-1.83333333333333,0.176470588235294,-0.0530973451327434,0.227537740760021,0,0,0,0,0,0,13.8,18.8
00-0038599,Henry To'oTo'o,LB,LB,2026,1,REG,HOU,BUF,0,0,0,0,0,0,0,0,0,0,,,0,0,0,0,0,,0,0,0,0,0,0,0,,,0,0,0,0,0,0,0,0,0,0,0
00-0038603,Rob Beal Jr.,DE,DL,2026,1,REG,MIA,LV,0,0,0,0,0,0,0,0,0,0,,,0,0,0,0,0,,0,0,0,0,0,0,0,,,0,0,0,0,0,0,0,0,0,0,0
00-0038605,JL Skinner,SAF,DB,2026,1,REG,DEN,KC,0,0,0,0,0,0,0,0,0,0,,,0,0,0,0,0,,0,0,0,0,0,0,0,,,0,0,0,0,0,0,0,0,0,0,0
00-0038606,Parker Washington,WR,WR,2026,1,REG,JAX,CLE,0,0,0,0,0,0,0,0,0,0,,,0,0,0,0,0,,5,6,83,1,102,4,4,8.76231167913647,0.813725490196078,0.285714285714286,0.421487603305785,0.723612750885478,0,0,0,0,0,0,14.3,19.3
00-0038608,Kayshon Boutte,WR,WR,2026,1,REG,HOU,BUF,0,0,0,0,0,0,0,0,0,0,,,0,0,0,0,0,,1,2,21,0,32,7,1,0.423681794316508,0.65625,0.0540540540540541,0.0993788819875776,0.150646298472385,0,0,0,0,0,0,2.1,3.1
00-0038611,Chris Rodriguez Jr.,RB,RB,2026,1,REG,JAX,CLE,0,0,0,0,0,0,0,0,0,0,,,6,23,0,1,0,-0.764428105069338,0,0,0,0,0,0,0,,,0,0,0,0,0,0,0,0,0,2.3,2.3
00-0038618,Xavier Hutchinson,WR,WR,2026,1,REG,HOU,BUF,0,0,0,0,0,0,0,0,0,0,,,0,0,0,0,0,,3,6,32,0,57,21,1,0.908643428585492,0.56140350877193,0.162162162162162,0.177018633540373,0.367156286721504,0,0,0,0,0,0,3.2,6.2
00-0038619,Andrei Iosivas,WR,WR,2026,1,REG,CIN,TB,0,0,0,0,0,0,0,0,0,0,,,0,0,0,0,0,,2,3,12,0,15,1,1,-8.35895217907387,0.8,0.0882352941176471,0.0663716814159292,0.178813118167621,0,0,0,0,0,0,1.2,3.2
00-0038621,DeMario Douglas,WR,WR,2026,1,REG,NE,SEA,0,0,0,0,0,0,0,0,0,0,,,0,0,0,0,0,,5,7,20,0,44,21,2,0.511228462681174,0.454545454545455,0.225806451612903,0.199095022624434,0.478076193256459,0,0,0,0,0,0,2,7
00-0038623,Dante Stills,DT,DL,2026,1,REG,ARI,LAC,0,0,0,0,0,0,0,0,0,0,,,0,0,0,0,0,,0,0,0,0,0,0,0,,,0,0,0,0,0,0,0,0,0,0,0
00-0038625,Dee Winters,LB,LB,2026,1,REG,DAL,NYG,0,0,0,0,0,0,0,0,0,0,,,0,0,0,0,0,,0,0,0,0,0,0,0,,,0,0,0,0,0,0,0,0,0,0,0
00-0038628,DeMarcco Hellams,SAF,DB,2026,1,REG,ATL,PIT,0,0,0,0,0,0,0,0,0,0,,,0,0,0,0,0,,0,0,0,0,0,0,0,,,0,0,0,0,0,0,0,0,0,0,0
00-0038629,Jovaughn Gwyn,C,OL,2026,1,REG,BAL,IND,0,0,0,0,0,0,0,0,0,0,,,0,0,0,0,0,,0,0,0,0,0,0,0,,,0,0,0,0,0,0,0,0,0,0,0
00-0038653,Cory Durden,DT,DL,2026,1,REG,NE,SEA,0,0,0,0,0,0,0,0,0,0,,,0,0,0,0,0,,0,0,0,0,0,0,0,,,0,0,0,0,0,0,0,0,0,0,0
00-0038660,Trevor Nowaske,LB,LB,2026,1,REG,DET,NO,0,0,0,0,0,0,0,0,0,0,,,0,0,0,0,0,,0,0,0,0,0,0,0,,,0,0,0,0,0,0,0,0,0,0,0
00-0038685,Chris Brooks,RB,RB,2026,1,REG,GB,MIN,0,0,0,0,0,0,0,0,0,0,,,7,29,0,1,1,-0.816976866364712,0,1,0,0,-6,0,0,-0.90747296763584,0,0.025,-0.0127931769722814,0.028544776119403,0,0,0,0,0,0,2.9,2.9
00-0038705,Emari Demercado,RB,RB,2026,1,REG,DAL,NYG,0,0,0,0,0,0,0,0,0,0,,,2,7,0,0,0,-0.320344359904993,0,0,0,0,0,0,0,,,0,0,0,0,0,0,0,0,0,0.7,0.7
00-0038710,Blake Whiteheart,TE,TE,2026,1,REG,CLE,JAX,0,0,0,0,0,0,0,0,0,0,,,0,0,0,0,0,,1,1,14,0,6,8,1,1.04551065270789,2.33333333333333,0.0454545454545455,0.0263157894736842,0.0866028708133971,0,0,0,0,0,0,1.4,2.4
00-0038711,Mohamoud Diabate,LB,LB,2026,1,REG,TEN,NYJ,0,0,0,0,0,0,0,0,0,0,,,0,0,0,0,0,,0,0,0,0,0,0,0,,,0,0,0,0,0,0,0,0,0,0,0
00-0038715,Ronnie Hickman Jr.,SAF,DB,2026,1,REG,CLE,JAX,0,0,0,0,0,0,0,0,0,0,,,0,0,0,0,0,,0,0,0,0,0,0,0,,,0,0,0,0,0,0,0,0,0,0,0
00-0038728,Jared Wayne,WR,WR,2026,1,REG,HOU,BUF,0,0,0,0,0,0,0,0,0,0,,,0,0,0,0,0,,1,1,12,0,12,0,1,0.734404760762118,1,0.027027027027027,0.0372670807453416,0.0666274970622797,0,0,0,0,0,0,1.2,2.2
00-0038738,Hunter Luepke,RB,RB,2026,1,REG,DAL,NYG,0,0,0,0,0,0,0,0,0,0,,,1,7,0,1,0,-0.0715115060447715,0,0,0,0,0,0,0,,,0,0,0,0,0,0,0,0,0,0.7,0.7
00-0038764,Patrick O'Connell,LB,LB,2026,1,REG,SEA,NE,0,0,0,0,0,0,0,0,0,0,,,0,0,0,0,0,,0,0,0,0,0,0,0,,,0,0,0,0,0,0,0,0,0,0,0
00-0038778,Jalen Redmond,DL,DL,2026,1,REG,MIN,GB,0,0,0,0,0,0,0,0,0,0,,,0,0,0,0,0,,0,0,0,0,0,0,0,,,0,0,0,0,0,0,0,0,0,0,0
00-0038782,Eku Leota,LB,LB,2026,1,REG,ARI,LAC,0,0,0,0,0,0,0,0,0,0,,,0,0,0,0,0,,0,0,0,0,0,0,0,,,0,0,0,0,0,0,0,0,0,0,0
00-0038783,Nate Adkins,TE,TE,2026,1,REG,DEN,KC,0,0,0,0,0,0,0,0,0,0,,,0,0,0,0,0,,0,0,0,0,0,0,0,,,0,0,0,0,0,0,0,0,0,0,0
00-0038791,Thomas Incoom,LB,LB,2026,1,REG,CAR,CHI,0,0,0,0,0,0,0,0,0,0,,,0,0,0,0,0,,0,0,0,0,0,0,0,,,0,0,0,0,0,0,0,0,0,0,0
00-0038797,Emanuel Wilson,RB,RB,2026,1,REG,SEA,NE,0,0,0,0,0,0,0,0,0,0,,,2,3,0,0,0,-1.8990639874246,0,0,0,0,0,0,0,,,0,0,0,0,0,0,0,0,0,0.3,0.3
00-0038807,Ivan Pace Jr.,LB,LB,2026,1,REG,MIN,GB,0,0,0,0,0,0,0,0,0,0,,,0,0,0,0,0,,0,0,0,0,0,0,0,,,0,0,0,0,0,0,0,0,0,0,0
00-0038840,Brycen Tremayne,WR,WR,2026,1,REG,CAR,CHI,0,0,0,0,0,0,0,0,0,0,,,0,0,0,0,0,,0,0,0,0,0,0,0,,,0,0,0,0,0,0,0,0,0,0,0
00-0038896,Jacob Saylors,RB,RB,2026,1,REG,DET,NO,0,0,0,0,0,0,0,0,0,0,,,0,0,0,0,0,,0,0,0,0,0,0,0,,,0,0,0,0,0,0,0,0,0,0,0
00-0038922,Drake Thomas,LB,LB,2026,1,REG,SEA,NE,0,0,0,0,0,0,0,0,0,0,,,0,0,0,0,0,,0,0,0,0,0,0,0,,,0,0,0,0,0,0,0,0,0,0,0
00-0038933,Dalton Kincaid,TE,TE,2026,1,REG,BUF,HOU,0,0,0,0,0,0,0,0,0,0,,,0,0,0,0,0,,5,6,130,0,98,38,4,7.6367580369697,1.3265306122449,0.214285714285714,0.255874673629243,0.500540842969041,0,0,0,0,0,0,13,18
00-0038935,Brenton Strange,TE,TE,2026,1,REG,JAX,CLE,0,0,0,0,0,0,0,0,0,0,,,0,0,0,0,0,,2,3,23,1,34,0,1,2.38338339846814,0.676470588235294,0.142857142857143,0.140495867768595,0.312632821723731,0,0,0,0,0,0,8.3,10.3
00-0038940,Tyler Lacy,DE,DL,2026,1,REG,DET,NO,0,0,0,0,0,0,0,0,0,0,,,0,0,0,0,0,,0,0,0,0,0,0,0,,,0,0,0,0,0,0,0,0,0,0,0
00-0038976,Marvin Mims Jr.,WR,WR,2026,1,REG,DEN,KC,0,0,0,0,0,0,0,0,0,0,,,0,0,0,0,0,,0,0,0,0,0,0,0,,,0,0,0,0,0,0,0,0,0,0,0
00-0038978,Byron Young,DT,DL,2026,1,REG,PHI,WAS,0,0,0,0,0,0,0,0,0,0,,,0,0,0,0,0,,0,0,0,0,0,0,0,,,0,0,0,0,0,0,0,0,0,0,0
00-0038984,Kei'Trel Clark,CB,DB,2026,1,REG,ARI,LAC,0,0,0,0,0,0,0,0,0,0,,,0,0,0,0,0,,0,0,0,0,0,0,0,,,0,0,0,0,0,0,0,0,0,0,0
00-0038994,Jordan Addison,WR,WR,2026,1,REG,MIN,GB,0,0,0,0,0,0,0,0,0,0,,,0,0,0,0,0,,0,2,0,0,27,0,0,-3.27721051180963,0,0.0869565217391304,0.153409090909091,0.237821146245059,0,0,0,0,0,0,0,0
00-0038996,Tucker Kraft,TE,TE,2026,1,REG,GB,MIN,0,0,0,0,0,0,0,0,0,0,,,0,0,0,0,0,,3,6,65,0,82,20,3,1.79798609722639,0.792682926829268,0.15,0.174840085287846,0.347388059701493,0,0,0,0,0,0,6.5,9.5
00-0038997,Josh Downs,WR,WR,2026,1,REG,IND,BAL,0,0,0,0,0,0,0,0,0,0,,,0,0,0,0,0,,2,4,37,0,36,22,2,3.38771640451159,1.02777777777778,0.137931034482759,0.17910447761194,0.332269686052496,0,0,0,0,0,0,3.7,5.7
00-0039000,Deonte Banks,CB,DB,2026,1,REG,NYG,DAL,0,0,0,0,0,0,0,0,0,0,,,0,0,0,0,0,,0,0,0,0,0,0,0,,,0,0,0,0,0,0,0,0,0,0,0
00-0039002,Sydney Brown,SAF,DB,2026,1,REG,ATL,PIT,0,0,0,0,0,0,0,0,0,0,,,0,0,0,0,0,,0,0,0,0,0,0,0,,,0,0,0,0,0,0,0,0,0,0,0
00-0039006,Felix Anudike-Uzomah,DE,DL,2026,1,REG,KC,DEN,0,0,0,0,0,0,0,0,0,0,,,0,0,0,0,0,,0,0,0,0,0,0,0,,,0,0,0,0,0,0,0,0,0,0,0
00-0039013,Nolan Smith,LB,LB,2026,1,REG,PHI,WAS,0,0,0,0,0,0,0,0,0,0,,,0,0,0,0,0,,0,0,0,0,0,0,0,,,0,0,0,0,0,0,0,0,0,0,0
00-0039018,Jack Campbell,LB,LB,2026,1,REG,DET,NO,0,0,0,0,0,0,0,0,0,0,,,0,0,0,0,0,,0,0,0,0,0,0,0,,,0,0,0,0,0,0,0,0,0,0,0
00-0039020,Anthony Bradford,G,OL,2026,1,REG,SEA,NE,0,0,0,0,0,0,0,0,0,0,,,0,0,0,0,0,,0,0,0,0,0,0,0,,,0,0,0,0,0,0,0,0,0,0,0
00-0039021,Roschon Johnson,RB,RB,2026,1,REG,CHI,CAR,0,0,0,0,0,0,0,0,0,0,,,0,0,0,0,0,,0,0,0,0,0,0,0,,,0,0,0,0,0,0,0,0,0,0,0
00-0039031,Adetomiwa Adebawore,DT,DL,2026,1,REG,IND,BAL,0,0,0,0,0,0,0,0,0,0,,,0,0,0,0,0,,0,0,0,0,0,0,0,,,0,0,0,0,0,0,0,0,0,0,0
00-0039032,Tyjae Spears,RB,RB,2026,1,REG,TEN,NYJ,0,0,0,0,0,0,0,0,0,0,,,3,12,0,1,1,-0.472741314297309,2,4,12,0,-12,23,0,-1.95825190457981,-1,0.142857142857143,-0.0631578947368421,0.170075187969925,0,0,0,0,0,0,2.4,4.4
00-0039040,De'Von Achane,RB,RB,2026,1,REG,MIA,LV,0,0,0,0,0,0,0,0,0,0,,,11,36,0,2,1,-2.70958791230946,4,5,30,0,4,19,1,1.42939852131531,7.5,0.185185185185185,0.0129449838187702,0.286839266450917,0,0,0,0,0,0,6.6,10.6
00-0039047,Derick Hall,LB,LB,2026,1,REG,SEA,NE,0,0,0,0,0,0,0,0,0,0,,,0,0,0,0,0,,0,0,0,0,0,0,0,,,0,0,0,0,0,0,0,0,0,0,0
00-0039048,Matthew Bergeron,G,OL,2026,1,REG,ATL,PIT,0,0,0,0,0,0,0,0,0,0,,,0,0,0,0,0,,0,0,0,0,0,0,0,,,0,0,0,0,0,0,0,0,0,0,0
00-0039049,SirVocea Dennis,LB,LB,2026,1,REG,TB,CIN,0,0,0,0,0,0,0,0,0,0,,,0,0,0,0,0,,0,0,0,0,0,0,0,,,0,0,0,0,0,0,0,0,0,0,0
00-0039059,Ethan Evans,P,SPEC,2026,1,REG,LA,SF,0,0,0,0,0,0,0,0,0,0,,,0,0,0,0,0,,0,0,0,0,0,0,0,,,0,0,0,0,0,0,0,0,0,0,0
00-0039061,Desjuan Johnson,LB,LB,2026,1,REG,LA,SF,0,0,0,0,0,0,0,0,0,0,,,0,0,0,0,0,,0,0,0,0,0,0,0,,,0,0,0,0,0,0,0,0,0,0,0
00-0039062,Jonathan Mingo,WR,WR,2026,1,REG,DAL,NYG,0,0,0,0,0,0,0,0,0,0,,,0,0,0,0,0,,1,1,10,0,11,-1,1,1.01892146444879,0.909090909090909,0.0333333333333333,0.0355987055016181,0.0749190938511327,0,0,0,0,0,0,1,2
00-0039063,Calijah Kancey,DT,DL,2026,1,REG,TB,CIN,0,0,0,0,0,0,0,0,0,0,,,0,0,0,0,0,,0,0,0,0,0,0,0,,,0,0,0,0,0,0,0,0,0,0,0
00-0039064,Zay Flowers,WR,WR,2026,1,REG,BAL,IND,0,0,0,0,0,0,0,0,0,0,,,0,0,0,0,0,,5,6,150,1,91,83,5,13.0523024662398,1.64835164835165,0.25,0.338289962825279,0.611802973977695,0,0,0,0,0,0,21,26
00-0039065,Sam LaPorta,TE,TE,2026,1,REG,DET,NO,0,0,0,0,0,0,0,0,0,0,,,0,0,0,0,0,,5,8,48,0,7,22,2,3.04263815836748,6.85714285714286,0.205128205128205,0.0338164251207729,0.331363805276849,0,0,0,0,0,0,4.8,9.8
00-0039066,Michael Mayer,TE,TE,2026,1,REG,LV,MIA,0,0,0,0,0,0,0,0,0,0,,,0,0,0,0,0,,6,7,32,0,28,19,3,0.0876459498063051,1.14285714285714,0.241379310344828,0.123893805309735,0.448794629234056,0,0,0,0,0,0,3.2,9.2
00-0039067,Rashee Rice,WR,WR,2026,1,REG,KC,DEN,0,0,0,0,0,0,0,0,0,0,,,0,0,0,0,0,,2,2,19,1,6,13,1,2.12581796926679,3.16666666666667,0.08,0.0451127819548872,0.151578947368421,0,0,0,0,0,0,7.9,9.9
00-0039068,Yaya Diaby,LB,LB,2026,1,REG,TB,CIN,0,0,0,0,0,0,0,0,0,0,,,0,0,0,0,0,,0,0,0,0,0,0,0,,,0,0,0,0,0,0,0,0,0,0,0
00-0039070,Gervon Dexter Sr.,DT,DL,2026,1,REG,ATL,PIT,0,0,0,0,0,0,0,0,0,0,,,0,0,0,0,0,,0,0,0,0,0,0,0,,,0,0,0,0,0,0,0,0,0,0,0
00-0039071,Tyrique Stevenson,CB,DB,2026,1,REG,CHI,CAR,0,0,0,0,0,0,0,0,0,0,,,0,0,0,0,0,,0,0,0,0,0,0,0,,,0,0,0,0,0,0,0,0,0,0,0
00-0039074,Davis Allen,TE,TE,2026,1,REG,LA,SF,0,0,0,0,0,0,0,0,0,0,,,0,0,0,0,0,,1,1,13,0,-1,14,1,1.19796585571021,0,0.037037037037037,-0.00392156862745098,0.0528104575163399,0,0,0,0,0,0,1.3,2.3
00-0039075,Puka Nacua,WR,WR,2026,1,REG,LA,SF,0,0,0,0,0,0,0,0,0,0,,,0,0,0,0,0,,5,9,74,0,115,38,2,-2.60725357441697,0.643478260869565,0.333333333333333,0.450980392156863,0.815686274509804,0,0,0,0,0,0,7.4,12.4
00-0039077,Warren McClendon Jr.,OT,OL,2026,1,REG,LA,SF,0,0,0,0,0,0,0,0,0,0,,,0,0,0,0,0,,0,0,0,0,0,0,0,,,0,0,0,0,0,0,0,0,0,0,0
00-0039107,Stetson Bennett,QB,QB,2026,1,REG,LA,SF,2,3,13,0,0,0,0,23,3,1,0.188870187092107,-5.17047643661499,1,9,0,1,0,0.831906788866036,0,0,0,0,0,0,0,,,0,0,0,0,0,0,0,0,0,1.42,1.42
00-0039108,Will Anderson Jr.,DE,DL,2026,1,REG,HOU,BUF,0,0,0,0,0,0,0,0,0,0,,,0,0,0,0,0,,0,0,0,0,0,0,0,,,0,0,0,0,0,0,0,0,0,0,0
00-0039110,Keeanu Benton,DT,DL,2026,1,REG,PIT,ATL,0,0,0,0,0,0,0,0,0,0,,,0,0,0,0,0,,0,0,0,0,0,0,0,,,0,0,0,0,0,0,0,0,0,0,0
00-0039111,Tuli Tuipulotu,LB,LB,2026,1,REG,LAC,ARI,0,0,0,0,0,0,0,0,0,0,,,0,0,0,0,0,,0,0,0,0,0,0,0,,,0,0,0,0,0,0,0,0,0,0,0
00-0039112,Lukas Van Ness,LB,LB,2026,1,REG,GB,MIN,0,0,0,0,0,0,0,0,0,0,,,0,0,0,0,0,,0,0,0,0,0,0,0,,,0,0,0,0,0,0,0,0,0,0,0
00-0039137,Byron Young,LB,LB,2026,1,REG,LA,SF,0,0,0,0,0,0,0,0,0,0,,,0,0,0,0,0,,0,0,0,0,0,0,0,,,0,0,0,0,0,0,0,0,0,0,0
00-0039138,Kobie Turner,DE,DL,2026,1,REG,LA,SF,0,0,0,0,0,0,0,0,0,0,,,0,0,0,0,0,,0,0,0,0,0,0,0,,,0,0,0,0,0,0,0,0,0,0,0
00-0039139,Jahmyr Gibbs,RB,RB,2026,1,REG,DET,NO,0,0,0,0,0,0,0,0,0,0,,,29,156,2,14,7,1.43851342325797,5,5,30,0,-4,34,1,-2.88541411259212,-7.5,0.128205128205128,-0.0193236714975845,0.178781122259383,0,1,0,0,0,0,28.6,33.6
00-0039142,Will McDonald IV,DE,DL,2026,1,REG,NYJ,TEN,0,0,0,0,0,0,0,0,0,0,,,0,0,0,0,0,,0,0,0,0,0,0,0,,,0,0,0,0,0,0,0,0,0,0,0
00-0039146,Jayden Reed,WR,WR,2026,1,REG,GB,MIN,0,0,0,0,0,0,0,0,0,0,,,0,0,0,0,0,,3,7,20,0,50,3,1,-1.20480715277231,0.4,0.175,0.106609808102345,0.337126865671642,0,0,0,0,0,0,2,5
00-0039147,Christian Gonzalez,CB,DB,2026,1,REG,NE,SEA,0,0,0,0,0,0,0,0,0,0,,,0,0,0,0,0,,0,0,0,0,0,0,0,,,0,0,0,0,0,0,0,0,0,0,0
00-0039148,Keion White,DE,DL,2026,1,REG,SF,LA,0,0,0,0,0,0,0,0,0,0,,,0,0,0,0,0,,0,0,0,0,0,0,0,,,0,0,0,0,0,0,0,0,0,0,0
00-0039149,Quan Martin,SAF,DB,2026,1,REG,WAS,PHI,0,0,0,0,0,0,0,0,0,0,,,0,0,0,0,0,,0,0,0,0,0,0,0,,,0,0,0,0,0,0,0,0,0,0,0
00-0039150,Bryce Young,QB,QB,2026,1,REG,CAR,CHI,23,37,361,3,1,2,-8,363,156,17,15.5197632978258,6.63458533359296,2,10,1,1,0,1.68832572567044,0,0,0,0,0,0,0,,,0,0,0,0,0,0,0,0,0,31.44,31.44
00-0039156,Julius Brents,CB,DB,2026,1,REG,MIA,LV,0,0,0,0,0,0,0,0,0,0,,,0,0,0,0,0,,0,0,0,0,0,0,0,,,0,0,0,0,0,0,0,0,0,0,0
00-0039157,Cody Mauch,G,OL,2026,1,REG,TB,CIN,0,0,0,0,0,0,0,0,0,0,,,0,0,0,0,0,,0,0,0,0,0,0,0,,,0,0,0,0,0,0,0,0,0,0,0
00-0039163,C.J. Stroud,QB,QB,2026,1,REG,HOU,BUF,26,38,274,2,0,3,-17,322,114,11,1.49644281327999,3.16167747652209,2,15,0,1,1,1.46244827727787,0,0,0,0,0,0,0,,,0,0,0,0,0,2,0,0,0,16.46,16.46
00-0039169,Devon Witherspoon,CB,DB,2026,1,REG,SEA,NE,0,0,0,0,0,0,0,0,0,0,,,0,0,0,0,0,,0,0,0,0,0,0,0,,,0,0,0,0,0,0,0,0,0,0,0
00-0039172,Jake Bates,K,SPEC,2026,1,REG,DET,NO,0,0,0,0,0,0,0,0,0,0,,,0,0,0,0,0,,0,0,0,0,0,0,0,,,0,0,0,0,0,0,0,0,0,0,0
00-0039176,Basil Okoye,DT,DL,2026,1,REG,NYG,DAL,0,0,0,0,0,0,0,0,0,0,,,0,0,0,0,0,,0,0,0,0,0,0,0,,,0,0,0,0,0,0,0,0,0,0,0
00-0039232,Nate Wiggins,CB,DB,2026,1,REG,BAL,IND,0,0,0,0,0,0,0,0,0,0,,,0,0,0,0,0,,0,0,0,0,0,0,0,,,0,0,0,0,0,0,0,0,0,0,0
00-0039234,T.J. Tampa,CB,DB,2026,1,REG,BAL,IND,0,0,0,0,0,0,0,0,0,0,,,0,0,0,0,0,,0,0,0,0,0,0,0,,,0,0,0,0,0,0,0,0,0,0,0
00-0039272,Donovan Jennings,OT,OL,2026,1,REG,GB,MIN,0,0,0,0,0,0,0,0,0,0,,,0,0,0,0,0,,0,0,0,0,0,0,0,,,0,0,0,0,0,0,0,0,0,0,0
00-0039284,Braiden McGregor,DE,DL,2026,1,REG,NYJ,TEN,0,0,0,0,0,0,0,0,0,0,,,0,0,0,0,0,,0,0,0,0,0,0,0,,,0,0,0,0,0,0,0,0,0,0,0
00-0039299,George Holani,RB,RB,2026,1,REG,SEA,NE,0,0,0,0,0,0,0,0,0,0,,,8,29,0,0,0,-2.1458699531504,0,1,0,0,6,0,0,-0.0342817474738695,0,0.0416666666666667,0.038961038961039,0.0897727272727273,0,0,0,0,0,0,2.9,2.9
00-0039309,Byron Murphy II,DT,DL,2026,1,REG,SEA,NE,0,0,0,0,0,0,0,0,0,0,,,0,0,0,0,0,,0,0,0,0,0,0,0,,,0,0,0,0,0,0,0,0,0,0,0
00-0039313,Swayze Bozeman,LB,LB,2026,1,REG,CIN,TB,0,0,0,0,0,0,0,0,0,0,,,0,0,0,0,0,,0,0,0,0,0,0,0,,,0,0,0,0,0,0,0,0,0,0,0
00-0039323,Ryan Rehkow,P,SPEC,2026,1,REG,CIN,TB,0,0,0,0,0,0,0,0,0,0,,,0,0,0,0,0,,0,0,0,0,0,0,0,,,0,0,0,0,0,0,0,0,0,0,0
00-0039337,Malik Nabers,WR,WR,2026,1,REG,NYG,DAL,0,0,0,0,0,0,0,0,0,0,,,0,0,0,0,0,,6,9,69,0,103,10,3,5.01337674877141,0.669902912621359,0.310344827586207,0.420408163265306,0.759802955665025,0,0,0,0,0,0,6.9,12.9
00-0039340,Laiatu Latu,DE,DL,2026,1,REG,IND,BAL,0,0,0,0,0,0,0,0,0,0,,,0,0,0,0,0,,0,0,0,0,0,0,0,,,0,0,0,0,0,0,0,0,0,0,0
00-0039342,Xavier Legette,WR,WR,2026,1,REG,CAR,CHI,0,0,0,0,0,0,0,0,0,0,,,0,0,0,0,0,,0,2,0,0,20,0,0,-0.983726365258917,0,0.0588235294117647,0.0546448087431694,0.126486660237866,0,0,0,0,0,0,0,0
00-0039343,Kamari Lassiter,CB,DB,2026,1,REG,HOU,BUF,0,0,0,0,0,0,0,0,0,0,,,0,0,0,0,0,,0,0,0,0,0,0,0,,,0,0,0,0,0,0,0,0,0,0,0
00-0039344,Jonathon Brooks,RB,RB,2026,1,REG,CAR,CHI,0,0,0,0,0,0,0,0,0,0,,,4,14,0,0,0,-1.63801142212469,1,2,48,0,30,26,1,1.54809454240603,1.6,0.0588235294117647,0.0819672131147541,0.145612343297975,0,0,0,0,0,0,6.2,7.2
00-0039345,Renardo Green,CB,DB,2026,1,REG,SF,LA,0,0,0,0,0,0,0,0,0,0,,,0,0,0,0,0,,0,0,0,0,0,0,0,,,0,0,0,0,0,0,0,0,0,0,0
00-0039357,Decamerion Richardson,CB,DB,2026,1,REG,NO,DET,0,0,0,0,0,0,0,0,0,0,,,0,0,0,0,0,,0,0,0,0,0,0,0,,,0,0,0,0,0,0,0,0,0,0,0
00-0039359,Cade Stover,TE,TE,2026,1,REG,HOU,BUF,0,0,0,0,0,0,0,0,0,0,,,0,0,0,0,0,,1,1,-2,0,-2,0,0,-0.936578081338666,0,0.027027027027027,-0.0062111801242236,0.036192714453584,0,0,0,0,0,0,-0.2,0.8
00-0039360,Malik Mustapha,SAF,DB,2026,1,REG,SF,LA,0,0,0,0,0,0,0,0,0,0,,,0,0,0,0,0,,0,0,0,0,0,0,0,,,0,0,0,0,0,0,0,0,0,0,0
00-0039361,Bucky Irving,RB,RB,2026,1,REG,TB,CIN,0,0,0,0,0,0,0,0,0,0,,,8,45,1,3,1,3.55561617191415,7,7,48,0,-25,73,2,-0.299035264761187,-1.92,0.259259259259259,-0.174825174825175,0.266511266511266,0,1,0,0,0,0,13.3,20.3
00-0039364,Sione Vaki,RB,RB,2026,1,REG,DET,NO,0,0,0,0,0,0,0,0,0,0,,,2,7,0,0,0,-0.643492672941648,1,1,11,0,2,9,1,0.628779410733841,5.5,0.0256410256410256,0.00966183574879227,0.0452248234856931,0,0,0,0,0,0,1.8,2.8
00-0039365,Jacob Cowing,WR,WR,2026,1,REG,SF,LA,0,0,0,0,0,0,0,0,0,0,,,0,0,0,0,0,,0,0,0,0,0,0,0,,,0,0,0,0,0,0,0,0,0,0,0
00-0039366,Tarheeb Still,CB,DB,2026,1,REG,LAC,ARI,0,0,0,0,0,0,0,0,0,0,,,0,0,0,0,0,,0,0,0,0,0,0,0,,,0,0,0,0,0,0,0,0,0,0,0
00-0039368,Jordan Magee,LB,LB,2026,1,REG,WAS,PHI,0,0,0,0,0,0,0,0,0,0,,,0,0,0,0,0,,0,0,0,0,0,0,0,,,0,0,0,0,0,0,0,0,0,0,0
00-0039369,Cam Hart,CB,DB,2026,1,REG,LAC,ARI,0,0,0,0,0,0,0,0,0,0,,,0,0,0,0,0,,0,0,0,0,0,0,0,,,0,0,0,0,0,0,0,0,0,0,0
00-0039371,Kris Abrams-Draine,CB,DB,2026,1,REG,DEN,KC,0,0,0,0,0,0,0,0,0,0,,,0,0,0,0,0,,0,0,0,0,0,0,0,,,0,0,0,0,0,0,0,0,0,0,0
00-0039372,Jarvis Brownlee Jr.,DB,DB,2026,1,REG,NYJ,TEN,0,0,0,0,0,0,0,0,0,0,,,0,0,0,0,0,,0,0,0,0,0,0,0,,,0,0,0,0,0,0,0,0,0,0,0
00-0039380,Chau Smith-Wade,CB,DB,2026,1,REG,CAR,CHI,0,0,0,0,0,0,0,0,0,0,,,0,0,0,0,0,,0,0,0,0,0,0,0,,,0,0,0,0,0,0,0,0,0,0,0
00-0039384,Tyrone Tracy Jr.,RB,RB,2026,1,REG,NYG,DAL,0,0,0,0,0,0,0,0,0,0,,,2,14,0,1,0,-2.68944802333135,0,0,0,0,0,0,0,,,0,0,0,1,0,0,0,0,0,-0.6,-0.6
00-0039404,Will Reichard,K,SPEC,2026,1,REG,MIN,GB,0,0,0,0,0,0,0,0,0,0,,,0,0,0,0,0,,0,0,0,0,0,0,0,,,0,0,0,0,0,0,0,0,0,0,0
00-0039406,Nathaniel Watson,LB,LB,2026,1,REG,CLE,JAX,0,0,0,0,0,0,0,0,0,0,,,0,0,0,0,0,,0,0,0,0,0,0,0,,,0,0,0,0,0,0,0,0,0,0,0
00-0039407,Dylan Laube,RB,RB,2026,1,REG,LV,MIA,0,0,0,0,0,0,0,0,0,0,,,0,0,0,0,0,,0,0,0,0,0,0,0,,,0,0,0,0,0,0,0,0,0,0,0
00-0039409,Cam Little,K,SPEC,2026,1,REG,JAX,CLE,0,0,0,0,0,0,0,0,0,0,,,0,0,0,0,0,,0,0,0,0,0,0,0,,,0,0,0,0,0,0,0,0,0,0,0
00-0039410,Ryan Flournoy,WR,WR,2026,1,REG,DAL,NYG,0,0,0,0,0,0,0,0,0,0,,,0,0,0,0,0,,2,4,22,0,23,11,1,2.52842911207699,0.956521739130435,0.133333333333333,0.0744336569579288,0.25210355987055,0,0,0,0,0,0,2.2,4.2
00-0039412,Javontae Jean-Baptiste,LB,LB,2026,1,REG,WAS,PHI,0,0,0,0,0,0,0,0,0,0,,,0,0,0,0,0,,0,0,0,0,0,0,0,,,0,0,0,0,0,0,0,0,0,0,0
00-0039417,Myles Harden,CB,DB,2026,1,REG,CLE,JAX,0,0,0,0,0,0,0,0,0,0,,,0,0,0,0,0,,0,0,0,0,0,0,0,,,0,0,0,0,0,0,0,0,0,0,0
00-0039421,Levi Drake Rodriguez,DL,DL,2026,1,REG,MIN,GB,0,0,0,0,0,0,0,0,0,0,,,0,0,0,0,0,,0,0,0,0,0,0,0,,,0,0,0,0,0,0,0,0,0,0,0
00-0039423,Jonah Laulu,DT,DL,2026,1,REG,LV,MIA,0,0,0,0,0,0,0,0,0,0,,,0,0,0,0,0,,0,0,0,0,0,0,0,,,0,0,0,0,0,0,0,0,0,0,0
00-0039424,Devaughn Vele,WR,WR,2026,1,REG,NO,DET,0,0,0,0,0,0,0,0,0,0,,,0,0,0,0,0,,7,9,69,1,63,18,3,4.85687719885027,1.0952380952381,0.173076923076923,0.130434782608696,0.350919732441472,0,0,0,0,0,0,12.9,19.9
00-0039430,James Williams,LB,LB,2026,1,REG,TEN,NYJ,0,0,0,0,0,0,0,0,0,0,,,0,0,0,0,0,,0,0,0,0,0,0,0,,,0,0,0,0,0,0,0,0,0,0,0
00-0039433,Marcus Harris,DT,DL,2026,1,REG,KC,DEN,0,0,0,0,0,0,0,0,0,0,,,0,0,0,0,0,,0,0,0,0,0,0,0,,,0,0,0,0,0,0,0,0,0,0,0
00-0039451,Isaiah Williams,WR,WR,2026,1,REG,NYJ,TEN,0,0,0,0,0,0,0,0,0,0,,,0,0,0,0,0,,1,1,7,0,7,0,1,0.214310623181518,1,0.0434782608695652,0.0416666666666667,0.0943840579710145,0,0,0,0,0,0,0.7,1.7
00-0039460,Carl Jones,LB,LB,2026,1,REG,BAL,IND,0,0,0,0,0,0,0,0,0,0,,,0,0,0,0,0,,0,0,0,0,0,0,0,,,0,0,0,0,0,0,0,0,0,0,0
00-0039471,Frank Gore Jr.,RB,RB,2026,1,REG,BUF,HOU,0,0,0,0,0,0,0,0,0,0,,,1,3,0,0,0,-0.0592273413785733,0,0,0,0,0,0,0,,,0,0,0,0,0,0,0,0,0,0.3,0.3
00-0039491,Jalen Coker,WR,WR,2026,1,REG,CAR,CHI,0,0,0,0,0,0,0,0,0,0,,,0,0,0,0,0,,8,9,138,2,124,36,6,12.4554036712507,1.11290322580645,0.264705882352941,0.33879781420765,0.634217293474767,0,0,0,0,0,0,25.8,33.8
00-0039498,Harrison Mevis,K,SPEC,2026,1,REG,LA,SF,0,0,0,0,0,0,0,0,0,0,,,0,0,0,0,0,,0,0,0,0,0,0,0,,,0,0,0,0,0,0,0,0,0,0,0
00-0039518,Treyton Welch,TE,TE,2026,1,REG,NO,DET,0,0,0,0,0,0,0,0,0,0,,,0,0,0,0,0,,0,0,0,0,0,0,0,,,0,0,0,0,0,0,0,0,0,0,0
00-0039530,Brevyn Spann-Ford,TE,TE,2026,1,REG,DAL,NYG,0,0,0,0,0,0,0,0,0,0,,,0,0,0,0,0,,2,2,14,0,6,8,0,0.516863168217242,2.33333333333333,0.0666666666666667,0.0194174757281553,0.113592233009709,0,0,0,0,0,0,1.4,3.4
00-0039576,Spencer Shrader,K,SPEC,2026,1,REG,IND,BAL,0,0,0,0,0,0,0,0,0,0,,,0,0,0,0,0,,0,0,0,0,0,0,0,,,0,0,0,0,0,0,0,0,0,0,0
00-0039589,Kameron Johnson,WR,WR,2026,1,REG,TB,CIN,0,0,0,0,0,0,0,0,0,0,,,0,0,0,0,0,,0,0,0,0,0,0,0,,,0,0,0,0,0,0,0,0,0,0,0
00-0039622,Isaiah Stalbird,LB,LB,2026,1,REG,NO,DET,0,0,0,0,0,0,0,0,0,0,,,0,0,0,0,0,,0,0,0,0,0,0,0,,,0,0,0,0,0,0,0,0,0,0,0
00-0039634,Austin McNamara,P,SPEC,2026,1,REG,NYJ,TEN,0,0,0,0,0,0,0,0,0,0,,,0,0,0,0,0,,0,0,0,0,0,0,0,,,0,0,0,0,0,0,0,0,0,0,0
00-0039660,Thomas Harper,SAF,DB,2026,1,REG,DET,NO,0,0,0,0,0,0,0,0,0,0,,,0,0,0,0,0,,0,0,0,0,0,0,0,,,0,0,0,0,0,0,0,0,0,0,0
00-0039681,Tyler Owens,DB,DB,2026,1,REG,WAS,PHI,0,0,0,0,0,0,0,0,0,0,,,0,0,0,0,0,,0,0,0,0,0,0,0,,,0,0,0,0,0,0,0,0,0,0,0
00-0039686,Colson Yankoff,TE,TE,2026,1,REG,WAS,PHI,0,0,0,0,0,0,0,0,0,0,,,0,0,0,0,0,,0,0,0,0,0,0,0,,,0,0,0,0,0,0,0,0,0,0,0
00-0039692,Dell Pettus,SAF,DB,2026,1,REG,NE,SEA,0,0,0,0,0,0,0,0,0,0,,,0,0,0,0,0,,0,0,0,0,0,0,0,,,0,0,0,0,0,0,0,0,0,0,0
00-0039731,JC Latham,OT,OL,2026,1,REG,TEN,NYJ,0,0,0,0,0,0,0,0,0,0,,,0,0,0,0,0,,0,0,0,0,0,0,0,,,0,0,0,0,0,0,0,0,0,0,0
00-0039732,Bo Nix,QB,QB,2026,1,REG,DEN,KC,17,28,131,1,1,4,-16,92,90,6,-14.381391775154,-7.77954083901865,3,2,0,0,0,-1.30865032331103,0,0,0,0,0,0,0,,,0,0,0,0,0,1,0,0,0,5.44,5.44
00-0039733,Ruke Orhorhoro,DT,DL,2026,1,REG,JAX,CLE,0,0,0,0,0,0,0,0,0,0,,,0,0,0,0,0,,0,0,0,0,0,0,0,,,0,0,0,0,0,0,0,0,0,0,0
00-0039734,Braden Fiske,DE,DL,2026,1,REG,LA,SF,0,0,0,0,0,0,0,0,0,0,,,0,0,0,0,0,,0,0,0,0,0,0,0,,,0,0,0,0,0,0,0,0,0,0,0
00-0039735,Jackson Powers-Johnson,C,OL,2026,1,REG,LV,MIA,0,0,0,0,0,0,0,0,0,0,,,0,0,0,0,0,,0,0,0,0,0,0,0,,,0,0,0,0,0,0,0,0,0,0,0
00-0039738,Blake Corum,RB,RB,2026,1,REG,LA,SF,0,0,0,0,0,0,0,0,0,0,,,10,54,0,2,2,0.78580237692222,0,0,0,0,0,0,0,,,0,0,0,0,0,0,0,0,0,5.4,5.4
00-0039739,Roman Wilson,WR,WR,2026,1,REG,PIT,ATL,0,0,0,0,0,0,0,0,0,0,,,0,0,0,0,0,,3,6,26,0,126,6,1,-1.09436190896668,0.206349206349206,0.162162162162162,0.30958230958231,0.45995085995086,0,0,0,0,0,0,2.6,5.6
00-0039740,Jalyx Hunt,LB,LB,2026,1,REG,PHI,WAS,0,0,0,0,0,0,0,0,0,0,,,0,0,0,0,0,,0,0,0,0,0,0,0,,,0,0,0,0,0,0,0,0,0,0,0
00-0039741,Payton Wilson,LB,LB,2026,1,REG,PIT,ATL,0,0,0,0,0,0,0,0,0,0,,,0,0,0,0,0,,0,0,0,0,0,0,0,,,0,0,0,0,0,0,0,0,0,0,0
00-0039745,Tory Taylor,P,SPEC,2026,1,REG,CHI,CAR,0,0,0,0,0,0,0,0,0,0,,,0,0,0,0,0,,0,0,0,0,0,0,0,,,0,0,0,0,0,0,0,0,0,0,0
00-0039746,Will Shipley,RB,RB,2026,1,REG,PHI,WAS,0,0,0,0,0,0,0,0,0,0,,,2,4,0,0,0,-0.868644726928324,1,1,8,0,6,2,0,0.378289063926786,1.33333333333333,0.0454545454545455,0.0266666666666667,0.0868484848484848,0,0,0,0,0,0,1.2,2.2
00-0039749,Tyler Davis,DE,DL,2026,1,REG,LA,SF,0,0,0,0,0,0,0,0,0,0,,,0,0,0,0,0,,0,0,0,0,0,0,0,,,0,0,0,0,0,0,0,0,0,0,0
00-0039751,Jordan Whittington,WR,WR,2026,1,REG,LA,SF,0,0,0,0,0,0,0,0,0,0,,,0,0,0,0,0,,1,1,8,0,8,0,0,0.320402403129265,1,0.037037037037037,0.0313725490196078,0.077516339869281,0,0,0,0,0,0,0.8,1.8
00-0039752,Cedric Johnson,DE,DL,2026,1,REG,CIN,TB,0,0,0,0,0,0,0,0,0,0,,,0,0,0,0,0,,0,0,0,0,0,0,0,,,0,0,0,0,0,0,0,0,0,0,0
00-0039763,Joe Andreessen,LB,LB,2026,1,REG,BUF,HOU,0,0,0,0,0,0,0,0,0,0,,,0,0,0,0,0,,0,0,0,0,0,0,0,,,0,0,0,0,0,0,0,0,0,0,0
00-0039770,Charles Woods,CB,DB,2026,1,REG,NE,SEA,0,0,0,0,0,0,0,0,0,0,,,0,0,0,0,0,,0,0,0,0,0,0,0,,,0,0,0,0,0,0,0,0,0,0,0
00-0039774,Omar Speights,LB,LB,2026,1,REG,LA,SF,0,0,0,0,0,0,0,0,0,0,,,0,0,0,0,0,,0,0,0,0,0,0,0,,,0,0,0,0,0,0,0,0,0,0,0
00-0039776,Jaylen McCollough,SAF,DB,2026,1,REG,LA,SF,0,0,0,0,0,0,0,0,0,0,,,0,0,0,0,0,,0,0,0,0,0,0,0,,,0,0,0,0,0,0,0,0,0,0,0
00-0039789,Qwan'tez Stiggers,DB,DB,2026,1,REG,NYJ,TEN,0,0,0,0,0,0,0,0,0,0,,,0,0,0,0,0,,0,0,0,0,0,0,0,,,0,0,0,0,0,0,0,0,0,0,0
00-0039790,Olumuyiwa Fashanu,OT,OL,2026,1,REG,NYJ,TEN,0,0,0,0,0,0,0,0,0,0,,,0,0,0,0,0,,0,0,0,0,0,0,0,,,0,0,0,0,0,0,0,0,0,0,0
00-0039793,AJ Barner,TE,TE,2026,1,REG,SEA,NE,0,0,0,0,0,0,0,0,0,0,,,0,0,0,0,0,,2,2,13,0,-1,14,1,0.877131494286005,0,0.0833333333333333,-0.00649350649350649,0.120454545454545,0,0,0,0,0,0,1.3,3.3
00-0039794,Braelon Allen,RB,RB,2026,1,REG,NYJ,TEN,0,0,0,0,0,0,0,0,0,0,,,10,40,0,3,0,-0.566861051753554,0,1,0,0,0,0,0,-0.970727254496469,,0.0434782608695652,0,0.0652173913043478,0,0,0,0,0,0,4,4
00-0039795,Nehemiah Pritchett,CB,DB,2026,1,REG,SEA,NE,0,0,0,0,0,0,0,0,0,0,,,0,0,0,0,0,,0,0,0,0,0,0,0,,,0,0,0,0,0,0,0,0,0,0,0
00-0039796,Rasheen Ali,RB,RB,2026,1,REG,BAL,IND,0,0,0,0,0,0,0,0,0,0,,,0,0,0,0,0,,0,0,0,0,0,0,0,,,0,0,0,0,0,0,0,0,0,0,0
00-0039807,Max Melton,CB,DB,2026,1,REG,ARI,LAC,0,0,0,0,0,0,0,0,0,0,,,0,0,0,0,0,,0,0,0,0,0,0,0,,,0,0,0,0,0,0,0,0,0,0,0
00-0039809,Jonah Elliss,LB,LB,2026,1,REG,DEN,KC,0,0,0,0,0,0,0,0,0,0,,,0,0,0,0,0,,0,0,0,0,0,0,0,,,0,0,0,0,0,0,0,0,0,0,0
00-0039811,MarShawn Lloyd,RB,RB,2026,1,REG,GB,MIN,0,0,0,0,0,0,0,0,0,0,,,13,37,0,2,1,-3.84089302585926,0,1,0,0,18,0,0,-0.51332720508799,0,0.025,0.0383795309168444,0.0643656716417911,0,0,0,0,0,0,3.7,3.7
00-0039813,Evan Williams,SAF,DB,2026,1,REG,GB,MIN,0,0,0,0,0,0,0,0,0,0,,,0,0,0,0,0,,0,0,0,0,0,0,0,,,0,0,0,0,0,0,0,0,0,0,0
00-0039821,Andru Phillips,DB,DB,2026,1,REG,NYG,DAL,0,0,0,0,0,0,0,0,0,0,,,0,0,0,0,0,,0,0,0,0,0,0,0,,,0,0,0,0,0,0,0,0,0,0,0
00-0039825,Jaden Hicks,SAF,DB,2026,1,REG,KC,DEN,0,0,0,0,0,0,0,0,0,0,,,0,0,0,0,0,,0,0,0,0,0,0,0,,,0,0,0,0,0,0,0,0,0,0,0
00-0039826,Jeremiah Trotter Jr.,LB,LB,2026,1,REG,PHI,WAS,0,0,0,0,0,0,0,0,0,0,,,0,0,0,0,0,,0,0,0,0,0,0,0,,,0,0,0,0,0,0,0,0,0,0,0
00-0039831,Kamal Hadden,CB,DB,2026,1,REG,GB,MIN,0,0,0,0,0,0,0,0,0,0,,,0,0,0,0,0,,0,0,0,0,0,0,0,,,0,0,0,0,0,0,0,0,0,0,0
00-0039834,Kamren Kinchens,SAF,DB,2026,1,REG,LA,SF,0,0,0,0,0,0,0,0,0,0,,,0,0,0,0,0,,0,0,0,0,0,0,0,,,0,0,0,0,0,0,0,0,0,0,0
00-0039835,Justin Eboigbe,DT,DL,2026,1,REG,LAC,ARI,0,0,0,0,0,0,0,0,0,0,,,0,0,0,0,0,,0,0,0,0,0,0,0,,,0,0,0,0,0,0,0,0,0,0,0
00-0039837,Bralen Trice,LB,LB,2026,1,REG,ATL,PIT,0,0,0,0,0,0,0,0,0,0,,,0,0,0,0,0,,0,0,0,0,0,0,0,,,0,0,0,0,0,0,0,0,0,0,0
00-0039838,Calen Bullock,SAF,DB,2026,1,REG,HOU,BUF,0,0,0,0,0,0,0,0,0,0,,,0,0,0,0,0,,0,0,0,0,0,0,0,,,0,0,0,0,0,0,0,0,0,0,0
00-0039840,Austin Booker,DE,DL,2026,1,REG,CHI,CAR,0,0,0,0,0,0,0,0,0,0,,,0,0,0,0,0,,0,0,0,0,0,0,0,,,0,0,0,0,0,0,0,0,0,0,0
00-0039841,Cooper DeJean,CB,DB,2026,1,REG,PHI,WAS,0,0,0,0,0,0,0,0,0,0,,,0,0,0,0,0,,0,0,0,0,0,0,0,,,0,0,0,0,0,0,0,0,0,0,0
00-0039846,Tykee Smith,SAF,DB,2026,1,REG,TB,CIN,0,0,0,0,0,0,0,0,0,0,,,0,0,0,0,0,,0,0,0,0,0,0,0,,,0,0,0,0,0,0,0,0,0,0,0
00-0039847,Theo Johnson,TE,TE,2026,1,REG,NYG,DAL,0,0,0,0,0,0,0,0,0,0,,,0,0,0,0,0,,1,1,9,0,2,7,0,0.858728714752942,4.5,0.0344827586206897,0.00816326530612245,0.0574384236453202,0,0,0,0,0,0,0.9,1.9
00-0039849,Marvin Harrison Jr.,WR,WR,2026,1,REG,ARI,LAC,0,0,0,0,0,0,0,0,0,0,,,0,0,0,0,0,,1,3,33,0,71,5,1,0.852314318530262,0.464788732394366,0.0810810810810811,0.250883392226148,0.297239996179925,0,0,0,0,0,0,3.3,4.3
00-0039850,Edgerrin Cooper,LB,LB,2026,1,REG,GB,MIN,0,0,0,0,0,0,0,0,0,0,,,0,0,0,0,0,,0,0,0,0,0,0,0,,,0,0,0,0,0,0,0,0,0,0,0
00-0039851,Drake Maye,QB,QB,2026,1,REG,NE,SEA,23,33,178,1,3,3,-10,221,111,9,-4.62135415498598,5.97045065895204,7,47,0,5,2,7.31189035309944,0,0,0,0,0,0,0,,,0,0,0,0,0,0,0,0,0,9.82,9.82
00-0039852,Jared Verse,DE,DL,2026,1,REG,CLE,JAX,0,0,0,0,0,0,0,0,0,0,,,0,0,0,0,0,,0,0,0,0,0,0,0,,,0,0,0,0,0,0,0,0,0,0,0
00-0039854,Darius Robinson,DL,DL,2026,1,REG,ARI,LAC,0,0,0,0,0,0,0,0,0,0,,,0,0,0,0,0,,0,0,0,0,0,0,0,,,0,0,0,0,0,0,0,0,0,0,0
00-0039859,Brandon Dorlus,DE,DL,2026,1,REG,ATL,PIT,0,0,0,0,0,0,0,0,0,0,,,0,0,0,0,0,,0,0,0,0,0,0,0,,,0,0,0,0,0,0,0,0,0,0,0
00-0039860,Kool-Aid McKinstry,CB,DB,2026,1,REG,NO,DET,0,0,0,0,0,0,0,0,0,0,,,0,0,0,0,0,,0,0,0,0,0,0,0,,,0,0,0,0,0,0,0,0,0,0,0
00-0039861,Tyler Nubin,SAF,DB,2026,1,REG,NYG,DAL,0,0,0,0,0,0,0,0,0,0,,,0,0,0,0,0,,0,0,0,0,0,0,0,,,0,0,0,0,0,0,0,0,0,0,0
00-0039867,Javon Bullard,SAF,DB,2026,1,REG,GB,MIN,0,0,0,0,0,0,0,0,0,0,,,0,0,0,0,0,,0,0,0,0,0,0,0,,,0,0,0,0,0,0,0,0,0,0,0
00-0039868,Troy Franklin,WR,WR,2026,1,REG,DEN,KC,0,0,0,0,0,0,0,0,0,0,,,1,5,0,0,0,-0.158298062626272,0,1,0,0,31,0,0,-2.74830406502588,0,0.037037037037037,0.33695652173913,0.291425120772947,0,0,0,0,0,0,0.5,0.5
00-0039872,Cole Bishop,SAF,DB,2026,1,REG,BUF,HOU,0,0,0,0,0,0,0,0,0,0,,,0,0,0,0,0,,0,0,0,0,0,0,0,,,0,0,0,0,0,0,0,0,0,0,0
00-0039873,DeWayne Carter,DT,DL,2026,1,REG,BUF,HOU,0,0,0,0,0,0,0,0,0,0,,,0,0,0,0,0,,0,0,0,0,0,0,0,,,0,0,0,0,0,0,0,0,0,0,0
00-0039874,Jaylen Wright,RB,RB,2026,1,REG,MIA,LV,0,0,0,0,0,0,0,0,0,0,,,1,-1,0,0,0,-0.900913973804563,0,0,0,0,0,0,0,,,0,0,0,0,0,0,0,0,0,-0.1,-0.1
00-0039875,Ray Davis,RB,RB,2026,1,REG,BUF,HOU,0,0,0,0,0,0,0,0,0,0,,,1,3,0,0,0,-0.150790573563427,0,0,0,0,0,0,0,,,0,0,0,0,0,0,0,0,0,0.3,0.3
00-0039879,Javon Solomon,LB,LB,2026,1,REG,BUF,HOU,0,0,0,0,0,0,0,0,0,0,,,0,0,0,0,0,,0,0,0,0,0,0,0,,,0,0,0,0,0,0,0,0,0,0,0
00-0039880,Malik Washington,WR,WR,2026,1,REG,MIA,LV,0,0,0,0,0,0,0,0,0,0,,,0,0,0,0,0,,3,8,53,0,135,22,1,-3.23389545310056,0.392592592592593,0.296296296296296,0.436893203883495,0.750269687162891,0,1,0,0,0,0,3.3,6.3
00-0039886,T'Vondre Sweat,DT,DL,2026,1,REG,NYJ,TEN,0,0,0,0,0,0,0,0,0,0,,,0,0,0,0,0,,0,0,0,0,0,0,0,,,0,0,0,0,0,0,0,0,0,0,0
00-0039888,Quinyon Mitchell,CB,DB,2026,1,REG,PHI,WAS,0,0,0,0,0,0,0,0,0,0,,,0,0,0,0,0,,0,0,0,0,0,0,0,,,0,0,0,0,0,0,0,0,0,0,0
00-0039889,Maason Smith,DT,DL,2026,1,REG,ATL,PIT,0,0,0,0,0,0,0,0,0,0,,,0,0,0,0,0,,0,0,0,0,0,0,0,,,0,0,0,0,0,0,0,0,0,0,0
00-0039890,Adonai Mitchell,WR,WR,2026,1,REG,NYJ,TEN,0,0,0,0,0,0,0,0,0,0,,,0,0,0,0,0,,3,3,60,0,59,1,2,3.09346480341628,1.01694915254237,0.130434782608696,0.351190476190476,0.441485507246377,0,0,0,0,0,0,6,9
00-0039893,Brian Thomas Jr.,WR,WR,2026,1,REG,JAX,CLE,0,0,0,0,0,0,0,0,0,0,,,0,0,0,0,0,,3,3,40,0,44,-4,3,2.97714831598569,0.909090909090909,0.142857142857143,0.181818181818182,0.341558441558442,0,0,0,0,0,0,4,7
00-0039894,Xavier Worthy,WR,WR,2026,1,REG,KC,DEN,0,0,0,0,0,0,0,0,0,0,,,0,0,0,0,0,,3,6,18,0,42,15,1,-8.44858313005534,0.428571428571429,0.24,0.315789473684211,0.581052631578947,0,0,0,0,0,0,1.8,4.8
00-0039897,Joe Alt,OT,OL,2026,1,REG,LAC,ARI,0,0,0,0,0,0,0,0,0,0,,,0,0,0,0,0,,0,0,0,0,0,0,0,,,0,0,0,0,0,0,0,0,0,0,0
00-0039898,Mike Sainristil,CB,DB,2026,1,REG,WAS,PHI,0,0,0,0,0,0,0,0,0,0,,,0,0,0,0,0,,0,0,0,0,0,0,0,,,0,0,0,0,0,0,0,0,0,0,0
00-0039899,Patrick Paul,OT,OL,2026,1,REG,MIA,LV,0,0,0,0,0,0,0,0,0,0,,,0,0,0,0,0,,0,0,0,0,0,0,0,,,0,0,0,0,0,0,0,0,0,0,0
00-0039901,Keon Coleman,WR,WR,2026,1,REG,BUF,HOU,0,0,0,0,0,0,0,0,0,0,,,0,0,0,0,0,,1,1,1,0,4,-3,0,0.0488972848253325,0.25,0.0357142857142857,0.010443864229765,0.0608821335322641,0,0,0,0,0,0,0.1,1.1
00-0039904,Jordan Morgan,OT,OL,2026,1,REG,GB,MIN,0,0,0,0,0,0,0,0,0,0,,,0,0,0,0,0,,0,0,0,0,0,0,0,,,0,0,0,0,0,0,0,0,0,0,0
00-0039908,Kris Jenkins,DT,DL,2026,1,REG,CIN,TB,0,0,0,0,0,0,0,0,0,0,,,0,0,0,0,0,,0,0,0,0,0,0,0,,,0,0,0,0,0,0,0,0,0,0,0
00-0039910,Jayden Daniels,QB,QB,2026,1,REG,WAS,PHI,18,34,164,2,0,1,-1,317,71,10,3.90583545517296,-3.44530277211091,5,31,0,1,2,0.501124679401983,0,0,0,0,0,0,0,,,0,0,0,0,0,0,0,0,0,17.66,17.66
00-0039911,Chop Robinson,LB,LB,2026,1,REG,MIA,LV,0,0,0,0,0,0,0,0,0,0,,,0,0,0,0,0,,0,0,0,0,0,0,0,,,0,0,0,0,0,0,0,0,0,0,0
00-0039913,Brandon Coleman,G,OL,2026,1,REG,WAS,PHI,0,0,0,0,0,0,0,0,0,0,,,0,0,0,0,0,,0,0,0,0,0,0,0,,,0,0,0,0,0,0,0,0,0,0,0
00-0039915,Ladd McConkey,WR,WR,2026,1,REG,LAC,ARI,0,0,0,0,0,0,0,0,0,0,,,0,0,0,0,0,,5,7,82,1,97,9,5,6.78497641690774,0.845360824742268,0.259259259259259,0.355311355311355,0.637606837606838,0,0,0,0,0,0,14.2,19.2
00-0039918,Caleb Williams,QB,QB,2026,1,REG,CHI,CAR,21,29,269,2,0,2,-8,319,80,13,18.5652871718667,16.5803378591171,10,65,2,4,1,3.40844644146273,0,0,0,0,0,0,0,,,0,0,0,0,0,0,0,0,0,37.26,37.26
00-0039919,Rome Odunze,WR,WR,2026,1,REG,CHI,CAR,0,0,0,0,0,0,0,0,0,0,,,0,0,0,0,0,,2,3,52,0,90,3,1,4.01706788834417,0.577777777777778,0.115384615384615,0.282131661442006,0.370569086086327,0,0,0,0,0,0,5.2,7.2
00-0039920,Malachi Corley,WR,WR,2026,1,REG,CLE,JAX,0,0,0,0,0,0,0,0,0,0,,,0,0,0,0,0,,0,0,0,0,0,0,0,,,0,0,0,0,0,0,0,0,0,0,0
00-0039924,Dallas Turner,LB,LB,2026,1,REG,MIN,GB,0,0,0,0,0,0,0,0,0,0,,,0,0,0,0,0,,0,0,0,0,0,0,0,,,0,0,0,0,0,0,0,0,0,0,0
00-0040008,Shavon Revel Jr.,CB,DB,2026,1,REG,DAL,NYG,0,0,0,0,0,0,0,0,0,0,,,0,0,0,0,0,,0,0,0,0,0,0,0,,,0,0,0,0,0,0,0,0,0,0,0
00-0040010,Barryn Sorrell,DE,DL,2026,1,REG,GB,MIN,0,0,0,0,0,0,0,0,0,0,,,0,0,0,0,0,,0,0,0,0,0,0,0,,,0,0,0,0,0,0,0,0,0,0,0
00-0040013,Smael Mondon Jr.,LB,LB,2026,1,REG,PHI,WAS,0,0,0,0,0,0,0,0,0,0,,,0,0,0,0,0,,0,0,0,0,0,0,0,,,0,0,0,0,0,0,0,0,0,0,0
00-0040020,Micah Robinson,CB,DB,2026,1,REG,TEN,NYJ,0,0,0,0,0,0,0,0,0,0,,,0,0,0,0,0,,0,0,0,0,0,0,0,,,0,0,0,0,0,0,0,0,0,0,0
00-0040024,Darius Cooper,WR,WR,2026,1,REG,PHI,WAS,0,0,0,0,0,0,0,0,0,0,,,0,0,0,0,0,,0,0,0,0,0,0,0,,,0,0,0,0,0,0,0,0,0,0,0
00-0040041,Nazir Stackhouse,DT,DL,2026,1,REG,TEN,NYJ,0,0,0,0,0,0,0,0,0,0,,,0,0,0,0,0,,0,0,0,0,0,0,0,,,0,0,0,0,0,0,0,0,0,0,0
00-0040045,Alijah Clark,DB,DB,2026,1,REG,DAL,NYG,0,0,0,0,0,0,0,0,0,0,,,0,0,0,0,0,,0,0,0,0,0,0,0,,,0,0,0,0,0,0,0,0,0,0,0
00-0040056,Jared Ivey,LB,LB,2026,1,REG,ATL,PIT,0,0,0,0,0,0,0,0,0,0,,,0,0,0,0,0,,0,0,0,0,0,0,0,,,0,0,0,0,0,0,0,0,0,0,0
00-0040061,Connor O'Toole,LB,LB,2026,1,REG,SEA,NE,0,0,0,0,0,0,0,0,0,0,,,0,0,0,0,0,,0,0,0,0,0,0,0,,,0,0,0,0,0,0,0,0,0,0,0
00-0040072,Jeffrey Bassa,LB,LB,2026,1,REG,KC,DEN,0,0,0,0,0,0,0,0,0,0,,,0,0,0,0,0,,0,0,0,0,0,0,0,,,0,0,0,0,0,0,0,0,0,0,0
00-0040074,Tyler Loop,K,SPEC,2026,1,REG,BAL,IND,0,0,0,0,0,0,0,0,0,0,,,0,0,0,0,0,,0,0,0,0,0,0,0,,,0,0,0,0,0,0,0,0,0,0,0
00-0040075,LaJohntay Wester,WR,WR,2026,1,REG,BAL,IND,0,0,0,0,0,0,0,0,0,0,,,0,0,0,0,0,,2,2,15,0,11,4,0,-0.0498895170167089,1.36363636363636,0.0833333333333333,0.0408921933085502,0.153624535315985,0,0,0,0,0,0,1.5,3.5
00-0040076,Aeneas Peebles,DT,DL,2026,1,REG,BAL,IND,0,0,0,0,0,0,0,0,0,0,,,0,0,0,0,0,,0,0,0,0,0,0,0,,,0,0,0,0,0,0,0,0,0,0,0
00-0040081,Jake Briningstool,TE,TE,2026,1,REG,KC,DEN,0,0,0,0,0,0,0,0,0,0,,,0,0,0,0,0,,1,1,9,0,4,5,0,0.793193971767323,2.25,0.04,0.0300751879699248,0.0810526315789474,0,0,0,0,0,0,0.9,1.9
00-0040089,Kevin Knowles,DB,DB,2026,1,REG,TB,CIN,0,0,0,0,0,0,0,0,0,0,,,0,0,0,0,0,,0,0,0,0,0,0,0,,,0,0,0,0,0,0,0,0,0,0,0
00-0040100,Jay Higgins,LB,LB,2026,1,REG,BAL,IND,0,0,0,0,0,0,0,0,0,0,,,0,0,0,0,0,,0,0,0,0,0,0,0,,,0,0,0,0,0,0,0,0,0,0,0
00-0040118,Cooper McDonald,LB,LB,2026,1,REG,KC,DEN,0,0,0,0,0,0,0,0,0,0,,,0,0,0,0,0,,0,0,0,0,0,0,0,,,0,0,0,0,0,0,0,0,0,0,0
00-0040122,Ashton Jeanty,RB,RB,2026,1,REG,LV,MIA,0,0,0,0,0,0,0,0,0,0,,,23,102,0,7,3,-0.725173453218304,6,6,45,2,18,27,2,2.75880223937565,2.5,0.206896551724138,0.079646017699115,0.366097039975587,0,0,0,0,0,0,26.7,32.7
00-0040124,Tetairoa McMillan,WR,WR,2026,1,REG,CAR,CHI,0,0,0,0,0,0,0,0,0,0,,,0,0,0,0,0,,5,8,75,0,119,23,4,-2.51609776925761,0.630252100840336,0.235294117647059,0.325136612021858,0.580536804885889,0,1,0,0,0,0,5.5,10.5
00-0040126,Colston Loveland,TE,TE,2026,1,REG,CHI,CAR,0,0,0,0,0,0,0,0,0,0,,,0,0,0,0,0,,0,2,0,0,30,0,0,-1.0136120551615,0,0.0769230769230769,0.0940438871473354,0.18121533638775,0,0,0,0,0,0,0,0
00-0040128,Tyler Warren,TE,TE,2026,1,REG,IND,BAL,0,0,0,0,0,0,0,0,0,0,,,0,0,0,0,0,,3,5,13,1,23,7,1,-0.55294385162415,0.565217391304348,0.172413793103448,0.114427860696517,0.338720192142735,0,0,0,0,0,0,7.3,10.3
00-0040129,Emeka Egbuka,WR,WR,2026,1,REG,TB,CIN,0,0,0,0,0,0,0,0,0,0,,,0,0,0,0,0,,5,6,63,0,84,20,3,4.75172057142481,0.75,0.222222222222222,0.587412587412587,0.744522144522145,0,0,0,0,0,0,6.3,11.3
00-0040131,Kyle Williams,WR,WR,2026,1,REG,NE,SEA,0,0,0,0,0,0,0,0,0,0,,,0,0,0,0,0,,0,0,0,0,0,0,0,,,0,0,0,0,0,0,0,0,0,0,0
00-0040132,Landon Jackson,DE,DL,2026,1,REG,BUF,HOU,0,0,0,0,0,0,0,0,0,0,,,0,0,0,0,0,,0,0,0,0,0,0,0,,,0,0,0,0,0,0,0,0,0,0,0
00-0040133,Azareye'h Thomas,CB,DB,2026,1,REG,NYJ,TEN,0,0,0,0,0,0,0,0,0,0,,,0,0,0,0,0,,0,0,0,0,0,0,0,,,0,0,0,0,0,0,0,0,0,0,0
00-0040134,Pat Bryant,WR,WR,2026,1,REG,DEN,KC,0,0,0,0,0,0,0,0,0,0,,,0,0,0,0,0,,4,6,42,0,25,18,3,2.01835069159279,1.68,0.222222222222222,0.271739130434783,0.523550724637681,0,0,0,0,0,0,4.2,8.2
00-0040136,Princely Umanmielen,LB,LB,2026,1,REG,CAR,CHI,0,0,0,0,0,0,0,0,0,0,,,0,0,0,0,0,,0,0,0,0,0,0,0,,,0,0,0,0,0,0,0,0,0,0,0
00-0040137,Jordan Burch,LB,LB,2026,1,REG,ARI,LAC,0,0,0,0,0,0,0,0,0,0,,,0,0,0,0,0,,0,0,0,0,0,0,0,,,0,0,0,0,0,0,0,0,0,0,0
00-0040138,Jaylin Noel,WR,WR,2026,1,REG,HOU,BUF,0,0,0,0,0,0,0,0,0,0,,,0,0,0,0,0,,2,2,53,0,26,27,2,3.97936163333361,2.03846153846154,0.0540540540540541,0.0807453416149068,0.137602820211516,0,0,0,0,0,0,5.3,7.3
00-0040139,Justin Walley,CB,DB,2026,1,REG,IND,BAL,0,0,0,0,0,0,0,0,0,0,,,0,0,0,0,0,,0,0,0,0,0,0,0,,,0,0,0,0,0,0,0,0,0,0,0
00-0040141,Kevin Winston Jr.,SAF,DB,2026,1,REG,TEN,NYJ,0,0,0,0,0,0,0,0,0,0,,,0,0,0,0,0,,0,0,0,0,0,0,0,,,0,0,0,0,0,0,0,0,0,0,0
00-0040142,Kaleb Johnson,RB,RB,2026,1,REG,GB,MIN,0,0,0,0,0,0,0,0,0,0,,,0,0,0,0,0,,0,0,0,0,0,0,0,,,0,0,0,0,0,0,0,0,0,0,0
00-0040143,Jacob Parrish,CB,DB,2026,1,REG,TB,CIN,0,0,0,0,0,0,0,0,0,0,,,0,0,0,0,0,,0,0,0,0,0,0,0,,,0,0,0,0,0,0,0,0,0,0,0
00-0040144,Jamaree Caldwell,DT,DL,2026,1,REG,LAC,ARI,0,0,0,0,0,0,0,0,0,0,,,0,0,0,0,0,,0,0,0,0,0,0,0,,,0,0,0,0,0,0,0,0,0,0,0
00-0040145,Caleb Ransaw,SAF,DB,2026,1,REG,JAX,CLE,0,0,0,0,0,0,0,0,0,0,,,0,0,0,0,0,,0,0,0,0,0,0,0,,,0,0,0,0,0,0,0,0,0,0,0
00-0040147,Jared Wilson,C,OL,2026,1,REG,NE,SEA,0,0,0,0,0,0,0,0,0,0,,,0,0,0,0,0,,0,0,0,0,0,0,0,,,0,0,0,0,0,0,0,0,0,0,0
00-0040148,Xavier Watts,SAF,DB,2026,1,REG,ATL,PIT,0,0,0,0,0,0,0,0,0,0,,,0,0,0,0,0,,0,0,0,0,0,0,0,,,0,0,0,0,0,0,0,0,0,0,0
00-0040149,Jaylin Smith,CB,DB,2026,1,REG,HOU,BUF,0,0,0,0,0,0,0,0,0,0,,,0,0,0,0,0,,0,0,0,0,0,0,0,,,0,0,0,0,0,0,0,0,0,0,0
00-0040150,Caleb Rogers,G,OL,2026,1,REG,LV,MIA,0,0,0,0,0,0,0,0,0,0,,,0,0,0,0,0,,0,0,0,0,0,0,0,,,0,0,0,0,0,0,0,0,0,0,0
00-0040152,Upton Stout,CB,DB,2026,1,REG,SF,LA,0,0,0,0,0,0,0,0,0,0,,,0,0,0,0,0,,0,0,0,0,0,0,0,,,0,0,0,0,0,0,0,0,0,0,0
00-0040155,Danny Stutsman,LB,LB,2026,1,REG,NO,DET,0,0,0,0,0,0,0,0,0,0,,,0,0,0,0,0,,0,0,0,0,0,0,0,,,0,0,0,0,0,0,0,0,0,0,0
00-0040157,Barrett Carter,LB,LB,2026,1,REG,CIN,TB,0,0,0,0,0,0,0,0,0,0,,,0,0,0,0,0,,0,0,0,0,0,0,0,,,0,0,0,0,0,0,0,0,0,0,0
00-0040158,David Walker,LB,LB,2026,1,REG,TB,CIN,0,0,0,0,0,0,0,0,0,0,,,0,0,0,0,0,,0,0,0,0,0,0,0,,,0,0,0,0,0,0,0,0,0,0,0
00-0040159,Lathan Ransom,SAF,DB,2026,1,REG,CAR,CHI,0,0,0,0,0,0,0,0,0,0,,,0,0,0,0,0,,0,0,0,0,0,0,0,,,0,0,0,0,0,0,0,0,0,0,0
00-0040160,Jack Sawyer,LB,LB,2026,1,REG,PIT,ATL,0,0,0,0,0,0,0,0,0,0,,,0,0,0,0,0,,0,0,0,0,0,0,0,,,0,0,0,0,0,0,0,0,0,0,0
00-0040162,Dylan Sampson,RB,RB,2026,1,REG,CLE,JAX,0,0,0,0,0,0,0,0,0,0,,,0,0,0,0,0,,0,0,0,0,0,0,0,,,0,0,0,0,0,0,0,0,0,0,0
00-0040164,Jaylin Lane,WR,WR,2026,1,REG,WAS,PHI,0,0,0,0,0,0,0,0,0,0,,,0,0,0,0,0,,1,1,4,0,4,0,0,-0.79734163871035,1,0.0344827586206897,0.0126182965299685,0.0605569455020124,0,0,0,0,0,0,0.4,1.4
00-0040165,Malachi Moore,SAF,DB,2026,1,REG,NYJ,TEN,0,0,0,0,0,0,0,0,0,0,,,0,0,0,0,0,,0,0,0,0,0,0,0,,,0,0,0,0,0,0,0,0,0,0,0
00-0040166,Quincy Riley,CB,DB,2026,1,REG,NO,DET,0,0,0,0,0,0,0,0,0,0,,,0,0,0,0,0,,0,0,0,0,0,0,0,,,0,0,0,0,0,0,0,0,0,0,0
00-0040168,Que Robinson,LB,LB,2026,1,REG,DEN,KC,0,0,0,0,0,0,0,0,0,0,,,0,0,0,0,0,,0,0,0,0,0,0,0,,,0,0,0,0,0,0,0,0,0,0,0
00-0040169,Tonka Hemingway,DT,DL,2026,1,REG,LV,MIA,0,0,0,0,0,0,0,0,0,0,,,0,0,0,0,0,,0,0,0,0,0,0,0,,,0,0,0,0,0,0,0,0,0,0,0
00-0040170,Elic Ayomanor,WR,WR,2026,1,REG,TEN,NYJ,0,0,0,0,0,0,0,0,0,0,,,0,0,0,0,0,,1,3,11,1,41,0,1,1.2419529404433,0.268292682926829,0.107142857142857,0.215789473684211,0.311766917293233,0,0,0,0,0,0,7.1,8.1
00-0040173,Tyrion Ingram-Dawkins,DT,DL,2026,1,REG,MIN,GB,0,0,0,0,0,0,0,0,0,0,,,0,0,0,0,0,,0,0,0,0,0,0,0,,,0,0,0,0,0,0,0,0,0,0,0
00-0040175,Jordan Phillips,DT,DL,2026,1,REG,MIA,LV,0,0,0,0,0,0,0,0,0,0,,,0,0,0,0,0,,0,0,0,0,0,0,0,,,0,0,0,0,0,0,0,0,0,0,0
00-0040178,Jason Marshall Jr.,CB,DB,2026,1,REG,MIA,LV,0,0,0,0,0,0,0,0,0,0,,,0,0,0,0,0,,0,0,0,0,0,0,0,,,0,0,0,0,0,0,0,0,0,0,0
00-0040182,Dante Trader Jr.,SAF,DB,2026,1,REG,MIA,LV,0,0,0,0,0,0,0,0,0,0,,,0,0,0,0,0,,0,0,0,0,0,0,0,,,0,0,0,0,0,0,0,0,0,0,0
00-0040183,Elijah Roberts,DE,DL,2026,1,REG,TB,CIN,0,0,0,0,0,0,0,0,0,0,,,0,0,0,0,0,,0,0,0,0,0,0,0,,,0,0,0,0,0,0,0,0,0,0,0
00-0040185,Marques Sigle,SAF,DB,2026,1,REG,SF,LA,0,0,0,0,0,0,0,0,0,0,,,0,0,0,0,0,,0,0,0,0,0,0,0,,,0,0,0,0,0,0,0,0,0,0,0
00-0040187,Mitchell Evans,TE,TE,2026,1,REG,CAR,CHI,0,0,0,0,0,0,0,0,0,0,,,0,0,0,0,0,,1,2,9,0,9,4,0,-0.0229926919564605,1,0.0588235294117647,0.0245901639344262,0.105448408871745,0,0,0,0,0,0,0.9,1.9
00-0040188,Yahya Black,DE,DL,2026,1,REG,PIT,ATL,0,0,0,0,0,0,0,0,0,0,,,0,0,0,0,0,,0,0,0,0,0,0,0,,,0,0,0,0,0,0,0,0,0,0,0
00-0040189,Oronde Gadsden II,TE,TE,2026,1,REG,LAC,ARI,0,0,0,0,0,0,0,0,0,0,,,0,0,0,0,0,,2,2,32,0,7,25,1,0.342562154459301,4.57142857142857,0.0740740740740741,0.0256410256410256,0.129059829059829,0,0,0,0,0,0,3.2,5.2
00-0040192,Jordan Hancock,CB,DB,2026,1,REG,BUF,HOU,0,0,0,0,0,0,0,0,0,0,,,0,0,0,0,0,,0,0,0,0,0,0,0,,,0,0,0,0,0,0,0,0,0,0,0
00-0040195,Denzel Burke,CB,DB,2026,1,REG,ARI,LAC,0,0,0,0,0,0,0,0,0,0,,,0,0,0,0,0,,0,0,0,0,0,0,0,,,0,0,0,0,0,0,0,0,0,0,0
00-0040200,Andy Borregales,K,SPEC,2026,1,REG,NE,SEA,0,0,0,0,0,0,0,0,0,0,,,0,0,0,0,0,,0,0,0,0,0,0,0,,,0,0,0,0,0,0,0,0,0,0,0
00-0040201,Marcus Harris,CB,DB,2026,1,REG,TEN,NYJ,0,0,0,0,0,0,0,0,0,0,,,0,0,0,0,0,,0,0,0,0,0,0,0,,,0,0,0,0,0,0,0,0,0,0,0
00-0040207,Tim Smith,DT,DL,2026,1,REG,IND,BAL,0,0,0,0,0,0,0,0,0,0,,,0,0,0,0,0,,0,0,0,0,0,0,0,,,0,0,0,0,0,0,0,0,0,0,0
00-0040208,Tahj Brooks,RB,RB,2026,1,REG,CIN,TB,0,0,0,0,0,0,0,0,0,0,,,0,0,0,0,0,,0,0,0,0,0,0,0,,,0,0,0,0,0,0,0,0,0,0,0
00-0040216,Kain Medrano,LB,LB,2026,1,REG,WAS,PHI,0,0,0,0,0,0,0,0,0,0,,,0,0,0,0,0,,0,0,0,0,0,0,0,,,0,0,0,0,0,0,0,0,0,0,0
00-0040218,Jimmy Horn Jr.,WR,WR,2026,1,REG,CAR,CHI,0,0,0,0,0,0,0,0,0,0,,,0,0,0,0,0,,0,1,0,0,3,0,0,-0.381134943338111,0,0.0294117647058824,0.00819672131147541,0.0498553519768563,0,0,0,0,0,0,0,0
00-0040223,Jeremy Crawshaw,P,SPEC,2026,1,REG,DEN,KC,0,0,0,0,0,0,0,0,0,0,,,0,0,0,0,0,,0,0,0,0,0,0,0,,,0,0,0,0,0,0,0,0,0,0,0
00-0040230,Kitan Crawford,SAF,DB,2026,1,REG,ARI,LAC,0,0,0,0,0,0,0,0,0,0,,,0,0,0,0,0,,0,0,0,0,0,0,0,,,0,0,0,0,0,0,0,0,0,0,0
00-0040231,Carson Bruener,LB,LB,2026,1,REG,PIT,ATL,0,0,0,0,0,0,0,0,0,0,,,0,0,0,0,0,,0,0,0,0,0,0,0,,,0,0,0,0,0,0,0,0,0,0,0
00-0040236,Kyle Monangai,RB,RB,2026,1,REG,CHI,CAR,0,0,0,0,0,0,0,0,0,0,,,10,100,1,2,2,2.45976466534194,2,2,24,0,9,15,1,1.46559946704656,2.66666666666667,0.0769230769230769,0.0282131661442006,0.135133831685556,0,0,0,0,0,0,18.4,20.4
00-0040237,Tez Johnson,WR,WR,2026,1,REG,TB,CIN,0,0,0,0,0,0,0,0,0,0,,,1,-4,0,0,0,-1.22356549976394,0,1,0,0,9,0,0,-0.599597594409715,0,0.037037037037037,0.0629370629370629,0.0996114996114996,0,0,0,0,0,0,-0.4,-0.4
00-0040242,Jacory Croskey-Merritt,RB,RB,2026,1,REG,WAS,PHI,0,0,0,0,0,0,0,0,0,0,,,16,63,1,7,2,2.26378970494261,1,1,-7,0,-7,0,0,-1.34161964408122,1,0.0344827586206897,-0.0220820189274448,0.0362667246818231,0,0,0,0,0,0,11.6,12.6
00-0040248,Zeek Biggers,DT,DL,2026,1,REG,MIA,LV,0,0,0,0,0,0,0,0,0,0,,,0,0,0,0,0,,0,0,0,0,0,0,0,,,0,0,0,0,0,0,0,0,0,0,0
00-0040255,Adin Huntington,DE,DL,2026,1,REG,CLE,JAX,0,0,0,0,0,0,0,0,0,0,,,0,0,0,0,0,,0,0,0,0,0,0,0,,,0,0,0,0,0,0,0,0,0,0,0
00-0040261,Easton Mascarenas-Arnold,LB,LB,2026,1,REG,CLE,JAX,0,0,0,0,0,0,0,0,0,0,,,0,0,0,0,0,,0,0,0,0,0,0,0,,,0,0,0,0,0,0,0,0,0,0,0
00-0040263,Donovan McMillon,SAF,DB,2026,1,REG,CLE,JAX,0,0,0,0,0,0,0,0,0,0,,,0,0,0,0,0,,0,0,0,0,0,0,0,,,0,0,0,0,0,0,0,0,0,0,0
00-0040277,Jahdae Walker,WR,WR,2026,1,REG,CHI,CAR,0,0,0,0,0,0,0,0,0,0,,,0,0,0,0,0,,1,1,1,1,1,0,1,1.37591298378538,1,0.0384615384615385,0.00313479623824451,0.0598866650590789,0,0,0,0,0,0,6.1,7.1
00-0040279,Ryan Fitzgerald,K,SPEC,2026,1,REG,CAR,CHI,0,0,0,0,0,0,0,0,0,0,,,0,0,0,0,0,,0,0,0,0,0,0,0,,,0,0,0,0,0,0,0,0,0,0,0
00-0040326,Branson Combs,LB,LB,2026,1,REG,JAX,CLE,0,0,0,0,0,0,0,0,0,0,,,0,0,0,0,0,,0,0,0,0,0,0,0,,,0,0,0,0,0,0,0,0,0,0,0
00-0040342,Danny Striggow,DE,DL,2026,1,REG,JAX,CLE,0,0,0,0,0,0,0,0,0,0,,,0,0,0,0,0,,0,0,0,0,0,0,0,,,0,0,0,0,0,0,0,0,0,0,0
00-0040363,Keleki Latu,TE,TE,2026,1,REG,BUF,HOU,0,0,0,0,0,0,0,0,0,0,,,0,0,0,0,0,,0,0,0,0,0,0,0,,,0,0,0,0,0,0,0,0,0,0,0
00-0040429,Josh Williams,RB,RB,2026,1,REG,TB,CIN,0,0,0,0,0,0,0,0,0,0,,,0,0,0,0,0,,0,0,0,0,0,0,0,,,0,0,0,0,0,0,0,0,0,0,0
00-0040449,Karene Reid,LB,LB,2026,1,REG,DEN,KC,0,0,0,0,0,0,0,0,0,0,,,0,0,0,0,0,,0,0,0,0,0,0,0,,,0,0,0,0,0,0,0,0,0,0,0
00-0040458,TeRah Edwards,DT,DL,2026,1,REG,CAR,CHI,0,0,0,0,0,0,0,0,0,0,,,0,0,0,0,0,,0,0,0,0,0,0,0,,,0,0,0,0,0,0,0,0,0,0,0
00-0040466,Raheim Sanders,RB,RB,2026,1,REG,CLE,JAX,0,0,0,0,0,0,0,0,0,0,,,1,1,0,0,0,-0.754164027050138,3,3,25,0,-6,31,1,0.511455062776804,-4.16666666666667,0.136363636363636,-0.0263157894736842,0.186124401913876,0,0,0,0,0,0,2.6,5.6
00-0040506,Myles Price,WR,WR,2026,1,REG,MIN,GB,0,0,0,0,0,0,0,0,0,0,,,0,0,0,0,0,,0,0,0,0,0,0,0,,,0,0,0,0,0,0,0,0,0,0,0
00-0040556,Corey Kiner,RB,RB,2026,1,REG,NE,SEA,0,0,0,0,0,0,0,0,0,0,,,6,11,0,0,0,-1.98528956004884,0,0,0,0,0,0,0,,,0,0,0,0,0,0,0,0,0,1.1,1.1
00-0040568,Lan Larison,RB,RB,2026,1,REG,NE,SEA,0,0,0,0,0,0,0,0,0,0,,,0,0,0,0,0,,2,2,9,0,-3,12,1,0.0763149423291907,-3,0.0645161290322581,-0.0135746606334842,0.0872719311049482,0,0,0,0,0,0,0.9,2.9
00-0040574,Elijah Ponder,LB,LB,2026,1,REG,NE,SEA,0,0,0,0,0,0,0,0,0,0,,,0,0,0,0,0,,0,0,0,0,0,0,0,,,0,0,0,0,0,0,0,0,0,0,0
00-0040579,Carson Schwesinger,LB,LB,2026,1,REG,CLE,JAX,0,0,0,0,0,0,0,0,0,0,,,0,0,0,0,0,,0,0,0,0,0,0,0,,,0,0,0,0,0,0,0,0,0,0,0
00-0040580,Josaiah Stewart,LB,LB,2026,1,REG,LA,SF,0,0,0,0,0,0,0,0,0,0,,,0,0,0,0,0,,0,0,0,0,0,0,0,,,0,0,0,0,0,0,0,0,0,0,0
00-0040582,Arian Smith,WR,WR,2026,1,REG,NYJ,TEN,0,0,0,0,0,0,0,0,0,0,,,0,0,0,0,0,,0,1,0,0,4,0,0,-0.597929609240964,0,0.0434782608695652,0.0238095238095238,0.0818840579710145,0,0,0,0,0,0,0,0
00-0040583,Woody Marks,RB,RB,2026,1,REG,HOU,BUF,0,0,0,0,0,0,0,0,0,0,,,9,42,0,4,2,1.47042560909176,1,1,-2,0,-2,0,0,-1.37441831594333,1,0.027027027027027,-0.0062111801242236,0.036192714453584,0,0,0,0,0,0,4,5
00-0040584,Gunnar Helm,TE,TE,2026,1,REG,TEN,NYJ,0,0,0,0,0,0,0,0,0,0,,,0,0,0,0,0,,4,5,28,0,17,22,1,-0.861613036133349,1.64705882352941,0.178571428571429,0.0894736842105263,0.330488721804511,0,0,0,0,0,0,2.8,6.8
00-0040585,Ty Hamilton,DT,DL,2026,1,REG,LA,SF,0,0,0,0,0,0,0,0,0,0,,,0,0,0,0,0,,0,0,0,0,0,0,0,,,0,0,0,0,0,0,0,0,0,0,0
00-0040590,Konata Mumpfield,WR,WR,2026,1,REG,LA,SF,0,0,0,0,0,0,0,0,0,0,,,0,0,0,0,0,,0,1,0,0,13,0,0,-0.568224496557377,0,0.037037037037037,0.0509803921568627,0.0912418300653595,0,0,0,0,0,0,0,0
00-0040613,Shaun Dolac,LB,LB,2026,1,REG,LA,SF,0,0,0,0,0,0,0,0,0,0,,,0,0,0,0,0,,0,0,0,0,0,0,0,,,0,0,0,0,0,0,0,0,0,0,0
00-0040621,Montorie Foster Jr,WR,WR,2026,1,REG,SEA,NE,0,0,0,0,0,0,0,0,0,0,,,0,0,0,0,0,,0,0,0,0,0,0,0,,,0,0,0,0,0,0,0,0,0,0,0
00-0040634,Jordan Turner,LB,LB,2026,1,REG,DEN,KC,0,0,0,0,0,0,0,0,0,0,,,0,0,0,0,0,,0,0,0,0,0,0,0,,,0,0,0,0,0,0,0,0,0,0,0
00-0040636,Keyon Martin,CB,DB,2026,1,REG,BAL,IND,0,0,0,0,0,0,0,0,0,0,,,0,0,0,0,0,,0,0,0,0,0,0,0,,,0,0,0,0,0,0,0,0,0,0,0
00-0040640,Ashton Gillotte,DE,DL,2026,1,REG,KC,DEN,0,0,0,0,0,0,0,0,0,0,,,0,0,0,0,0,,0,0,0,0,0,0,0,,,0,0,0,0,0,0,0,0,0,0,0
00-0040641,Darien Porter,CB,DB,2026,1,REG,LV,MIA,0,0,0,0,0,0,0,0,0,0,,,0,0,0,0,0,,0,0,0,0,0,0,0,,,0,0,0,0,0,0,0,0,0,0,0
00-0040642,Vernon Broughton,DT,DL,2026,1,REG,NO,DET,0,0,0,0,0,0,0,0,0,0,,,0,0,0,0,0,,0,0,0,0,0,0,0,,,0,0,0,0,0,0,0,0,0,0,0
00-0040643,Jonas Sanker,SAF,DB,2026,1,REG,NO,DET,0,0,0,0,0,0,0,0,0,0,,,0,0,0,0,0,,0,0,0,0,0,0,0,,,0,0,0,0,0,0,0,0,0,0,0
00-0040646,Jalen Royals,WR,WR,2026,1,REG,KC,DEN,0,0,0,0,0,0,0,0,0,0,,,0,0,0,0,0,,0,0,0,0,0,0,0,,,0,0,0,0,0,0,0,0,0,0,0
00-0040647,Rylie Mills,DT,DL,2026,1,REG,SEA,NE,0,0,0,0,0,0,0,0,0,0,,,0,0,0,0,0,,0,0,0,0,0,0,0,,,0,0,0,0,0,0,0,0,0,0,0
00-0040654,Kai Kroeger,P,SPEC,2026,1,REG,HOU,BUF,0,0,0,0,0,0,0,0,0,0,,,0,0,0,0,0,,0,0,0,0,0,0,0,,,0,0,0,0,0,0,0,0,0,0,0
00-0040663,Harold Fannin Jr.,TE,TE,2026,1,REG,CLE,JAX,0,0,0,0,0,0,0,0,0,0,,,0,0,0,0,0,,2,3,21,0,10,14,1,-0.18391186511144,2.1,0.136363636363636,0.043859649122807,0.235247208931419,0,0,0,0,0,0,2.1,4.1
00-0040666,Omarion Hampton,RB,RB,2026,1,REG,LAC,ARI,0,0,0,0,0,0,0,0,0,0,,,12,43,1,5,1,-4.62002403568476,0,0,0,0,0,0,0,,,0,0,0,1,0,0,0,0,0,8.3,8.3
00-0040667,Matthew Golden,WR,WR,2026,1,REG,GB,MIN,0,0,0,0,0,0,0,0,0,0,,,0,0,0,0,0,,6,12,95,0,137,35,4,0.761358661252918,0.693430656934307,0.3,0.292110874200426,0.654477611940298,0,0,0,0,0,0,9.5,15.5
00-0040669,Isaac TeSlaa,WR,WR,2026,1,REG,DET,NO,0,0,0,0,0,0,0,0,0,0,,,0,0,0,0,0,,0,1,0,0,3,0,0,-0.571687055751681,0,0.0256410256410256,0.0144927536231884,0.0486064659977703,0,0,0,0,0,0,0,0
00-0040670,Nohl Williams,CB,DB,2026,1,REG,KC,DEN,0,0,0,0,0,0,0,0,0,0,,,0,0,0,0,0,,0,0,0,0,0,0,0,,,0,0,0,0,0,0,0,0,0,0,0
00-0040672,Tyleik Williams,DT,DL,2026,1,REG,DET,NO,0,0,0,0,0,0,0,0,0,0,,,0,0,0,0,0,,0,0,0,0,0,0,0,,,0,0,0,0,0,0,0,0,0,0,0
00-0040676,Cam Ward,QB,QB,2026,1,REG,TEN,NYJ,19,32,140,1,0,3,-13,190,78,6,-7.35125374553204,0.389746470110757,4,21,0,2,0,2.49897350056563,0,0,0,0,0,0,0,,,0,0,0,0,0,0,0,0,0,11.7,11.7
00-0040677,Abdul Carter,LB,LB,2026,1,REG,NYG,DAL,0,0,0,0,0,0,0,0,0,0,,,0,0,0,0,0,,0,0,0,0,0,0,0,,,0,0,0,0,0,0,0,0,0,0,0
00-0040678,Derrick Harmon,DT,DL,2026,1,REG,PIT,ATL,0,0,0,0,0,0,0,0,0,0,,,0,0,0,0,0,,0,0,0,0,0,0,0,,,0,0,0,0,0,0,0,0,0,0,0
00-0040685,Mason Graham,DT,DL,2026,1,REG,CLE,JAX,0,0,0,0,0,0,0,0,0,0,,,0,0,0,0,0,,0,0,0,0,0,0,0,,,0,0,0,0,0,0,0,0,0,0,0
00-0040686,Josh Conerly Jr.,OT,OL,2026,1,REG,WAS,PHI,0,0,0,0,0,0,0,0,0,0,,,0,0,0,0,0,,0,0,0,0,0,0,0,,,0,0,0,0,0,0,0,0,0,0,0
00-0040688,Malaki Starks,SAF,DB,2026,1,REG,BAL,IND,0,0,0,0,0,0,0,0,0,0,,,0,0,0,0,0,,0,0,0,0,0,0,0,,,0,0,0,0,0,0,0,0,0,0,0
00-0040691,Jaxson Dart,QB,QB,2026,1,REG,NYG,DAL,23,29,230,3,0,2,-1,245,86,14,21.9124518483004,13.3835581869915,11,54,0,4,2,3.68802256340859,0,0,0,0,0,0,0,,,0,0,0,0,0,0,0,0,0,26.6,26.6
00-0040699,Will Campbell,OT,OL,2026,1,REG,NE,SEA,0,0,0,0,0,0,0,0,0,0,,,0,0,0,0,0,,0,0,0,0,0,0,0,,,0,0,0,0,0,0,0,0,0,0,0
00-0040705,Chimere Dike,WR,WR,2026,1,REG,TEN,NYJ,0,0,0,0,0,0,0,0,0,0,,,0,0,0,0,0,,1,1,7,0,3,4,0,0.292017281404696,2.33333333333333,0.0357142857142857,0.0157894736842105,0.0646240601503759,0,0,0,0,0,0,0.7,1.7
00-0040706,Walter Nolen,DT,DL,2026,1,REG,ARI,LAC,0,0,0,0,0,0,0,0,0,0,,,0,0,0,0,0,,0,0,0,0,0,0,0,,,0,0,0,0,0,0,0,0,0,0,0
00-0040708,Jihaad Campbell,LB,LB,2026,1,REG,PHI,WAS,0,0,0,0,0,0,0,0,0,0,,,0,0,0,0,0,,0,0,0,0,0,0,0,,,0,0,0,0,0,0,0,0,0,0,0
00-0040709,Maxwell Hairston,CB,DB,2026,1,REG,BUF,HOU,0,0,0,0,0,0,0,0,0,0,,,0,0,0,0,0,,0,0,0,0,0,0,0,,,0,0,0,0,0,0,0,0,0,0,0
00-0040710,Deone Walker,DT,DL,2026,1,REG,BUF,HOU,0,0,0,0,0,0,0,0,0,0,,,0,0,0,0,0,,0,0,0,0,0,0,0,,,0,0,0,0,0,0,0,0,0,0,0
00-0040711,C.J. West,DT,DL,2026,1,REG,SF,LA,0,0,0,0,0,0,0,0,0,0,,,0,0,0,0,0,,0,0,0,0,0,0,0,,,0,0,0,0,0,0,0,0,0,0,0
00-0040715,Cam Skattebo,RB,RB,2026,1,REG,NYG,DAL,0,0,0,0,0,0,0,0,0,0,,,18,81,1,6,2,-0.645109943492571,0,0,0,0,0,0,0,,,0,0,0,0,0,0,0,0,0,14.1,14.1
00-0040716,Craig Woodson,SAF,DB,2026,1,REG,NE,SEA,0,0,0,0,0,0,0,0,0,0,,,0,0,0,0,0,,0,0,0,0,0,0,0,,,0,0,0,0,0,0,0,0,0,0,0
00-0040718,Travis Hunter,CB,DB,2026,1,REG,JAX,CLE,0,0,0,0,0,0,0,0,0,0,,,1,3,0,0,0,-0.270126612391323,1,1,8,0,-3,11,0,0.334312981576659,0,0.0476190476190476,-0.012396694214876,0.0627508854781582,0,0,0,0,0,0,1.1,2.1
00-0040719,Bhayshul Tuten,RB,RB,2026,1,REG,JAX,CLE,0,0,0,0,0,0,0,0,0,0,,,15,66,0,4,3,-1.08882716146763,1,1,22,0,-5,27,1,1.26137215935159,-4.4,0.0476190476190476,-0.0206611570247934,0.0569657615112161,0,0,0,0,0,0,8.8,9.8
00-0040720,Jahdae Barron,CB,DB,2026,1,REG,DEN,KC,0,0,0,0,0,0,0,0,0,0,,,0,0,0,0,0,,0,0,0,0,0,0,0,,,0,0,0,0,0,0,0,0,0,0,0
00-0040725,Donovan Ezeiruaku,LB,LB,2026,1,REG,DAL,NYG,0,0,0,0,0,0,0,0,0,0,,,0,0,0,0,0,,0,0,0,0,0,0,0,,,0,0,0,0,0,0,0,0,0,0,0
00-0040727,Tre Harris,WR,WR,2026,1,REG,LAC,ARI,0,0,0,0,0,0,0,0,0,0,,,0,0,0,0,0,,3,6,20,0,47,9,0,-3.34935215313453,0.425531914893617,0.222222222222222,0.172161172161172,0.453846153846154,0,0,0,0,0,0,2,5
00-0040728,Tate Ratledge,G,OL,2026,1,REG,DET,NO,0,0,0,0,0,0,0,0,0,0,,,0,0,0,0,0,,0,0,0,0,0,0,0,,,0,0,0,0,0,0,0,0,0,0,0
00-0040729,Jack Bech,WR,WR,2026,1,REG,LV,MIA,0,0,0,0,0,0,0,0,0,0,,,0,0,0,0,0,,3,4,23,1,32,7,1,-2.95521616213955,0.71875,0.137931034482759,0.141592920353982,0.306011595971926,0,0,0,0,0,0,8.3,11.3
00-0040730,RJ Harvey,RB,RB,2026,1,REG,DEN,KC,0,0,0,0,0,0,0,0,0,0,,,3,18,0,1,0,1.16021342179738,4,4,23,0,-22,45,0,-0.0804222719743848,-1.04545454545455,0.148148148148148,-0.239130434782609,0.0548309178743961,0,0,0,0,0,0,4.1,8.1
00-0040735,Luther Burden III,WR,WR,2026,1,REG,CHI,CAR,0,0,0,0,0,0,0,0,0,0,,,1,2,0,0,0,-0.356950203422457,5,5,63,0,36,27,2,1.54251239891164,1.75,0.192307692307692,0.112852664576803,0.3674584036653,0,1,0,0,0,0,4.5,9.5
00-0040736,Mason Taylor,TE,TE,2026,1,REG,NYJ,TEN,0,0,0,0,0,0,0,0,0,0,,,0,0,0,0,0,,2,3,-2,0,1,0,0,-2.38240682665492,-2,0.130434782608696,0.00595238095238095,0.19981884057971,0,0,0,0,0,0,-0.2,1.8
00-0040737,Terrance Ferguson,TE,TE,2026,1,REG,LA,SF,0,0,0,0,0,0,0,0,0,0,,,0,0,0,0,0,,0,1,0,0,24,0,0,-2.77673818939365,0,0.037037037037037,0.0941176470588235,0.121437908496732,0,0,0,0,0,0,0,0
00-0040738,Demetrius Knight Jr.,LB,LB,2026,1,REG,CIN,TB,0,0,0,0,0,0,0,0,0,0,,,0,0,0,0,0,,0,0,0,0,0,0,0,,,0,0,0,0,0,0,0,0,0,0,0
00-0040743,Tyler Shough,QB,QB,2026,1,REG,NO,DET,35,56,410,3,2,5,-32,483,116,19,-1.00732027256654,-1.20560446610818,4,8,0,1,0,-1.1607644535834,0,0,0,0,0,0,0,,,0,0,0,0,0,1,0,0,0,23.2,23.2
00-0040744,Jaylahn Tuimoloau,DE,DL,2026,1,REG,IND,BAL,0,0,0,0,0,0,0,0,0,0,,,0,0,0,0,0,,0,0,0,0,0,0,0,,,0,0,0,0,0,0,0,0,0,0,0
00-0040745,Aireontae Ersery,OT,OL,2026,1,REG,HOU,BUF,0,0,0,0,0,0,0,0,0,0,,,0,0,0,0,0,,0,0,0,0,0,0,0,,,0,0,0,0,0,0,0,0,0,0,0
00-0040747,Benjamin Morrison,CB,DB,2026,1,REG,TB,CIN,0,0,0,0,0,0,0,0,0,0,,,0,0,0,0,0,,0,0,0,0,0,0,0,,,0,0,0,0,0,0,0,0,0,0,0
00-0040749,Andrew Mukuba,SAF,DB,2026,1,REG,PHI,WAS,0,0,0,0,0,0,0,0,0,0,,,0,0,0,0,0,,0,0,0,0,0,0,0,,,0,0,0,0,0,0,0,0,0,0,0
00-0040751,Will Johnson,CB,DB,2026,1,REG,ARI,LAC,0,0,0,0,0,0,0,0,0,0,,,0,0,0,0,0,,0,0,0,0,0,0,0,,,0,0,0,0,0,0,0,0,0,0,0
00-0040752,Oluwafemi Oladejo,DE,DL,2026,1,REG,TEN,NYJ,0,0,0,0,0,0,0,0,0,0,,,0,0,0,0,0,,0,0,0,0,0,0,0,,,0,0,0,0,0,0,0,0,0,0,0
00-0040784,Quinshon Judkins,RB,RB,2026,1,REG,CLE,JAX,0,0,0,0,0,0,0,0,0,0,,,12,33,0,1,0,-2.72711864858866,2,2,17,0,1,16,1,0.133373425633181,17,0.0909090909090909,0.0043859649122807,0.139433811802233,0,0,0,0,0,0,5,7
00-0040785,Dohnte Meyers,WR,WR,2026,1,REG,CIN,TB,0,0,0,0,0,0,0,0,0,0,,,1,10,0,1,1,0.480721483821981,1,1,18,0,2,16,1,1.03430245193886,9,0.0294117647058824,0.00884955752212389,0.0503123373243103,0,0,0,0,0,0,2.8,3.8
00-0040865,Caleb Downs,SAF,DB,2026,1,REG,DAL,NYG,0,0,0,0,0,0,0,0,0,0,,,0,0,0,0,0,,0,0,0,0,0,0,0,,,0,0,0,0,0,0,0,0,0,0,0
00-0040866,Olaivavega Ioane,G,OL,2026,1,REG,BAL,IND,0,0,0,0,0,0,0,0,0,0,,,0,0,0,0,0,,0,0,0,0,0,0,0,,,0,0,0,0,0,0,0,0,0,0,0
00-0040867,Makai Lemon,WR,WR,2026,1,REG,PHI,WAS,0,0,0,0,0,0,0,0,0,0,,,0,0,0,0,0,,3,4,-5,0,0,3,0,-3.88518480863422,0,0.181818181818182,0,0.272727272727273,0,0,0,0,0,0,-0.5,2.5
00-0040868,Treydan Stukes,SAF,DB,2026,1,REG,LV,MIA,0,0,0,0,0,0,0,0,0,0,,,0,0,0,0,0,,0,0,0,0,0,0,0,,,0,0,0,0,0,0,0,0,0,0,0
00-0040869,Chris McClellan,DT,DL,2026,1,REG,GB,MIN,0,0,0,0,0,0,0,0,0,0,,,0,0,0,0,0,,0,0,0,0,0,0,0,,,0,0,0,0,0,0,0,0,0,0,0
00-0040870,Ja'Kobi Lane,WR,WR,2026,1,REG,BAL,IND,0,0,0,0,0,0,0,0,0,0,,,0,0,0,0,0,,1,3,11,0,30,4,0,-4.01956192951184,0.366666666666667,0.125,0.111524163568773,0.265566914498141,0,0,0,0,0,0,1.1,2.1
00-0040872,Jaishawn Barham,LB,LB,2026,1,REG,DAL,NYG,0,0,0,0,0,0,0,0,0,0,,,0,0,0,0,0,,0,0,0,0,0,0,0,,,0,0,0,0,0,0,0,0,0,0,0
00-0040877,Dani Dennis-Sutton,LB,LB,2026,1,REG,GB,MIN,0,0,0,0,0,0,0,0,0,0,,,0,0,0,0,0,,0,0,0,0,0,0,0,,,0,0,0,0,0,0,0,0,0,0,0
00-0040878,Mike Washington Jr.,RB,RB,2026,1,REG,LV,MIA,0,0,0,0,0,0,0,0,0,0,,,7,41,0,1,1,-0.930282209941652,0,0,0,0,0,0,0,,,0,0,0,0,0,0,0,0,0,4.1,4.1
00-0040879,Matthew Hibner,TE,TE,2026,1,REG,BAL,IND,0,0,0,0,0,0,0,0,0,0,,,0,0,0,0,0,,1,1,13,0,1,12,1,0.853725885564927,13,0.0416666666666667,0.00371747211895911,0.0651022304832714,0,0,0,0,0,0,1.3,2.3
00-0040880,LT Overton,DT,DL,2026,1,REG,DAL,NYG,0,0,0,0,0,0,0,0,0,0,,,0,0,0,0,0,,0,0,0,0,0,0,0,,,0,0,0,0,0,0,0,0,0,0,0
00-0040889,Hezekiah Masses,CB,DB,2026,1,REG,LV,MIA,0,0,0,0,0,0,0,0,0,0,,,0,0,0,0,0,,0,0,0,0,0,0,0,,,0,0,0,0,0,0,0,0,0,0,0
00-0040890,Cyrus Allen,WR,WR,2026,1,REG,KC,DEN,0,0,0,0,0,0,0,0,0,0,,,0,0,0,0,0,,0,1,0,0,5,0,0,-1.60270352917723,0,0.04,0.037593984962406,0.0863157894736842,0,0,0,0,0,0,0,0
00-0040894,Malik Benson,WR,WR,2026,1,REG,LV,MIA,0,0,0,0,0,0,0,0,0,0,,,1,-8,0,0,0,-1.40319908829406,1,2,6,0,31,7,0,-0.387330326251686,0.193548387096774,0.0689655172413793,0.13716814159292,0.199465974977113,0,0,0,0,0,0,-0.2,0.8
00-0040898,Ryan Eckley,P,SPEC,2026,1,REG,BAL,IND,0,0,0,0,0,0,0,0,0,0,,,0,0,0,0,0,,0,0,0,0,0,0,0,,,0,0,0,0,0,0,0,0,0,0,0
00-0040899,Trey Smack,K,SPEC,2026,1,REG,GB,MIN,0,0,0,0,0,0,0,0,0,0,,,0,0,0,0,0,,0,0,0,0,0,0,0,,,0,0,0,0,0,0,0,0,0,0,0
00-0040957,Xavier Nwankpa,SAF,DB,2026,1,REG,KC,DEN,0,0,0,0,0,0,0,0,0,0,,,0,0,0,0,0,,0,0,0,0,0,0,0,,,0,0,0,0,0,0,0,0,0,0,0
00-0040978,Ethan Burke,LB,LB,2026,1,REG,BAL,IND,0,0,0,0,0,0,0,0,0,0,,,0,0,0,0,0,,0,0,0,0,0,0,0,,,0,0,0,0,0,0,0,0,0,0,0
00-0041013,Emmett Johnson,RB,RB,2026,1,REG,KC,DEN,0,0,0,0,0,0,0,0,0,0,,,8,24,0,1,0,-0.448486649431288,2,2,44,0,-8,52,1,4.31936525634956,-5.5,0.08,-0.0601503759398496,0.0778947368421053,0,0,0,0,0,0,6.8,8.8
00-0041019,Kahlil Benson,OT,OL,2026,1,REG,KC,DEN,0,0,0,0,0,0,0,0,0,0,,,0,0,0,0,0,,0,0,0,0,0,0,0,,,0,0,0,0,0,0,0,0,0,0,0
00-0041026,David Bailey,LB,LB,2026,1,REG,NYJ,TEN,0,0,0,0,0,0,0,0,0,0,,,0,0,0,0,0,,0,0,0,0,0,0,0,,,0,0,0,0,0,0,0,0,0,0,0
00-0041027,Jeremiyah Love,RB,RB,2026,1,REG,ARI,LAC,0,0,0,0,0,0,0,0,0,0,,,11,41,1,2,1,0.304496043827385,2,4,9,0,5,5,0,-1.57084357133135,1.8,0.108108108108108,0.0176678445229682,0.17452965332824,0,0,0,0,0,0,11,13
00-0041028,Sonny Styles,LB,LB,2026,1,REG,WAS,PHI,0,0,0,0,0,0,0,0,0,0,,,0,0,0,0,0,,0,0,0,0,0,0,0,,,0,0,0,0,0,0,0,0,0,0,0
00-0041031,Rueben Bain Jr.,LB,LB,2026,1,REG,TB,CIN,0,0,0,0,0,0,0,0,0,0,,,0,0,0,0,0,,0,0,0,0,0,0,0,,,0,0,0,0,0,0,0,0,0,0,0
00-0041032,Kenyon Sadiq,TE,TE,2026,1,REG,NYJ,TEN,0,0,0,0,0,0,0,0,0,0,,,1,3,1,1,0,1.23996148013975,3,3,21,0,0,21,0,0.507726678508334,0,0.130434782608696,0,0.195652173913043,0,0,0,0,0,0,8.4,11.4
00-0041034,Monroe Freeling,OT,OL,2026,1,REG,CAR,CHI,0,0,0,0,0,0,0,0,0,0,,,0,0,0,0,0,,0,0,0,0,0,0,0,,,0,0,0,0,0,0,0,0,0,0,0
00-0041036,TJ Parker,LB,LB,2026,1,REG,BUF,HOU,0,0,0,0,0,0,0,0,0,0,,,0,0,0,0,0,,0,0,0,0,0,0,0,,,0,0,0,0,0,0,0,0,0,0,0
00-0041037,Denzel Boston,WR,WR,2026,1,REG,CLE,JAX,0,0,0,0,0,0,0,0,0,0,,,0,0,0,0,0,,2,4,59,1,114,2,2,5.16982886556729,0.517543859649123,0.181818181818182,0.5,0.622727272727273,0,0,0,0,0,0,11.9,13.9
00-0041040,Antonio Williams,WR,WR,2026,1,REG,WAS,PHI,0,0,0,0,0,0,0,0,0,0,,,0,0,0,0,0,,4,4,64,1,55,9,4,8.80670147121418,1.16363636363636,0.137931034482759,0.173501577287066,0.328347655825084,0,0,0,0,0,0,12.4,16.4
00-0041042,Malachi Fields,WR,WR,2026,1,REG,NYG,DAL,0,0,0,0,0,0,0,0,0,0,,,0,0,0,0,0,,2,4,25,0,71,15,1,0.529751836671494,0.352112676056338,0.137931034482759,0.289795918367347,0.409753694581281,0,0,0,0,0,0,2.5,4.5
00-0041043,A.J. Haulcy,SAF,DB,2026,1,REG,IND,BAL,0,0,0,0,0,0,0,0,0,0,,,0,0,0,0,0,,0,0,0,0,0,0,0,,,0,0,0,0,0,0,0,0,0,0,0
00-0041044,Zachariah Branch,WR,WR,2026,1,REG,ATL,PIT,0,0,0,0,0,0,0,0,0,0,,,0,0,0,0,0,,0,0,0,0,0,0,0,,,0,0,0,0,0,0,0,0,0,0,0
00-0041045,Albert Regis,DT,DL,2026,1,REG,JAX,CLE,0,0,0,0,0,0,0,0,0,0,,,0,0,0,0,0,,0,0,0,0,0,0,0,,,0,0,0,0,0,0,0,0,0,0,0
00-0041046,Domonique Orange,DT,DL,2026,1,REG,MIN,GB,0,0,0,0,0,0,0,0,0,0,,,0,0,0,0,0,,0,0,0,0,0,0,0,,,0,0,0,0,0,0,0,0,0,0,0
00-0041048,Ted Hurst III,WR,WR,2026,1,REG,TB,CIN,0,0,0,0,0,0,0,0,0,0,,,0,0,0,0,0,,3,3,36,0,34,2,2,2.31741993426112,1.05882352941176,0.111111111111111,0.237762237762238,0.333100233100233,0,0,0,0,0,0,3.6,6.6
00-0041052,Kaelon Black,RB,RB,2026,1,REG,SF,LA,0,0,0,0,0,0,0,0,0,0,,,14,65,0,3,1,0.272510947077535,1,1,5,0,-5,10,0,0.179298444883898,-1,0.0294117647058824,-0.0335570469798658,0.0206277141729175,0,0,0,0,0,0,7,8
00-0041057,Keionte Scott,CB,DB,2026,1,REG,TB,CIN,0,0,0,0,0,0,0,0,0,0,,,0,0,0,0,0,,0,0,0,0,0,0,0,,,0,0,0,0,0,0,0,0,0,0,0
00-0041060,Malik Muhammad,CB,DB,2026,1,REG,CHI,CAR,0,0,0,0,0,0,0,0,0,0,,,0,0,0,0,0,,0,0,0,0,0,0,0,,,0,0,0,0,0,0,0,0,0,0,0
00-0041063,Will Lee III,CB,DB,2026,1,REG,CAR,CHI,0,0,0,0,0,0,0,0,0,0,,,0,0,0,0,0,,0,0,0,0,0,0,0,,,0,0,0,0,0,0,0,0,0,0,0
00-0041064,Genesis Smith,SAF,DB,2026,1,REG,LAC,ARI,0,0,0,0,0,0,0,0,0,0,,,0,0,0,0,0,,0,0,0,0,0,0,0,,,0,0,0,0,0,0,0,0,0,0,0
00-0041066,Kendal Daniels,LB,LB,2026,1,REG,ATL,PIT,0,0,0,0,0,0,0,0,0,0,,,0,0,0,0,0,,0,0,0,0,0,0,0,,,0,0,0,0,0,0,0,0,0,0,0
00-0041067,Bryce Lance,WR,WR,2026,1,REG,NO,DET,0,0,0,0,0,0,0,0,0,0,,,0,0,0,0,0,,3,4,42,0,40,7,2,3.17787699772464,1.05,0.0769230769230769,0.082815734989648,0.173355629877369,0,0,0,0,0,0,4.2,7.2
00-0041078,Jaden Dugger,LB,LB,2026,1,REG,SF,LA,0,0,0,0,0,0,0,0,0,0,,,0,0,0,0,0,,0,0,0,0,0,0,0,,,0,0,0,0,0,0,0,0,0,0,0
00-0041093,Karson Sharar,LB,LB,2026,1,REG,ARI,LAC,0,0,0,0,0,0,0,0,0,0,,,0,0,0,0,0,,0,0,0,0,0,0,0,,,0,0,0,0,0,0,0,0,0,0,0
00-0041094,Bauer Sharp,TE,TE,2026,1,REG,TB,CIN,0,0,0,0,0,0,0,0,0,0,,,0,0,0,0,0,,0,0,0,0,0,0,0,,,0,0,0,0,0,0,0,0,0,0,0
00-0041096,Kaytron Allen,RB,RB,2026,1,REG,WAS,PHI,0,0,0,0,0,0,0,0,0,0,,,4,16,0,0,0,0.169891955447383,0,0,0,0,0,0,0,,,0,0,0,0,0,0,0,0,0,1.6,1.6
00-0041099,Barion Brown,WR,WR,2026,1,REG,NO,DET,0,0,0,0,0,0,0,0,0,0,,,1,3,0,0,0,-0.296891707926989,0,0,0,0,0,0,0,,,0,0,0,0,0,0,0,0,0,0.3,0.3
00-0041100,Josh Cameron,WR,WR,2026,1,REG,JAX,CLE,0,0,0,0,0,0,0,0,0,0,,,0,0,0,0,0,,2,2,20,1,18,2,2,2.19564546074253,1.11111111111111,0.0952380952380952,0.0743801652892562,0.194923258559622,0,0,0,0,0,0,8,10
00-0041109,Namdi Obiazor,LB,LB,2026,1,REG,NE,SEA,0,0,0,0,0,0,0,0,0,0,,,0,0,0,0,0,,0,0,0,0,0,0,0,,,0,0,0,0,0,0,0,0,0,0,0
00-0041111,Caden Curry,DE,DL,2026,1,REG,IND,BAL,0,0,0,0,0,0,0,0,0,0,,,0,0,0,0,0,,0,0,0,0,0,0,0,,,0,0,0,0,0,0,0,0,0,0,0
00-0041112,Harold Perkins Jr.,LB,LB,2026,1,REG,ATL,PIT,0,0,0,0,0,0,0,0,0,0,,,0,0,0,0,0,,0,0,0,0,0,0,0,,,0,0,0,0,0,0,0,0,0,0,0
00-0041125,Seth McGowan,RB,RB,2026,1,REG,IND,BAL,0,0,0,0,0,0,0,0,0,0,,,0,0,0,0,0,,1,1,0,0,-2,2,0,-1.75167942097931,0,0.0344827586206897,-0.0099502487562189,0.0447589638016813,0,0,0,0,0,0,0,1
00-0041126,Tommy Doman Jr.,P,SPEC,2026,1,REG,BUF,HOU,0,0,0,0,0,0,0,0,0,0,,,0,0,0,0,0,,0,0,0,0,0,0,0,,,0,0,0,0,0,0,0,0,0,0,0
00-0041131,Carsen Ryan,TE,TE,2026,1,REG,CLE,JAX,0,0,0,0,0,0,0,0,0,0,,,0,0,0,0,0,,0,0,0,0,0,0,0,,,0,0,0,0,0,0,0,0,0,0,0
00-0041145,Dominic Zvada,K,SPEC,2026,1,REG,NYG,DAL,0,0,0,0,0,0,0,0,0,0,,,0,0,0,0,0,,0,0,0,0,0,0,0,,,0,0,0,0,0,0,0,0,0,0,0
00-0041148,Aaron Hall,DT,DL,2026,1,REG,CAR,CHI,0,0,0,0,0,0,0,0,0,0,,,0,0,0,0,0,,0,0,0,0,0,0,0,,,0,0,0,0,0,0,0,0,0,0,0
00-0041167,Beau Gardner,LS,SPEC,2026,1,REG,CHI,CAR,0,0,0,0,0,0,0,0,0,0,,,0,0,0,0,0,,0,0,0,0,0,0,0,,,0,0,0,0,0,0,0,0,0,0,0
00-0041175,Skyler Thomas,SAF,DB,2026,1,REG,CHI,CAR,0,0,0,0,0,0,0,0,0,0,,,0,0,0,0,0,,0,0,0,0,0,0,0,,,0,0,0,0,0,0,0,0,0,0,0
00-0041182,Drew Stevens,K,SPEC,2026,1,REG,WAS,PHI,0,0,0,0,0,0,0,0,0,0,,,0,0,0,0,0,,0,0,0,0,0,0,0,,,0,0,0,0,0,0,0,0,0,0,0
00-0041227,Tahj Chambers,LB,LB,2026,1,REG,IND,BAL,0,0,0,0,0,0,0,0,0,0,,,0,0,0,0,0,,0,0,0,0,0,0,0,,,0,0,0,0,0,0,0,0,0,0,0
00-0041305,Sabastian Harsh,DE,DL,2026,1,REG,HOU,BUF,0,0,0,0,0,0,0,0,0,0,,,0,0,0,0,0,,0,0,0,0,0,0,0,,,0,0,0,0,0,0,0,0,0,0,0
00-0041320,Kenneth Harris,CB,DB,2026,1,REG,IND,BAL,0,0,0,0,0,0,0,0,0,0,,,0,0,0,0,0,,0,0,0,0,0,0,0,,,0,0,0,0,0,0,0,0,0,0,0
00-0041326,CJ Donaldson,RB,RB,2026,1,REG,NO,DET,0,0,0,0,0,0,0,0,0,0,,,2,4,0,2,0,0.91686132340692,1,2,-2,0,5,4,0,-1.28628242237028,-0.4,0.0384615384615385,0.010351966873706,0.0649386845039019,0,0,0,0,0,0,0.2,1.2
00-0041354,Jacob Thomas,SAF,DB,2026,1,REG,MIN,GB,0,0,0,0,0,0,0,0,0,0,,,0,0,0,0,0,,0,0,0,0,0,0,0,,,0,0,0,0,0,0,0,0,0,0,0
00-0041363,James Thompson Jr.,DT,DL,2026,1,REG,SF,LA,0,0,0,0,0,0,0,0,0,0,,,0,0,0,0,0,,0,0,0,0,0,0,0,,,0,0,0,0,0,0,0,0,0,0,0
00-0041390,Christen Miller,DT,DL,2026,1,REG,NO,DET,0,0,0,0,0,0,0,0,0,0,,,0,0,0,0,0,,0,0,0,0,0,0,0,,,0,0,0,0,0,0,0,0,0,0,0
00-0041391,Davison Igbinosun,CB,DB,2026,1,REG,BUF,HOU,0,0,0,0,0,0,0,0,0,0,,,0,0,0,0,0,,0,0,0,0,0,0,0,,,0,0,0,0,0,0,0,0,0,0,0
00-0041392,Jake Slaughter,C,OL,2026,1,REG,LAC,ARI,0,0,0,0,0,0,0,0,0,0,,,0,0,0,0,0,,0,0,0,0,0,0,0,,,0,0,0,0,0,0,0,0,0,0,0
00-0041393,Daylen Everette,CB,DB,2026,1,REG,PIT,ATL,0,0,0,0,0,0,0,0,0,0,,,0,0,0,0,0,,0,0,0,0,0,0,0,,,0,0,0,0,0,0,0,0,0,0,0
00-0041395,Eli Raridon,TE,TE,2026,1,REG,NE,SEA,0,0,0,0,0,0,0,0,0,0,,,0,0,0,0,0,,1,1,2,1,2,0,1,0.840626145160059,1,0.032258064516129,0.00904977375565611,0.0547219384031528,0,0,0,0,0,0,6.2,7.2
00-0041397,Kaden Wetjen,WR,WR,2026,1,REG,PIT,ATL,0,0,0,0,0,0,0,0,0,0,,,0,0,0,0,0,,0,0,0,0,0,0,0,,,0,0,0,0,0,0,0,0,0,0,0
00-0041398,Riley Nowakowski,FB,RB,2026,1,REG,PIT,ATL,0,0,0,0,0,0,0,0,0,0,,,0,0,0,0,0,,0,0,0,0,0,0,0,,,0,0,0,0,0,0,0,0,0,0,0
00-0041401,Robert Spears-Jennings,SAF,DB,2026,1,REG,PIT,ATL,0,0,0,0,0,0,0,0,0,0,,,0,0,0,0,0,,0,0,0,0,0,0,0,,,0,0,0,0,0,0,0,0,0,0,0
00-0041438,Carnell Tate,WR,WR,2026,1,REG,TEN,NYJ,0,0,0,0,0,0,0,0,0,0,,,0,0,0,0,0,,4,6,38,0,67,9,1,0.303613040363416,0.567164179104478,0.214285714285714,0.352631578947368,0.568270676691729,0,0,0,0,0,0,3.8,7.8
00-0041444,Kaleb Elarms-Orr,LB,LB,2026,1,REG,BUF,HOU,0,0,0,0,0,0,0,0,0,0,,,0,0,0,0,0,,0,0,0,0,0,0,0,,,0,0,0,0,0,0,0,0,0,0,0
00-0041445,Keith Abney II,CB,DB,2026,1,REG,DET,NO,0,0,0,0,0,0,0,0,0,0,,,0,0,0,0,0,,0,0,0,0,0,0,0,,,0,0,0,0,0,0,0,0,0,0,0
00-0041447,Skyler Gill-Howard,DT,DL,2026,1,REG,DET,NO,0,0,0,0,0,0,0,0,0,0,,,0,0,0,0,0,,0,0,0,0,0,0,0,,,0,0,0,0,0,0,0,0,0,0,0
00-0041459,Eric O'Neill,DE,DL,2026,1,REG,DET,NO,0,0,0,0,0,0,0,0,0,0,,,0,0,0,0,0,,0,0,0,0,0,0,0,,,0,0,0,0,0,0,0,0,0,0,0
00-0041464,Tacario Davis,CB,DB,2026,1,REG,CIN,TB,0,0,0,0,0,0,0,0,0,0,,,0,0,0,0,0,,0,0,0,0,0,0,0,,,0,0,0,0,0,0,0,0,0,0,0
00-0041465,Wade Woodaz,LB,LB,2026,1,REG,HOU,BUF,0,0,0,0,0,0,0,0,0,0,,,0,0,0,0,0,,0,0,0,0,0,0,0,,,0,0,0,0,0,0,0,0,0,0,0
00-0041469,Avieon Terrell,CB,DB,2026,1,REG,ATL,PIT,0,0,0,0,0,0,0,0,0,0,,,0,0,0,0,0,,0,0,0,0,0,0,0,,,0,0,0,0,0,0,0,0,0,0,0
00-0041470,Brandon Cisse,CB,DB,2026,1,REG,GB,MIN,0,0,0,0,0,0,0,0,0,0,,,0,0,0,0,0,,0,0,0,0,0,0,0,,,0,0,0,0,0,0,0,0,0,0,0
00-0041471,Emmanuel McNeil-Warren,SAF,DB,2026,1,REG,CLE,JAX,0,0,0,0,0,0,0,0,0,0,,,0,0,0,0,0,,0,0,0,0,0,0,0,,,0,0,0,0,0,0,0,0,0,0,0
00-0041472,Marlin Klein,TE,TE,2026,1,REG,HOU,BUF,0,0,0,0,0,0,0,0,0,0,,,0,0,0,0,0,,1,1,16,0,14,2,1,1.04552066372707,1.14285714285714,0.027027027027027,0.0434782608695652,0.0709753231492362,0,0,0,0,0,0,1.6,2.6
00-0041478,Lee Hunter,DT,DL,2026,1,REG,CAR,CHI,0,0,0,0,0,0,0,0,0,0,,,0,0,0,0,0,,0,0,0,0,0,0,0,,,0,0,0,0,0,0,0,0,0,0,0
00-0041479,Anthony Hill Jr.,LB,LB,2026,1,REG,TEN,NYJ,0,0,0,0,0,0,0,0,0,0,,,0,0,0,0,0,,0,0,0,0,0,0,0,,,0,0,0,0,0,0,0,0,0,0,0
00-0041490,Eli Heidenreich,RB,RB,2026,1,REG,PIT,ATL,0,0,0,0,0,0,0,0,0,0,,,0,0,0,0,0,,0,0,0,0,0,0,0,,,0,0,0,0,0,0,0,0,0,0,0
00-0041495,Jake Golday,LB,LB,2026,1,REG,MIN,GB,0,0,0,0,0,0,0,0,0,0,,,0,0,0,0,0,,0,0,0,0,0,0,0,,,0,0,0,0,0,0,0,0,0,0,0
00-0041496,Jonah Coleman,RB,RB,2026,1,REG,DEN,KC,0,0,0,0,0,0,0,0,0,0,,,0,0,0,0,0,,0,0,0,0,0,0,0,,,0,0,0,0,0,0,0,0,0,0,0
00-0041497,Jadon Canady,CB,DB,2026,1,REG,KC,DEN,0,0,0,0,0,0,0,0,0,0,,,0,0,0,0,0,,0,0,0,0,0,0,0,,,0,0,0,0,0,0,0,0,0,0,0
00-0041501,R Mason Thomas,DE,DL,2026,1,REG,KC,DEN,0,0,0,0,0,0,0,0,0,0,,,0,0,0,0,0,,0,0,0,0,0,0,0,,,0,0,0,0,0,0,0,0,0,0,0
00-0041502,Josiah Trotter,LB,LB,2026,1,REG,TB,CIN,0,0,0,0,0,0,0,0,0,0,,,0,0,0,0,0,,0,0,0,0,0,0,0,,,0,0,0,0,0,0,0,0,0,0,0
00-0041503,Nate Boerkircher,TE,TE,2026,1,REG,JAX,CLE,0,0,0,0,0,0,0,0,0,0,,,0,0,0,0,0,,1,1,9,0,2,7,0,0.931658236077055,4.5,0.0476190476190476,0.00826446280991736,0.0772136953955136,0,0,0,0,0,0,0.9,1.9
00-0041508,Keldric Faulk,DE,DL,2026,1,REG,TEN,NYJ,0,0,0,0,0,0,0,0,0,0,,,0,0,0,0,0,,0,0,0,0,0,0,0,,,0,0,0,0,0,0,0,0,0,0,0
00-0041509,Arvell Reese,LB,LB,2026,1,REG,NYG,DAL,0,0,0,0,0,0,0,0,0,0,,,0,0,0,0,0,,0,0,0,0,0,0,0,,,0,0,0,0,0,0,0,0,0,0,0
00-0041511,Omar Cooper Jr.,WR,WR,2026,1,REG,NYJ,TEN,0,0,0,0,0,0,0,0,0,0,,,0,0,0,0,0,,1,1,30,0,4,26,1,3.58215110830497,7.5,0.0434782608695652,0.0238095238095238,0.0818840579710145,0,0,0,0,0,0,3,4
00-0041512,Jadarian Price,RB,RB,2026,1,REG,SEA,NE,0,0,0,0,0,0,0,0,0,0,,,10,52,0,4,2,1.02588471770287,2,2,6,0,-1,7,0,-0.697155370609835,-6,0.0833333333333333,-0.00649350649350649,0.120454545454545,0,0,0,0,0,0,5.8,7.8
00-0041518,Bryce Boettcher,LB,LB,2026,1,REG,IND,BAL,0,0,0,0,0,0,0,0,0,0,,,0,0,0,0,0,,0,0,0,0,0,0,0,,,0,0,0,0,0,0,0,0,0,0,0
00-0041521,Kadyn Proctor,OT,OL,2026,1,REG,MIA,LV,0,0,0,0,0,0,0,0,0,0,,,0,0,0,0,0,,0,0,0,0,0,0,0,,,0,0,0,0,0,0,0,0,0,0,0
00-0041522,Jacob Rodriguez,LB,LB,2026,1,REG,MIA,LV,0,0,0,0,0,0,0,0,0,0,,,0,0,0,0,0,,0,0,0,0,0,0,0,,,0,0,0,0,0,0,0,0,0,0,0
00-0041523,Caleb Douglas,WR,WR,2026,1,REG,MIA,LV,0,0,0,0,0,0,0,0,0,0,,,0,0,0,0,0,,5,7,94,0,97,35,3,1.58381589963726,0.969072164948454,0.259259259259259,0.313915857605178,0.608629989212513,0,0,0,0,0,0,9.4,14.4
00-0041524,Will Kacmarek,TE,TE,2026,1,REG,MIA,LV,0,0,0,0,0,0,0,0,0,0,,,0,0,0,0,0,,0,1,0,0,6,0,0,-0.635939047206193,0,0.037037037037037,0.0194174757281553,0.0691477885652643,0,0,0,0,0,0,0,0
00-0041525,Chris Bell,WR,WR,2026,1,REG,MIA,LV,0,0,0,0,0,0,0,0,0,0,,,0,0,0,0,0,,1,2,25,0,42,3,1,1.47936001827475,0.595238095238095,0.0740740740740741,0.135922330097087,0.206256742179072,0,0,0,0,0,0,2.5,3.5
00-0041528,Michael Taaffe,SAF,DB,2026,1,REG,MIA,LV,0,0,0,0,0,0,0,0,0,0,,,0,0,0,0,0,,0,0,0,0,0,0,0,,,0,0,0,0,0,0,0,0,0,0,0
00-0041529,Kevin Coleman Jr.,WR,WR,2026,1,REG,MIA,LV,0,0,0,0,0,0,0,0,0,0,,,0,0,0,0,0,,0,2,0,0,24,0,0,-2.97507894452428,0,0.0740740740740741,0.0776699029126214,0.165480043149946,0,0,0,0,0,0,0,0
00-0041533,Chris Johnson,CB,DB,2026,1,REG,MIA,LV,0,0,0,0,0,0,0,0,0,0,,,0,0,0,0,0,,0,0,0,0,0,0,0,,,0,0,0,0,0,0,0,0,0,0,0
00-0041537,Malachi Lawrence,LB,LB,2026,1,REG,DAL,NYG,0,0,0,0,0,0,0,0,0,0,,,0,0,0,0,0,,0,0,0,0,0,0,0,,,0,0,0,0,0,0,0,0,0,0,0
00-0041538,Dillon Thieneman,SAF,DB,2026,1,REG,CHI,CAR,0,0,0,0,0,0,0,0,0,0,,,0,0,0,0,0,,0,0,0,0,0,0,0,,,0,0,0,0,0,0,0,0,0,0,0
00-0041543,Mansoor Delane,CB,DB,2026,1,REG,KC,DEN,0,0,0,0,0,0,0,0,0,0,,,0,0,0,0,0,,0,0,0,0,0,0,0,,,0,0,0,0,0,0,0,0,0,0,0
00-0041544,Akheem Mesidor,LB,LB,2026,1,REG,LAC,ARI,0,0,0,0,0,0,0,0,0,0,,,0,0,0,0,0,,0,0,0,0,0,0,0,,,0,0,0,0,0,0,0,0,0,0,0
00-0041545,Peter Woods,DT,DL,2026,1,REG,KC,DEN,0,0,0,0,0,0,0,0,0,0,,,0,0,0,0,0,,0,0,0,0,0,0,0,,,0,0,0,0,0,0,0,0,0,0,0
00-0041547,KC Concepcion,WR,WR,2026,1,REG,CLE,JAX,0,0,0,0,0,0,0,0,0,0,,,3,15,0,1,1,0.0786754116415978,4,5,43,0,63,15,2,-1.8038932220079,0.682539682539683,0.227272727272727,0.276315789473684,0.53433014354067,0,1,0,0,0,0,3.8,7.8
00-0041549,Darrell Jackson Jr.,DT,DL,2026,1,REG,NYJ,TEN,0,0,0,0,0,0,0,0,0,0,,,0,0,0,0,0,,0,0,0,0,0,0,0,,,0,0,0,0,0,0,0,0,0,0,0
00-0041569,Gabe Jacas,LB,LB,2026,1,REG,NE,SEA,0,0,0,0,0,0,0,0,0,0,,,0,0,0,0,0,,0,0,0,0,0,0,0,,,0,0,0,0,0,0,0,0,0,0,0
00-0041581,Brett Thorson,P,SPEC,2026,1,REG,MIN,GB,0,0,0,0,0,0,0,0,0,0,,,0,0,0,0,0,,0,0,0,0,0,0,0,,,0,0,0,0,0,0,0,0,0,0,0
,,,,2026,1,REG,SEA,NE,0,0,0,0,0,0,0,0,0,0,,,0,0,0,0,0,,0,0,0,0,0,0,0,,,0,0,0,0,0,0,0,0,0,0,0
00-0023459,Aaron Rodgers,QB,QB,2026,2,REG,PIT,NE,23,39,187,0,1,4,-43,209,130,10,-21.4094302124879,-6.41056704852316,1,5,0,0,0,0.23470135719981,0,0,0,0,0,0,0,,,0,0,0,0,0,1,0,0,0,3.98,3.98
00-0025565,Nick Folk,K,SPEC,2026,2,REG,ATL,CAR,0,0,0,0,0,0,0,0,0,0,,,0,0,0,0,0,,0,0,0,0,0,0,0,,,0,0,0,0,0,0,0,0,0,0,0
00-0026190,Calais Campbell,DE,DL,2026,2,REG,BAL,NO,0,0,0,0,0,0,0,0,0,0,,,0,0,0,0,0,,0,0,0,0,0,0,0,,,0,0,0,0,0,0,0,0,0,0,0
00-0026498,Matthew Stafford,QB,QB,2026,2,REG,LA,NYG,22,31,327,4,1,1,-9,331,127,15,18.633953401768,7.27263748645783,4,-1,0,0,0,-5.06525587034412,0,0,0,0,0,0,0,,,0,0,0,0,0,0,0,0,0,26.98,26.98
00-0027857,Trent Williams,OT,OL,2026,2,REG,SF,MIA,0,0,0,0,0,0,0,0,0,0,,,0,0,0,0,0,,0,0,0,0,0,0,0,,,0,0,0,0,0,0,0,0,0,0,0
00-0027940,Von Miller,OLB,LB,2026,2,REG,DAL,WAS,0,0,0,0,0,0,0,0,0,0,,,0,0,0,0,0,,0,0,0,0,0,0,0,,,0,0,0,0,0,0,0,0,0,0,0
00-0027962,Cameron Jordan,LB,LB,2026,2,REG,NO,BAL,0,0,0,0,0,0,0,0,0,0,,,0,0,0,0,0,,0,0,0,0,0,0,0,,,0,0,0,0,0,0,0,0,0,0,0
00-0027969,Cameron Heyward,DE,DL,2026,2,REG,PIT,NE,0,0,0,0,0,0,0,0,0,0,,,0,0,0,0,0,,0,0,0,0,0,0,0,,,0,0,0,0,0,0,0,0,0,0,0
00-0029604,Kirk Cousins,QB,QB,2026,2,REG,LV,LAC,19,29,253,3,1,2,-5,283,78,11,5.97274090570863,2.89057739849748,4,1,0,0,0,-2.05798425327521,0,0,0,0,0,0,0,,,0,0,0,0,0,0,0,0,0,20.22,20.22
00-0029606,Harrison Smith,FS,DB,2026,2,REG,MIN,CHI,0,0,0,0,0,0,0,0,0,0,,,0,0,0,0,0,,0,0,0,0,0,0,0,,,0,0,0,0,0,0,0,0,0,0,0
00-0029607,Demario Davis,OLB,LB,2026,2,REG,NYJ,GB,0,0,0,0,0,0,0,0,0,0,,,0,0,0,0,0,,0,0,0,0,0,0,0,,,0,0,0,0,0,0,0,0,0,0,0
00-0029692,Bryan Anger,P,SPEC,2026,2,REG,DAL,WAS,0,0,0,0,0,0,0,0,0,0,,,0,0,0,0,0,,0,0,0,0,0,0,0,,,0,0,0,0,0,0,0,0,0,0,0
00-0029714,Andrew DePaola,LS,SPEC,2026,2,REG,MIN,CHI,0,0,0,0,0,0,0,0,0,0,,,0,0,0,0,0,,0,0,0,0,0,0,0,,,0,0,0,0,0,0,0,0,0,0,0
00-0029892,Kyle Juszczyk,FB,RB,2026,2,REG,SF,MIA,0,0,0,0,0,0,0,0,0,0,,,0,0,0,0,0,,2,2,27,1,19,8,2,3.64390833571088,1.42105263157895,0.0952380952380952,0.105555555555556,0.216746031746032,0,0,0,0,0,0,8.7,10.7
00-0030070,John Jenkins,DT,DL,2026,2,REG,BAL,NO,0,0,0,0,0,0,0,0,0,0,,,0,0,0,0,0,,0,0,0,0,0,0,0,,,0,0,0,0,0,0,0,0,0,0,0
00-0030092,Sam Martin,P,SPEC,2026,2,REG,CAR,ATL,0,0,0,0,0,0,0,0,0,0,,,0,0,0,0,0,,0,0,0,0,0,0,0,,,0,0,0,0,0,0,0,0,0,0,0
00-0030140,Tress Way,P,SPEC,2026,2,REG,WAS,DAL,0,0,0,0,0,0,0,0,0,0,,,0,0,0,0,0,,0,0,0,0,0,0,0,,,0,0,0,0,0,0,0,0,0,0,0
00-0030279,Keenan Allen,WR,WR,2026,2,REG,IND,KC,0,0,0,0,0,0,0,0,0,0,,,0,0,0,0,0,,1,5,5,0,31,0,0,-7.63333810380843,0.161290322580645,0.166666666666667,0.191358024691358,0.383950617283951,0,0,0,0,0,0,0.5,1.5
00-0030294,Tony Jefferson,S,DB,2026,2,REG,LAC,LV,0,0,0,0,0,0,0,0,0,0,,,0,0,0,0,0,,0,0,0,0,0,0,0,,,0,0,0,0,0,0,0,0,0,0,0
00-0030506,Travis Kelce,TE,TE,2026,2,REG,KC,IND,0,0,0,0,0,0,0,0,0,0,,,0,0,0,0,0,,9,11,101,1,56,66,7,5.10771950898762,1.80357142857143,0.255813953488372,0.213740458015267,0.533339250843245,0,0,0,0,0,0,16.1,25.1
00-0030561,Lane Johnson,OT,OL,2026,2,REG,PHI,TEN,0,0,0,0,0,0,0,0,0,0,,,0,0,0,0,0,,0,0,0,0,0,0,0,,,0,0,0,0,0,0,0,0,0,0,0
00-0030565,Geno Smith,QB,QB,2026,2,REG,NYJ,GB,27,41,247,1,0,4,-29,251,160,11,4.28423701151041,5.86481971873177,5,17,0,1,0,-2.93676051928196,0,0,0,0,0,0,0,,,0,0,0,0,0,0,0,0,0,15.58,15.58
00-0031040,Khalil Mack,OLB,LB,2026,2,REG,LAC,LV,0,0,0,0,0,0,0,0,0,0,,,0,0,0,0,0,,0,0,0,0,0,0,0,,,0,0,0,0,0,0,0,0,0,0,0
00-0031054,DaQuan Jones,DE,DL,2026,2,REG,NE,PIT,0,0,0,0,0,0,0,0,0,0,,,0,0,0,0,0,,0,0,0,0,0,0,0,,,0,0,0,0,0,0,0,0,0,0,0
00-0031136,Chris Boswell,K,SPEC,2026,2,REG,PIT,NE,0,0,0,0,0,0,0,0,0,0,,,0,0,0,0,0,,0,0,0,0,0,0,0,,,0,0,0,0,0,0,0,0,0,0,0
00-0031203,Cairo Santos,K,SPEC,2026,2,REG,CHI,MIN,0,0,0,0,0,0,0,0,0,0,,,0,0,0,0,0,,0,0,0,0,0,0,0,,,0,0,0,0,0,0,0,0,0,0,0
00-0031270,Shelby Harris,DE,DL,2026,2,REG,NYG,LA,0,0,0,0,0,0,0,0,0,0,,,0,0,0,0,0,,0,0,0,0,0,0,0,,,0,0,0,0,0,0,0,0,0,0,0
00-0031279,Jake Matthews,OT,OL,2026,2,REG,ATL,CAR,0,0,0,0,0,0,0,0,0,0,,,0,0,0,0,0,,0,0,0,0,0,0,0,,,0,0,0,0,0,0,0,0,0,0,0
00-0031330,Morgan Moses,OT,OL,2026,2,REG,NE,PIT,0,0,0,0,0,0,0,0,0,0,,,0,0,0,0,0,,0,0,0,0,0,0,0,,,0,0,0,0,0,0,0,0,0,0,0
00-0031360,Kyle Van Noy,MLB,LB,2026,2,REG,MIN,CHI,0,0,0,0,0,0,0,0,0,0,,,0,0,0,0,0,,0,0,0,0,0,0,0,,,0,0,0,0,0,0,0,0,0,0,0
00-0031381,Davante Adams,WR,WR,2026,2,REG,LA,NYG,0,0,0,0,0,0,0,0,0,0,,,0,0,0,0,0,,8,10,195,2,198,46,7,11.7529493872426,0.984848484848485,0.333333333333333,0.598187311178248,0.918731117824773,0,0,0,0,0,0,31.5,39.5
00-0031388,Aaron Donald,DE,DL,2026,2,REG,LA,NYG,0,0,0,0,0,0,0,0,0,0,,,0,0,0,0,0,,0,0,0,0,0,0,0,,,0,0,0,0,0,0,0,0,0,0,0
00-0031408,Mike Evans,WR,WR,2026,2,REG,SF,MIA,0,0,0,0,0,0,0,0,0,0,,,0,0,0,0,0,,3,3,54,0,40,14,3,4.73052399620065,1.35,0.142857142857143,0.222222222222222,0.36984126984127,0,0,0,0,0,0,5.4,8.4
00-0031411,DeMarcus Lawrence,LB,LB,2026,2,REG,SEA,ARI,0,0,0,0,0,0,0,0,0,0,,,0,0,0,0,0,,0,0,0,0,0,0,0,,,0,0,0,0,0,0,0,0,0,0,0
00-0031492,Jason Myers,K,SPEC,2026,2,REG,SEA,ARI,0,0,0,0,0,0,0,0,0,0,,,0,0,0,0,0,,0,0,0,0,0,0,0,,,0,0,0,0,0,0,0,0,0,0,0
00-0031503,Jameis Winston,QB,QB,2026,2,REG,NYG,LA,11,27,111,0,1,2,-1,294,53,6,-16.4904649579566,-25.3325961254261,2,1,0,1,0,0.328010444180109,0,0,0,0,0,0,0,,,0,0,0,0,0,0,0,0,0,2.54,2.54
00-0031565,Danielle Hunter,DE,DL,2026,2,REG,HOU,CIN,0,0,0,0,0,0,0,0,0,0,,,0,0,0,0,0,,0,0,0,0,0,0,0,,,0,0,0,0,0,0,0,0,0,0,0
00-0031576,Za'Darius Smith,DE,DL,2026,2,REG,ATL,CAR,0,0,0,0,0,0,0,0,0,0,,,0,0,0,0,0,,0,0,0,0,0,0,0,,,0,0,0,0,0,0,0,0,0,0,0
00-0031583,Grady Jarrett,DT,DL,2026,2,REG,CHI,MIN,0,0,0,0,0,0,0,0,0,0,,,0,0,0,0,0,,0,0,0,0,0,0,0,,,0,0,0,0,0,0,0,0,0,0,0
00-0031588,Stefon Diggs,WR,WR,2026,2,REG,WAS,DAL,0,0,0,0,0,0,0,0,0,0,,,0,0,0,0,0,,5,6,47,2,72,4,4,5.55637339532148,0.652777777777778,0.176470588235294,0.200557103064067,0.405095854497788,0,0,0,0,0,0,16.7,21.7
00-0031610,Darren Waller,TE,TE,2026,2,REG,CAR,ATL,0,0,0,0,0,0,0,0,0,0,,,0,0,0,0,0,,3,3,33,2,26,7,3,5.5692339699599,1.26923076923077,0.09375,0.0836012861736334,0.199145900321543,0,0,0,0,0,0,15.3,18.3
00-0031898,Alex Singleton,LB,LB,2026,2,REG,DEN,JAX,0,0,0,0,0,0,0,0,0,0,,,0,0,0,0,0,,0,0,0,0,0,0,0,,,0,0,0,0,0,0,0,0,0,0,0
00-0031933,Leonard Williams,DE,DL,2026,2,REG,SEA,ARI,0,0,0,0,0,0,0,0,0,0,,,0,0,0,0,0,,0,0,0,0,0,0,0,,,0,0,0,0,0,0,0,0,0,0,0
00-0031957,Rakeem Nunez-Roches,DT,DL,2026,2,REG,TB,CLE,0,0,0,0,0,0,0,0,0,0,,,0,0,0,0,0,,0,0,0,0,0,0,0,,,0,0,0,0,0,0,0,0,0,0,0
00-0032065,Bradley Pinion,P,SPEC,2026,2,REG,MIA,SF,0,0,0,0,0,0,0,0,0,0,,,1,0,0,0,0,-3.22026351245586,0,0,0,0,0,0,0,,,0,0,0,0,0,0,0,0,0,0,0
00-0032071,Trent Brown,OT,OL,2026,2,REG,HOU,CIN,0,0,0,0,0,0,0,0,0,0,,,0,0,0,0,0,,0,0,0,0,0,0,0,,,0,0,0,0,0,0,0,0,0,0,0
00-0032104,Ameer Abdullah,RB,RB,2026,2,REG,JAX,DEN,0,0,0,0,0,0,0,0,0,0,,,3,11,0,2,0,0.560814540600404,1,1,2,0,-6,8,0,-0.403705245116726,-0.333333333333333,0.0357142857142857,-0.0198675496688742,0.0396641438032166,0,0,0,0,0,0,1.3,2.3
00-0032146,Bud Dupree,OLB,LB,2026,2,REG,LAC,LV,0,0,0,0,0,0,0,0,0,0,,,0,0,0,0,0,,0,0,0,0,0,0,0,,,0,0,0,0,0,0,0,0,0,0,0
00-0032164,Arik Armstead,DT,DL,2026,2,REG,JAX,DEN,0,0,0,0,0,0,0,0,0,0,,,0,0,0,0,0,,0,0,0,0,0,0,0,,,0,0,0,0,0,0,0,0,0,0,0
00-0032265,Mario Edwards,DT,DL,2026,2,REG,HOU,CIN,0,0,0,0,0,0,0,0,0,0,,,0,0,0,0,0,,0,0,0,0,0,0,0,,,0,0,0,0,0,0,0,0,0,0,0
00-0032268,Marcus Mariota,QB,QB,2026,2,REG,WAS,DAL,11,16,111,1,0,0,0,187,37,7,6.73201822161098,8.00724439322949,1,3,0,1,0,-0.0667867003940046,0,0,0,0,0,0,0,,,0,0,0,0,0,0,0,0,0,8.74,8.74
00-0032378,DeForest Buckner,DT,DL,2026,2,REG,IND,KC,0,0,0,0,0,0,0,0,0,0,,,0,0,0,0,0,,0,0,0,0,0,0,0,,,0,0,0,0,0,0,0,0,0,0,0
00-0032387,Jarran Reed,DT,DL,2026,2,REG,SEA,ARI,0,0,0,0,0,0,0,0,0,0,,,0,0,0,0,0,,0,0,0,0,0,0,0,,,0,0,0,0,0,0,0,0,0,0,0
00-0032392,Austin Hooper,TE,TE,2026,2,REG,ATL,CAR,0,0,0,0,0,0,0,0,0,0,,,0,0,0,0,0,,2,4,20,0,13,15,2,1.57264766545268,1.53846153846154,0.129032258064516,0.0817610062893082,0.25078109149929,0,0,0,0,0,0,2,4
00-0032398,Chris Moore,WR,WR,2026,2,REG,BAL,NO,0,0,0,0,0,0,0,0,0,0,,,0,0,0,0,0,,1,3,6,0,93,0,1,-1.93360796011984,0.0645161290322581,0.103448275862069,0.289719626168224,0.35797615211086,0,0,0,0,0,0,0.6,1.6
00-0032424,DJ Reader,DT,DL,2026,2,REG,NYG,LA,0,0,0,0,0,0,0,0,0,0,,,0,0,0,0,0,,0,0,0,0,0,0,0,,,0,0,0,0,0,0,0,0,0,0,0
00-0032445,Ted Karras,C,OL,2026,2,REG,CIN,HOU,0,0,0,0,0,0,0,0,0,0,,,0,0,0,0,0,,0,0,0,0,0,0,0,,,0,0,0,0,0,0,0,0,0,0,0
00-0032464,Kalif Raymond,WR,WR,2026,2,REG,CHI,MIN,0,0,0,0,0,0,0,0,0,0,,,0,0,0,0,0,,5,5,40,0,7,33,2,5.18972944156849,5.71428571428571,0.166666666666667,0.037037037037037,0.275925925925926,0,0,0,0,0,0,4,9
00-0032569,Wil Lutz,K,SPEC,2026,2,REG,DEN,JAX,0,0,0,0,0,0,0,0,0,0,,,0,0,0,0,0,,0,0,0,0,0,0,0,,,0,0,0,0,0,0,0,0,0,0,0
00-0032726,Ka'imi Fairbairn,K,SPEC,2026,2,REG,HOU,CIN,0,0,0,0,0,0,0,0,0,0,,,0,0,0,0,0,,0,0,0,0,0,0,0,,,0,0,0,0,0,0,0,0,0,0,0
00-0032759,Sheldon Rankins,DT,DL,2026,2,REG,HOU,CIN,0,0,0,0,0,0,0,0,0,0,,,0,0,0,0,0,,0,0,0,0,0,0,0,,,0,0,0,0,0,0,0,0,0,0,0
00-0032762,Chris Jones,DE,DL,2026,2,REG,KC,IND,0,0,0,0,0,0,0,0,0,0,,,0,0,0,0,0,,0,0,0,0,0,0,0,,,0,0,0,0,0,0,0,0,0,0,0
00-0032764,Derrick Henry,RB,RB,2026,2,REG,BAL,NO,0,0,0,0,0,0,0,0,0,0,,,16,68,1,5,0,2.90964314161101,3,3,19,0,-13,32,1,0.207428513327613,-1.46153846153846,0.103448275862069,-0.0404984423676012,0.126823504135783,0,0,0,0,0,0,14.7,17.7
00-0032775,Demarcus Robinson,WR,WR,2026,2,REG,SF,MIA,0,0,0,0,0,0,0,0,0,0,,,0,0,0,0,0,,3,3,34,0,27,7,3,3.36045677351649,1.25925925925926,0.142857142857143,0.15,0.319285714285714,0,0,0,0,0,0,3.4,6.4
00-0032889,A'Shawn Robinson,DT,DL,2026,2,REG,TB,CLE,0,0,0,0,0,0,0,0,0,0,,,0,0,0,0,0,,0,0,0,0,0,0,0,,,0,0,0,0,0,0,0,0,0,0,0
00-0032943,Riley Dixon,P,SPEC,2026,2,REG,TB,CLE,0,0,0,0,0,0,0,0,0,0,,,0,0,0,0,0,,0,0,0,0,0,0,0,,,0,0,0,0,0,0,0,0,0,0,0
00-0032950,Carson Wentz,QB,QB,2026,2,REG,MIN,CHI,11,20,143,0,0,3,-16,157,70,6,0.513303766384119,-8.32055571832155,3,6,0,1,0,-2.15216757089365,0,0,0,0,0,0,0,,,0,0,0,0,0,0,0,0,0,6.32,6.32
00-0032951,Laquon Treadwell,WR,WR,2026,2,REG,IND,KC,0,0,0,0,0,0,0,0,0,0,,,0,0,0,0,0,,3,3,61,0,54,7,1,3.56498473556712,1.12962962962963,0.1,0.333333333333333,0.383333333333333,0,0,0,0,0,0,6.1,9.1
00-0033038,Eric Murray,S,DB,2026,2,REG,JAX,DEN,0,0,0,0,0,0,0,0,0,0,,,0,0,0,0,0,,0,0,0,0,0,0,0,,,0,0,0,0,0,0,0,0,0,0,0
00-0033055,Jalen Ramsey,CB,DB,2026,2,REG,PIT,NE,0,0,0,0,0,0,0,0,0,0,,,0,0,0,0,0,,0,0,0,0,0,0,0,,,0,0,0,0,0,0,0,0,0,0,0
00-0033077,Dak Prescott,QB,QB,2026,2,REG,DAL,WAS,26,31,279,4,0,2,-13,244,88,16,15.1040259846231,18.0240679171778,4,26,0,2,1,1.89160879759584,0,0,0,0,0,0,0,,,0,0,0,0,0,0,0,0,0,29.76,29.76
00-0033090,Hunter Henry,TE,TE,2026,2,REG,NE,PIT,0,0,0,0,0,0,0,0,0,0,,,0,0,0,0,0,,3,5,40,0,57,18,1,-2.86921163613442,0.701754385964912,0.238095238095238,0.290816326530612,0.560714285714286,0,0,0,0,0,0,4,7
00-0033093,Jonathan Bullard,DE,DL,2026,2,REG,DAL,WAS,0,0,0,0,0,0,0,0,0,0,,,0,0,0,0,0,,0,0,0,0,0,0,0,,,0,0,0,0,0,0,0,0,0,0,0
00-0033106,Jared Goff,QB,QB,2026,2,REG,DET,BUF,26,38,327,4,0,4,-38,337,126,19,18.5762867453741,5.99711796170787,3,7,0,0,0,-2.15346481953748,0,0,0,0,0,0,0,,,0,0,0,0,0,0,0,0,0,29.78,29.78
00-0033119,Jacoby Brissett,QB,QB,2026,2,REG,ARI,SEA,17,28,95,1,1,2,-14,109,58,4,-8.08428018429549,-5.56912662891241,1,7,0,0,0,-0.772654672968201,0,0,0,0,0,0,0,,,0,0,0,0,0,0,0,0,0,6.5,6.5
00-0033120,Kenny Clark,NT,DL,2026,2,REG,DAL,WAS,0,0,0,0,0,0,0,0,0,0,,,0,0,0,0,0,,0,0,0,0,0,0,0,,,0,0,0,0,0,0,0,0,0,0,0
00-0033131,Maliek Collins,DT,DL,2026,2,REG,CLE,TB,0,0,0,0,0,0,0,0,0,0,,,0,0,0,0,0,,0,0,0,0,0,0,0,,,0,0,0,0,0,0,0,0,0,0,0
00-0033132,Kevin Byard,FS,DB,2026,2,REG,NE,PIT,0,0,0,0,0,0,0,0,0,0,,,0,0,0,0,0,,0,0,0,0,0,0,0,,,0,0,0,0,0,0,0,0,0,0,0
00-0033246,Johnny Mundt,TE,TE,2026,2,REG,PHI,TEN,0,0,0,0,0,0,0,0,0,0,,,0,0,0,0,0,,2,3,8,0,8,3,0,-1.76260289526545,1,0.0882352941176471,0.0273972602739726,0.151531023368251,0,0,0,0,0,0,0.8,2.8
00-0033260,Thomas Hennessy,LS,SPEC,2026,2,REG,NYJ,GB,0,0,0,0,0,0,0,0,0,0,,,0,0,0,0,0,,0,0,0,0,0,0,0,,,0,0,0,0,0,0,0,0,0,0,0
00-0033269,Rigoberto Sanchez,P,SPEC,2026,2,REG,IND,KC,0,0,0,0,0,0,0,0,0,0,,,0,0,0,0,0,,0,0,0,0,0,0,0,,,0,0,0,0,0,0,0,0,0,0,0
00-0033280,Christian McCaffrey,RB,RB,2026,2,REG,SF,MIA,0,0,0,0,0,0,0,0,0,0,,,10,23,2,2,0,-0.563817018235568,4,4,43,0,11,32,4,5.50573469500523,3.90909090909091,0.19047619047619,0.0611111111111111,0.328492063492064,0,0,0,0,0,0,18.6,22.6
00-0033281,Marlon Humphrey,CB,DB,2026,2,REG,BAL,NO,0,0,0,0,0,0,0,0,0,0,,,0,0,0,0,0,,0,0,0,0,0,0,0,,,0,0,0,0,0,0,0,0,0,0,0
00-0033288,George Kittle,TE,TE,2026,2,REG,SF,MIA,0,0,0,0,0,0,0,0,0,0,,,0,0,0,0,0,,4,4,80,1,50,30,3,5.76795010227943,1.6,0.19047619047619,0.277777777777778,0.48015873015873,0,0,0,0,0,0,14,18
00-0033293,Aaron Jones,RB,RB,2026,2,REG,MIN,CHI,0,0,0,0,0,0,0,0,0,0,,,23,105,0,3,2,-2.35539375984808,0,0,0,0,0,0,0,,,0,0,0,0,0,0,0,0,0,10.5,10.5
00-0033294,Chuck Clark,SAF,DB,2026,2,REG,DET,BUF,0,0,0,0,0,0,0,0,0,0,,,0,0,0,0,0,,0,0,0,0,0,0,0,,,0,0,0,0,0,0,0,0,0,0,0
00-0033297,D.J. Jones,DT,DL,2026,2,REG,DEN,JAX,0,0,0,0,0,0,0,0,0,0,,,0,0,0,0,0,,0,0,0,0,0,0,0,,,0,0,0,0,0,0,0,0,0,0,0
00-0033303,Harrison Butker,K,SPEC,2026,2,REG,KC,IND,0,0,0,0,0,0,0,0,0,0,,,0,0,0,0,0,,0,0,0,0,0,0,0,,,0,0,0,0,0,0,0,0,0,0,0
00-0033307,Kendrick Bourne,WR,WR,2026,2,REG,ARI,SEA,0,0,0,0,0,0,0,0,0,0,,,0,0,0,0,0,,2,3,11,0,10,4,0,-1.72605081752408,1.1,0.115384615384615,0.091743119266055,0.237297106563162,0,0,0,0,0,0,1.1,3.1
00-0033336,Eric Wilson,LB,LB,2026,2,REG,MIN,CHI,0,0,0,0,0,0,0,0,0,0,,,0,0,0,0,0,,0,0,0,0,0,0,0,,,0,0,0,0,0,0,0,0,0,0,0
00-0033381,Adam Butler,DT,DL,2026,2,REG,LV,LAC,0,0,0,0,0,0,0,0,0,0,,,0,0,0,0,0,,0,0,0,0,0,0,0,,,0,0,0,0,0,0,0,0,0,0,0
00-0033523,Jonathan Allen,DT,DL,2026,2,REG,CIN,HOU,0,0,0,0,0,0,0,0,0,0,,,0,0,0,0,0,,0,0,0,0,0,0,0,,,0,0,0,0,0,0,0,0,0,0,0
00-0033526,Samaje Perine,RB,RB,2026,2,REG,CIN,HOU,0,0,0,0,0,0,0,0,0,0,,,2,6,0,0,0,-0.914070595288649,1,1,16,0,7,9,1,2.52036335400771,2.28571428571429,0.032258064516129,0.0404624277456647,0.0767107961961589,0,0,0,0,0,0,2.2,3.2
00-0033537,Deshaun Watson,QB,QB,2026,2,REG,CLE,TB,24,30,238,2,0,2,-15,108,163,10,10.3738102972507,6.42843763033549,7,22,0,2,0,1.4642875273712,0,0,0,0,0,0,0,,,0,0,0,0,0,0,0,0,0,19.72,19.72
00-0033546,Dalvin Tomlinson,DE,DL,2026,2,REG,LAC,LV,0,0,0,0,0,0,0,0,0,0,,,0,0,0,0,0,,0,0,0,0,0,0,0,,,0,0,0,0,0,0,0,0,0,0,0
00-0033551,Rasul Douglas,CB,DB,2026,2,REG,WAS,DAL,0,0,0,0,0,0,0,0,0,0,,,0,0,0,0,0,,0,0,0,0,0,0,0,,,0,0,0,0,0,0,0,0,0,0,0
00-0033555,Mack Hollins,WR,WR,2026,2,REG,NE,PIT,0,0,0,0,0,0,0,0,0,0,,,0,0,0,0,0,,2,2,18,0,12,6,1,1.0692280260846,1.5,0.0952380952380952,0.0612244897959184,0.185714285714286,0,0,0,0,0,0,1.8,3.8
00-0033576,Eric Saubert,TE,TE,2026,2,REG,SEA,ARI,0,0,0,0,0,0,0,0,0,0,,,0,0,0,0,0,,1,1,-10,0,-10,0,0,-1.63183920487063,0,0.0384615384615385,-0.0440528634361234,0.0268553032870214,0,0,0,0,0,0,-1,0
00-0033579,Xavier Woods,FS,DB,2026,2,REG,CHI,MIN,0,0,0,0,0,0,0,0,0,0,,,0,0,0,0,0,,0,0,0,0,0,0,0,,,0,0,0,0,0,0,0,0,0,0,0
00-0033662,Cooper Rush,QB,QB,2026,2,REG,ATL,CAR,10,17,86,0,2,1,-3,106,54,6,-12.1910760655409,-16.8088516768287,2,20,0,1,1,-2.98615755001083,0,0,0,0,0,0,0,,,0,0,0,1,0,0,0,0,0,-0.56,-0.56
00-0033729,Cameron Johnston,P,SPEC,2026,2,REG,PIT,NE,0,0,0,0,0,0,0,0,0,0,,,0,0,0,0,0,,0,0,0,0,0,0,0,,,0,0,0,0,0,0,0,0,0,0,0
00-0033787,Jake Elliott,K,SPEC,2026,2,REG,PHI,TEN,0,0,0,0,0,0,0,0,0,0,,,0,0,0,0,0,,0,0,0,0,0,0,0,,,0,0,0,0,0,0,0,0,0,0,0
00-0033860,Davon Godchaux,DT,DL,2026,2,REG,NO,BAL,0,0,0,0,0,0,0,0,0,0,,,0,0,0,0,0,,0,0,0,0,0,0,0,,,0,0,0,0,0,0,0,0,0,0,0
00-0033870,Solomon Thomas,DT,DL,2026,2,REG,TEN,PHI,0,0,0,0,0,0,0,0,0,0,,,0,0,0,0,0,,0,0,0,0,0,0,0,,,0,0,0,0,0,0,0,0,0,0,0
00-0033873,Patrick Mahomes,QB,QB,2026,2,REG,KC,IND,32,47,382,3,0,2,-11,262,220,19,13.4245551243568,3.73128153557001,2,17,0,1,1,0.492859988065902,0,0,0,0,0,0,0,,,0,0,0,0,0,0,0,0,0,28.98,28.98
00-0033876,Derek Barnett,DE,DL,2026,2,REG,CLE,TB,0,0,0,0,0,0,0,0,0,0,,,0,0,0,0,0,,0,0,0,0,0,0,0,,,0,0,0,0,0,0,0,0,0,0,0
00-0033881,Evan Engram,TE,TE,2026,2,REG,DEN,JAX,0,0,0,0,0,0,0,0,0,0,,,0,0,0,0,0,,1,1,17,0,17,0,1,1.01084500644356,1,0.0344827586206897,0.0634328358208955,0.0961271230056613,0,0,0,0,0,0,1.7,2.7
00-0033885,David Njoku,TE,TE,2026,2,REG,LAC,LV,0,0,0,0,0,0,0,0,0,0,,,0,0,0,0,0,,1,3,9,0,25,8,0,-4.73688694671728,0.36,0.115384615384615,0.0929368029739777,0.238132685158707,0,0,0,0,0,0,0.9,1.9
00-0033886,T.J. Watt,OLB,LB,2026,2,REG,PIT,NE,0,0,0,0,0,0,0,0,0,0,,,0,0,0,0,0,,0,0,0,0,0,0,0,,,0,0,0,0,0,0,0,0,0,0,0
00-0033890,Budda Baker,S,DB,2026,2,REG,ARI,SEA,0,0,0,0,0,0,0,0,0,0,,,0,0,0,0,0,,0,0,0,0,0,0,0,,,0,0,0,0,0,0,0,0,0,0,0
00-0033906,Alvin Kamara,RB,RB,2026,2,REG,NO,BAL,0,0,0,0,0,0,0,0,0,0,,,9,15,0,1,0,-3.78834946046118,5,6,7,0,-6,14,0,-3.49666708509903,-1.16666666666667,0.1875,-0.028169014084507,0.261531690140845,0,0,0,0,0,0,2.2,7.2
00-0033908,Cooper Kupp,WR,WR,2026,2,REG,SEA,ARI,0,0,0,0,0,0,0,0,0,0,,,0,0,0,0,0,,2,2,20,0,14,6,1,0.237160971679259,1.42857142857143,0.0769230769230769,0.0616740088105727,0.158556421552016,0,0,0,0,0,0,2,4
00-0033914,Alex Anzalone,MLB,LB,2026,2,REG,TB,CLE,0,0,0,0,0,0,0,0,0,0,,,0,0,0,0,0,,0,0,0,0,0,0,0,,,0,0,0,0,0,0,0,0,0,0,0
00-0033918,Fabian Moreau,CB,DB,2026,2,REG,WAS,DAL,0,0,0,0,0,0,0,0,0,0,,,0,0,0,0,0,,0,0,0,0,0,0,0,,,0,0,0,0,0,0,0,0,0,0,0
00-0033921,Chris Godwin Jr.,WR,WR,2026,2,REG,TB,CLE,0,0,0,0,0,0,0,0,0,0,,,1,12,0,1,1,0.47688365355134,3,3,46,0,33,13,3,3.90023174835369,1.39393939393939,0.0909090909090909,0.0783847980997625,0.19123299503347,0,0,0,0,0,0,5.8,8.8
00-0033928,Jourdan Lewis,CB,DB,2026,2,REG,JAX,DEN,0,0,0,0,0,0,0,0,0,0,,,0,0,0,0,0,,0,0,0,0,0,0,0,,,0,0,0,0,0,0,0,0,0,0,0
00-0033935,Trey Hendrickson,LB,LB,2026,2,REG,BAL,NO,0,0,0,0,0,0,0,0,0,0,,,0,0,0,0,0,,0,0,0,0,0,0,0,,,0,0,0,0,0,0,0,0,0,0,0
00-0033941,Rayshawn Jenkins,DB,DB,2026,2,REG,PIT,NE,0,0,0,0,0,0,0,0,0,0,,,0,0,0,0,0,,0,0,0,0,0,0,0,,,0,0,0,0,0,0,0,0,0,0,0
00-0033945,Samson Ebukam,DE,DL,2026,2,REG,ATL,CAR,0,0,0,0,0,0,0,0,0,0,,,0,0,0,0,0,,0,0,0,0,0,0,0,,,0,0,0,0,0,0,0,0,0,0,0
00-0033952,Grover Stewart,DT,DL,2026,2,REG,IND,KC,0,0,0,0,0,0,0,0,0,0,,,0,0,0,0,0,,0,0,0,0,0,0,0,,,0,0,0,0,0,0,0,0,0,0,0
00-0034112,Austin Schlottmann,C,OL,2026,2,REG,TEN,PHI,0,0,0,0,0,0,0,0,0,0,,,0,0,0,0,0,,0,0,0,0,0,0,0,,,0,0,0,0,0,0,0,0,0,0,0
00-0034160,Michael Dickson,P,SPEC,2026,2,REG,SEA,ARI,0,0,0,0,0,0,0,0,0,0,,,0,0,0,0,0,,0,0,0,0,0,0,0,,,0,0,0,0,0,0,0,0,0,0,0
00-0034161,Daniel Carlson,K,SPEC,2026,2,REG,NO,BAL,0,0,0,0,0,0,0,0,0,0,,,0,0,0,0,0,,0,0,0,0,0,0,0,,,0,0,0,0,0,0,0,0,0,0,0
00-0034162,J.K. Scott,P,SPEC,2026,2,REG,LAC,LV,0,0,0,0,0,0,0,0,0,0,,,0,0,0,0,0,,0,0,0,0,0,0,0,,,0,0,0,0,0,0,0,0,0,0,0
00-0034163,Jacob Martin,DE,DL,2026,2,REG,TEN,PHI,0,0,0,0,0,0,0,0,0,0,,,0,0,0,0,0,,0,0,0,0,0,0,0,,,0,0,0,0,0,0,0,0,0,0,0
00-0034173,Eddy Pineiro,K,SPEC,2026,2,REG,SF,MIA,0,0,0,0,0,0,0,0,0,0,,,0,0,0,0,0,,0,0,0,0,0,0,0,,,0,0,0,0,0,0,0,0,0,0,0
00-0034234,Poona Ford,DT,DL,2026,2,REG,LA,NYG,0,0,0,0,0,0,0,0,0,0,,,0,0,0,0,0,,0,0,0,0,0,0,0,,,0,0,0,0,0,0,0,0,0,0,0
00-0034248,Elijah Campbell,DB,DB,2026,2,REG,NYG,LA,0,0,0,0,0,0,0,0,0,0,,,0,0,0,0,0,,0,0,0,0,0,0,0,,,0,0,0,0,0,0,0,0,0,0,0
00-0034275,Foley Fatukasi,DT,DL,2026,2,REG,LV,LAC,0,0,0,0,0,0,0,0,0,0,,,0,0,0,0,0,,0,0,0,0,0,0,0,,,0,0,0,0,0,0,0,0,0,0,0
00-0034278,Tremon Smith,CB,DB,2026,2,REG,HOU,CIN,0,0,0,0,0,0,0,0,0,0,,,0,0,0,0,0,,0,0,0,0,0,0,0,,,0,0,0,0,0,0,0,0,0,0,0
00-0034285,Zach Sieler,DE,DL,2026,2,REG,MIA,SF,0,0,0,0,0,0,0,0,0,0,,,0,0,0,0,0,,0,0,0,0,0,0,0,,,0,0,0,0,0,0,0,0,0,0,0
00-0034320,Kentavius Street,DE,DL,2026,2,REG,CHI,MIN,0,0,0,0,0,0,0,0,0,0,,,0,0,0,0,0,,0,0,0,0,0,0,0,,,0,0,0,0,0,0,0,0,0,0,0
00-0034333,Daron Payne,NT,DL,2026,2,REG,WAS,DAL,0,0,0,0,0,0,0,0,0,0,,,0,0,0,0,0,,0,0,0,0,0,0,0,,,0,0,0,0,0,0,0,0,0,0,0
00-0034348,Courtland Sutton,WR,WR,2026,2,REG,DEN,JAX,0,0,0,0,0,0,0,0,0,0,,,0,0,0,0,0,,3,4,25,0,31,2,1,-2.51810322864912,0.806451612903226,0.137931034482759,0.115671641791045,0.287866700977869,0,0,0,0,0,0,2.5,5.5
00-0034350,Uchenna Nwosu,LB,LB,2026,2,REG,SEA,ARI,0,0,0,0,0,0,0,0,0,0,,,0,0,0,0,0,,0,0,0,0,0,0,0,,,0,0,0,0,0,0,0,0,0,0,0
00-0034351,Dallas Goedert,TE,TE,2026,2,REG,PHI,TEN,0,0,0,0,0,0,0,0,0,0,,,0,0,0,0,0,,1,2,4,0,4,0,0,-0.617143890471198,1,0.0588235294117647,0.0136986301369863,0.0978243352135375,0,0,0,0,0,0,0.4,1.4
00-0034356,Donte Jackson,CB,DB,2026,2,REG,LAC,LV,0,0,0,0,0,0,0,0,0,0,,,0,0,0,0,0,,0,0,0,0,0,0,0,,,0,0,0,0,0,0,0,0,0,0,0
00-0034361,Justin Reid,S,DB,2026,2,REG,NO,BAL,0,0,0,0,0,0,0,0,0,0,,,0,0,0,0,0,,0,0,0,0,0,0,0,,,0,0,0,0,0,0,0,0,0,0,0
00-0034365,Ian Thomas,TE,TE,2026,2,REG,LV,LAC,0,0,0,0,0,0,0,0,0,0,,,0,0,0,0,0,,1,1,11,0,1,10,1,0.721764938673005,11,0.0344827586206897,0.00353356890459364,0.05419763616425,0,0,0,0,0,0,1.1,2.1
00-0034373,Dorance Armstrong,DE,DL,2026,2,REG,WAS,DAL,0,0,0,0,0,0,0,0,0,0,,,0,0,0,0,0,,0,0,0,0,0,0,0,,,0,0,0,0,0,0,0,0,0,0,0
00-0034376,Taron Johnson,CB,DB,2026,2,REG,LV,LAC,0,0,0,0,0,0,0,0,0,0,,,0,0,0,0,0,,0,0,0,0,0,0,0,,,0,0,0,0,0,0,0,0,0,0,0
00-0034377,Avonte Maddox,FS,DB,2026,2,REG,DET,BUF,0,0,0,0,0,0,0,0,0,0,,,0,0,0,0,0,,0,0,0,0,0,0,0,,,0,0,0,0,0,0,0,0,0,0,0
00-0034381,Josh Sweat,LB,LB,2026,2,REG,ARI,SEA,0,0,0,0,0,0,0,0,0,0,,,0,0,0,0,0,,0,0,0,0,0,0,0,,,0,0,0,0,0,0,0,0,0,0,0
00-0034383,Dalton Schultz,TE,TE,2026,2,REG,HOU,CIN,0,0,0,0,0,0,0,0,0,0,,,0,0,0,0,0,,12,14,140,0,104,63,6,7.4916954839917,1.34615384615385,0.28,0.218947368421053,0.573263157894737,0,0,0,0,0,0,14,26
00-0034384,D.J. Reed,CB,DB,2026,2,REG,DET,BUF,0,0,0,0,0,0,0,0,0,0,,,0,0,0,0,0,,0,0,0,0,0,0,0,,,0,0,0,0,0,0,0,0,0,0,0
00-0034391,Siran Neal,DB,DB,2026,2,REG,SF,MIA,0,0,0,0,0,0,0,0,0,0,,,0,0,0,0,0,,0,0,0,0,0,0,0,,,0,0,0,0,0,0,0,0,0,0,0
00-0034397,Tim Settle,DT,DL,2026,2,REG,WAS,DAL,0,0,0,0,0,0,0,0,0,0,,,0,0,0,0,0,,0,0,0,0,0,0,0,,,0,0,0,0,0,0,0,0,0,0,0
00-0034413,Foyesade Oluokun,LB,LB,2026,2,REG,JAX,DEN,0,0,0,0,0,0,0,0,0,0,,,0,0,0,0,0,,0,0,0,0,0,0,0,,,0,0,0,0,0,0,0,0,0,0,0
00-0034419,Braxton Berrios,WR,WR,2026,2,REG,NYG,LA,0,0,0,0,0,0,0,0,0,0,,,0,0,0,0,0,,0,0,0,0,0,0,0,,,0,0,0,0,0,0,0,0,0,0,0
00-0034431,Zaire Franklin,OLB,LB,2026,2,REG,GB,NYJ,0,0,0,0,0,0,0,0,0,0,,,0,0,0,0,0,,0,0,0,0,0,0,0,,,0,0,0,0,0,0,0,0,0,0,0
00-0034437,Logan Cooke,P,SPEC,2026,2,REG,JAX,DEN,0,0,0,0,0,0,0,0,0,0,,,0,0,0,0,0,,0,0,0,0,0,0,0,,,0,0,0,0,0,0,0,0,0,0,0
00-0034446,Jalen Davis,CB,DB,2026,2,REG,CIN,HOU,0,0,0,0,0,0,0,0,0,0,,,0,0,0,0,0,,0,0,0,0,0,0,0,,,0,0,0,0,0,0,0,0,0,0,0
00-0034465,Jeremy Reaves,DB,DB,2026,2,REG,WAS,DAL,0,0,0,0,0,0,0,0,0,0,,,0,0,0,0,0,,0,0,0,0,0,0,0,,,0,0,0,0,0,0,0,0,0,0,0
00-0034473,Dennis Gardeck,LB,LB,2026,2,REG,JAX,DEN,0,0,0,0,0,0,0,0,0,0,,,0,0,0,0,0,,0,0,0,0,0,0,0,,,0,0,0,0,0,0,0,0,0,0,0
00-0034485,Jonathan Owens,SAF,DB,2026,2,REG,IND,KC,0,0,0,0,0,0,0,0,0,0,,,0,0,0,0,0,,0,0,0,0,0,0,0,,,0,0,0,0,0,0,0,0,0,0,0
00-0034573,Charvarius Ward,CB,DB,2026,2,REG,IND,KC,0,0,0,0,0,0,0,0,0,0,,,0,0,0,0,0,,0,0,0,0,0,0,0,,,0,0,0,0,0,0,0,0,0,0,0
00-0034673,Tremaine Edmunds,MLB,LB,2026,2,REG,NYG,LA,0,0,0,0,0,0,0,0,0,0,,,0,0,0,0,0,,0,0,0,0,0,0,0,,,0,0,0,0,0,0,0,0,0,0,0
00-0034675,Jessie Bates,FS,DB,2026,2,REG,ATL,CAR,0,0,0,0,0,0,0,0,0,0,,,0,0,0,0,0,,0,0,0,0,0,0,0,,,0,0,0,0,0,0,0,0,0,0,0
00-0034720,Robert Spillane,LB,LB,2026,2,REG,NE,PIT,0,0,0,0,0,0,0,0,0,0,,,0,0,0,0,0,,0,0,0,0,0,0,0,,,0,0,0,0,0,0,0,0,0,0,0
00-0034721,Corey Bojorquez,P,SPEC,2026,2,REG,CLE,TB,0,0,0,0,0,0,0,0,0,0,,,0,0,0,0,0,,0,0,0,0,0,0,0,,,0,0,0,0,0,0,0,0,0,0,0
00-0034752,Orlando Brown,OT,OL,2026,2,REG,CIN,HOU,0,0,0,0,0,0,0,0,0,0,,,0,0,0,0,0,,0,0,0,0,0,0,0,,,0,0,0,0,0,0,0,0,0,0,0
00-0034753,Mark Andrews,TE,TE,2026,2,REG,BAL,NO,0,0,0,0,0,0,0,0,0,0,,,0,0,0,0,0,,6,7,49,0,47,9,4,3.95677970867837,1.04255319148936,0.241379310344828,0.146417445482866,0.464561177355248,0,0,0,0,0,0,4.9,10.9
00-0034754,Oren Burks,ILB,LB,2026,2,REG,CIN,HOU,0,0,0,0,0,0,0,0,0,0,,,0,0,0,0,0,,0,0,0,0,0,0,0,,,0,0,0,0,0,0,0,0,0,0,0
00-0034760,Nathan Shepherd,DE,DL,2026,2,REG,NO,BAL,0,0,0,0,0,0,0,0,0,0,,,0,0,0,0,0,,0,0,0,0,0,0,0,,,0,0,0,0,0,0,0,0,0,0,0
00-0034771,Mason Rudolph,QB,QB,2026,2,REG,PIT,NE,0,1,0,0,0,0,0,6,0,0,-0.417870544595644,-76.3355851173401,1,3,0,0,0,-0.696471540722996,0,0,0,0,0,0,0,,,0,0,0,0,0,0,0,0,0,0.3,0.3
00-0034773,Vita Vea,DT,DL,2026,2,REG,TB,CLE,0,0,0,0,0,0,0,0,0,0,,,0,0,0,0,0,,0,0,0,0,0,0,0,,,0,0,0,0,0,0,0,0,0,0,0
00-0034782,Harrison Phillips,DT,DL,2026,2,REG,NYJ,GB,0,0,0,0,0,0,0,0,0,0,,,0,0,0,0,0,,0,0,0,0,0,0,0,,,0,0,0,0,0,0,0,0,0,0,0
00-0034790,Derwin James,FS,DB,2026,2,REG,LAC,LV,0,0,0,0,0,0,0,0,0,0,,,0,0,0,0,0,,0,0,0,0,0,0,0,,,0,0,0,0,0,0,0,0,0,0,0
00-0034794,Jason Sanders,K,SPEC,2026,2,REG,NYJ,GB,0,0,0,0,0,0,0,0,0,0,,,0,0,0,0,0,,0,0,0,0,0,0,0,,,0,0,0,0,0,0,0,0,0,0,0
00-0034796,Lamar Jackson,QB,QB,2026,2,REG,BAL,NO,21,31,235,1,1,3,-31,321,84,11,3.31739675468343,7.85623542193709,4,34,0,3,2,0.312908550084103,0,0,0,0,0,0,0,,,0,0,0,0,0,0,0,0,0,14.8,14.8
00-0034798,Durham Smythe,TE,TE,2026,2,REG,BAL,NO,0,0,0,0,0,0,0,0,0,0,,,0,0,0,0,0,,0,1,0,0,-3,0,0,-0.827045261859894,0,0.0344827586206897,-0.00934579439252336,0.0451820818562681,0,0,0,0,0,0,0,0
00-0034801,Josh Woods,LB,LB,2026,2,REG,ATL,CAR,0,0,0,0,0,0,0,0,0,0,,,0,0,0,0,0,,0,0,0,0,0,0,0,,,0,0,0,0,0,0,0,0,0,0,0
00-0034805,John Franklin-Myers,DE,DL,2026,2,REG,TEN,PHI,0,0,0,0,0,0,0,0,0,0,,,0,0,0,0,0,,0,0,0,0,0,0,0,,,0,0,0,0,0,0,0,0,0,0,0
00-0034810,Sebastian Joseph-Day,DT,DL,2026,2,REG,PIT,NE,0,0,0,0,0,0,0,0,0,0,,,0,0,0,0,0,,0,0,0,0,0,0,0,,,0,0,0,0,0,0,0,0,0,0,0
00-0034815,Fred Warner,MLB,LB,2026,2,REG,SF,MIA,0,0,0,0,0,0,0,0,0,0,,,0,0,0,0,0,,0,0,0,0,0,0,0,,,0,0,0,0,0,0,0,0,0,0,0
00-0034825,Arden Key,DE,DL,2026,2,REG,IND,KC,0,0,0,0,0,0,0,0,0,0,,,0,0,0,0,0,,0,0,0,0,0,0,0,,,0,0,0,0,0,0,0,0,0,0,0
00-0034827,DJ Moore,WR,WR,2026,2,REG,BUF,DET,0,0,0,0,0,0,0,0,0,0,,,1,-1,0,0,0,-0.935742837842554,0,0,0,0,0,0,0,,,0,0,0,0,0,0,0,0,0,-0.1,-0.1
00-0034832,Bradley Chubb,OLB,LB,2026,2,REG,BUF,DET,0,0,0,0,0,0,0,0,0,0,,,0,0,0,0,0,,0,0,0,0,0,0,0,,,0,0,0,0,0,0,0,0,0,0,0
00-0034837,Calvin Ridley,WR,WR,2026,2,REG,TEN,PHI,0,0,0,0,0,0,0,0,0,0,,,0,0,0,0,0,,2,2,35,0,27,8,2,2.20121364615625,1.2962962962963,0.117647058823529,0.192857142857143,0.311470588235294,0,0,0,0,0,0,3.5,5.5
00-0034843,Mike Hughes,CB,DB,2026,2,REG,ATL,CAR,0,0,0,0,0,0,0,0,0,0,,,0,0,0,0,0,,0,0,0,0,0,0,0,,,0,0,0,0,0,0,0,0,0,0,0
00-0034844,Saquon Barkley,RB,RB,2026,2,REG,PHI,TEN,0,0,0,0,0,0,0,0,0,0,,,4,9,0,0,0,-1.4125095338095,1,2,11,0,4,7,1,0.727484521688893,2.75,0.0588235294117647,0.0136986301369863,0.0978243352135375,0,0,0,0,0,0,2,3
00-0034847,Mike McGlinchey,OT,OL,2026,2,REG,DEN,JAX,0,0,0,0,0,0,0,0,0,0,,,0,0,0,0,0,,0,0,0,0,0,0,0,,,0,0,0,0,0,0,0,0,0,0,0
00-0034854,KhaDarel Hodge,WR,WR,2026,2,REG,SF,MIA,0,0,0,0,0,0,0,0,0,0,,,0,0,0,0,0,,1,1,18,0,15,3,0,1.03852834762074,1.2,0.0476190476190476,0.0833333333333333,0.129761904761905,0,0,0,0,0,0,1.8,2.8
00-0034855,Baker Mayfield,QB,QB,2026,2,REG,TB,CLE,21,34,182,1,1,3,-6,421,84,7,-13.5605912591436,4.24985966899178,4,29,0,3,1,4.64024902199162,0,0,0,0,0,0,0,,,0,0,0,0,0,0,0,0,0,12.18,12.18
00-0034856,Denzel Ward,CB,DB,2026,2,REG,CLE,TB,0,0,0,0,0,0,0,0,0,0,,,0,0,0,0,0,,0,0,0,0,0,0,0,,,0,0,0,0,0,0,0,0,0,0,0
00-0034857,Josh Allen,QB,QB,2026,2,REG,BUF,DET,20,31,248,3,0,2,-5,235,87,14,15.0488080361392,5.71868526084082,14,69,2,8,3,5.70216229438665,0,0,0,0,0,0,0,,,0,0,0,0,0,0,0,0,0,40.82,40.82
00-0034874,Roquan Smith,ILB,LB,2026,2,REG,BAL,NO,0,0,0,0,0,0,0,0,0,0,,,0,0,0,0,0,,0,0,0,0,0,0,0,,,0,0,0,0,0,0,0,0,0,0,0
00-0034941,Mitch Wishnowsky,P,SPEC,2026,2,REG,NE,PIT,0,0,0,0,0,0,0,0,0,0,,,0,0,0,0,0,,0,0,0,0,0,0,0,,,0,0,0,0,0,0,0,0,0,0,0
00-0034959,Andrew Beck,FB,RB,2026,2,REG,NYJ,GB,0,0,0,0,0,0,0,0,0,0,,,0,0,0,0,0,,0,0,0,0,0,0,0,,,0,0,0,0,0,0,0,0,0,0,0
00-0034960,Jakobi Meyers,WR,WR,2026,2,REG,JAX,DEN,0,0,0,0,0,0,0,0,0,0,,,0,0,0,0,0,,1,1,28,0,21,7,1,3.13896105263848,1.33333333333333,0.0357142857142857,0.0695364238410596,0.10224692526017,0,0,0,0,0,0,2.8,3.8
00-0034967,Rashan Gary,LB,LB,2026,2,REG,DAL,WAS,0,0,0,0,0,0,0,0,0,0,,,0,0,0,0,0,,0,0,0,0,0,0,0,,,0,0,0,0,0,0,0,0,0,0,0
00-0034973,Maxx Crosby,DE,DL,2026,2,REG,LV,LAC,0,0,0,0,0,0,0,0,0,0,,,0,0,0,0,0,,0,0,0,0,0,0,0,,,0,0,0,0,0,0,0,0,0,0,0
00-0034974,Julian Love,SAF,DB,2026,2,REG,SEA,ARI,0,0,0,0,0,0,0,0,0,0,,,0,0,0,0,0,,0,0,0,0,0,0,0,,,0,0,0,0,0,0,0,0,0,0,0
00-0034975,Justice Hill,RB,RB,2026,2,REG,BAL,NO,0,0,0,0,0,0,0,0,0,0,,,2,6,0,0,0,-0.227979526505806,2,2,12,0,-9,21,0,0.0354609988589099,-1.33333333333333,0.0689655172413793,-0.0280373831775701,0.0838221076377699,0,0,0,0,0,0,1.8,3.8
00-0034981,Foster Moreau,TE,TE,2026,2,REG,HOU,CIN,0,0,0,0,0,0,0,0,0,0,,,0,0,0,0,0,,2,2,34,0,14,20,2,2.48988876258954,2.42857142857143,0.04,0.0294736842105263,0.0806315789473684,0,0,0,0,0,0,3.4,5.4
00-0034982,Dre Greenlaw,LB,LB,2026,2,REG,SF,MIA,0,0,0,0,0,0,0,0,0,0,,,0,0,0,0,0,,0,0,0,0,0,0,0,,,0,0,0,0,0,0,0,0,0,0,0
00-0034993,Marcus Epps,SAF,DB,2026,2,REG,PHI,TEN,0,0,0,0,0,0,0,0,0,0,,,0,0,0,0,0,,0,0,0,0,0,0,0,,,0,0,0,0,0,0,0,0,0,0,0
00-0035125,Alec Ingold,FB,RB,2026,2,REG,LAC,LV,0,0,0,0,0,0,0,0,0,0,,,0,0,0,0,0,,0,0,0,0,0,0,0,,,0,0,0,0,0,0,0,0,0,0,0
00-0035133,Keisean Nixon,DB,DB,2026,2,REG,GB,NYJ,0,0,0,0,0,0,0,0,0,0,,,0,0,0,0,0,,0,0,0,0,0,0,0,,,0,0,0,0,0,0,0,0,0,0,0
00-0035144,Mack Wilson,LB,LB,2026,2,REG,ARI,SEA,0,0,0,0,0,0,0,0,0,0,,,0,0,0,0,0,,0,0,0,0,0,0,0,,,0,0,0,0,0,0,0,0,0,0,0
00-0035156,Jack Fox,P,SPEC,2026,2,REG,DET,BUF,0,0,0,0,0,0,0,0,0,0,,,0,0,0,0,0,,0,0,0,0,0,0,0,,,0,0,0,0,0,0,0,0,0,0,0
00-0035166,Azeez Al-Shaair,LB,LB,2026,2,REG,HOU,CIN,0,0,0,0,0,0,0,0,0,0,,,0,0,0,0,0,,0,0,0,0,0,0,0,,,0,0,0,0,0,0,0,0,0,0,0
00-0035190,AJ Cole,P,SPEC,2026,2,REG,LV,LAC,0,0,0,0,0,0,0,0,0,0,,,0,0,0,0,0,,0,0,0,0,0,0,0,,,0,0,0,0,0,0,0,0,0,0,0
00-0035192,Joey Slye,K,SPEC,2026,2,REG,TEN,PHI,0,0,0,0,0,0,0,0,0,0,,,0,0,0,0,0,,0,0,0,0,0,0,0,,,0,0,0,0,0,0,0,0,0,0,0
00-0035202,Del'Shawn Phillips,LB,LB,2026,2,REG,LAC,LV,0,0,0,0,0,0,0,0,0,0,,,0,0,0,0,0,,0,0,0,0,0,0,0,,,0,0,0,0,0,0,0,0,0,0,0
00-0035208,Olamide Zaccheaus,WR,WR,2026,2,REG,ATL,CAR,0,0,0,0,0,0,0,0,0,0,,,0,0,0,0,0,,1,3,3,0,7,1,0,-2.08436837508257,0.428571428571429,0.0967741935483871,0.0440251572327044,0.175978900385474,0,0,0,0,0,0,0.3,1.3
00-0035227,P.J. Locke,DB,DB,2026,2,REG,DAL,WAS,0,0,0,0,0,0,0,0,0,0,,,0,0,0,0,0,,0,0,0,0,0,0,0,,,0,0,0,0,0,0,0,0,0,0,0
00-0035229,T.J. Hockenson,TE,TE,2026,2,REG,MIN,CHI,0,0,0,0,0,0,0,0,0,0,,,0,0,0,0,0,,3,4,29,0,32,8,2,3.27506100283397,0.90625,0.210526315789474,0.203821656050955,0.458464632919879,0,0,0,0,0,0,2.9,5.9
00-0035234,Tytus Howard,OT,OL,2026,2,REG,CLE,TB,0,0,0,0,0,0,0,0,0,0,,,0,0,0,0,0,,0,0,0,0,0,0,0,,,0,0,0,0,0,0,0,0,0,0,0
00-0035236,Byron Murphy,CB,DB,2026,2,REG,MIN,CHI,0,0,0,0,0,0,0,0,0,0,,,0,0,0,0,0,,0,0,0,0,0,0,0,,,0,0,0,0,0,0,0,0,0,0,0
00-0035240,Jahlani Tavai,LB,LB,2026,2,REG,JAX,DEN,0,0,0,0,0,0,0,0,0,0,,,0,0,0,0,0,,0,0,0,0,0,0,0,,,0,0,0,0,0,0,0,0,0,0,0
00-0035248,Zach Allen,DE,DL,2026,2,REG,DEN,JAX,0,0,0,0,0,0,0,0,0,0,,,0,0,0,0,0,,0,0,0,0,0,0,0,,,0,0,0,0,0,0,0,0,0,0,0
00-0035249,Josh Oliver,TE,TE,2026,2,REG,MIN,CHI,0,0,0,0,0,0,0,0,0,0,,,0,0,0,0,0,,1,1,24,0,5,19,1,1.60812324378639,4.8,0.0526315789473684,0.0318471337579618,0.101240362051626,0,0,0,0,0,0,2.4,3.4
00-0035250,Devin Singletary,RB,RB,2026,2,REG,NYG,LA,0,0,0,0,0,0,0,0,0,0,,,3,9,0,0,0,-1.39255813683849,0,1,0,0,-1,0,0,-1.49806567421183,0,0.03125,-0.00293255131964809,0.0448222140762463,0,0,0,0,0,0,0.9,0.9
00-0035253,C.J. Gardner-Johnson,SAF,DB,2026,2,REG,BUF,DET,0,0,0,0,0,0,0,0,0,0,,,0,0,0,0,0,,0,0,0,0,0,0,0,,,0,0,0,0,0,0,0,0,0,0,0
00-0035254,Anthony Nelson,LB,LB,2026,2,REG,TB,CLE,0,0,0,0,0,0,0,0,0,0,,,0,0,0,0,0,,0,0,0,0,0,0,0,,,0,0,0,0,0,0,0,0,0,0,0
00-0035261,Tony Pollard,RB,RB,2026,2,REG,TEN,PHI,0,0,0,0,0,0,0,0,0,0,,,14,64,0,3,2,-0.170748664642074,1,1,1,0,-7,8,0,-0.749599168542773,-0.142857142857143,0.0588235294117647,-0.05,0.0532352941176471,0,0,0,0,0,0,6.5,7.5
00-0035262,Drue Tranquill,LB,LB,2026,2,REG,KC,IND,0,0,0,0,0,0,0,0,0,0,,,0,0,0,0,0,,0,0,0,0,0,0,0,,,0,0,0,0,0,0,0,0,0,0,0
00-0035269,Matt Gay,K,SPEC,2026,2,REG,LV,LAC,0,0,0,0,0,0,0,0,0,0,,,0,0,0,0,0,,0,0,0,0,0,0,0,,,0,0,0,0,0,0,0,0,0,0,0
00-0035272,Andrew Van Ginkel,OLB,LB,2026,2,REG,MIN,CHI,0,0,0,0,0,0,0,0,0,0,,,0,0,0,0,0,,0,0,0,0,0,0,0,,,0,0,0,0,0,0,0,0,0,0,0
00-0035276,Blake Cashman,LB,LB,2026,2,REG,MIN,CHI,0,0,0,0,0,0,0,0,0,0,,,0,0,0,0,0,,0,0,0,0,0,0,0,,,0,0,0,0,0,0,0,0,0,0,0
00-0035277,Mike Jackson,CB,DB,2026,2,REG,CAR,ATL,0,0,0,0,0,0,0,0,0,0,,,0,0,0,0,0,,0,0,0,0,0,0,0,,,0,0,0,0,0,0,0,0,0,0,0
00-0035279,Charles Omenihu,DE,DL,2026,2,REG,WAS,DAL,0,0,0,0,0,0,0,0,0,0,,,0,0,0,0,0,,0,0,0,0,0,0,0,,,0,0,0,0,0,0,0,0,0,0,0
00-0035280,Jake Bailey,P,SPEC,2026,2,REG,ATL,CAR,0,0,0,0,0,0,0,0,0,0,,,0,0,0,0,0,,0,0,0,0,0,0,0,,,0,0,0,0,0,0,0,0,0,0,0
00-0035286,Cole Holcomb,LB,LB,2026,2,REG,PIT,NE,0,0,0,0,0,0,0,0,0,0,,,0,0,0,0,0,,0,0,0,0,0,0,0,,,0,0,0,0,0,0,0,0,0,0,0
00-0035316,Kaden Elliss,LB,LB,2026,2,REG,NO,BAL,0,0,0,0,0,0,0,0,0,0,,,0,0,0,0,0,,0,0,0,0,0,0,0,,,0,0,0,0,0,0,0,0,0,0,0
00-0035357,Cam Lewis,CB,DB,2026,2,REG,CHI,MIN,0,0,0,0,0,0,0,0,0,0,,,0,0,0,0,0,,0,0,0,0,0,0,0,,,0,0,0,0,0,0,0,0,0,0,0
00-0035358,Chase McLaughlin,K,SPEC,2026,2,REG,TB,CLE,0,0,0,0,0,0,0,0,0,0,,,0,0,0,0,0,,0,0,0,0,0,0,0,,,0,0,0,0,0,0,0,0,0,0,0
00-0035363,Joe Giles-Harris,LB,LB,2026,2,REG,CIN,HOU,0,0,0,0,0,0,0,0,0,0,,,0,0,0,0,0,,0,0,0,0,0,0,0,,,0,0,0,0,0,0,0,0,0,0,0
00-0035378,Andrew Wingard,SAF,DB,2026,2,REG,ARI,SEA,0,0,0,0,0,0,0,0,0,0,,,0,0,0,0,0,,0,0,0,0,0,0,0,,,0,0,0,0,0,0,0,0,0,0,0
00-0035386,T.J. Edwards,LB,LB,2026,2,REG,CHI,MIN,0,0,0,0,0,0,0,0,0,0,,,0,0,0,0,0,,0,0,0,0,0,0,0,,,0,0,0,0,0,0,0,0,0,0,0
00-0035402,Carl Granderson,DE,DL,2026,2,REG,NO,BAL,0,0,0,0,0,0,0,0,0,0,,,0,0,0,0,0,,0,0,0,0,0,0,0,,,0,0,0,0,0,0,0,0,0,0,0
00-0035406,Lil'Jordan Humphrey,WR,WR,2026,2,REG,DEN,JAX,0,0,0,0,0,0,0,0,0,0,,,0,0,0,0,0,,0,1,0,0,14,0,0,-0.361851957044564,0,0.0344827586206897,0.0522388059701493,0.088291302110139,0,0,0,0,0,0,0,0
00-0035413,Luke Gifford,LB,LB,2026,2,REG,SF,MIA,0,0,0,0,0,0,0,0,0,0,,,0,0,0,0,0,,0,0,0,0,0,0,0,,,0,0,0,0,0,0,0,0,0,0,0
00-0035500,Greg Dortch,WR,WR,2026,2,REG,BUF,DET,0,0,0,0,0,0,0,0,0,0,,,0,0,0,0,0,,0,0,0,0,0,0,0,,,0,0,0,0,0,0,0,0,0,0,0
00-0035525,Devin Bush,LB,LB,2026,2,REG,CHI,MIN,0,0,0,0,0,0,0,0,0,0,,,0,0,0,0,0,,0,0,0,0,0,0,0,,,0,0,0,0,0,0,0,0,0,0,0
00-0035544,Tom Kennedy,WR,WR,2026,2,REG,DET,BUF,0,0,0,0,0,0,0,0,0,0,,,0,0,0,0,0,,0,0,0,0,0,0,0,,,0,0,0,0,0,0,0,0,0,0,0
00-0035588,Garrett Bradbury,C,OL,2026,2,REG,CHI,MIN,0,0,0,0,0,0,0,0,0,0,,,0,0,0,0,0,,0,0,0,0,0,0,0,,,0,0,0,0,0,0,0,0,0,0,0
00-0035594,Travis Homer,RB,RB,2026,2,REG,PIT,NE,0,0,0,0,0,0,0,0,0,0,,,2,16,0,1,1,0.923946629860438,0,0,0,0,0,0,0,,,0,0,0,0,0,0,0,0,0,1.6,1.6
00-0035617,Troy Reeder,LB,LB,2026,2,REG,NYJ,GB,0,0,0,0,0,0,0,0,0,0,,,0,0,0,0,0,,0,0,0,0,0,0,0,,,0,0,0,0,0,0,0,0,0,0,0
00-0035632,Amani Hooker,SAF,DB,2026,2,REG,TEN,PHI,0,0,0,0,0,0,0,0,0,0,,,0,0,0,0,0,,0,0,0,0,0,0,0,,,0,0,0,0,0,0,0,0,0,0,0
00-0035636,L.J. Collier,DE,DL,2026,2,REG,ARI,SEA,0,0,0,0,0,0,0,0,0,0,,,0,0,0,0,0,,0,0,0,0,0,0,0,,,0,0,0,0,0,0,0,0,0,0,0
00-0035637,Rock Ya-Sin,CB,DB,2026,2,REG,DET,BUF,0,0,0,0,0,0,0,0,0,0,,,0,0,0,0,0,,0,0,0,0,0,0,0,,,0,0,0,0,0,0,0,0,0,0,0
00-0035640,DK Metcalf,WR,WR,2026,2,REG,PIT,NE,0,0,0,0,0,0,0,0,0,0,,,0,0,0,0,0,,4,9,27,0,62,15,1,-3.18392978300108,0.435483870967742,0.243243243243243,0.288372093023256,0.566725329981144,0,0,0,0,0,0,2.7,6.7
00-0035642,Josh Hines-Allen,DE,DL,2026,2,REG,JAX,DEN,0,0,0,0,0,0,0,0,0,0,,,0,0,0,0,0,,0,0,0,0,0,0,0,,,0,0,0,0,0,0,0,0,0,0,0
00-0035643,Jeffery Simmons,DT,DL,2026,2,REG,TEN,PHI,0,0,0,0,0,0,0,0,0,0,,,0,0,0,0,0,,0,0,0,0,0,0,0,,,0,0,0,0,0,0,0,0,0,0,0
00-0035644,Noah Fant,TE,TE,2026,2,REG,NO,BAL,0,0,0,0,0,0,0,0,0,0,,,0,0,0,0,0,,0,0,0,0,0,0,0,,,0,0,0,0,0,0,0,0,0,0,0
00-0035647,Montez Sweat,DE,DL,2026,2,REG,CHI,MIN,0,0,0,0,0,0,0,0,0,0,,,0,0,0,0,0,,0,0,0,0,0,0,0,,,0,0,0,0,0,0,0,0,0,0,0
00-0035659,Terry McLaurin,WR,WR,2026,2,REG,WAS,DAL,0,0,0,0,0,0,0,0,0,0,,,0,0,0,0,0,,2,9,50,0,154,24,2,1.89532411727123,0.324675324675325,0.264705882352941,0.428969359331476,0.697337375061445,0,0,0,0,0,0,5,7
00-0035662,Marquise Brown,WR,WR,2026,2,REG,PHI,TEN,0,0,0,0,0,0,0,0,0,0,,,2,12,0,0,0,0.100091207074001,0,0,0,0,0,0,0,,,0,0,0,0,0,0,0,0,0,1.2,1.2
00-0035667,Greg Gaines,DT,DL,2026,2,REG,BUF,DET,0,0,0,0,0,0,0,0,0,0,,,0,0,0,0,0,,0,0,0,0,0,0,0,,,0,0,0,0,0,0,0,0,0,0,0
00-0035669,Nick Scott,SAF,DB,2026,2,REG,CAR,ATL,0,0,0,0,0,0,0,0,0,0,,,0,0,0,0,0,,0,0,0,0,0,0,0,,,0,0,0,0,0,0,0,0,0,0,0
00-0035672,Cody Barton,LB,LB,2026,2,REG,TEN,PHI,0,0,0,0,0,0,0,0,0,0,,,0,0,0,0,0,,0,0,0,0,0,0,0,,,0,0,0,0,0,0,0,0,0,0,0
00-0035674,Jerry Tillery,DT,DL,2026,2,REG,IND,KC,0,0,0,0,0,0,0,0,0,0,,,0,0,0,0,0,,0,0,0,0,0,0,0,,,0,0,0,0,0,0,0,0,0,0,0
00-0035678,Dre'Mont Jones,LB,LB,2026,2,REG,NE,PIT,0,0,0,0,0,0,0,0,0,0,,,0,0,0,0,0,,0,0,0,0,0,0,0,,,0,0,0,0,0,0,0,0,0,0,0
00-0035680,Quincy Williams,LB,LB,2026,2,REG,CLE,TB,0,0,0,0,0,0,0,0,0,0,,,0,0,0,0,0,,0,0,0,0,0,0,0,,,0,0,0,0,0,0,0,0,0,0,0
00-0035683,Dexter Lawrence,DT,DL,2026,2,REG,CIN,HOU,0,0,0,0,0,0,0,0,0,0,,,0,0,0,0,0,,0,0,0,0,0,0,0,,,0,0,0,0,0,0,0,0,0,0,0
00-0035685,David Montgomery,RB,RB,2026,2,REG,HOU,CIN,0,0,0,0,0,0,0,0,0,0,,,6,10,0,0,0,-6.39366524945945,2,2,14,0,9,5,0,0.430184500524774,1.55555555555556,0.04,0.0189473684210526,0.0732631578947368,0,0,0,0,0,0,2.4,4.4
00-0035687,Bobby Okereke,ILB,LB,2026,2,REG,CAR,ATL,0,0,0,0,0,0,0,0,0,0,,,0,0,0,0,0,,0,0,0,0,0,0,0,,,0,0,0,0,0,0,0,0,0,0,0
00-0035689,Dawson Knox,TE,TE,2026,2,REG,BUF,DET,0,0,0,0,0,0,0,0,0,0,,,0,0,0,0,0,,2,2,5,1,3,2,2,1.76901946787257,1.66666666666667,0.0714285714285714,0.0127659574468085,0.116079027355623,0,0,0,0,0,0,6.5,8.5
00-0035692,Clelin Ferrell,DE,DL,2026,2,REG,MIA,SF,0,0,0,0,0,0,0,0,0,0,,,0,0,0,0,0,,0,0,0,0,0,0,0,,,0,0,0,0,0,0,0,0,0,0,0
00-0035699,Jamel Dean,CB,DB,2026,2,REG,PIT,NE,0,0,0,0,0,0,0,0,0,0,,,0,0,0,0,0,,0,0,0,0,0,0,0,,,0,0,0,0,0,0,0,0,0,0,0
00-0035702,Dalton Risner,G,OL,2026,2,REG,CIN,HOU,0,0,0,0,0,0,0,0,0,0,,,0,0,0,0,0,,0,0,0,0,0,0,0,,,0,0,0,0,0,0,0,0,0,0,0
00-0035704,Drew Lock,QB,QB,2026,2,REG,SEA,ARI,19,26,235,3,0,1,-16,227,108,12,16.0892754879684,8.66398329918201,0,0,0,0,0,,0,0,0,0,0,0,0,,,0,0,0,0,0,0,0,0,0,21.4,21.4
00-0035705,Jalen Thompson,DB,DB,2026,2,REG,DAL,WAS,0,0,0,0,0,0,0,0,0,0,,,0,0,0,0,0,,0,0,0,0,0,0,0,,,0,0,0,0,0,0,0,0,0,0,0
00-0035707,Devin White,LB,LB,2026,2,REG,DET,BUF,0,0,0,0,0,0,0,0,0,0,,,0,0,0,0,0,,0,0,0,0,0,0,0,,,0,0,0,0,0,0,0,0,0,0,0
00-0035710,Daniel Jones,QB,QB,2026,2,REG,IND,KC,22,31,210,1,1,0,0,162,106,12,5.88635097563383,3.94283811251322,3,10,0,1,0,0.052381890185643,0,0,0,0,0,0,0,,,0,0,0,0,0,0,0,0,0,11.4,11.4
00-0035713,Brian Burns,LB,LB,2026,2,REG,NYG,LA,0,0,0,0,0,0,0,0,0,0,,,0,0,0,0,0,,0,0,0,0,0,0,0,,,0,0,0,0,0,0,0,0,0,0,0
00-0035717,Nick Bosa,DE,DL,2026,2,REG,SF,MIA,0,0,0,0,0,0,0,0,0,0,,,0,0,0,0,0,,0,0,0,0,0,0,0,,,0,0,0,0,0,0,0,0,0,0,0
00-0035718,Quinnen Williams,DT,DL,2026,2,REG,DAL,WAS,0,0,0,0,0,0,0,0,0,0,,,0,0,0,0,0,,0,0,0,0,0,0,0,,,0,0,0,0,0,0,0,0,0,0,0
00-0035719,Deebo Samuel Sr.,WR,WR,2026,2,REG,SF,MIA,0,0,0,0,0,0,0,0,0,0,,,1,4,0,0,0,-0.120405136607587,3,4,31,0,19,16,1,2.04018201329745,1.63157894736842,0.19047619047619,0.105555555555556,0.359603174603175,0,0,0,0,0,0,3.5,6.5
00-0035763,Malcolm Roach,DT,DL,2026,2,REG,DEN,JAX,0,0,0,0,0,0,0,0,0,0,,,0,0,0,0,0,,0,0,0,0,0,0,0,,,0,0,0,0,0,0,0,0,0,0,0
00-0035795,James Pierre,CB,DB,2026,2,REG,MIN,CHI,0,0,0,0,0,0,0,0,0,0,,,0,0,0,0,0,,0,0,0,0,0,0,0,,,0,0,0,0,0,0,0,0,0,0,0
00-0035821,Corliss Waitman,P,SPEC,2026,2,REG,SF,MIA,0,0,0,0,0,0,0,0,0,0,,,0,0,0,0,0,,0,0,0,0,0,0,0,,,0,0,0,0,0,0,0,0,0,0,0
00-0035827,Ross Matiscik,LS,SPEC,2026,2,REG,JAX,DEN,0,0,0,0,0,0,0,0,0,0,,,0,0,0,0,0,,0,0,0,0,0,0,0,,,0,0,0,0,0,0,0,0,0,0,0
00-0035859,Blake Gillikin,P,SPEC,2026,2,REG,ARI,SEA,0,0,0,0,0,0,0,0,0,0,,,0,0,0,0,0,,0,0,0,0,0,0,0,,,0,0,0,0,0,0,0,0,0,0,0
00-0035889,Tommy Townsend,P,SPEC,2026,2,REG,TEN,PHI,0,0,0,0,0,0,0,0,0,0,,,0,0,0,0,0,,0,0,0,0,0,0,0,,,0,0,0,0,0,0,0,0,0,0,0
00-0035891,Cody White,WR,WR,2026,2,REG,LV,LAC,0,0,0,0,0,0,0,0,0,0,,,0,0,0,0,0,,2,2,24,2,24,0,2,5.87482248456217,1,0.0689655172413793,0.0848056537102474,0.162812233459242,0,0,0,0,0,0,14.4,16.4
00-0035900,Cole Christiansen,LB,LB,2026,2,REG,KC,IND,0,0,0,0,0,0,0,0,0,0,,,0,0,0,0,0,,0,0,0,0,0,0,0,,,0,0,0,0,0,0,0,0,0,0,0
00-0035933,Michael Hoecht,LB,LB,2026,2,REG,BUF,DET,0,0,0,0,0,0,0,0,0,0,,,0,0,0,0,0,,0,0,0,0,0,0,0,,,0,0,0,0,0,0,0,0,0,0,0
00-0036037,Sam Franklin Jr.,SAF,DB,2026,2,REG,BUF,DET,0,0,0,0,0,0,0,0,0,0,,,0,0,0,0,0,,0,0,0,0,0,0,0,,,0,0,0,0,0,0,0,0,0,0,0
00-0036040,Juwan Johnson,TE,TE,2026,2,REG,NO,BAL,0,0,0,0,0,0,0,0,0,0,,,0,0,0,0,0,,4,4,66,0,11,55,2,7.01426014734898,6,0.125,0.0516431924882629,0.223650234741784,0,0,0,0,0,0,6.6,10.6
00-0036081,Broderick Washington,DT,DL,2026,2,REG,BAL,NO,0,0,0,0,0,0,0,0,0,0,,,0,0,0,0,0,,0,0,0,0,0,0,0,,,0,0,0,0,0,0,0,0,0,0,0
00-0036124,Khalil Dorsey,CB,DB,2026,2,REG,DET,BUF,0,0,0,0,0,0,0,0,0,0,,,0,0,0,0,0,,0,0,0,0,0,0,0,,,0,0,0,0,0,0,0,0,0,0,0
00-0036132,Ben Bredeson,G,OL,2026,2,REG,TB,CLE,0,0,0,0,0,0,0,0,0,0,,,0,0,0,0,0,,0,0,0,0,0,0,0,,,0,0,0,0,0,0,0,0,0,0,0
00-0036139,Rico Dowdle,RB,RB,2026,2,REG,PIT,NE,0,0,0,0,0,0,0,0,0,0,,,7,22,0,1,0,-2.36328254942782,2,2,22,0,2,20,2,1.36490103183314,11,0.0540540540540541,0.00930232558139535,0.0875927089880578,0,0,0,0,0,0,4.4,6.4
00-0036158,J.K. Dobbins,RB,RB,2026,2,REG,DEN,JAX,0,0,0,0,0,0,0,0,0,0,,,10,36,0,1,1,-3.24188372376834,0,0,0,0,0,0,0,,,0,0,0,0,0,0,0,0,0,3.6,3.6
00-0036159,Joshua Uche,LB,LB,2026,2,REG,MIA,SF,0,0,0,0,0,0,0,0,0,0,,,0,0,0,0,0,,0,0,0,0,0,0,0,,,0,0,0,0,0,0,0,0,0,0,0
00-0036162,Tyler Bass,K,SPEC,2026,2,REG,BUF,DET,0,0,0,0,0,0,0,0,0,0,,,0,0,0,0,0,,0,0,0,0,0,0,0,,,0,0,0,0,0,0,0,0,0,0,0
00-0036171,Aaron Brewer,C,OL,2026,2,REG,MIA,SF,0,0,0,0,0,0,0,0,0,0,,,0,0,0,0,0,,0,0,0,0,0,0,0,,,0,0,0,0,0,0,0,0,0,0,0
00-0036181,Teair Tart,DT,DL,2026,2,REG,LAC,LV,0,0,0,0,0,0,0,0,0,0,,,0,0,0,0,0,,0,0,0,0,0,0,0,,,0,0,0,0,0,0,0,0,0,0,0
00-0036187,Reggie Gilliam,RB,RB,2026,2,REG,NE,PIT,0,0,0,0,0,0,0,0,0,0,,,0,0,0,0,0,,1,2,4,0,-1,4,0,-0.61818577023223,-4,0.0952380952380952,-0.00510204081632653,0.139285714285714,0,0,0,0,0,0,0.4,1.4
00-0036193,Anfernee Jennings,LB,LB,2026,2,REG,NO,BAL,0,0,0,0,0,0,0,0,0,0,,,0,0,0,0,0,,0,0,0,0,0,0,0,,,0,0,0,0,0,0,0,0,0,0,0
00-0036204,LaCale London,DE,DL,2026,2,REG,ATL,CAR,0,0,0,0,0,0,0,0,0,0,,,0,0,0,0,0,,0,0,0,0,0,0,0,,,0,0,0,0,0,0,0,0,0,0,0
00-0036220,Derrick Brown,DT,DL,2026,2,REG,CAR,ATL,0,0,0,0,0,0,0,0,0,0,,,0,0,0,0,0,,0,0,0,0,0,0,0,,,0,0,0,0,0,0,0,0,0,0,0
00-0036221,Brandon Jones,SAF,DB,2026,2,REG,DEN,JAX,0,0,0,0,0,0,0,0,0,0,,,0,0,0,0,0,,0,0,0,0,0,0,0,,,0,0,0,0,0,0,0,0,0,0,0
00-0036222,Isaiah Rodgers,CB,DB,2026,2,REG,MIN,CHI,0,0,0,0,0,0,0,0,0,0,,,0,0,0,0,0,,0,0,0,0,0,0,0,,,0,0,0,0,0,0,0,0,0,0,0
00-0036223,Jonathan Taylor,RB,RB,2026,2,REG,IND,KC,0,0,0,0,0,0,0,0,0,0,,,24,92,2,6,3,3.82668391929474,4,4,40,0,-1,41,3,2.52719888086265,-40,0.133333333333333,-0.00617283950617284,0.195679012345679,0,0,0,0,0,0,25.2,29.2
00-0036231,Kyle Dugger,SAF,DB,2026,2,REG,CIN,HOU,0,0,0,0,0,0,0,0,0,0,,,0,0,0,0,0,,0,0,0,0,0,0,0,,,0,0,0,0,0,0,0,0,0,0,0
00-0036244,Colby Parkinson,TE,TE,2026,2,REG,LA,NYG,0,0,0,0,0,0,0,0,0,0,,,0,0,0,0,0,,2,2,15,0,-3,18,1,1.41755132435355,0,0.0666666666666667,-0.00906344410876133,0.0936555891238671,0,0,0,0,0,0,1.5,3.5
00-0036246,Jon Runyan,G,OL,2026,2,REG,NYG,LA,0,0,0,0,0,0,0,0,0,0,,,0,0,0,0,0,,0,0,0,0,0,0,0,,,0,0,0,0,0,0,0,0,0,0,0
00-0036248,Austin Jackson,OT,OL,2026,2,REG,MIA,SF,0,0,0,0,0,0,0,0,0,0,,,0,0,0,0,0,,0,0,0,0,0,0,0,,,0,0,0,0,0,0,0,0,0,0,0
00-0036253,Julian Blackmon,SAF,DB,2026,2,REG,NO,BAL,0,0,0,0,0,0,0,0,0,0,,,0,0,0,0,0,,0,0,0,0,0,0,0,,,0,0,0,0,0,0,0,0,0,0,0
00-0036260,Javon Kinlaw,DT,DL,2026,2,REG,WAS,DAL,0,0,0,0,0,0,0,0,0,0,,,0,0,0,0,0,,0,0,0,0,0,0,0,,,0,0,0,0,0,0,0,0,0,0,0
00-0036262,DaVon Hamilton,DT,DL,2026,2,REG,JAX,DEN,0,0,0,0,0,0,0,0,0,0,,,0,0,0,0,0,,0,0,0,0,0,0,0,,,0,0,0,0,0,0,0,0,0,0,0
00-0036264,Jordan Love,QB,QB,2026,2,REG,GB,NYJ,16,29,145,2,0,3,-9,216,94,8,-3.16850428629777,-13.596061694211,0,0,0,0,0,,0,0,0,0,0,0,0,,,0,0,0,0,0,0,0,0,0,13.8,13.8
00-0036265,AJ Dillon,RB,RB,2026,2,REG,CAR,ATL,0,0,0,0,0,0,0,0,0,0,,,3,-3,0,0,0,-3.10489704762585,0,0,0,0,0,0,0,,,0,0,0,0,0,0,0,0,0,-0.3,-0.3
00-0036266,Jordan Elliott,DT,DL,2026,2,REG,TEN,PHI,0,0,0,0,0,0,0,0,0,0,,,0,0,0,0,0,,0,0,0,0,0,0,0,,,0,0,0,0,0,0,0,0,0,0,0
00-0036275,D'Andre Swift,RB,RB,2026,2,REG,CHI,MIN,0,0,0,0,0,0,0,0,0,0,,,16,45,0,3,1,-8.87366569109145,5,5,54,0,-15,69,2,4.6145097570261,-3.6,0.166666666666667,-0.0793650793650794,0.194444444444444,1,0,0,0,0,0,7.9,12.9
00-0036281,C.J. Henderson,CB,DB,2026,2,REG,ATL,CAR,0,0,0,0,0,0,0,0,0,0,,,0,0,0,0,0,,0,0,0,0,0,0,0,,,0,0,0,0,0,0,0,0,0,0,0
00-0036282,Grant Delpit,SAF,DB,2026,2,REG,CLE,TB,0,0,0,0,0,0,0,0,0,0,,,0,0,0,0,0,,0,0,0,0,0,0,0,,,0,0,0,0,0,0,0,0,0,0,0
00-0036285,A.J. Terrell,CB,DB,2026,2,REG,ATL,CAR,0,0,0,0,0,0,0,0,0,0,,,0,0,0,0,0,,0,0,0,0,0,0,0,,,0,0,0,0,0,0,0,0,0,0,0
00-0036286,K'Lavon Chaisson,LB,LB,2026,2,REG,WAS,DAL,0,0,0,0,0,0,0,0,0,0,,,0,0,0,0,0,,0,0,0,0,0,0,0,,,0,0,0,0,0,0,0,0,0,0,0
00-0036287,Noah Igbinoghene,CB,DB,2026,2,REG,CLE,TB,0,0,0,0,0,0,0,0,0,0,,,0,0,0,0,0,,0,0,0,0,0,0,0,,,0,0,0,0,0,0,0,0,0,0,0
00-0036290,Cole Kmet,TE,TE,2026,2,REG,CHI,MIN,0,0,0,0,0,0,0,0,0,0,,,0,0,0,0,0,,0,1,0,0,9,0,0,-1.19211084954441,0,0.0333333333333333,0.0476190476190476,0.0833333333333333,0,0,0,0,0,0,0,0
00-0036292,Jaylon Johnson,CB,DB,2026,2,REG,CHI,MIN,0,0,0,0,0,0,0,0,0,0,,,0,0,0,0,0,,0,0,0,0,0,0,0,,,0,0,0,0,0,0,0,0,0,0,0
00-0036293,Jeremy Chinn,SAF,DB,2026,2,REG,LV,LAC,0,0,0,0,0,0,0,0,0,0,,,0,0,0,0,0,,0,0,0,0,0,0,0,,,0,0,0,0,0,0,0,0,0,0,0
00-0036298,Akeem Davis-Gaither,LB,LB,2026,2,REG,IND,KC,0,0,0,0,0,0,0,0,0,0,,,0,0,0,0,0,,0,0,0,0,0,0,0,,,0,0,0,0,0,0,0,0,0,0,0
00-0036302,Jaylinn Hawkins,SAF,DB,2026,2,REG,BAL,NO,0,0,0,0,0,0,0,0,0,0,,,0,0,0,0,0,,0,0,0,0,0,0,0,,,0,0,0,0,0,0,0,0,0,0,0
00-0036305,Trevis Gipson,LB,LB,2026,2,REG,CAR,ATL,0,0,0,0,0,0,0,0,0,0,,,0,0,0,0,0,,0,0,0,0,0,0,0,,,0,0,0,0,0,0,0,0,0,0,0
00-0036309,Darnell Mooney,WR,WR,2026,2,REG,NYG,LA,0,0,0,0,0,0,0,0,0,0,,,0,0,0,0,0,,2,3,48,0,35,18,2,3.51064061163925,1.37142857142857,0.09375,0.102639296187683,0.212472507331378,0,0,0,0,0,0,4.8,6.8
00-0036313,Braden Mann,P,SPEC,2026,2,REG,PHI,TEN,0,0,0,0,0,0,0,0,0,0,,,0,0,0,0,0,,0,0,0,0,0,0,0,,,0,0,0,0,0,0,0,0,0,0,0
00-0036321,Chase Young,DE,DL,2026,2,REG,NO,BAL,0,0,0,0,0,0,0,0,0,0,,,0,0,0,0,0,,0,0,0,0,0,0,0,,,0,0,0,0,0,0,0,0,0,0,0
00-0036322,Justin Jefferson,WR,WR,2026,2,REG,MIN,CHI,0,0,0,0,0,0,0,0,0,0,,,0,0,0,0,0,,3,6,55,0,91,10,2,1.49381303131683,0.604395604395604,0.315789473684211,0.579617834394905,0.879416694602749,0,0,0,0,0,0,5.5,8.5
00-0036323,Patrick Queen,LB,LB,2026,2,REG,PIT,NE,0,0,0,0,0,0,0,0,0,0,,,0,0,0,0,0,,0,0,0,0,0,0,0,,,0,0,0,0,0,0,0,0,0,0,0
00-0036325,Robert Hunt,G,OL,2026,2,REG,CAR,ATL,0,0,0,0,0,0,0,0,0,0,,,0,0,0,0,0,,0,0,0,0,0,0,0,,,0,0,0,0,0,0,0,0,0,0,0
00-0036329,Ashtyn Davis,SAF,DB,2026,2,REG,SF,MIA,0,0,0,0,0,0,0,0,0,0,,,0,0,0,0,0,,0,0,0,0,0,0,0,,,0,0,0,0,0,0,0,0,0,0,0
00-0036331,Devin Duvernay,WR,WR,2026,2,REG,ARI,SEA,0,0,0,0,0,0,0,0,0,0,,,0,0,0,0,0,,0,0,0,0,0,0,0,,,0,0,0,0,0,0,0,0,0,0,0
00-0036333,Alex Highsmith,LB,LB,2026,2,REG,PIT,NE,0,0,0,0,0,0,0,0,0,0,,,0,0,0,0,0,,0,0,0,0,0,0,0,,,0,0,0,0,0,0,0,0,0,0,0
00-0036335,D.J. Wonnum,DE,DL,2026,2,REG,DET,BUF,0,0,0,0,0,0,0,0,0,0,,,0,0,0,0,0,,0,0,0,0,0,0,0,,,0,0,0,0,0,0,0,0,0,0,0
00-0036337,James Lynch,DT,DL,2026,2,REG,CHI,MIN,0,0,0,0,0,0,0,0,0,0,,,0,0,0,0,0,,0,0,0,0,0,0,0,,,0,0,0,0,0,0,0,0,0,0,0
00-0036338,Troy Dye,LB,LB,2026,2,REG,LAC,LV,0,0,0,0,0,0,0,0,0,0,,,0,0,0,0,0,,0,0,0,0,0,0,0,,,0,0,0,0,0,0,0,0,0,0,0
00-0036341,Khalid Kareem,DE,DL,2026,2,REG,SF,MIA,0,0,0,0,0,0,0,0,0,0,,,0,0,0,0,0,,0,0,0,0,0,0,0,,,0,0,0,0,0,0,0,0,0,0,0
00-0036348,Josh Metellus,SAF,DB,2026,2,REG,MIN,CHI,0,0,0,0,0,0,0,0,0,0,,,0,0,0,0,0,,0,0,0,0,0,0,0,,,0,0,0,0,0,0,0,0,0,0,0
00-0036349,Kam Curl,SAF,DB,2026,2,REG,LA,NYG,0,0,0,0,0,0,0,0,0,0,,,0,0,0,0,0,,0,0,0,0,0,0,0,,,0,0,0,0,0,0,0,0,0,0,0
00-0036355,Justin Herbert,QB,QB,2026,2,REG,LAC,LV,15,27,192,1,2,3,-9,269,104,8,-0.563133629146047,-6.27663032366679,3,2,0,0,0,-4.11116544494871,0,0,0,0,0,0,0,,,0,0,0,0,0,0,0,0,0,7.88,7.88
00-0036358,CeeDee Lamb,WR,WR,2026,2,REG,DAL,WAS,0,0,0,0,0,0,0,0,0,0,,,0,0,0,0,0,,8,9,153,2,136,28,7,11.3683332446318,1.125,0.290322580645161,0.557377049180328,0.825647805393971,0,0,0,0,0,0,27.3,35.3
00-0036362,Willie Gay Jr.,LB,LB,2026,2,REG,MIA,SF,0,0,0,0,0,0,0,0,0,0,,,0,0,0,0,0,,0,0,0,0,0,0,0,,,0,0,0,0,0,0,0,0,0,0,0
00-0036366,Neville Gallimore,DT,DL,2026,2,REG,CHI,MIN,0,0,0,0,0,0,0,0,0,0,,,0,0,0,0,0,,0,0,0,0,0,0,0,,,0,0,0,0,0,0,0,0,0,0,0
00-0036374,L'Jarius Sneed,CB,DB,2026,2,REG,KC,IND,0,0,0,0,0,0,0,0,0,0,,,0,0,0,0,0,,0,0,0,0,0,0,0,,,0,0,0,0,0,0,0,0,0,0,0
00-0036375,Amik Robertson,CB,DB,2026,2,REG,WAS,DAL,0,0,0,0,0,0,0,0,0,0,,,0,0,0,0,0,,0,0,0,0,0,0,0,,,0,0,0,0,0,0,0,0,0,0,0
00-0036378,Michael Danna,LB,LB,2026,2,REG,BUF,DET,0,0,0,0,0,0,0,0,0,0,,,0,0,0,0,0,,0,0,0,0,0,0,0,,,0,0,0,0,0,0,0,0,0,0,0
00-0036380,Alohi Gilman,SAF,DB,2026,2,REG,KC,IND,0,0,0,0,0,0,0,0,0,0,,,0,0,0,0,0,,0,0,0,0,0,0,0,,,0,0,0,0,0,0,0,0,0,0,0
00-0036388,Xavier McKinney,SAF,DB,2026,2,REG,GB,NYJ,0,0,0,0,0,0,0,0,0,0,,,0,0,0,0,0,,0,0,0,0,0,0,0,,,0,0,0,0,0,0,0,0,0,0,0
00-0036389,Jalen Hurts,QB,QB,2026,2,REG,PHI,TEN,26,37,264,2,2,3,-12,292,62,16,8.76701317328149,15.9417549476904,5,16,0,2,0,-0.0865605510189198,0,0,0,0,0,0,0,,,0,0,0,0,0,0,0,0,0,16.16,16.16
00-0036407,Jerry Jeudy,WR,WR,2026,2,REG,CLE,TB,0,0,0,0,0,0,0,0,0,0,,,0,0,0,0,0,,0,1,0,0,10,0,0,-0.893932536710054,0,0.0333333333333333,0.0925925925925926,0.114814814814815,0,0,0,0,0,0,0,0
00-0036409,Jordyn Brooks,LB,LB,2026,2,REG,MIA,SF,0,0,0,0,0,0,0,0,0,0,,,0,0,0,0,0,,0,0,0,0,0,0,0,,,0,0,0,0,0,0,0,0,0,0,0
00-0036410,Tee Higgins,WR,WR,2026,2,REG,CIN,HOU,0,0,0,0,0,0,0,0,0,0,,,0,0,0,0,0,,5,10,95,0,93,33,5,5.46393185236242,1.02150537634409,0.32258064516129,0.53757225433526,0.860171545776618,0,0,0,0,0,0,9.5,14.5
00-0036411,Antoine Winfield Jr.,SAF,DB,2026,2,REG,TB,CLE,0,0,0,0,0,0,0,0,0,0,,,0,0,0,0,0,,0,0,0,0,0,0,0,,,0,0,0,0,0,0,0,0,0,0,0
00-0036416,Kristian Fulton,CB,DB,2026,2,REG,KC,IND,0,0,0,0,0,0,0,0,0,0,,,0,0,0,0,0,,0,0,0,0,0,0,0,,,0,0,0,0,0,0,0,0,0,0,0
00-0036418,Zack Baun,LB,LB,2026,2,REG,PHI,TEN,0,0,0,0,0,0,0,0,0,0,,,0,0,0,0,0,,0,0,0,0,0,0,0,,,0,0,0,0,0,0,0,0,0,0,0
00-0036421,Terrell Burgess,SAF,DB,2026,2,REG,TEN,PHI,0,0,0,0,0,0,0,0,0,0,,,0,0,0,0,0,,0,0,0,0,0,0,0,,,0,0,0,0,0,0,0,0,0,0,0
00-0036425,DeeJay Dallas,RB,RB,2026,2,REG,MIN,CHI,0,0,0,0,0,0,0,0,0,0,,,2,8,0,0,0,0.0219555054791272,1,1,12,0,-4,16,0,0.364559409441426,-3,0.0526315789473684,-0.0254777070063694,0.061112973516594,0,0,0,0,0,0,2,3
00-0036428,Justin Strnad,LB,LB,2026,2,REG,DEN,JAX,0,0,0,0,0,0,0,0,0,0,,,0,0,0,0,0,,0,0,0,0,0,0,0,,,0,0,0,0,0,0,0,0,0,0,0
00-0036429,Charlie Woerner,TE,TE,2026,2,REG,ATL,CAR,0,0,0,0,0,0,0,0,0,0,,,0,0,0,0,0,,0,1,0,0,1,0,0,-0.551501363748685,0,0.032258064516129,0.00628930817610063,0.052789612497464,0,0,0,0,0,0,0,0
00-0036442,Joe Burrow,QB,QB,2026,2,REG,CIN,HOU,20,31,207,2,0,5,-25,173,75,9,-0.547725591643175,-6.50844410542519,1,-1,0,0,0,0,0,0,0,0,0,0,0,,,0,0,0,0,0,0,0,0,0,16.18,16.18
00-0036463,Chris Blair,WR,WR,2026,2,REG,ATL,CAR,0,0,0,0,0,0,0,0,0,0,,,0,0,0,0,0,,1,3,6,0,24,1,0,-1.80463285231963,0.25,0.0967741935483871,0.150943396226415,0.250821667681071,0,0,0,0,0,0,0.6,1.6
00-0036479,Kwity Paye,DE,DL,2026,2,REG,LV,LAC,0,0,0,0,0,0,0,0,0,0,,,0,0,0,0,0,,0,0,0,0,0,0,0,,,0,0,0,0,0,0,0,0,0,0,0
00-0036480,Dayo Odeyingbo,DE,DL,2026,2,REG,CHI,MIN,0,0,0,0,0,0,0,0,0,0,,,0,0,0,0,0,,0,0,0,0,0,0,0,,,0,0,0,0,0,0,0,0,0,0,0
00-0036500,Jamien Sherwood,LB,LB,2026,2,REG,NYJ,GB,0,0,0,0,0,0,0,0,0,0,,,0,0,0,0,0,,0,0,0,0,0,0,0,,,0,0,0,0,0,0,0,0,0,0,0
00-0036550,Rashod Bateman,WR,WR,2026,2,REG,BAL,NO,0,0,0,0,0,0,0,0,0,0,,,0,0,0,0,0,,7,9,88,1,125,2,3,5.57205615914427,0.704,0.310344827586207,0.389408099688474,0.738102911161242,0,0,0,0,0,0,14.8,21.8
00-0036555,Chuba Hubbard,RB,RB,2026,2,REG,CAR,ATL,0,0,0,0,0,0,0,0,0,0,,,12,53,0,4,1,0.169136296957731,2,2,11,1,-4,15,1,4.63368985662237,-2.75,0.0625,-0.0128617363344051,0.0847467845659164,0,0,0,0,0,0,12.4,14.4
00-0036557,Jaylon Moore,OT,OL,2026,2,REG,KC,IND,0,0,0,0,0,0,0,0,0,0,,,0,0,0,0,0,,0,0,0,0,0,0,0,,,0,0,0,0,0,0,0,0,0,0,0
00-0036563,Deommodore Lenoir,CB,DB,2026,2,REG,SF,MIA,0,0,0,0,0,0,0,0,0,0,,,0,0,0,0,0,,0,0,0,0,0,0,0,,,0,0,0,0,0,0,0,0,0,0,0
00-0036564,Talanoa Hufanga,SAF,DB,2026,2,REG,DEN,JAX,0,0,0,0,0,0,0,0,0,0,,,0,0,0,0,0,,0,0,0,0,0,0,0,,,0,0,0,0,0,0,0,0,0,0,0
00-0036568,Roy Lopez,DT,DL,2026,2,REG,ARI,SEA,0,0,0,0,0,0,0,0,0,0,,,0,0,0,0,0,,0,0,0,0,0,0,0,,,0,0,0,0,0,0,0,0,0,0,0
00-0036587,Ar'Darius Washington,SAF,DB,2026,2,REG,NYG,LA,0,0,0,0,0,0,0,0,0,0,,,0,0,0,0,0,,0,0,0,0,0,0,0,,,0,0,0,0,0,0,0,0,0,0,0
00-0036590,Quintin Morris,TE,TE,2026,2,REG,JAX,DEN,0,0,0,0,0,0,0,0,0,0,,,0,0,0,0,0,,1,1,7,0,3,4,0,0.513706741232594,2.33333333333333,0.0357142857142857,0.00993377483443709,0.0605250709555345,0,0,0,0,0,0,0.7,1.7
00-0036613,Jaylen Waddle,WR,WR,2026,2,REG,DEN,JAX,0,0,0,0,0,0,0,0,0,0,,,0,0,0,0,0,,8,10,138,0,153,35,6,8.74865595909068,0.901960784313725,0.344827586206897,0.57089552238806,0.916868244981987,0,0,0,0,0,0,13.8,21.8
00-0036617,Asante Samuel Jr.,CB,DB,2026,2,REG,PIT,NE,0,0,0,0,0,0,0,0,0,0,,,0,0,0,0,0,,0,0,0,0,0,0,0,,,0,0,0,0,0,0,0,0,0,0,0
00-0036621,Nick Bolton,LB,LB,2026,2,REG,KC,IND,0,0,0,0,0,0,0,0,0,0,,,0,0,0,0,0,,0,0,0,0,0,0,0,,,0,0,0,0,0,0,0,0,0,0,0
00-0036624,Alim McNeill,DT,DL,2026,2,REG,DET,BUF,0,0,0,0,0,0,0,0,0,0,,,0,0,0,0,0,,0,0,0,0,0,0,0,,,0,0,0,0,0,0,0,0,0,0,0
00-0036626,Dyami Brown,WR,WR,2026,2,REG,WAS,DAL,1,1,0,0,0,0,0,-6,6,0,-0.464697045225403,11.77077293396,0,0,0,0,0,,4,6,21,0,48,3,2,-5.6215166420443,0.4375,0.176470588235294,0.133704735376045,0.358299197116172,0,1,0,0,0,0,0.1,4.1
00-0036629,Camryn Bynum,SAF,DB,2026,2,REG,IND,KC,0,0,0,0,0,0,0,0,0,0,,,0,0,0,0,0,,0,0,0,0,0,0,0,,,0,0,0,0,0,0,0,0,0,0,0
00-0036637,Noah Gray,TE,TE,2026,2,REG,KC,IND,0,0,0,0,0,0,0,0,0,0,,,0,0,0,0,0,,0,1,0,0,11,0,0,-0.818287746049464,0,0.0232558139534884,0.0419847328244275,0.0642730339073318,0,0,0,0,0,0,0,0
00-0036642,Tedarrell Slaton,DT,DL,2026,2,REG,CIN,HOU,0,0,0,0,0,0,0,0,0,0,,,0,0,0,0,0,,0,0,0,0,0,0,0,,,0,0,0,0,0,0,0,0,0,0,0
00-0036648,Nick Niemann,LB,LB,2026,2,REG,GB,NYJ,0,0,0,0,0,0,0,0,0,0,,,0,0,0,0,0,,0,0,0,0,0,0,0,,,0,0,0,0,0,0,0,0,0,0,0
00-0036658,Isaiah McDuffie,LB,LB,2026,2,REG,GB,NYJ,0,0,0,0,0,0,0,0,0,0,,,0,0,0,0,0,,0,0,0,0,0,0,0,,,0,0,0,0,0,0,0,0,0,0,0
00-0036677,Zayne Anderson,SAF,DB,2026,2,REG,MIA,SF,0,0,0,0,0,0,0,0,0,0,,,0,0,0,0,0,,0,0,0,0,0,0,0,,,0,0,0,0,0,0,0,0,0,0,0
00-0036682,Malik Herring,DE,DL,2026,2,REG,MIA,SF,0,0,0,0,0,0,0,0,0,0,,,0,0,0,0,0,,0,0,0,0,0,0,0,,,0,0,0,0,0,0,0,0,0,0,0
00-0036683,Devon Key,SAF,DB,2026,2,REG,DEN,JAX,0,0,0,0,0,0,0,0,0,0,,,0,0,0,0,0,,0,0,0,0,0,0,0,,,0,0,0,0,0,0,0,0,0,0,0
00-0036727,Adam Prentice,FB,RB,2026,2,REG,DEN,JAX,0,0,0,0,0,0,0,0,0,0,,,0,0,0,0,0,,1,1,2,0,2,0,0,-0.291516063734889,1,0.0344827586206897,0.00746268656716418,0.0569480185280494,0,0,0,0,0,0,0.2,1.2
00-0036728,Curtis Robinson,LB,LB,2026,2,REG,DAL,WAS,0,0,0,0,0,0,0,0,0,0,,,0,0,0,0,0,,0,0,0,0,0,0,0,,,0,0,0,0,0,0,0,0,0,0,0
00-0036736,Kayode Awosika,G,OL,2026,2,REG,LAC,LV,0,0,0,0,0,0,0,0,0,0,,,0,0,0,0,0,,0,0,0,0,0,0,0,,,0,0,0,0,0,0,0,0,0,0,0
00-0036754,Brock Wright,TE,TE,2026,2,REG,DET,BUF,0,0,0,0,0,0,0,0,0,0,,,0,0,0,0,0,,0,0,0,0,0,0,0,,,0,0,0,0,0,0,0,0,0,0,0
00-0036813,Christian Elliss,LB,LB,2026,2,REG,NE,PIT,0,0,0,0,0,0,0,0,0,0,,,0,0,0,0,0,,0,0,0,0,0,0,0,,,0,0,0,0,0,0,0,0,0,0,0
00-0036816,Riley Patterson,K,SPEC,2026,2,REG,MIA,SF,0,0,0,0,0,0,0,0,0,0,,,0,0,0,0,0,,0,0,0,0,0,0,0,,,0,0,0,0,0,0,0,0,0,0,0
00-0036825,Feleipe Franks,TE,TE,2026,2,REG,CAR,ATL,0,0,0,0,0,0,0,0,0,0,,,0,0,0,0,0,,0,0,0,0,0,0,0,,,0,0,0,0,0,0,0,0,0,0,0
00-0036844,Garret Wallow,LB,LB,2026,2,REG,SF,MIA,0,0,0,0,0,0,0,0,0,0,,,0,0,0,0,0,,0,0,0,0,0,0,0,,,0,0,0,0,0,0,0,0,0,0,0
00-0036849,Tutu Atwell,WR,WR,2026,2,REG,LA,NYG,0,0,0,0,0,0,0,0,0,0,,,0,0,0,0,0,,1,2,19,0,58,0,1,1.31840372132137,0.327586206896552,0.0666666666666667,0.175226586102719,0.222658610271903,0,0,0,0,0,0,1.9,2.9
00-0036854,Evan McPherson,K,SPEC,2026,2,REG,CIN,HOU,0,0,0,0,0,0,0,0,0,0,,,0,0,0,0,0,,0,0,0,0,0,0,0,,,0,0,0,0,0,0,0,0,0,0,0
00-0036862,Ben Skowronek,WR,WR,2026,2,REG,PIT,NE,0,0,0,0,0,0,0,0,0,0,,,0,0,0,0,0,,1,1,2,0,1,1,0,-0.468048979295418,2,0.027027027027027,0.00465116279069768,0.0437963544940289,0,0,0,0,0,0,0.2,1.2
00-0036867,Chris Rumph II,LB,LB,2026,2,REG,NO,BAL,0,0,0,0,0,0,0,0,0,0,,,0,0,0,0,0,,0,0,0,0,0,0,0,,,0,0,0,0,0,0,0,0,0,0,0
00-0036874,Pat Surtain II,CB,DB,2026,2,REG,DEN,JAX,0,0,0,0,0,0,0,0,0,0,,,0,0,0,0,0,,0,0,0,0,0,0,0,,,0,0,0,0,0,0,0,0,0,0,0
00-0036875,Rhamondre Stevenson,RB,RB,2026,2,REG,NE,PIT,0,0,0,0,0,0,0,0,0,0,,,6,43,0,3,1,1.8175322865136,1,2,3,0,3,5,0,-4.94787088979501,1,0.0952380952380952,0.0153061224489796,0.153571428571429,0,1,0,0,0,0,2.6,3.6
00-0036883,Tommy Togiai,DT,DL,2026,2,REG,HOU,CIN,0,0,0,0,0,0,0,0,0,0,,,0,0,0,0,0,,0,0,0,0,0,0,0,,,0,0,0,0,0,0,0,0,0,0,0
00-0036887,Luke Farrell,TE,TE,2026,2,REG,SF,MIA,0,0,0,0,0,0,0,0,0,0,,,0,0,0,0,0,,0,0,0,0,0,0,0,,,0,0,0,0,0,0,0,0,0,0,0
00-0036888,Damar Hamlin,SAF,DB,2026,2,REG,BUF,DET,0,0,0,0,0,0,0,0,0,0,,,0,0,0,0,0,,0,0,0,0,0,0,0,,,0,0,0,0,0,0,0,0,0,0,0
00-0036893,Najee Harris,RB,RB,2026,2,REG,NYG,LA,0,0,0,0,0,0,0,0,0,0,,,4,6,0,0,0,-2.74711455798499,0,0,0,0,0,0,0,,,0,0,0,0,0,0,0,0,0,0.6,0.6
00-0036894,Pat Freiermuth,TE,TE,2026,2,REG,PIT,NE,0,0,0,0,0,0,0,0,0,0,,,1,2,0,1,0,2.12668753904291,4,5,32,0,47,14,1,-0.330227559141349,0.680851063829787,0.135135135135135,0.218604651162791,0.355725958516656,0,0,0,0,0,0,3.4,7.4
00-0036900,Ja'Marr Chase,WR,WR,2026,2,REG,CIN,HOU,0,0,0,0,0,0,0,0,0,0,,,0,0,0,0,0,,7,9,75,2,81,15,3,3.89433384983568,0.925925925925926,0.290322580645161,0.468208092485549,0.763229535707627,0,0,0,0,0,0,19.5,26.5
00-0036901,Eric Stokes,CB,DB,2026,2,REG,LV,LAC,0,0,0,0,0,0,0,0,0,0,,,0,0,0,0,0,,0,0,0,0,0,0,0,,,0,0,0,0,0,0,0,0,0,0,0
00-0036905,Larry Borom,G,OL,2026,2,REG,DET,BUF,0,0,0,0,0,0,0,0,0,0,,,0,0,0,0,0,,0,0,0,0,0,0,0,,,0,0,0,0,0,0,0,0,0,0,0
00-0036909,Khyiris Tonga,DT,DL,2026,2,REG,KC,IND,0,0,0,0,0,0,0,0,0,0,,,1,3,0,1,0,2.23905110405758,0,0,0,0,0,0,0,,,0,0,0,0,0,0,0,0,0,0.3,0.3
00-0036912,DeVonta Smith,WR,WR,2026,2,REG,PHI,TEN,0,0,0,0,0,0,0,0,0,0,,,0,0,0,0,0,,10,13,117,1,188,7,7,1.2649134840467,0.622340425531915,0.382352941176471,0.643835616438356,1.02421434327156,0,0,0,0,0,0,17.7,27.7
00-0036914,Greg Rousseau,LB,LB,2026,2,REG,BUF,DET,0,0,0,0,0,0,0,0,0,0,,,0,0,0,0,0,,0,0,0,0,0,0,0,,,0,0,0,0,0,0,0,0,0,0,0
00-0036916,Milton Williams,DT,DL,2026,2,REG,NE,PIT,0,0,0,0,0,0,0,0,0,0,,,0,0,0,0,0,,0,0,0,0,0,0,0,,,0,0,0,0,0,0,0,0,0,0,0
00-0036919,Kenny Gainwell,RB,RB,2026,2,REG,TB,CLE,0,0,0,0,0,0,0,0,0,0,,,2,10,0,2,0,1.15030691787251,3,4,5,0,-15,25,0,-2.70143725089038,-0.333333333333333,0.121212121212121,-0.0356294536817102,0.156877564240985,0,0,0,0,0,0,1.5,4.5
00-0036927,Pete Werner,LB,LB,2026,2,REG,NO,BAL,0,0,0,0,0,0,0,0,0,0,,,0,0,0,0,0,,0,0,0,0,0,0,0,,,0,0,0,0,0,0,0,0,0,0,0
00-0036933,Zaven Collins,LB,LB,2026,2,REG,ARI,SEA,0,0,0,0,0,0,0,0,0,0,,,0,0,0,0,0,,0,0,0,0,0,0,0,,,0,0,0,0,0,0,0,0,0,0,0
00-0036934,Jaelan Phillips,LB,LB,2026,2,REG,CAR,ATL,0,0,0,0,0,0,0,0,0,0,,,0,0,0,0,0,,0,0,0,0,0,0,0,,,0,0,0,0,0,0,0,0,0,0,0
00-0036940,Odafe Oweh,LB,LB,2026,2,REG,WAS,DAL,0,0,0,0,0,0,0,0,0,0,,,0,0,0,0,0,,0,0,0,0,0,0,0,,,0,0,0,0,0,0,0,0,0,0,0
00-0036941,Andre Cisco,SAF,DB,2026,2,REG,NYJ,GB,0,0,0,0,0,0,0,0,0,0,,,0,0,0,0,0,,0,0,0,0,0,0,0,,,0,0,0,0,0,0,0,0,0,0,0
00-0036942,Osa Odighizuwa,DT,DL,2026,2,REG,SF,MIA,0,0,0,0,0,0,0,0,0,0,,,0,0,0,0,0,,0,0,0,0,0,0,0,,,0,0,0,0,0,0,0,0,0,0,0
00-0036944,Jaycee Horn,CB,DB,2026,2,REG,CAR,ATL,0,0,0,0,0,0,0,0,0,0,,,0,0,0,0,0,,0,0,0,0,0,0,0,,,0,0,0,0,0,0,0,0,0,0,0
00-0036962,Tre'von Moehrig,SAF,DB,2026,2,REG,CAR,ATL,0,0,0,0,0,0,0,0,0,0,,,0,0,0,0,0,,0,0,0,0,0,0,0,,,0,0,0,0,0,0,0,0,0,0,0
00-0036963,Amon-Ra St. Brown,WR,WR,2026,2,REG,DET,BUF,0,0,0,0,0,0,0,0,0,0,,,0,0,0,0,0,,9,13,142,2,148,43,7,10.7018913011416,0.959459459459459,0.342105263157895,0.439169139465875,0.820576292362955,0,0,0,0,0,0,26.2,35.2
00-0036964,Derrick Barnes,LB,LB,2026,2,REG,DET,BUF,0,0,0,0,0,0,0,0,0,0,,,0,0,0,0,0,,0,0,0,0,0,0,0,,,0,0,0,0,0,0,0,0,0,0,0
00-0036970,Kyle Pitts,TE,TE,2026,2,REG,ATL,CAR,0,0,0,0,0,0,0,0,0,0,,,0,0,0,0,0,,1,3,15,0,26,4,1,-8.31052091124002,0.576923076923077,0.0967741935483871,0.163522012578616,0.259626699127612,0,0,0,0,0,0,1.5,2.5
00-0036971,Trevor Lawrence,QB,QB,2026,2,REG,JAX,DEN,17,29,189,0,1,2,-16,302,36,8,-4.11505365912874,0.915374340755599,2,6,0,1,0,0.387543015007395,0,0,0,0,0,0,0,,,0,0,0,0,0,0,0,0,0,6.16,6.16
00-0036972,Mac Jones,QB,QB,2026,2,REG,SF,MIA,0,0,0,0,0,0,0,0,0,0,,,2,-2,0,0,0,0,0,0,0,0,0,0,0,,,0,0,0,0,0,0,0,0,0,-0.2,-0.2
00-0036973,Travis Etienne,RB,RB,2026,2,REG,NO,BAL,0,0,0,0,0,0,0,0,0,0,,,8,25,0,1,0,0.380867370797321,2,2,6,0,-7,13,0,-0.447876913589425,-0.857142857142857,0.0625,-0.0328638497652582,0.0707453051643193,0,0,0,1,0,0,5.1,7.1
00-0036974,Tyson Campbell,CB,DB,2026,2,REG,CLE,TB,0,0,0,0,0,0,0,0,0,0,,,0,0,0,0,0,,0,0,0,0,0,0,0,,,0,0,0,0,0,0,0,0,0,0,0
00-0036976,Spencer Brown,OT,OL,2026,2,REG,BUF,DET,0,0,0,0,0,0,0,0,0,0,,,0,0,0,0,0,,0,0,0,0,0,0,0,,,0,0,0,0,0,0,0,0,0,0,0
00-0036981,Christian Barmore,DT,DL,2026,2,REG,NE,PIT,0,0,0,0,0,0,0,0,0,0,,,0,0,0,0,0,,0,0,0,0,0,0,0,,,0,0,0,0,0,0,0,0,0,0,0
00-0036982,Chauncey Golston,DE,DL,2026,2,REG,NYG,LA,0,0,0,0,0,0,0,0,0,0,,,0,0,0,0,0,,0,0,0,0,0,0,0,,,0,0,0,0,0,0,0,0,0,0,0
00-0036985,Robert Hainsey,C,OL,2026,2,REG,JAX,DEN,0,0,0,0,0,0,0,0,0,0,,,0,0,0,0,0,,0,0,0,0,0,0,0,,,0,0,0,0,0,0,0,0,0,0,0
00-0036987,Brandon Stephens,CB,DB,2026,2,REG,NYJ,GB,0,0,0,0,0,0,0,0,0,0,,,0,0,0,0,0,,0,0,0,0,0,0,0,,,0,0,0,0,0,0,0,0,0,0,0
00-0036988,Josh Palmer,WR,WR,2026,2,REG,BUF,DET,0,0,0,0,0,0,0,0,0,0,,,0,0,0,0,0,,1,3,43,1,39,10,1,4.82008575508371,1.1025641025641,0.107142857142857,0.165957446808511,0.276884498480243,0,0,0,0,0,0,10.3,11.3
00-0036989,Malcolm Koonce,DE,DL,2026,2,REG,LV,LAC,0,0,0,0,0,0,0,0,0,0,,,0,0,0,0,0,,0,0,0,0,0,0,0,,,0,0,0,0,0,0,0,0,0,0,0
00-0036990,Divine Deablo,LB,LB,2026,2,REG,ATL,CAR,0,0,0,0,0,0,0,0,0,0,,,0,0,0,0,0,,0,0,0,0,0,0,0,,,0,0,0,0,0,0,0,0,0,0,0
00-0036994,Ernest Jones,LB,LB,2026,2,REG,SEA,ARI,0,0,0,0,0,0,0,0,0,0,,,0,0,0,0,0,,0,0,0,0,0,0,0,,,0,0,0,0,0,0,0,0,0,0,0
00-0036995,Baron Browning,LB,LB,2026,2,REG,ARI,SEA,0,0,0,0,0,0,0,0,0,0,,,0,0,0,0,0,,0,0,0,0,0,0,0,,,0,0,0,0,0,0,0,0,0,0,0
00-0036996,Greg Newsome II,CB,DB,2026,2,REG,NYG,LA,0,0,0,0,0,0,0,0,0,0,,,0,0,0,0,0,,0,0,0,0,0,0,0,,,0,0,0,0,0,0,0,0,0,0,0
00-0036997,Javonte Williams,RB,RB,2026,2,REG,DAL,WAS,0,0,0,0,0,0,0,0,0,0,,,12,30,0,0,0,-3.74253865104402,3,4,20,0,-12,28,0,0.243172286194749,-1.66666666666667,0.129032258064516,-0.0491803278688525,0.159122157588577,0,0,0,0,0,0,5,8
00-0036998,Jevon Holland,SAF,DB,2026,2,REG,NYG,LA,0,0,0,0,0,0,0,0,0,0,,,0,0,0,0,0,,0,0,0,0,0,0,0,,,0,0,0,0,0,0,0,0,0,0,0
00-0037003,Chazz Surratt,LB,LB,2026,2,REG,SEA,ARI,0,0,0,0,0,0,0,0,0,0,,,0,0,0,0,0,,0,0,0,0,0,0,0,,,0,0,0,0,0,0,0,0,0,0,0
00-0037004,Hunter Long,TE,TE,2026,2,REG,ARI,SEA,0,0,0,0,0,0,0,0,0,0,,,0,0,0,0,0,,0,0,0,0,0,0,0,,,0,0,0,0,0,0,0,0,0,0,0
00-0037005,Tommy Tremble,TE,TE,2026,2,REG,CAR,ATL,0,0,0,0,0,0,0,0,0,0,,,0,0,0,0,0,,1,2,4,0,19,4,0,-0.883956002246123,0.210526315789474,0.0625,0.0610932475884244,0.136515273311897,0,0,0,0,0,0,0.4,1.4
00-0037009,Rashawn Slater,OT,OL,2026,2,REG,LAC,LV,0,0,0,0,0,0,0,0,0,0,,,0,0,0,0,0,,0,0,0,0,0,0,0,,,0,0,0,0,0,0,0,0,0,0,0
00-0037034,Dee Alford,CB,DB,2026,2,REG,BUF,DET,0,0,0,0,0,0,0,0,0,0,,,0,0,0,0,0,,0,0,0,0,0,0,0,,,0,0,0,0,0,0,0,0,0,0,0
00-0037073,Jordan Davis,DT,DL,2026,2,REG,PHI,TEN,0,0,0,0,0,0,0,0,0,0,,,0,0,0,0,0,,0,0,0,0,0,0,0,,,0,0,0,0,0,0,0,0,0,0,0
00-0037074,Quay Walker,LB,LB,2026,2,REG,LV,LAC,0,0,0,0,0,0,0,0,0,0,,,0,0,0,0,0,,0,0,0,0,0,0,0,,,0,0,0,0,0,0,0,0,0,0,0
00-0037075,Devonte Wyatt,DT,DL,2026,2,REG,GB,NYJ,0,0,0,0,0,0,0,0,0,0,,,0,0,0,0,0,,0,0,0,0,0,0,0,,,0,0,0,0,0,0,0,0,0,0,0
00-0037079,Riq Woolen,CB,DB,2026,2,REG,PHI,TEN,0,0,0,0,0,0,0,0,0,0,,,0,0,0,0,0,,0,0,0,0,0,0,0,,,0,0,0,0,0,0,0,0,0,0,0
00-0037081,Braxton Jones,OT,OL,2026,2,REG,CHI,MIN,0,0,0,0,0,0,0,0,0,0,,,0,0,0,0,0,,0,0,0,0,0,0,0,,,0,0,0,0,0,0,0,0,0,0,0
00-0037083,Kingsley Enagbare,LB,LB,2026,2,REG,NYJ,GB,0,0,0,0,0,0,0,0,0,0,,,0,0,0,0,0,,0,0,0,0,0,0,0,,,0,0,0,0,0,0,0,0,0,0,0
00-0037085,Tyler Badie,RB,RB,2026,2,REG,DEN,JAX,0,0,0,0,0,0,0,0,0,0,,,1,1,0,0,0,-0.56060580292251,2,3,28,0,-9,32,1,0.0223814398632385,-3.11111111111111,0.103448275862069,-0.0335820895522388,0.131664951106536,0,0,0,0,0,0,2.9,4.9
00-0037091,Bo Melton,WR,WR,2026,2,REG,GB,NYJ,0,0,0,0,0,0,0,0,0,0,,,0,0,0,0,0,,0,1,0,0,8,0,0,-0.592051459942013,0,0.0344827586206897,0.037037037037037,0.0776500638569604,0,0,0,0,0,0,0,0
00-0037093,Dareke Young,WR,WR,2026,2,REG,LV,LAC,0,0,0,0,0,0,0,0,0,0,,,0,0,0,0,0,,1,1,27,0,13,14,1,1.78471834259108,2.07692307692308,0.0344827586206897,0.0459363957597173,0.0838796149628366,0,0,0,0,0,0,2.7,3.7
00-0037096,Elijah Hicks,SAF,DB,2026,2,REG,CHI,MIN,0,0,0,0,0,0,0,0,0,0,,,0,0,0,0,0,,0,0,0,0,0,0,0,,,0,0,0,0,0,0,0,0,0,0,0
00-0037109,Jack Sanborn,LB,LB,2026,2,REG,CHI,MIN,0,0,0,0,0,0,0,0,0,0,,,0,0,0,0,0,,0,0,0,0,0,0,0,,,0,0,0,0,0,0,0,0,0,0,0
00-0037130,Reed Blankenship,SAF,DB,2026,2,REG,HOU,CIN,0,0,0,0,0,0,0,0,0,0,,,0,0,0,0,0,,0,0,0,0,0,0,0,,,0,0,0,0,0,0,0,0,0,0,0
00-0037132,Britain Covey,WR,WR,2026,2,REG,PHI,TEN,0,0,0,0,0,0,0,0,0,0,,,0,0,0,0,0,,0,0,0,0,0,0,0,,,0,0,0,0,0,0,0,0,0,0,0
00-0037137,Josh Jobe,CB,DB,2026,2,REG,SEA,ARI,0,0,0,0,0,0,0,0,0,0,,,0,0,0,0,0,,0,0,0,0,0,0,0,,,0,0,0,0,0,0,0,0,0,0,0
00-0037157,Bam Knight,RB,RB,2026,2,REG,ARI,SEA,0,0,0,0,0,0,0,0,0,0,,,2,24,0,1,1,-1.12571102147922,0,0,0,0,0,0,0,,,0,0,0,0,0,0,0,0,0,2.4,2.4
00-0037179,Jeremiah Moon,LB,LB,2026,2,REG,CAR,ATL,0,0,0,0,0,0,0,0,0,0,,,0,0,0,0,0,,0,0,0,0,0,0,0,,,0,0,0,0,0,0,0,0,0,0,0
00-0037190,Sauce Gardner,CB,DB,2026,2,REG,IND,KC,0,0,0,0,0,0,0,0,0,0,,,0,0,0,0,0,,0,0,0,0,0,0,0,,,0,0,0,0,0,0,0,0,0,0,0
00-0037191,Trent McDuffie,CB,DB,2026,2,REG,LA,NYG,0,0,0,0,0,0,0,0,0,0,,,0,0,0,0,0,,0,0,0,0,0,0,0,,,0,0,0,0,0,0,0,0,0,0,0
00-0037192,George Karlaftis,DE,DL,2026,2,REG,KC,IND,0,0,0,0,0,0,0,0,0,0,,,0,0,0,0,0,,0,0,0,0,0,0,0,,,0,0,0,0,0,0,0,0,0,0,0
00-0037193,Bryan Cook,SAF,DB,2026,2,REG,CIN,HOU,0,0,0,0,0,0,0,0,0,0,,,0,0,0,0,0,,0,0,0,0,0,0,0,,,0,0,0,0,0,0,0,0,0,0,0
00-0037195,Jaylen Watson,CB,DB,2026,2,REG,LA,NYG,0,0,0,0,0,0,0,0,0,0,,,0,0,0,0,0,,0,0,0,0,0,0,0,,,0,0,0,0,0,0,0,0,0,0,0
00-0037196,Rasheed Walker,OT,OL,2026,2,REG,CAR,ATL,0,0,0,0,0,0,0,0,0,0,,,0,0,0,0,0,,0,0,0,0,0,0,0,,,0,0,0,0,0,0,0,0,0,0,0
00-0037208,Jack Cochrane,LB,LB,2026,2,REG,KC,IND,0,0,0,0,0,0,0,0,0,0,,,0,0,0,0,0,,0,0,0,0,0,0,0,,,0,0,0,0,0,0,0,0,0,0,0
00-0037224,Cameron Dicker,K,SPEC,2026,2,REG,LAC,LV,0,0,0,0,0,0,0,0,0,0,,,0,0,0,0,0,,0,0,0,0,0,0,0,,,0,0,0,0,0,0,0,0,0,0,0
00-0037228,Jaylen Warren,RB,RB,2026,2,REG,PIT,NE,0,0,0,0,0,0,0,0,0,0,,,11,43,0,1,1,-2.23265914415242,2,4,34,0,-11,39,1,-0.0250917259424885,-3.09090909090909,0.108108108108108,-0.0511627906976744,0.12634820867379,0,0,0,0,0,0,7.7,9.7
00-0037231,Kevin Austin Jr.,WR,WR,2026,2,REG,NO,BAL,0,0,0,0,0,0,0,0,0,0,,,0,0,0,0,0,,1,1,7,0,6,1,0,0.38609720725799,1.16666666666667,0.03125,0.028169014084507,0.0665933098591549,0,0,0,0,0,0,0.7,1.7
00-0037235,Travon Walker,DE,DL,2026,2,REG,JAX,DEN,0,0,0,0,0,0,0,0,0,0,,,0,0,0,0,0,,0,0,0,0,0,0,0,,,0,0,0,0,0,0,0,0,0,0,0
00-0037236,Aidan Hutchinson,DE,DL,2026,2,REG,DET,BUF,0,0,0,0,0,0,0,0,0,0,,,0,0,0,0,0,,0,0,0,0,0,0,0,,,0,0,0,0,0,0,0,0,0,0,0
00-0037237,Derek Stingley Jr.,CB,DB,2026,2,REG,HOU,CIN,0,0,0,0,0,0,0,0,0,0,,,0,0,0,0,0,,0,0,0,0,0,0,0,,,0,0,0,0,0,0,0,0,0,0,0
00-0037238,Drake London,WR,WR,2026,2,REG,ATL,CAR,0,0,0,0,0,0,0,0,0,0,,,1,-2,0,0,0,-4.0876256324118,4,5,51,0,23,33,4,3.30427900882205,2.21739130434783,0.161290322580645,0.144654088050314,0.343193345506188,0,0,0,0,0,0,4.9,8.9
00-0037239,Chris Olave,WR,WR,2026,2,REG,NO,BAL,0,0,0,0,0,0,0,0,0,0,,,0,0,0,0,0,,8,10,86,1,104,18,6,6.47423115190922,0.826923076923077,0.3125,0.488262910798122,0.810534037558685,0,0,0,0,0,0,14.6,22.6
00-0037240,Jameson Williams,WR,WR,2026,2,REG,DET,BUF,0,0,0,0,0,0,0,0,0,0,,,0,0,0,0,0,,2,4,33,0,50,1,2,1.49683080165414,0.66,0.105263157894737,0.148367952522255,0.261752303607684,0,0,0,0,0,0,3.3,5.3
00-0037244,Devin Lloyd,LB,LB,2026,2,REG,CAR,ATL,0,0,0,0,0,0,0,0,0,0,,,0,0,0,0,0,,0,0,0,0,0,0,0,,,0,0,0,0,0,0,0,0,0,0,0
00-0037246,Jalen Pitre,SAF,DB,2026,2,REG,HOU,CIN,0,0,0,0,0,0,0,0,0,0,,,0,0,0,0,0,,0,0,0,0,0,0,0,,,0,0,0,0,0,0,0,0,0,0,0
00-0037247,George Pickens,WR,WR,2026,2,REG,DAL,WAS,0,0,0,0,0,0,0,0,0,0,,,0,0,0,0,0,,6,8,40,0,83,2,4,0.481996901237861,0.481927710843373,0.258064516129032,0.34016393442623,0.625211528291909,0,0,0,0,0,0,4,10
00-0037248,James Cook,RB,RB,2026,2,REG,BUF,DET,0,0,0,0,0,0,0,0,0,0,,,21,135,1,7,5,5.04298063798342,1,3,4,0,1,2,0,-1.15964489540784,4,0.107142857142857,0.00425531914893617,0.163693009118541,0,0,0,0,0,0,19.9,20.9
00-0037249,Nik Bonitto,LB,LB,2026,2,REG,DEN,JAX,0,0,0,0,0,0,0,0,0,0,,,0,0,0,0,0,,0,0,0,0,0,0,0,,,0,0,0,0,0,0,0,0,0,0,0
00-0037250,Martin Emerson,CB,DB,2026,2,REG,NO,BAL,0,0,0,0,0,0,0,0,0,0,,,0,0,0,0,0,,0,0,0,0,0,0,0,,,0,0,0,0,0,0,0,0,0,0,0
00-0037252,Greg Dulcich,TE,TE,2026,2,REG,MIA,SF,0,0,0,0,0,0,0,0,0,0,,,0,0,0,0,0,,2,3,17,0,10,15,1,0.153479987115134,1.7,0.130434782608696,0.0591715976331361,0.237072292256239,0,0,0,0,0,0,1.7,3.7
00-0037253,Marcus Jones,CB,DB,2026,2,REG,NE,PIT,0,0,0,0,0,0,0,0,0,0,,,0,0,0,0,0,,0,0,0,0,0,0,0,,,0,0,0,0,0,0,0,0,0,0,0
00-0037254,Terrel Bernard,LB,LB,2026,2,REG,BUF,DET,0,0,0,0,0,0,0,0,0,0,,,0,0,0,0,0,,0,0,0,0,0,0,0,,,0,0,0,0,0,0,0,0,0,0,0
00-0037256,Rachaad White,RB,RB,2026,2,REG,WAS,DAL,0,0,0,0,0,0,0,0,0,0,,,7,43,0,4,1,3.56587216540356,6,6,40,0,8,32,1,0.926539305268561,5,0.176470588235294,0.0222841225626741,0.280304768146813,0,0,0,0,0,0,8.3,14.3
00-0037261,Khalil Shakir,WR,WR,2026,2,REG,BUF,DET,0,0,0,0,0,0,0,0,0,0,,,0,0,0,0,0,,3,6,38,0,73,19,2,0.549903965438716,0.520547945205479,0.214285714285714,0.31063829787234,0.53887537993921,0,0,0,0,0,0,3.8,6.8
00-0037262,Thomas Booker,DT,DL,2026,2,REG,LV,LAC,0,0,0,0,0,0,0,0,0,0,,,0,0,0,0,0,,0,0,0,0,0,0,0,,,0,0,0,0,0,0,0,0,0,0,0
00-0037263,Tyler Allgeier,RB,RB,2026,2,REG,ARI,SEA,0,0,0,0,0,0,0,0,0,0,,,5,10,0,2,0,-2.78317370824516,2,2,9,0,-3,12,0,-0.406009509111755,-3,0.0769230769230769,-0.0275229357798165,0.0961185603387438,0,0,0,0,0,0,1.9,3.9
00-0037268,Zyon McCollum,CB,DB,2026,2,REG,TB,CLE,0,0,0,0,0,0,0,0,0,0,,,0,0,0,0,0,,0,0,0,0,0,0,0,,,0,0,0,0,0,0,0,0,0,0,0
00-0037270,Otito Ogbonnia,DT,DL,2026,2,REG,DAL,WAS,0,0,0,0,0,0,0,0,0,0,,,0,0,0,0,0,,0,0,0,0,0,0,0,,,0,0,0,0,0,0,0,0,0,0,0
00-0037271,D'Marco Jackson,LB,LB,2026,2,REG,CHI,MIN,0,0,0,0,0,0,0,0,0,0,,,0,0,0,0,0,,0,0,0,0,0,0,0,,,0,0,0,0,0,0,0,0,0,0,0
00-0037275,DaRon Bland,CB,DB,2026,2,REG,DAL,WAS,0,0,0,0,0,0,0,0,0,0,,,0,0,0,0,0,,0,0,0,0,0,0,0,,,0,0,0,0,0,0,0,0,0,0,0
00-0037284,Matt Araiza,P,SPEC,2026,2,REG,KC,IND,0,0,0,0,0,0,0,0,0,0,,,0,0,0,0,0,,0,0,0,0,0,0,0,,,0,0,0,0,0,0,0,0,0,0,0
00-0037287,Vederian Lowe,OT,OL,2026,2,REG,SF,MIA,0,0,0,0,0,0,0,0,0,0,,,0,0,0,0,0,,0,0,0,0,0,0,0,,,0,0,0,0,0,0,0,0,0,0,0
00-0037288,Christian Benford,CB,DB,2026,2,REG,BUF,DET,0,0,0,0,0,0,0,0,0,0,,,0,0,0,0,0,,0,0,0,0,0,0,0,,,0,0,0,0,0,0,0,0,0,0,0
00-0037289,Malcolm Rodriguez,LB,LB,2026,2,REG,DET,BUF,0,0,0,0,0,0,0,0,0,0,,,0,0,0,0,0,,0,0,0,0,0,0,0,,,0,0,0,0,0,0,0,0,0,0,0
00-0037291,Jalen Nailor,WR,WR,2026,2,REG,LV,LAC,0,0,0,0,0,0,0,0,0,0,,,0,0,0,0,0,,1,3,9,0,27,3,1,0.626363877439871,0.333333333333333,0.103448275862069,0.0954063604240283,0.221956866089923,0,0,0,0,0,0,0.9,1.9
00-0037292,Andrew Ogletree,TE,TE,2026,2,REG,IND,KC,0,0,0,0,0,0,0,0,0,0,,,0,0,0,0,0,,0,1,0,0,4,0,0,-0.557626492343843,0,0.0333333333333333,0.0246913580246914,0.067283950617284,0,0,0,0,0,0,0,0
00-0037301,Theo Jackson,DB,DB,2026,2,REG,MIN,CHI,0,0,0,0,0,0,0,0,0,0,,,0,0,0,0,0,,0,0,0,0,0,0,0,,,0,0,0,0,0,0,0,0,0,0,0
00-0037304,Connor Heyward,FB,RB,2026,2,REG,LV,LAC,0,0,0,0,0,0,0,0,0,0,,,1,1,0,1,0,2.22324372036383,0,0,0,0,0,0,0,,,0,0,0,0,0,0,0,0,0,0.1,0.1
00-0037313,Montaric Brown,CB,DB,2026,2,REG,JAX,DEN,0,0,0,0,0,0,0,0,0,0,,,0,0,0,0,0,,0,0,0,0,0,0,0,,,0,0,0,0,0,0,0,0,0,0,0
00-0037323,Rodney Thomas,SAF,DB,2026,2,REG,SEA,ARI,0,0,0,0,0,0,0,0,0,0,,,0,0,0,0,0,,0,0,0,0,0,0,0,,,0,0,0,0,0,0,0,0,0,0,0
00-0037384,Ja'Quan McMillian,CB,DB,2026,2,REG,DEN,JAX,0,0,0,0,0,0,0,0,0,0,,,0,0,0,0,0,,0,0,0,0,0,0,0,,,0,0,0,0,0,0,0,0,0,0,0
00-0037457,Jake Hansen,LB,LB,2026,2,REG,HOU,CIN,0,0,0,0,0,0,0,0,0,0,,,0,0,0,0,0,,0,0,0,0,0,0,0,,,0,0,0,0,0,0,0,0,0,0,0
00-0037500,Ryan Wright,P,SPEC,2026,2,REG,NO,BAL,0,0,0,0,0,0,0,0,0,0,,,0,0,0,0,0,,0,0,0,0,0,0,0,,,0,0,0,0,0,0,0,0,0,0,0
00-0037512,Isaiah Pola-Mao,SAF,DB,2026,2,REG,LV,LAC,0,0,0,0,0,0,0,0,0,0,,,0,0,0,0,0,,0,0,0,0,0,0,0,,,0,0,0,0,0,0,0,0,0,0,0
00-0037524,Tay Martin,WR,WR,2026,2,REG,DET,BUF,0,0,0,0,0,0,0,0,0,0,,,0,0,0,0,0,,0,0,0,0,0,0,0,,,0,0,0,0,0,0,0,0,0,0,0
00-0037527,Segun Olubi,LB,LB,2026,2,REG,LV,LAC,0,0,0,0,0,0,0,0,0,0,,,0,0,0,0,0,,0,0,0,0,0,0,0,,,0,0,0,0,0,0,0,0,0,0,0
00-0037545,Rashid Shaheed,WR,WR,2026,2,REG,SEA,ARI,0,0,0,0,0,0,0,0,0,0,,,1,4,0,0,0,-0.402099287020974,3,6,35,0,67,25,1,-1.55927495785667,0.522388059701493,0.230769230769231,0.295154185022026,0.552761775669265,0,0,0,0,0,0,3.9,6.9
00-0037547,Daniel Whelan,P,SPEC,2026,2,REG,GB,NYJ,0,0,0,0,0,0,0,0,0,0,,,0,0,0,0,0,,0,0,0,0,0,0,0,,,0,0,0,0,0,0,0,0,0,0,0
00-0037561,Markquese Bell,SAF,DB,2026,2,REG,DAL,WAS,0,0,0,0,0,0,0,0,0,0,,,0,0,0,0,0,,0,0,0,0,0,0,0,,,0,0,0,0,0,0,0,0,0,0,0
00-0037587,Nate Landman,LB,LB,2026,2,REG,LA,NYG,0,0,0,0,0,0,0,0,0,0,,,0,0,0,0,0,,0,0,0,0,0,0,0,,,0,0,0,0,0,0,0,0,0,0,0
00-0037594,Julius Chestnut,RB,RB,2026,2,REG,TEN,PHI,0,0,0,0,0,0,0,0,0,0,,,0,0,0,0,0,,0,0,0,0,0,0,0,,,0,0,0,0,0,0,0,0,0,0,0
00-0037596,Jack Gibbens,LB,LB,2026,2,REG,ARI,SEA,0,0,0,0,0,0,0,0,0,0,,,0,0,0,0,0,,0,0,0,0,0,0,0,,,0,0,0,0,0,0,0,0,0,0,0
00-0037614,John Metchie III,WR,WR,2026,2,REG,CAR,ATL,0,0,0,0,0,0,0,0,0,0,,,0,0,0,0,0,,0,0,0,0,0,0,0,,,0,0,0,0,0,0,0,0,0,0,0
00-0037615,Nakobe Dean,LB,LB,2026,2,REG,LV,LAC,0,0,0,0,0,0,0,0,0,0,,,0,0,0,0,0,,0,0,0,0,0,0,0,,,0,0,0,0,0,0,0,0,0,0,0
00-0037616,Nick Cross,SAF,DB,2026,2,REG,WAS,DAL,0,0,0,0,0,0,0,0,0,0,,,0,0,0,0,0,,0,0,0,0,0,0,0,,,0,0,0,0,0,0,0,0,0,0,0
00-0037663,Jermaine Johnson II,DE,DL,2026,2,REG,TEN,PHI,0,0,0,0,0,0,0,0,0,0,,,0,0,0,0,0,,0,0,0,0,0,0,0,,,0,0,0,0,0,0,0,0,0,0,0
00-0037664,Alec Pierce,WR,WR,2026,2,REG,IND,KC,0,0,0,0,0,0,0,0,0,0,,,0,0,0,0,0,,1,1,11,0,10,1,1,0.670511801494286,1.1,0.0333333333333333,0.0617283950617284,0.0932098765432099,0,0,0,0,0,0,1.1,2.1
00-0037665,Sam Williams,DE,DL,2026,2,REG,CLE,TB,0,0,0,0,0,0,0,0,0,0,,,0,0,0,0,0,,0,0,0,0,0,0,0,,,0,0,0,0,0,0,0,0,0,0,0
00-0037692,Brandon Aubrey,K,SPEC,2026,2,REG,DAL,WAS,0,0,0,0,0,0,0,0,0,0,,,0,0,0,0,0,,0,0,0,0,0,0,0,,,0,0,0,0,0,0,0,0,0,0,0
00-0037740,Garrett Wilson,WR,WR,2026,2,REG,NYJ,GB,0,0,0,0,0,0,0,0,0,0,,,0,0,0,0,0,,5,7,57,1,75,3,4,2.66148250183323,0.76,0.194444444444444,0.298804780876494,0.500830013280213,0,0,0,0,0,0,11.7,16.7
00-0037741,Jahan Dotson,WR,WR,2026,2,REG,ATL,CAR,0,0,0,0,0,0,0,0,0,0,,,0,0,0,0,0,,2,4,11,0,48,7,1,-5.99570282443892,0.229166666666667,0.129032258064516,0.30188679245283,0.404869141813755,0,0,0,0,0,0,1.1,3.1
00-0037742,Treylon Burks,WR,WR,2026,2,REG,WAS,DAL,0,0,0,0,0,0,0,0,0,0,,,0,0,0,0,0,,0,1,0,0,56,0,0,-0.646116067306139,0,0.0294117647058824,0.155988857938719,0.153309847615927,0,0,0,0,0,0,0,0
00-0037743,Daxton Hill,DB,DB,2026,2,REG,CIN,HOU,0,0,0,0,0,0,0,0,0,0,,,0,0,0,0,0,,0,0,0,0,0,0,0,,,0,0,0,0,0,0,0,0,0,0,0
00-0037744,Trey McBride,TE,TE,2026,2,REG,ARI,SEA,0,0,0,0,0,0,0,0,0,0,,,0,0,0,0,0,,8,10,41,1,36,15,3,5.13086431106785,1.13888888888889,0.384615384615385,0.330275229357798,0.808115737473536,0,0,0,0,0,0,10.1,18.1
00-0037746,Brian Robinson,RB,RB,2026,2,REG,ATL,CAR,0,0,0,0,0,0,0,0,0,0,,,11,51,0,2,0,0.810908317565918,2,2,16,0,0,16,1,1.2034323135158,0,0.0645161290322581,0,0.0967741935483871,0,0,0,0,0,0,6.7,8.7
00-0037752,Tycen Anderson,SAF,DB,2026,2,REG,DEN,JAX,0,0,0,0,0,0,0,0,0,0,,,0,0,0,0,0,,0,0,0,0,0,0,0,,,0,0,0,0,0,0,0,0,0,0,0
00-0037753,Cam Taylor-Britt,CB,DB,2026,2,REG,IND,KC,0,0,0,0,0,0,0,0,0,0,,,0,0,0,0,0,,0,0,0,0,0,0,0,,,0,0,0,0,0,0,0,0,0,0,0
00-0037756,Travis Jones,DT,DL,2026,2,REG,BAL,NO,0,0,0,0,0,0,0,0,0,0,,,0,0,0,0,0,,0,0,0,0,0,0,0,,,0,0,0,0,0,0,0,0,0,0,0
00-0037799,Dondrea Tillman,LB,LB,2026,2,REG,DEN,JAX,0,0,0,0,0,0,0,0,0,0,,,0,0,0,0,0,,0,0,0,0,0,0,0,,,0,0,0,0,0,0,0,0,0,0,0
00-0037801,KaVontae Turpin,WR,WR,2026,2,REG,DAL,WAS,0,0,0,0,0,0,0,0,0,0,,,1,1,0,0,0,-0.480386554030702,0,0,0,0,0,0,0,,,0,0,0,0,0,0,0,0,0,0.1,0.1
00-0037805,Jeremy Ruckert,TE,TE,2026,2,REG,NYJ,GB,0,0,0,0,0,0,0,0,0,0,,,0,0,0,0,0,,2,2,5,0,-10,15,0,-0.868503438774496,0,0.0555555555555556,-0.0398406374501992,0.0554448871181939,0,0,0,0,0,0,0.5,2.5
00-0037812,Abraham Lucas,OT,OL,2026,2,REG,SEA,ARI,0,0,0,0,0,0,0,0,0,0,,,0,0,0,0,0,,0,0,0,0,0,0,0,,,0,0,0,0,0,0,0,0,0,0,0
00-0037814,Luke Fortner,C,OL,2026,2,REG,CAR,ATL,0,0,0,0,0,0,0,0,0,0,,,0,0,0,0,0,,0,0,0,0,0,0,0,,,0,0,0,0,0,0,0,0,0,0,0
00-0037815,Cameron Thomas,DE,DL,2026,2,REG,ATL,CAR,0,0,0,0,0,0,0,0,0,0,,,0,0,0,0,0,,0,0,0,0,0,0,0,,,0,0,0,0,0,0,0,0,0,0,0
00-0037816,Romeo Doubs,WR,WR,2026,2,REG,NE,PIT,0,0,0,0,0,0,0,0,0,0,,,0,0,0,0,0,,3,4,96,0,76,26,2,5.55759400641546,1.26315789473684,0.19047619047619,0.387755102040816,0.557142857142857,0,0,0,0,0,0,9.6,12.6
00-0037819,Leo Chenal,LB,LB,2026,2,REG,WAS,DAL,0,0,0,0,0,0,0,0,0,0,,,0,0,0,0,0,,0,0,0,0,0,0,0,,,0,0,0,0,0,0,0,0,0,0,0
00-0037823,Christian Harris,LB,LB,2026,2,REG,ATL,CAR,0,0,0,0,0,0,0,0,0,0,,,0,0,0,0,0,,0,0,0,0,0,0,0,,,0,0,0,0,0,0,0,0,0,0,0
00-0037825,Tyler Linderbaum,C,OL,2026,2,REG,LV,LAC,0,0,0,0,0,0,0,0,0,0,,,0,0,0,0,0,,0,0,0,0,0,0,0,,,0,0,0,0,0,0,0,0,0,0,0
00-0037829,Spencer Burford,G,OL,2026,2,REG,LV,LAC,0,0,0,0,0,0,0,0,0,0,,,0,0,0,0,0,,0,0,0,0,0,0,0,,,0,0,0,0,0,0,0,0,0,0,0
00-0037834,Brock Purdy,QB,QB,2026,2,REG,SF,MIA,20,22,287,2,0,0,0,180,110,16,23.3304135263315,29.0404030254909,3,30,1,3,2,3.11681103758747,0,0,0,0,0,0,0,,,0,0,0,0,0,0,0,0,0,28.48,28.48
00-0037838,Isaiah Likely,TE,TE,2026,2,REG,NYG,LA,0,0,0,0,0,0,0,0,0,0,,,0,0,0,0,0,,5,10,33,0,48,4,3,-0.378315518144518,0.6875,0.3125,0.140762463343109,0.567283724340176,0,0,0,0,0,0,3.3,8.3
00-0037839,Cobie Durant,CB,DB,2026,2,REG,DAL,WAS,0,0,0,0,0,0,0,0,0,0,,,0,0,0,0,0,,0,0,0,0,0,0,0,,,0,0,0,0,0,0,0,0,0,0,0
00-0037840,Kyren Williams,RB,RB,2026,2,REG,LA,NYG,0,0,0,0,0,0,0,0,0,0,,,12,85,0,3,3,-3.91388814948732,2,2,12,1,5,7,1,2.34797885152511,2.4,0.0666666666666667,0.0151057401812689,0.110574018126888,1,0,0,0,0,0,13.7,15.7
00-0037841,Quentin Lake,SAF,DB,2026,2,REG,LA,NYG,0,0,0,0,0,0,0,0,0,0,,,0,0,0,0,0,,0,0,0,0,0,0,0,,,0,0,0,0,0,0,0,0,0,0,0
00-0038038,Kyle Hamilton,SAF,DB,2026,2,REG,BAL,NO,0,0,0,0,0,0,0,0,0,0,,,0,0,0,0,0,,0,0,0,0,0,0,0,,,0,0,0,0,0,0,0,0,0,0,0
00-0038039,Jack Jones,CB,DB,2026,2,REG,SF,MIA,0,0,0,0,0,0,0,0,0,0,,,0,0,0,0,0,,0,0,0,0,0,0,0,,,0,0,0,0,0,0,0,0,0,0,0
00-0038041,Jake Ferguson,TE,TE,2026,2,REG,DAL,WAS,0,0,0,0,0,0,0,0,0,0,,,0,0,0,0,0,,4,4,43,2,29,14,3,6.47267655603355,1.48275862068966,0.129032258064516,0.118852459016393,0.27674510840825,0,0,0,0,0,0,16.3,20.3
00-0038046,Charlie Kolar,TE,TE,2026,2,REG,LAC,LV,0,0,0,0,0,0,0,0,0,0,,,0,0,0,0,0,,3,3,21,0,11,10,1,1.26244820444845,1.90909090909091,0.115384615384615,0.0408921933085502,0.201701458392908,0,0,0,0,0,0,2.1,5.1
00-0038090,Skyy Moore,WR,WR,2026,2,REG,GB,NYJ,0,0,0,0,0,0,0,0,0,0,,,0,0,0,0,0,,2,3,6,0,43,6,0,-1.45394554338418,0.13953488372093,0.103448275862069,0.199074074074074,0.294524265644955,0,0,0,0,0,0,0.6,2.6
00-0038094,Jordan Stout,P,SPEC,2026,2,REG,NYG,LA,0,0,0,0,0,0,0,0,0,0,,,0,0,0,0,0,,0,0,0,0,0,0,0,,,0,0,0,0,0,0,0,0,0,0,0
00-0038101,Akayleb Evans,CB,DB,2026,2,REG,CAR,ATL,0,0,0,0,0,0,0,0,0,0,,,0,0,0,0,0,,0,0,0,0,0,0,0,,,0,0,0,0,0,0,0,0,0,0,0
00-0038102,Kenny Pickett,QB,QB,2026,2,REG,CAR,ATL,0,0,0,0,0,0,0,0,0,0,,,1,-4,0,0,0,-2.38200149277691,0,0,0,0,0,0,0,,,0,0,0,0,0,0,0,0,0,-0.4,-0.4
00-0038104,Tyquan Thornton,WR,WR,2026,2,REG,KC,IND,0,0,0,0,0,0,0,0,0,0,,,0,0,0,0,0,,4,4,86,0,85,1,2,8.17121685793973,1.01176470588235,0.0930232558139535,0.324427480916031,0.366634120362152,0,0,0,0,0,0,8.6,12.6
00-0038106,Eyioma Uwazurike,DT,DL,2026,2,REG,DEN,JAX,0,0,0,0,0,0,0,0,0,0,,,0,0,0,0,0,,0,0,0,0,0,0,0,,,0,0,0,0,0,0,0,0,0,0,0
00-0038112,Cam Jurgens,G,OL,2026,2,REG,PHI,TEN,0,0,0,0,0,0,0,0,0,0,,,0,0,0,0,0,,0,0,0,0,0,0,0,,,0,0,0,0,0,0,0,0,0,0,0
00-0038115,Daniel Bellinger,TE,TE,2026,2,REG,TEN,PHI,0,0,0,0,0,0,0,0,0,0,,,0,0,0,0,0,,0,1,0,0,4,0,0,-0.621908008586615,0,0.0588235294117647,0.0285714285714286,0.108235294117647,0,0,0,0,0,0,0,0
00-0038116,Arnold Ebiketie,LB,LB,2026,2,REG,PHI,TEN,0,0,0,0,0,0,0,0,0,0,,,0,0,0,0,0,,0,0,0,0,0,0,0,,,0,0,0,0,0,0,0,0,0,0,0
00-0038117,Wan'Dale Robinson,WR,WR,2026,2,REG,TEN,PHI,0,0,0,0,0,0,0,0,0,0,,,0,0,0,0,0,,1,1,9,0,6,3,1,1.62332643289119,1.5,0.0588235294117647,0.0428571428571429,0.118235294117647,0,0,0,0,0,0,0.9,1.9
00-0038120,Breece Hall,RB,RB,2026,2,REG,NYJ,GB,0,0,0,0,0,0,0,0,0,0,,,16,29,0,2,1,-7.02309399802471,5,5,63,0,-1,64,2,5.07217273052083,-63,0.138888888888889,-0.00398406374501992,0.205544488711819,0,0,0,0,0,0,9.2,14.2
00-0038121,Alontae Taylor,CB,DB,2026,2,REG,TEN,PHI,0,0,0,0,0,0,0,0,0,0,,,0,0,0,0,0,,0,0,0,0,0,0,0,,,0,0,0,0,0,0,0,0,0,0,0
00-0038123,Dane Belton,SAF,DB,2026,2,REG,NYJ,GB,0,0,0,0,0,0,0,0,0,0,,,0,0,0,0,0,,0,0,0,0,0,0,0,,,0,0,0,0,0,0,0,0,0,0,0
00-0038124,Christian Watson,WR,WR,2026,2,REG,GB,NYJ,0,0,0,0,0,0,0,0,0,0,,,0,0,0,0,0,,4,11,41,1,86,6,2,-3.75424749107495,0.476744186046512,0.379310344827586,0.398148148148148,0.847669220945083,0,0,0,0,0,0,10.1,14.1
00-0038125,Roger McCreary,CB,DB,2026,2,REG,DET,BUF,0,0,0,0,0,0,0,0,0,0,,,0,0,0,0,0,,0,0,0,0,0,0,0,,,0,0,0,0,0,0,0,0,0,0,0
00-0038127,Logan Hall,DE,DL,2026,2,REG,HOU,CIN,0,0,0,0,0,0,0,0,0,0,,,0,0,0,0,0,,0,0,0,0,0,0,0,,,0,0,0,0,0,0,0,0,0,0,0
00-0038128,Malik Willis,QB,QB,2026,2,REG,MIA,SF,14,23,197,1,0,4,-15,169,105,8,4.45391675174808,-8.61711048561594,2,6,0,1,0,1.82602884806693,0,0,0,0,0,0,0,,,0,0,0,0,0,0,0,0,0,12.48,12.48
00-0038129,Cade Otton,TE,TE,2026,2,REG,TB,CLE,0,0,0,0,0,0,0,0,0,0,,,0,0,0,0,0,,5,6,38,0,45,15,1,-1.45477002655081,0.844444444444445,0.181818181818182,0.106888361045131,0.347549125458864,0,0,0,0,0,0,3.8,8.8
00-0038133,Boye Mafe,DE,DL,2026,2,REG,CIN,HOU,0,0,0,0,0,0,0,0,0,0,,,0,0,0,0,0,,0,0,0,0,0,0,0,,,0,0,0,0,0,0,0,0,0,0,0
00-0038134,Kenneth Walker III,RB,RB,2026,2,REG,KC,IND,0,0,0,0,0,0,0,0,0,0,,,24,117,0,7,3,0.82592641666814,6,10,61,0,13,54,2,-0.491874216710828,4.69230769230769,0.232558139534884,0.049618320610687,0.383570033729807,0,0,0,0,0,0,17.8,23.8
00-0038135,Jaquan Brisker,SAF,DB,2026,2,REG,PIT,NE,0,0,0,0,0,0,0,0,0,0,,,0,0,0,0,0,,0,0,0,0,0,0,0,,,0,0,0,0,0,0,0,0,0,0,0
00-0038359,Xavier Smith,WR,WR,2026,2,REG,LA,NYG,0,0,0,0,0,0,0,0,0,0,,,0,0,0,0,0,,0,1,0,0,0,0,0,-0.781027704360895,,0.0333333333333333,0,0.05,0,0,0,0,0,0,0,0
00-0038366,Tanner Ingle,SAF,DB,2026,2,REG,LA,NYG,0,0,0,0,0,0,0,0,0,0,,,0,0,0,0,0,,0,0,0,0,0,0,0,,,0,0,0,0,0,0,0,0,0,0,0
00-0038386,Jalen Carter,DT,DL,2026,2,REG,PHI,TEN,0,0,0,0,0,0,0,0,0,0,,,0,0,0,0,0,,0,0,0,0,0,0,0,,,0,0,0,0,0,0,0,0,0,0,0
00-0038387,Colby Wooden,DE,DL,2026,2,REG,NO,BAL,0,0,0,0,0,0,0,0,0,0,,,0,0,0,0,0,,0,0,0,0,0,0,0,,,0,0,0,0,0,0,0,0,0,0,0
00-0038393,Dontayvion Wicks,WR,WR,2026,2,REG,PHI,TEN,0,0,0,0,0,0,0,0,0,0,,,0,0,0,0,0,,5,6,74,0,69,8,5,11.0542262168019,1.07246376811594,0.176470588235294,0.236301369863014,0.430116841257051,0,0,0,0,0,0,7.4,12.4
00-0038398,Karl Brooks,DT,DL,2026,2,REG,GB,NYJ,0,0,0,0,0,0,0,0,0,0,,,0,0,0,0,0,,0,0,0,0,0,0,0,,,0,0,0,0,0,0,0,0,0,0,0
00-0038399,Zaire Barnes,LB,LB,2026,2,REG,NYG,LA,0,0,0,0,0,0,0,0,0,0,,,0,0,0,0,0,,0,0,0,0,0,0,0,,,0,0,0,0,0,0,0,0,0,0,0
00-0038412,Moro Ojomo,DT,DL,2026,2,REG,PHI,TEN,0,0,0,0,0,0,0,0,0,0,,,0,0,0,0,0,,0,0,0,0,0,0,0,,,0,0,0,0,0,0,0,0,0,0,0
00-0038416,Tyson Bagent,QB,QB,2026,2,REG,CHI,MIN,5,9,54,0,0,1,-9,71,10,2,-2.84436900234695,8.03351998329163,0,0,0,0,0,,0,0,0,0,0,0,0,,,0,0,0,0,0,0,0,0,0,2.16,2.16
00-0038428,Andre Szmyt,K,SPEC,2026,2,REG,CLE,TB,0,0,0,0,0,0,0,0,0,0,,,0,0,0,0,0,,0,0,0,0,0,0,0,,,0,0,0,0,0,0,0,0,0,0,0
00-0038429,Liam Anderson,LB,LB,2026,2,REG,MIA,SF,0,0,0,0,0,0,0,0,0,0,,,0,0,0,0,0,,0,0,0,0,0,0,0,,,0,0,0,0,0,0,0,0,0,0,0
00-0038454,Keaton Mitchell,RB,RB,2026,2,REG,LAC,LV,0,0,0,0,0,0,0,0,0,0,,,5,24,0,1,1,-0.822222036018502,1,1,15,0,3,12,0,1.2378554593306,5,0.0384615384615385,0.0111524163568773,0.0654989991421218,0,0,0,0,0,0,3.9,4.9
00-0038463,Brenton Cox Jr.,DE,DL,2026,2,REG,GB,NYJ,0,0,0,0,0,0,0,0,0,0,,,0,0,0,0,0,,0,0,0,0,0,0,0,,,0,0,0,0,0,0,0,0,0,0,0
00-0038504,Trenton Simpson,LB,LB,2026,2,REG,BAL,NO,0,0,0,0,0,0,0,0,0,0,,,0,0,0,0,0,,0,0,0,0,0,0,0,,,0,0,0,0,0,0,0,0,0,0,0
00-0038505,Tavius Robinson,LB,LB,2026,2,REG,BAL,NO,0,0,0,0,0,0,0,0,0,0,,,0,0,0,0,0,,0,0,0,0,0,0,0,,,0,0,0,0,0,0,0,0,0,0,0
00-0038514,Truman Jones,DE,DL,2026,2,REG,TEN,PHI,0,0,0,0,0,0,0,0,0,0,,,0,0,0,0,0,,0,0,0,0,0,0,0,,,0,0,0,0,0,0,0,0,0,0,0
00-0038519,Nikko Remigio,WR,WR,2026,2,REG,KC,IND,0,0,0,0,0,0,0,0,0,0,,,0,0,0,0,0,,0,0,0,0,0,0,0,,,0,0,0,0,0,0,0,0,0,0,0
00-0038521,Reese Taylor,DB,DB,2026,2,REG,MIA,SF,0,0,0,0,0,0,0,0,0,0,,,0,0,0,0,0,,0,0,0,0,0,0,0,,,0,0,0,0,0,0,0,0,0,0,0
00-0038542,Bijan Robinson,RB,RB,2026,2,REG,ATL,CAR,0,0,0,0,0,0,0,0,0,0,,,16,72,0,2,2,-1.88170575961703,3,4,9,0,12,8,0,-4.50992916384712,0.75,0.129032258064516,0.0754716981132076,0.246378575776019,0,0,0,0,0,0,8.1,11.1
00-0038543,Jaxon Smith-Njigba,WR,WR,2026,2,REG,SEA,ARI,0,0,0,0,0,0,0,0,0,0,,,0,0,0,0,0,,9,11,155,3,121,52,8,17.8788050301082,1.28099173553719,0.423076923076923,0.533039647577093,1.00774313791935,0,0,0,0,0,0,33.5,42.5
00-0038544,Quentin Johnston,WR,WR,2026,2,REG,LAC,LV,0,0,0,0,0,0,0,0,0,0,,,1,7,0,0,0,0.318128297105432,1,5,7,0,64,11,1,-2.35988854721654,0.109375,0.192307692307692,0.237918215613383,0.455004289390907,0,0,0,0,0,0,1.4,2.4
00-0038546,Myles Murphy,DE,DL,2026,2,REG,CIN,HOU,0,0,0,0,0,0,0,0,0,0,,,0,0,0,0,0,,0,0,0,0,0,0,0,,,0,0,0,0,0,0,0,0,0,0,0
00-0038549,DJ Turner II,CB,DB,2026,2,REG,CIN,HOU,0,0,0,0,0,0,0,0,0,0,,,0,0,0,0,0,,0,0,0,0,0,0,0,,,0,0,0,0,0,0,0,0,0,0,0
00-0038552,Riley Moss,CB,DB,2026,2,REG,DEN,JAX,0,0,0,0,0,0,0,0,0,0,,,0,0,0,0,0,,0,0,0,0,0,0,0,,,0,0,0,0,0,0,0,0,0,0,0
00-0038553,Daiyan Henley,LB,LB,2026,2,REG,LAC,LV,0,0,0,0,0,0,0,0,0,0,,,0,0,0,0,0,,0,0,0,0,0,0,0,,,0,0,0,0,0,0,0,0,0,0,0
00-0038554,Ji'Ayir Brown,SAF,DB,2026,2,REG,SF,MIA,0,0,0,0,0,0,0,0,0,0,,,0,0,0,0,0,,0,0,0,0,0,0,0,,,0,0,0,0,0,0,0,0,0,0,0
00-0038555,Tank Bigsby,RB,RB,2026,2,REG,PHI,TEN,0,0,0,0,0,0,0,0,0,0,,,13,33,1,2,0,-1.73392797156703,2,2,5,0,-8,13,0,-0.769827450858429,-0.625,0.0588235294117647,-0.0273972602739726,0.0690572119258662,0,0,0,0,0,0,9.8,11.8
00-0038557,Dorian Williams,LB,LB,2026,2,REG,BUF,DET,0,0,0,0,0,0,0,0,0,0,,,0,0,0,0,0,,0,0,0,0,0,0,0,,,0,0,0,0,0,0,0,0,0,0,0
00-0038558,Darnell Washington,TE,TE,2026,2,REG,PIT,NE,0,0,0,0,0,0,0,0,0,0,,,0,0,0,0,0,,1,2,7,0,4,7,0,-0.0686917069251649,1.75,0.0540540540540541,0.0186046511627907,0.0941043368950346,0,0,0,0,0,0,0.7,1.7
00-0038559,Michael Wilson,WR,WR,2026,2,REG,ARI,SEA,0,0,0,0,0,0,0,0,0,0,,,0,0,0,0,0,,2,7,18,0,50,11,1,-4.99126032431377,0.36,0.269230769230769,0.458715596330275,0.724947071277347,0,0,0,0,0,0,1.8,3.8
00-0038560,Jordan Battle,SAF,DB,2026,2,REG,CIN,HOU,0,0,0,0,0,0,0,0,0,0,,,0,0,0,0,0,,0,0,0,0,0,0,0,,,0,0,0,0,0,0,0,0,0,0,0
00-0038563,Tre Tucker,WR,WR,2026,2,REG,LV,LAC,0,0,0,0,0,0,0,0,0,0,,,0,0,0,0,0,,5,7,119,1,143,2,4,3.36599905689945,0.832167832167832,0.241379310344828,0.505300353356891,0.715779212867065,0,0,0,0,0,0,17.9,22.9
00-0038564,Cameron Latu,TE,TE,2026,2,REG,NE,PIT,0,0,0,0,0,0,0,0,0,0,,,0,0,0,0,0,,0,0,0,0,0,0,0,,,0,0,0,0,0,0,0,0,0,0,0
00-0038565,Mekhi Blackmon,DB,DB,2026,2,REG,CLE,TB,0,0,0,0,0,0,0,0,0,0,,,0,0,0,0,0,,0,0,0,0,0,0,0,,,0,0,0,0,0,0,0,0,0,0,0
00-0038567,Chad Ryland,K,SPEC,2026,2,REG,ARI,SEA,0,0,0,0,0,0,0,0,0,0,,,0,0,0,0,0,,0,0,0,0,0,0,0,,,0,0,0,0,0,0,0,0,0,0,0
00-0038570,Ventrell Miller,LB,LB,2026,2,REG,JAX,DEN,0,0,0,0,0,0,0,0,0,0,,,0,0,0,0,0,,0,0,0,0,0,0,0,,,0,0,0,0,0,0,0,0,0,0,0
00-0038573,Derius Davis,WR,WR,2026,2,REG,LAC,LV,0,0,0,0,0,0,0,0,0,0,,,0,0,0,0,0,,0,1,0,0,14,0,0,-3.34750582359266,0,0.0384615384615385,0.0520446096654275,0.0941235344581069,0,0,0,0,0,0,0,0
00-0038574,Isaiah McGuire,DE,DL,2026,2,REG,CLE,TB,0,0,0,0,0,0,0,0,0,0,,,0,0,0,0,0,,0,0,0,0,0,0,0,,,0,0,0,0,0,0,0,0,0,0,0
00-0038577,Nick Herbig,LB,LB,2026,2,REG,PIT,NE,0,0,0,0,0,0,0,0,0,0,,,0,0,0,0,0,,0,0,0,0,0,0,0,,,0,0,0,0,0,0,0,0,0,0,0
00-0038578,Jay Ward,SAF,DB,2026,2,REG,MIN,CHI,0,0,0,0,0,0,0,0,0,0,,,0,0,0,0,0,,0,0,0,0,0,0,0,,,0,0,0,0,0,0,0,0,0,0,0
00-0038580,Yasir Abdullah,LB,LB,2026,2,REG,ATL,CAR,0,0,0,0,0,0,0,0,0,0,,,0,0,0,0,0,,0,0,0,0,0,0,0,,,0,0,0,0,0,0,0,0,0,0,0
00-0038596,Antonio Johnson,SAF,DB,2026,2,REG,JAX,DEN,0,0,0,0,0,0,0,0,0,0,,,0,0,0,0,0,,0,0,0,0,0,0,0,,,0,0,0,0,0,0,0,0,0,0,0
00-0038597,Chase Brown,RB,RB,2026,2,REG,CIN,HOU,0,0,0,0,0,0,0,0,0,0,,,20,80,0,3,2,-3.86972758889897,3,5,2,0,-15,11,0,-4.13806181307882,-0.133333333333333,0.161290322580645,-0.0867052023121387,0.181241842252471,0,0,0,0,0,0,8.2,11.2
00-0038605,JL Skinner,SAF,DB,2026,2,REG,DEN,JAX,0,0,0,0,0,0,0,0,0,0,,,0,0,0,0,0,,0,0,0,0,0,0,0,,,0,0,0,0,0,0,0,0,0,0,0
00-0038606,Parker Washington,WR,WR,2026,2,REG,JAX,DEN,0,0,0,0,0,0,0,0,0,0,,,0,0,0,0,0,,7,12,98,0,177,5,3,-0.374510088133583,0.553672316384181,0.428571428571429,0.586092715231788,1.05312204351939,0,0,0,0,0,0,9.8,16.8
00-0038608,Kayshon Boutte,WR,WR,2026,2,REG,HOU,CIN,0,0,0,0,0,0,0,0,0,0,,,0,0,0,0,0,,3,5,37,0,66,2,1,0.435483615263365,0.560606060606061,0.1,0.138947368421053,0.247263157894737,0,0,0,0,0,0,3.7,6.7
00-0038611,Chris Rodriguez Jr.,RB,RB,2026,2,REG,JAX,DEN,0,0,0,0,0,0,0,0,0,0,,,6,13,0,2,0,-0.649777775222901,0,0,0,0,0,0,0,,,0,0,0,0,0,0,0,0,0,1.3,1.3
00-0038618,Xavier Hutchinson,WR,WR,2026,2,REG,HOU,CIN,0,0,0,0,0,0,0,0,0,0,,,0,0,0,0,0,,3,9,37,0,112,12,2,-2.01701084233355,0.330357142857143,0.18,0.235789473684211,0.435052631578947,0,0,0,0,0,0,3.7,6.7
00-0038619,Andrei Iosivas,WR,WR,2026,2,REG,CIN,HOU,0,0,0,0,0,0,0,0,0,0,,,0,0,0,0,0,,1,1,7,0,6,1,0,-0.314184204386307,1.16666666666667,0.032258064516129,0.0346820809248555,0.0726645534215924,0,0,0,0,0,0,0.7,1.7
00-0038620,Erick Hallett,SAF,DB,2026,2,REG,TEN,PHI,0,0,0,0,0,0,0,0,0,0,,,0,0,0,0,0,,0,0,0,0,0,0,0,,,0,0,0,0,0,0,0,0,0,0,0
00-0038621,DeMario Douglas,WR,WR,2026,2,REG,NE,PIT,0,0,0,0,0,0,0,0,0,0,,,0,0,0,0,0,,1,2,9,0,0,4,0,-0.1713877026923,0,0.0952380952380952,0,0.142857142857143,0,0,0,0,0,0,0.9,1.9
00-0038623,Dante Stills,DT,DL,2026,2,REG,ARI,SEA,0,0,0,0,0,0,0,0,0,0,,,0,0,0,0,0,,0,0,0,0,0,0,0,,,0,0,0,0,0,0,0,0,0,0,0
00-0038625,Dee Winters,LB,LB,2026,2,REG,DAL,WAS,0,0,0,0,0,0,0,0,0,0,,,0,0,0,0,0,,0,0,0,0,0,0,0,,,0,0,0,0,0,0,0,0,0,0,0
00-0038640,Jalen Brooks,WR,WR,2026,2,REG,ARI,SEA,0,0,0,0,0,0,0,0,0,0,,,0,0,0,0,0,,0,0,0,0,0,0,0,,,0,0,0,0,0,0,0,0,0,0,0
00-0038642,D.J. Ivey,CB,DB,2026,2,REG,CIN,HOU,0,0,0,0,0,0,0,0,0,0,,,0,0,0,0,0,,0,0,0,0,0,0,0,,,0,0,0,0,0,0,0,0,0,0,0
00-0038643,Brayden Willis,TE,TE,2026,2,REG,SF,MIA,0,0,0,0,0,0,0,0,0,0,,,0,0,0,0,0,,0,0,0,0,0,0,0,,,0,0,0,0,0,0,0,0,0,0,0
00-0038645,Spencer Anderson,G,OL,2026,2,REG,PIT,NE,0,0,0,0,0,0,0,0,0,0,,,0,0,0,0,0,,0,0,0,0,0,0,0,,,0,0,0,0,0,0,0,0,0,0,0
00-0038653,Cory Durden,DT,DL,2026,2,REG,NE,PIT,0,0,0,0,0,0,0,0,0,0,,,0,0,0,0,0,,0,0,0,0,0,0,0,,,0,0,0,0,0,0,0,0,0,0,0
00-0038660,Trevor Nowaske,LB,LB,2026,2,REG,DET,BUF,0,0,0,0,0,0,0,0,0,0,,,0,0,0,0,0,,0,0,0,0,0,0,0,,,0,0,0,0,0,0,0,0,0,0,0
00-0038685,Chris Brooks,RB,RB,2026,2,REG,GB,NYJ,0,0,0,0,0,0,0,0,0,0,,,4,11,0,0,0,-1.03291736432584,1,2,15,0,-2,19,1,1.75607763358857,-7.5,0.0689655172413793,-0.00925925925925926,0.0969667943805875,0,0,0,0,0,0,2.6,3.6
00-0038705,Emari Demercado,RB,RB,2026,2,REG,DAL,WAS,0,0,0,0,0,0,0,0,0,0,,,3,8,0,0,0,-0.826654769887682,0,0,0,0,0,0,0,,,0,0,0,0,0,0,0,0,0,0.8,0.8
00-0038710,Blake Whiteheart,TE,TE,2026,2,REG,CLE,TB,0,0,0,0,0,0,0,0,0,0,,,0,0,0,0,0,,1,2,17,1,6,14,1,2.51437441539019,2.83333333333333,0.0666666666666667,0.0555555555555556,0.138888888888889,0,0,0,0,0,0,7.7,8.7
00-0038715,Ronnie Hickman Jr.,SAF,DB,2026,2,REG,CLE,TB,0,0,0,0,0,0,0,0,0,0,,,0,0,0,0,0,,0,0,0,0,0,0,0,,,0,0,0,0,0,0,0,0,0,0,0
00-0038728,Jared Wayne,WR,WR,2026,2,REG,HOU,CIN,0,0,0,0,0,0,0,0,0,0,,,0,0,0,0,0,,2,7,33,0,104,17,2,-4.47017207433237,0.317307692307692,0.14,0.218947368421053,0.363263157894737,0,0,0,0,0,0,3.3,5.3
00-0038738,Hunter Luepke,RB,RB,2026,2,REG,DAL,WAS,0,0,0,0,0,0,0,0,0,0,,,1,1,0,1,0,0.293010244495235,0,0,0,0,0,0,0,,,0,0,0,0,0,0,0,0,0,0.1,0.1
00-0038742,Tyrus Wheat,LB,LB,2026,2,REG,DAL,WAS,0,0,0,0,0,0,0,0,0,0,,,0,0,0,0,0,,0,0,0,0,0,0,0,,,0,0,0,0,0,0,0,0,0,0,0
00-0038778,Jalen Redmond,DL,DL,2026,2,REG,MIN,CHI,0,0,0,0,0,0,0,0,0,0,,,0,0,0,0,0,,0,0,0,0,0,0,0,,,0,0,0,0,0,0,0,0,0,0,0
00-0038783,Nate Adkins,TE,TE,2026,2,REG,DEN,JAX,0,0,0,0,0,0,0,0,0,0,,,1,6,0,0,0,0.32031120127067,3,3,32,1,24,8,3,3.71368009847356,1.33333333333333,0.103448275862069,0.0895522388059701,0.217858980957283,0,0,0,0,0,0,9.8,12.8
00-0038791,Thomas Incoom,LB,LB,2026,2,REG,CAR,ATL,0,0,0,0,0,0,0,0,0,0,,,0,0,0,0,0,,0,0,0,0,0,0,0,,,0,0,0,0,0,0,0,0,0,0,0
00-0038794,Jaleel McLaughlin,RB,RB,2026,2,REG,CLE,TB,0,0,0,0,0,0,0,0,0,0,,,1,3,0,0,0,-0.121203893329948,0,1,0,0,1,0,0,-0.412490890477784,0,0.0333333333333333,0.00925925925925926,0.0564814814814815,0,0,0,0,0,0,0.3,0.3
00-0038797,Emanuel Wilson,RB,RB,2026,2,REG,SEA,ARI,0,0,0,0,0,0,0,0,0,0,,,21,92,0,6,2,-3.89694649027661,0,1,0,0,1,0,0,-0.474854191590566,0,0.0384615384615385,0.00440528634361234,0.0607760081328363,0,0,0,0,0,0,9.2,9.2
00-0038807,Ivan Pace Jr.,LB,LB,2026,2,REG,MIN,CHI,0,0,0,0,0,0,0,0,0,0,,,0,0,0,0,0,,0,0,0,0,0,0,0,,,0,0,0,0,0,0,0,0,0,0,0
00-0038820,Christian Izien,SAF,DB,2026,2,REG,DET,BUF,0,0,0,0,0,0,0,0,0,0,,,0,0,0,0,0,,0,0,0,0,0,0,0,,,0,0,0,0,0,0,0,0,0,0,0
00-0038824,Ryan Miller,WR,WR,2026,2,REG,MIA,SF,0,0,0,0,0,0,0,0,0,0,,,0,0,0,0,0,,1,1,77,1,41,36,1,7.01091622002423,1.8780487804878,0.0434782608695652,0.242603550295858,0.235039876511448,0,0,0,0,0,0,13.7,14.7
00-0038840,Brycen Tremayne,WR,WR,2026,2,REG,CAR,ATL,0,0,0,0,0,0,0,0,0,0,,,0,0,0,0,0,,0,0,0,0,0,0,0,,,0,0,0,0,0,0,0,0,0,0,0
00-0038866,AJ Finley,SAF,DB,2026,2,REG,SEA,ARI,0,0,0,0,0,0,0,0,0,0,,,0,0,0,0,0,,0,0,0,0,0,0,0,,,0,0,0,0,0,0,0,0,0,0,0
00-0038896,Jacob Saylors,RB,RB,2026,2,REG,DET,BUF,0,0,0,0,0,0,0,0,0,0,,,0,0,0,0,0,,0,0,0,0,0,0,0,,,0,0,0,0,0,0,0,0,0,0,0
00-0038922,Drake Thomas,LB,LB,2026,2,REG,SEA,ARI,0,0,0,0,0,0,0,0,0,0,,,0,0,0,0,0,,0,0,0,0,0,0,0,,,0,0,0,0,0,0,0,0,0,0,0
00-0038933,Dalton Kincaid,TE,TE,2026,2,REG,BUF,DET,0,0,0,0,0,0,0,0,0,0,,,0,0,0,0,0,,7,8,95,1,84,39,5,7.19145823072176,1.13095238095238,0.285714285714286,0.357446808510638,0.678784194528875,0,0,0,0,0,0,15.5,22.5
00-0038935,Brenton Strange,TE,TE,2026,2,REG,JAX,DEN,0,0,0,0,0,0,0,0,0,0,,,0,0,0,0,0,,2,2,17,0,17,0,1,1.96670041041216,1,0.0714285714285714,0.0562913907284768,0.146546830652791,0,0,0,0,0,0,1.7,3.7
00-0038936,Juice Scruggs,C,OL,2026,2,REG,DET,BUF,0,0,0,0,0,0,0,0,0,0,,,0,0,0,0,0,,0,0,0,0,0,0,0,,,0,0,0,0,0,0,0,0,0,0,0
00-0038940,Tyler Lacy,DE,DL,2026,2,REG,DET,BUF,0,0,0,0,0,0,0,0,0,0,,,0,0,0,0,0,,0,0,0,0,0,0,0,,,0,0,0,0,0,0,0,0,0,0,0
00-0038980,Zach Harrison,DE,DL,2026,2,REG,ATL,CAR,0,0,0,0,0,0,0,0,0,0,,,0,0,0,0,0,,0,0,0,0,0,0,0,,,0,0,0,0,0,0,0,0,0,0,0
00-0038984,Kei'Trel Clark,CB,DB,2026,2,REG,ARI,SEA,0,0,0,0,0,0,0,0,0,0,,,0,0,0,0,0,,0,0,0,0,0,0,0,,,0,0,0,0,0,0,0,0,0,0,0
00-0038986,Nic Jones,CB,DB,2026,2,REG,NYG,LA,0,0,0,0,0,0,0,0,0,0,,,0,0,0,0,0,,0,0,0,0,0,0,0,,,0,0,0,0,0,0,0,0,0,0,0
00-0038994,Jordan Addison,WR,WR,2026,2,REG,MIN,CHI,0,0,0,0,0,0,0,0,0,0,,,0,0,0,0,0,,2,5,21,0,43,8,1,-0.603559652576223,0.488372093023256,0.263157894736842,0.273885350318471,0.586456587328193,0,0,0,0,0,0,2.1,4.1
00-0038996,Tucker Kraft,TE,TE,2026,2,REG,GB,NYJ,0,0,0,0,0,0,0,0,0,0,,,0,0,0,0,0,,2,3,15,0,10,12,0,-0.221275021438487,1.5,0.103448275862069,0.0462962962962963,0.187579821200511,0,0,0,0,0,0,1.5,3.5
00-0038997,Josh Downs,WR,WR,2026,2,REG,IND,KC,0,0,0,0,0,0,0,0,0,0,,,0,0,0,0,0,,7,9,72,0,73,22,6,8.18299789173761,0.986301369863014,0.3,0.450617283950617,0.765432098765432,0,0,0,0,0,0,7.2,14.2
00-0039001,Tyler Steen,G,OL,2026,2,REG,PHI,TEN,0,0,0,0,0,0,0,0,0,0,,,0,0,0,0,0,,0,0,0,0,0,0,0,,,0,0,0,0,0,0,0,0,0,0,0
00-0039002,Sydney Brown,SAF,DB,2026,2,REG,ATL,CAR,0,0,0,0,0,0,0,0,0,0,,,0,0,0,0,0,,0,0,0,0,0,0,0,,,0,0,0,0,0,0,0,0,0,0,0
00-0039006,Felix Anudike-Uzomah,DE,DL,2026,2,REG,KC,IND,0,0,0,0,0,0,0,0,0,0,,,0,0,0,0,0,,0,0,0,0,0,0,0,,,0,0,0,0,0,0,0,0,0,0,0
00-0039013,Nolan Smith,LB,LB,2026,2,REG,PHI,TEN,0,0,0,0,0,0,0,0,0,0,,,0,0,0,0,0,,0,0,0,0,0,0,0,,,0,0,0,0,0,0,0,0,0,0,0
00-0039018,Jack Campbell,LB,LB,2026,2,REG,DET,BUF,0,0,0,0,0,0,0,0,0,0,,,0,0,0,0,0,,0,0,0,0,0,0,0,,,0,0,0,0,0,0,0,0,0,0,0
00-0039032,Tyjae Spears,RB,RB,2026,2,REG,TEN,PHI,0,0,0,0,0,0,0,0,0,0,,,7,41,0,1,1,1.22764707834882,2,2,29,0,1,28,1,1.48782484786352,29,0.117647058823529,0.00714285714285714,0.181470588235294,0,0,0,0,0,0,7,9
00-0039040,De'Von Achane,RB,RB,2026,2,REG,MIA,SF,0,0,0,0,0,0,0,0,0,0,,,20,74,0,2,1,-3.88305821351392,3,6,19,0,24,15,1,-0.697421925743308,0.791666666666667,0.260869565217391,0.142011834319527,0.490712631849756,0,0,0,0,0,0,9.3,12.3
00-0039041,Elijah Higgins,TE,TE,2026,2,REG,ARI,SEA,0,0,0,0,0,0,0,0,0,0,,,0,0,0,0,0,,0,0,0,0,0,0,0,,,0,0,0,0,0,0,0,0,0,0,0
00-0039047,Derick Hall,LB,LB,2026,2,REG,SEA,ARI,0,0,0,0,0,0,0,0,0,0,,,0,0,0,0,0,,0,0,0,0,0,0,0,,,0,0,0,0,0,0,0,0,0,0,0
00-0039049,SirVocea Dennis,LB,LB,2026,2,REG,TB,CLE,0,0,0,0,0,0,0,0,0,0,,,0,0,0,0,0,,0,0,0,0,0,0,0,,,0,0,0,0,0,0,0,0,0,0,0
00-0039059,Ethan Evans,P,SPEC,2026,2,REG,LA,NYG,0,0,0,0,0,0,0,0,0,0,,,0,0,0,0,0,,0,0,0,0,0,0,0,,,0,0,0,0,0,0,0,0,0,0,0
00-0039061,Desjuan Johnson,LB,LB,2026,2,REG,LA,NYG,0,0,0,0,0,0,0,0,0,0,,,0,0,0,0,0,,0,0,0,0,0,0,0,,,0,0,0,0,0,0,0,0,0,0,0
00-0039063,Calijah Kancey,DT,DL,2026,2,REG,TB,CLE,0,0,0,0,0,0,0,0,0,0,,,0,0,0,0,0,,0,0,0,0,0,0,0,,,0,0,0,0,0,0,0,0,0,0,0
00-0039065,Sam LaPorta,TE,TE,2026,2,REG,DET,BUF,0,0,0,0,0,0,0,0,0,0,,,0,0,0,0,0,,6,7,52,1,23,38,4,5.68004742753692,2.26086956521739,0.184210526315789,0.0682492581602374,0.32409027018585,0,0,0,0,0,0,11.2,17.2
00-0039066,Michael Mayer,TE,TE,2026,2,REG,LV,LAC,0,0,0,0,0,0,0,0,0,0,,,0,0,0,0,0,,3,4,23,0,18,17,1,1.25822292000521,1.27777777777778,0.137931034482759,0.0636042402826855,0.251419519922018,0,0,0,0,0,0,2.3,5.3
00-0039067,Rashee Rice,WR,WR,2026,2,REG,KC,IND,0,0,0,0,0,0,0,0,0,0,,,0,0,0,0,0,,4,6,83,0,45,51,3,1.33097723716924,1.84444444444444,0.13953488372093,0.17175572519084,0.329531333214983,0,0,0,0,0,0,8.3,12.3
00-0039068,Yaya Diaby,LB,LB,2026,2,REG,TB,CLE,0,0,0,0,0,0,0,0,0,0,,,0,0,0,0,0,,0,0,0,0,0,0,0,,,0,0,0,0,0,0,0,0,0,0,0
00-0039070,Gervon Dexter Sr.,DT,DL,2026,2,REG,ATL,CAR,0,0,0,0,0,0,0,0,0,0,,,0,0,0,0,0,,0,0,0,0,0,0,0,,,0,0,0,0,0,0,0,0,0,0,0
00-0039071,Tyrique Stevenson,CB,DB,2026,2,REG,CHI,MIN,0,0,0,0,0,0,0,0,0,0,,,0,0,0,0,0,,0,0,0,0,0,0,0,,,0,0,0,0,0,0,0,0,0,0,0
00-0039074,Davis Allen,TE,TE,2026,2,REG,LA,NYG,0,0,0,0,0,0,0,0,0,0,,,0,0,0,0,0,,1,1,7,0,2,5,1,1.21332770393929,3.5,0.0333333333333333,0.00604229607250755,0.0542296072507553,0,0,0,0,0,0,0.7,1.7
00-0039108,Will Anderson Jr.,DE,DL,2026,2,REG,HOU,CIN,0,0,0,0,0,0,0,0,0,0,,,0,0,0,0,0,,0,0,0,0,0,0,0,,,0,0,0,0,0,0,0,0,0,0,0
00-0039110,Keeanu Benton,DT,DL,2026,2,REG,PIT,NE,0,0,0,0,0,0,0,0,0,0,,,0,0,0,0,0,,0,0,0,0,0,0,0,,,0,0,0,0,0,0,0,0,0,0,0
00-0039111,Tuli Tuipulotu,LB,LB,2026,2,REG,LAC,LV,0,0,0,0,0,0,0,0,0,0,,,0,0,0,0,0,,0,0,0,0,0,0,0,,,0,0,0,0,0,0,0,0,0,0,0
00-0039112,Lukas Van Ness,LB,LB,2026,2,REG,GB,NYJ,0,0,0,0,0,0,0,0,0,0,,,0,0,0,0,0,,0,0,0,0,0,0,0,,,0,0,0,0,0,0,0,0,0,0,0
00-0039137,Byron Young,LB,LB,2026,2,REG,LA,NYG,0,0,0,0,0,0,0,0,0,0,,,0,0,0,0,0,,0,0,0,0,0,0,0,,,0,0,0,0,0,0,0,0,0,0,0
00-0039138,Kobie Turner,DE,DL,2026,2,REG,LA,NYG,0,0,0,0,0,0,0,0,0,0,,,0,0,0,0,0,,0,0,0,0,0,0,0,,,0,0,0,0,0,0,0,0,0,0,0
00-0039139,Jahmyr Gibbs,RB,RB,2026,2,REG,DET,BUF,0,0,0,0,0,0,0,0,0,0,,,16,52,0,2,2,-2.52241259950717,6,8,61,1,34,28,5,6.00146745471284,1.79411764705882,0.210526315789474,0.100890207715134,0.386412619084804,0,0,0,0,0,0,17.3,23.3
00-0039145,Joe Tippmann,G,OL,2026,2,REG,NYJ,GB,0,0,0,0,0,0,0,0,0,0,,,0,0,0,0,0,,0,0,0,0,0,0,0,,,0,0,0,0,0,0,0,0,0,0,0
00-0039146,Jayden Reed,WR,WR,2026,2,REG,GB,NYJ,0,0,0,0,0,0,0,0,0,0,,,0,0,0,0,0,,1,1,4,0,-5,9,0,-0.0983551582321525,0,0.0344827586206897,-0.0231481481481482,0.0355204342273308,0,0,0,0,0,0,0.4,1.4
00-0039147,Christian Gonzalez,CB,DB,2026,2,REG,NE,PIT,0,0,0,0,0,0,0,0,0,0,,,0,0,0,0,0,,0,0,0,0,0,0,0,,,0,0,0,0,0,0,0,0,0,0,0
00-0039148,Keion White,DE,DL,2026,2,REG,SF,MIA,0,0,0,0,0,0,0,0,0,0,,,0,0,0,0,0,,0,0,0,0,0,0,0,,,0,0,0,0,0,0,0,0,0,0,0
00-0039149,Quan Martin,SAF,DB,2026,2,REG,WAS,DAL,0,0,0,0,0,0,0,0,0,0,,,0,0,0,0,0,,0,0,0,0,0,0,0,,,0,0,0,0,0,0,0,0,0,0,0
00-0039150,Bryce Young,QB,QB,2026,2,REG,CAR,ATL,23,36,287,3,0,2,-15,311,88,12,11.0700347998962,11.5891645196825,1,6,0,1,0,1.07953948574141,0,0,0,0,0,0,0,,,0,0,0,0,0,0,0,0,0,24.08,24.08
00-0039151,Emmanuel Forbes,CB,DB,2026,2,REG,LA,NYG,0,0,0,0,0,0,0,0,0,0,,,0,0,0,0,0,,0,0,0,0,0,0,0,,,0,0,0,0,0,0,0,0,0,0,0
00-0039156,Julius Brents,CB,DB,2026,2,REG,MIA,SF,0,0,0,0,0,0,0,0,0,0,,,0,0,0,0,0,,0,0,0,0,0,0,0,,,0,0,0,0,0,0,0,0,0,0,0
00-0039163,C.J. Stroud,QB,QB,2026,2,REG,HOU,CIN,30,55,353,0,0,4,-39,475,139,15,-6.35923937652331,-8.43130749464035,3,29,0,1,2,2.23739480413497,0,0,0,0,0,0,0,,,0,0,0,0,0,0,0,0,0,17.02,17.02
00-0039169,Devon Witherspoon,CB,DB,2026,2,REG,SEA,ARI,0,0,0,0,0,0,0,0,0,0,,,0,0,0,0,0,,0,0,0,0,0,0,0,,,0,0,0,0,0,0,0,0,0,0,0
00-0039172,Jake Bates,K,SPEC,2026,2,REG,DET,BUF,0,0,0,0,0,0,0,0,0,0,,,0,0,0,0,0,,0,0,0,0,0,0,0,,,0,0,0,0,0,0,0,0,0,0,0
00-0039176,Basil Okoye,DT,DL,2026,2,REG,NYG,LA,0,0,0,0,0,0,0,0,0,0,,,0,0,0,0,0,,0,0,0,0,0,0,0,,,0,0,0,0,0,0,0,0,0,0,0
00-0039232,Nate Wiggins,CB,DB,2026,2,REG,BAL,NO,0,0,0,0,0,0,0,0,0,0,,,0,0,0,0,0,,0,0,0,0,0,0,0,,,0,0,0,0,0,0,0,0,0,0,0
00-0039233,Roger Rosengarten,OT,OL,2026,2,REG,BAL,NO,0,0,0,0,0,0,0,0,0,0,,,0,0,0,0,0,,0,0,0,0,0,0,0,,,0,0,0,0,0,0,0,0,0,0,0
00-0039272,Donovan Jennings,OT,OL,2026,2,REG,GB,NYJ,0,0,0,0,0,0,0,0,0,0,,,0,0,0,0,0,,0,0,0,0,0,0,0,,,0,0,0,0,0,0,0,0,0,0,0
00-0039284,Braiden McGregor,DE,DL,2026,2,REG,NYJ,GB,0,0,0,0,0,0,0,0,0,0,,,0,0,0,0,0,,0,0,0,0,0,0,0,,,0,0,0,0,0,0,0,0,0,0,0
00-0039299,George Holani,RB,RB,2026,2,REG,SEA,ARI,0,0,0,0,0,0,0,0,0,0,,,4,13,0,0,0,2.174646490952,1,1,2,0,-4,6,0,-0.404104145476595,-0.5,0.0384615384615385,-0.0176211453744493,0.0453575059301932,0,0,0,0,0,0,1.5,2.5
00-0039309,Byron Murphy II,DT,DL,2026,2,REG,SEA,ARI,0,0,0,0,0,0,0,0,0,0,,,0,0,0,0,0,,0,0,0,0,0,0,0,,,0,0,0,0,0,0,0,0,0,0,0
00-0039323,Ryan Rehkow,P,SPEC,2026,2,REG,CIN,HOU,0,0,0,0,0,0,0,0,0,0,,,0,0,0,0,0,,0,0,0,0,0,0,0,,,0,0,0,0,0,0,0,0,0,0,0
00-0039324,Christian Roland-Wallace,CB,DB,2026,2,REG,KC,IND,0,0,0,0,0,0,0,0,0,0,,,0,0,0,0,0,,0,0,0,0,0,0,0,,,0,0,0,0,0,0,0,0,0,0,0
00-0039337,Malik Nabers,WR,WR,2026,2,REG,NYG,LA,0,0,0,0,0,0,0,0,0,0,,,0,0,0,0,0,,1,4,1,0,77,4,0,-7.10667754523456,0.012987012987013,0.125,0.225806451612903,0.345564516129032,0,0,0,0,0,0,0.1,1.1
00-0039340,Laiatu Latu,DE,DL,2026,2,REG,IND,KC,0,0,0,0,0,0,0,0,0,0,,,0,0,0,0,0,,0,0,0,0,0,0,0,,,0,0,0,0,0,0,0,0,0,0,0
00-0039342,Xavier Legette,WR,WR,2026,2,REG,CAR,ATL,0,0,0,0,0,0,0,0,0,0,,,0,0,0,0,0,,2,4,64,0,77,10,1,3.07007559151589,0.831168831168831,0.125,0.247588424437299,0.360811897106109,0,0,0,0,0,0,6.4,8.4
00-0039343,Kamari Lassiter,CB,DB,2026,2,REG,HOU,CIN,0,0,0,0,0,0,0,0,0,0,,,0,0,0,0,0,,0,0,0,0,0,0,0,,,0,0,0,0,0,0,0,0,0,0,0
00-0039344,Jonathon Brooks,RB,RB,2026,2,REG,CAR,ATL,0,0,0,0,0,0,0,0,0,0,,,5,16,0,0,0,-0.829961235518567,1,1,-5,0,-6,1,0,-1.4787289230735,0.833333333333333,0.03125,-0.0192926045016077,0.0333701768488746,0,0,0,0,0,0,1.1,2.1
00-0039345,Renardo Green,CB,DB,2026,2,REG,SF,MIA,0,0,0,0,0,0,0,0,0,0,,,0,0,0,0,0,,0,0,0,0,0,0,0,,,0,0,0,0,0,0,0,0,0,0,0
00-0039349,DJ Glaze,OT,OL,2026,2,REG,LV,LAC,0,0,0,0,0,0,0,0,0,0,,,0,0,0,0,0,,0,0,0,0,0,0,0,,,0,0,0,0,0,0,0,0,0,0,0
00-0039353,Jarrian Jones,CB,DB,2026,2,REG,JAX,DEN,0,0,0,0,0,0,0,0,0,0,,,0,0,0,0,0,,0,0,0,0,0,0,0,,,0,0,0,0,0,0,0,0,0,0,0
00-0039360,Malik Mustapha,SAF,DB,2026,2,REG,SF,MIA,0,0,0,0,0,0,0,0,0,0,,,0,0,0,0,0,,0,0,0,0,0,0,0,,,0,0,0,0,0,0,0,0,0,0,0
00-0039361,Bucky Irving,RB,RB,2026,2,REG,TB,CLE,0,0,0,0,0,0,0,0,0,0,,,17,89,0,3,2,-0.138937112234999,4,4,1,0,-22,23,0,-2.318469845457,-0.0454545454545455,0.121212121212121,-0.0522565320665083,0.145238609371626,0,0,0,0,0,0,9,13
00-0039364,Sione Vaki,RB,RB,2026,2,REG,DET,BUF,0,0,0,0,0,0,0,0,0,0,,,1,7,0,0,0,0.509084439836443,1,1,13,0,1,12,0,0.563216327456757,13,0.0263157894736842,0.0029673590504451,0.0415508355458379,0,0,0,0,0,0,2,3
00-0039365,Jacob Cowing,WR,WR,2026,2,REG,SF,MIA,0,0,0,0,0,0,0,0,0,0,,,0,0,0,0,0,,0,0,0,0,0,0,0,,,0,0,0,0,0,0,0,0,0,0,0
00-0039366,Tarheeb Still,CB,DB,2026,2,REG,LAC,LV,0,0,0,0,0,0,0,0,0,0,,,0,0,0,0,0,,0,0,0,0,0,0,0,,,0,0,0,0,0,0,0,0,0,0,0
00-0039369,Cam Hart,CB,DB,2026,2,REG,LAC,LV,0,0,0,0,0,0,0,0,0,0,,,0,0,0,0,0,,0,0,0,0,0,0,0,,,0,0,0,0,0,0,0,0,0,0,0
00-0039371,Kris Abrams-Draine,CB,DB,2026,2,REG,DEN,JAX,0,0,0,0,0,0,0,0,0,0,,,0,0,0,0,0,,0,0,0,0,0,0,0,,,0,0,0,0,0,0,0,0,0,0,0
00-0039372,Jarvis Brownlee Jr.,DB,DB,2026,2,REG,NYJ,GB,0,0,0,0,0,0,0,0,0,0,,,0,0,0,0,0,,0,0,0,0,0,0,0,,,0,0,0,0,0,0,0,0,0,0,0
00-0039374,Tommy Eichenberg,LB,LB,2026,2,REG,LV,LAC,0,0,0,0,0,0,0,0,0,0,,,0,0,0,0,0,,0,0,0,0,0,0,0,,,0,0,0,0,0,0,0,0,0,0,0
00-0039377,Jaylon Carlies,LB,LB,2026,2,REG,IND,KC,0,0,0,0,0,0,0,0,0,0,,,0,0,0,0,0,,0,0,0,0,0,0,0,,,0,0,0,0,0,0,0,0,0,0,0
00-0039384,Tyrone Tracy Jr.,RB,RB,2026,2,REG,NYG,LA,0,0,0,0,0,0,0,0,0,0,,,0,0,0,0,0,,0,0,0,0,0,0,0,,,0,0,0,0,0,0,0,0,0,0,0
00-0039391,Kimani Vidal,RB,RB,2026,2,REG,LAC,LV,0,0,0,0,0,0,0,0,0,0,,,0,0,0,0,0,,0,0,0,0,0,0,0,,,0,0,0,0,0,0,0,0,0,0,0
00-0039395,Jamal Hill,LB,LB,2026,2,REG,HOU,CIN,0,0,0,0,0,0,0,0,0,0,,,0,0,0,0,0,,0,0,0,0,0,0,0,,,0,0,0,0,0,0,0,0,0,0,0
00-0039404,Will Reichard,K,SPEC,2026,2,REG,MIN,CHI,0,0,0,0,0,0,0,0,0,0,,,0,0,0,0,0,,0,0,0,0,0,0,0,,,0,0,0,0,0,0,0,0,0,0,0
00-0039406,Nathaniel Watson,LB,LB,2026,2,REG,CLE,TB,0,0,0,0,0,0,0,0,0,0,,,0,0,0,0,0,,0,0,0,0,0,0,0,,,0,0,0,0,0,0,0,0,0,0,0
00-0039407,Dylan Laube,RB,RB,2026,2,REG,LV,LAC,0,0,0,0,0,0,0,0,0,0,,,0,0,0,0,0,,0,0,0,0,0,0,0,,,0,0,0,0,0,0,0,0,0,0,0
00-0039409,Cam Little,K,SPEC,2026,2,REG,JAX,DEN,0,0,0,0,0,0,0,0,0,0,,,0,0,0,0,0,,0,0,0,0,0,0,0,,,0,0,0,0,0,0,0,0,0,0,0
00-0039410,Ryan Flournoy,WR,WR,2026,2,REG,DAL,WAS,0,0,0,0,0,0,0,0,0,0,,,0,0,0,0,0,,5,6,23,0,8,16,2,0.195149514009245,2.875,0.193548387096774,0.0327868852459016,0.313273400317292,0,0,0,0,0,0,2.3,7.3
00-0039412,Javontae Jean-Baptiste,LB,LB,2026,2,REG,WAS,DAL,0,0,0,0,0,0,0,0,0,0,,,0,0,0,0,0,,0,0,0,0,0,0,0,,,0,0,0,0,0,0,0,0,0,0,0
00-0039417,Myles Harden,CB,DB,2026,2,REG,CLE,TB,0,0,0,0,0,0,0,0,0,0,,,0,0,0,0,0,,0,0,0,0,0,0,0,,,0,0,0,0,0,0,0,0,0,0,0
00-0039421,Levi Drake Rodriguez,DL,DL,2026,2,REG,MIN,CHI,0,0,0,0,0,0,0,0,0,0,,,0,0,0,0,0,,0,0,0,0,0,0,0,,,0,0,0,0,0,0,0,0,0,0,0
00-0039423,Jonah Laulu,DT,DL,2026,2,REG,LV,LAC,0,0,0,0,0,0,0,0,0,0,,,0,0,0,0,0,,0,0,0,0,0,0,0,,,0,0,0,0,0,0,0,0,0,0,0
00-0039424,Devaughn Vele,WR,WR,2026,2,REG,NO,BAL,0,0,0,0,0,0,0,0,0,0,,,0,0,0,0,0,,5,7,64,0,69,13,3,5.42739935894497,0.927536231884058,0.21875,0.323943661971831,0.554885563380282,0,0,0,0,0,0,6.4,11.4
00-0039431,Jowon Briggs,DE,DL,2026,2,REG,NYJ,GB,0,0,0,0,0,0,0,0,0,0,,,0,0,0,0,0,,0,0,0,0,0,0,0,,,0,0,0,0,0,0,0,0,0,0,0
00-0039451,Isaiah Williams,WR,WR,2026,2,REG,NYJ,GB,0,0,0,0,0,0,0,0,0,0,,,1,14,0,1,1,0.842949120677076,6,6,34,0,2,32,0,-0.0642621741571929,17,0.166666666666667,0.00796812749003984,0.255577689243028,0,0,0,0,0,0,4.8,10.8
00-0039491,Jalen Coker,WR,WR,2026,2,REG,CAR,ATL,0,0,0,0,0,0,0,0,0,0,,,0,0,0,0,0,,8,9,66,0,48,21,3,1.6981778909103,1.375,0.28125,0.154340836012862,0.529913585209003,0,0,0,0,0,0,6.6,14.6
00-0039498,Harrison Mevis,K,SPEC,2026,2,REG,LA,NYG,0,0,0,0,0,0,0,0,0,0,,,0,0,0,0,0,,0,0,0,0,0,0,0,,,0,0,0,0,0,0,0,0,0,0,0
00-0039515,Winston Reid,LB,LB,2026,2,REG,CLE,TB,0,0,0,0,0,0,0,0,0,0,,,0,0,0,0,0,,0,0,0,0,0,0,0,,,0,0,0,0,0,0,0,0,0,0,0
00-0039530,Brevyn Spann-Ford,TE,TE,2026,2,REG,DAL,WAS,0,0,0,0,0,0,0,0,0,0,,,0,0,0,0,0,,0,0,0,0,0,0,0,,,0,0,0,0,0,0,0,0,0,0,0
00-0039532,Julius Wood,DB,DB,2026,2,REG,MIA,SF,0,0,0,0,0,0,0,0,0,0,,,0,0,0,0,0,,0,0,0,0,0,0,0,,,0,0,0,0,0,0,0,0,0,0,0
00-0039576,Spencer Shrader,K,SPEC,2026,2,REG,IND,KC,0,0,0,0,0,0,0,0,0,0,,,0,0,0,0,0,,0,0,0,0,0,0,0,,,0,0,0,0,0,0,0,0,0,0,0
00-0039589,Kameron Johnson,WR,WR,2026,2,REG,TB,CLE,0,0,0,0,0,0,0,0,0,0,,,0,0,0,0,0,,0,0,0,0,0,0,0,,,0,0,0,0,0,0,0,0,0,0,0
00-0039603,British Brooks,RB,RB,2026,2,REG,HOU,CIN,0,0,0,0,0,0,0,0,0,0,,,0,0,0,0,0,,0,0,0,0,0,0,0,,,0,0,0,0,0,0,0,0,0,0,0
00-0039632,PJ Jules,SAF,DB,2026,2,REG,CIN,HOU,0,0,0,0,0,0,0,0,0,0,,,0,0,0,0,0,,0,0,0,0,0,0,0,,,0,0,0,0,0,0,0,0,0,0,0
00-0039634,Austin McNamara,P,SPEC,2026,2,REG,NYJ,GB,0,0,0,0,0,0,0,0,0,0,,,0,0,0,0,0,,0,0,0,0,0,0,0,,,0,0,0,0,0,0,0,0,0,0,0
00-0039660,Thomas Harper,SAF,DB,2026,2,REG,DET,BUF,0,0,0,0,0,0,0,0,0,0,,,0,0,0,0,0,,0,0,0,0,0,0,0,,,0,0,0,0,0,0,0,0,0,0,0
00-0039686,Colson Yankoff,TE,TE,2026,2,REG,WAS,DAL,0,0,0,0,0,0,0,0,0,0,,,0,0,0,0,0,,1,1,14,0,4,10,1,0.835508469026536,3.5,0.0294117647058824,0.011142061281337,0.0519170899557595,0,0,0,0,0,0,1.4,2.4
00-0039718,Bo Richter,LB,LB,2026,2,REG,MIN,CHI,0,0,0,0,0,0,0,0,0,0,,,0,0,0,0,0,,0,0,0,0,0,0,0,,,0,0,0,0,0,0,0,0,0,0,0
00-0039725,Jayden Price,CB,DB,2026,2,REG,NO,BAL,0,0,0,0,0,0,0,0,0,0,,,0,0,0,0,0,,0,0,0,0,0,0,0,,,0,0,0,0,0,0,0,0,0,0,0
00-0039731,JC Latham,OT,OL,2026,2,REG,TEN,PHI,0,0,0,0,0,0,0,0,0,0,,,0,0,0,0,0,,0,0,0,0,0,0,0,,,0,0,0,0,0,0,0,0,0,0,0
00-0039732,Bo Nix,QB,QB,2026,2,REG,DEN,JAX,22,31,288,1,1,0,0,268,97,13,8.43086637615208,11.4757875944006,5,6,0,2,0,-2.09934482583776,0,0,0,0,0,0,0,,,0,0,0,0,0,0,0,0,0,14.12,14.12
00-0039734,Braden Fiske,DE,DL,2026,2,REG,LA,NYG,0,0,0,0,0,0,0,0,0,0,,,0,0,0,0,0,,0,0,0,0,0,0,0,,,0,0,0,0,0,0,0,0,0,0,0
00-0039738,Blake Corum,RB,RB,2026,2,REG,LA,NYG,0,0,0,0,0,0,0,0,0,0,,,12,79,0,5,3,2.30068487708923,1,1,13,0,-6,19,1,1.28598926746054,-2.16666666666667,0.0333333333333333,-0.0181268882175227,0.0373111782477341,0,0,0,0,0,0,9.2,10.2
00-0039739,Roman Wilson,WR,WR,2026,2,REG,PIT,NE,0,0,0,0,0,0,0,0,0,0,,,0,0,0,0,0,,5,6,28,0,21,22,3,0.369486310577486,1.33333333333333,0.162162162162162,0.0976744186046512,0.311615336266499,0,0,0,0,0,0,2.8,7.8
00-0039740,Jalyx Hunt,LB,LB,2026,2,REG,PHI,TEN,0,0,0,0,0,0,0,0,0,0,,,0,0,0,0,0,,0,0,0,0,0,0,0,,,0,0,0,0,0,0,0,0,0,0,0
00-0039741,Payton Wilson,LB,LB,2026,2,REG,PIT,NE,0,0,0,0,0,0,0,0,0,0,,,0,0,0,0,0,,0,0,0,0,0,0,0,,,0,0,0,0,0,0,0,0,0,0,0
00-0039745,Tory Taylor,P,SPEC,2026,2,REG,CHI,MIN,0,0,0,0,0,0,0,0,0,0,,,0,0,0,0,0,,0,0,0,0,0,0,0,,,0,0,0,0,0,0,0,0,0,0,0
00-0039746,Will Shipley,RB,RB,2026,2,REG,PHI,TEN,0,0,0,0,0,0,0,0,0,0,,,7,24,0,1,0,-1.49889478209661,2,2,5,0,0,5,0,-1.27726040693233,0,0.0588235294117647,0,0.0882352941176471,0,0,0,0,0,0,2.9,4.9
00-0039752,Cedric Johnson,DE,DL,2026,2,REG,CIN,HOU,0,0,0,0,0,0,0,0,0,0,,,0,0,0,0,0,,0,0,0,0,0,0,0,,,0,0,0,0,0,0,0,0,0,0,0
00-0039770,Charles Woods,CB,DB,2026,2,REG,NE,PIT,0,0,0,0,0,0,0,0,0,0,,,0,0,0,0,0,,0,0,0,0,0,0,0,,,0,0,0,0,0,0,0,0,0,0,0
00-0039772,Josh Wallace,CB,DB,2026,2,REG,LA,NYG,0,0,0,0,0,0,0,0,0,0,,,0,0,0,0,0,,0,0,0,0,0,0,0,,,0,0,0,0,0,0,0,0,0,0,0
00-0039774,Omar Speights,LB,LB,2026,2,REG,LA,NYG,0,0,0,0,0,0,0,0,0,0,,,0,0,0,0,0,,0,0,0,0,0,0,0,,,0,0,0,0,0,0,0,0,0,0,0
00-0039776,Jaylen McCollough,SAF,DB,2026,2,REG,LA,NYG,0,0,0,0,0,0,0,0,0,0,,,0,0,0,0,0,,0,0,0,0,0,0,0,,,0,0,0,0,0,0,0,0,0,0,0
00-0039789,Qwan'tez Stiggers,DB,DB,2026,2,REG,NYJ,GB,0,0,0,0,0,0,0,0,0,0,,,0,0,0,0,0,,0,0,0,0,0,0,0,,,0,0,0,0,0,0,0,0,0,0,0
00-0039792,Devontez Walker,WR,WR,2026,2,REG,BAL,NO,0,0,0,0,0,0,0,0,0,0,,,0,0,0,0,0,,1,2,47,0,60,1,1,2.93449549120851,0.783333333333333,0.0689655172413793,0.186915887850467,0.234289397357396,0,0,0,0,0,0,4.7,5.7
00-0039793,AJ Barner,TE,TE,2026,2,REG,SEA,ARI,0,0,0,0,0,0,0,0,0,0,,,1,1,1,1,0,2.46090677328175,1,1,8,0,8,0,0,0.530166474170983,1,0.0384615384615385,0.0352422907488987,0.0823619112165368,0,0,0,0,0,0,6.9,7.9
00-0039794,Braelon Allen,RB,RB,2026,2,REG,NYJ,GB,0,0,0,0,0,0,0,0,0,0,,,5,7,1,2,0,-2.72481765545672,1,1,8,0,3,5,0,1.04064964322606,2.66666666666667,0.0277777777777778,0.0119521912350598,0.0500332005312085,0,0,0,0,0,0,7.5,8.5
00-0039795,Nehemiah Pritchett,CB,DB,2026,2,REG,SEA,ARI,0,0,0,0,0,0,0,0,0,0,,,0,0,0,0,0,,0,0,0,0,0,0,0,,,0,0,0,0,0,0,0,0,0,0,0
00-0039796,Rasheen Ali,RB,RB,2026,2,REG,BAL,NO,0,0,0,0,0,0,0,0,0,0,,,0,0,0,0,0,,0,0,0,0,0,0,0,,,0,0,0,0,0,0,0,0,0,0,0
00-0039798,Isaiah Davis,RB,RB,2026,2,REG,NYJ,GB,0,0,0,0,0,0,0,0,0,0,,,0,0,0,0,0,,0,0,0,0,0,0,0,,,0,0,0,0,0,0,0,0,0,0,0
00-0039807,Max Melton,CB,DB,2026,2,REG,ARI,SEA,0,0,0,0,0,0,0,0,0,0,,,0,0,0,0,0,,0,0,0,0,0,0,0,,,0,0,0,0,0,0,0,0,0,0,0
00-0039809,Jonah Elliss,LB,LB,2026,2,REG,DEN,JAX,0,0,0,0,0,0,0,0,0,0,,,0,0,0,0,0,,0,0,0,0,0,0,0,,,0,0,0,0,0,0,0,0,0,0,0
00-0039811,MarShawn Lloyd,RB,RB,2026,2,REG,GB,NYJ,0,0,0,0,0,0,0,0,0,0,,,6,20,0,1,0,-5.2697881279164,2,2,6,1,-4,10,1,1.4928581250133,-1.5,0.0689655172413793,-0.0185185185185185,0.090485312899106,1,0,0,0,0,0,6.6,8.6
00-0039812,Ty'Ron Hopper,LB,LB,2026,2,REG,GB,NYJ,0,0,0,0,0,0,0,0,0,0,,,0,0,0,0,0,,0,0,0,0,0,0,0,,,0,0,0,0,0,0,0,0,0,0,0
00-0039813,Evan Williams,SAF,DB,2026,2,REG,GB,NYJ,0,0,0,0,0,0,0,0,0,0,,,0,0,0,0,0,,0,0,0,0,0,0,0,,,0,0,0,0,0,0,0,0,0,0,0
00-0039814,Erick All,TE,TE,2026,2,REG,CIN,HOU,0,0,0,0,0,0,0,0,0,0,,,0,0,0,0,0,,2,3,5,0,-1,5,0,-0.967733216355555,0,0.0967741935483871,-0.00578034682080925,0.141115047548014,0,0,0,0,0,0,0.5,2.5
00-0039816,Anthony Gould,WR,WR,2026,2,REG,IND,KC,0,0,0,0,0,0,0,0,0,0,,,0,0,0,0,0,,0,0,0,0,0,0,0,,,0,0,0,0,0,0,0,0,0,0,0
00-0039817,Jacob Monk,G,OL,2026,2,REG,GB,NYJ,0,0,0,0,0,0,0,0,0,0,,,0,0,0,0,0,,0,0,0,0,0,0,0,,,0,0,0,0,0,0,0,0,0,0,0
00-0039821,Andru Phillips,DB,DB,2026,2,REG,NYG,LA,0,0,0,0,0,0,0,0,0,0,,,0,0,0,0,0,,0,0,0,0,0,0,0,,,0,0,0,0,0,0,0,0,0,0,0
00-0039825,Jaden Hicks,SAF,DB,2026,2,REG,KC,IND,0,0,0,0,0,0,0,0,0,0,,,0,0,0,0,0,,0,0,0,0,0,0,0,,,0,0,0,0,0,0,0,0,0,0,0
00-0039826,Jeremiah Trotter Jr.,LB,LB,2026,2,REG,PHI,TEN,0,0,0,0,0,0,0,0,0,0,,,0,0,0,0,0,,0,0,0,0,0,0,0,,,0,0,0,0,0,0,0,0,0,0,0
00-0039829,Darius Muasau,LB,LB,2026,2,REG,NE,PIT,0,0,0,0,0,0,0,0,0,0,,,0,0,0,0,0,,0,0,0,0,0,0,0,,,0,0,0,0,0,0,0,0,0,0,0
00-0039831,Kamal Hadden,CB,DB,2026,2,REG,GB,NYJ,0,0,0,0,0,0,0,0,0,0,,,0,0,0,0,0,,0,0,0,0,0,0,0,,,0,0,0,0,0,0,0,0,0,0,0
00-0039835,Justin Eboigbe,DT,DL,2026,2,REG,LAC,LV,0,0,0,0,0,0,0,0,0,0,,,0,0,0,0,0,,0,0,0,0,0,0,0,,,0,0,0,0,0,0,0,0,0,0,0
00-0039840,Austin Booker,DE,DL,2026,2,REG,CHI,MIN,0,0,0,0,0,0,0,0,0,0,,,0,0,0,0,0,,0,0,0,0,0,0,0,,,0,0,0,0,0,0,0,0,0,0,0
00-0039841,Cooper DeJean,CB,DB,2026,2,REG,PHI,TEN,0,0,0,0,0,0,0,0,0,0,,,0,0,0,0,0,,0,0,0,0,0,0,0,,,0,0,0,0,0,0,0,0,0,0,0
00-0039842,Michael Jerrell,OT,OL,2026,2,REG,ATL,CAR,0,0,0,0,0,0,0,0,0,0,,,0,0,0,0,0,,0,0,0,0,0,0,0,,,0,0,0,0,0,0,0,0,0,0,0
00-0039844,Kingsley Suamataia,OT,OL,2026,2,REG,KC,IND,0,0,0,0,0,0,0,0,0,0,,,0,0,0,0,0,,0,0,0,0,0,0,0,,,0,0,0,0,0,0,0,0,0,0,0
00-0039846,Tykee Smith,SAF,DB,2026,2,REG,TB,CLE,0,0,0,0,0,0,0,0,0,0,,,0,0,0,0,0,,0,0,0,0,0,0,0,,,0,0,0,0,0,0,0,0,0,0,0
00-0039847,Theo Johnson,TE,TE,2026,2,REG,NYG,LA,0,0,0,0,0,0,0,0,0,0,,,0,0,0,0,0,,0,4,0,0,55,0,0,-3.41785472305492,0,0.125,0.161290322580645,0.300403225806452,0,0,0,0,0,0,0,0
00-0039849,Marvin Harrison Jr.,WR,WR,2026,2,REG,ARI,SEA,0,0,0,0,0,0,0,0,0,0,,,0,0,0,0,0,,0,1,0,0,3,0,0,-0.2550798021839,0,0.0384615384615385,0.0275229357798165,0.0769583627381793,0,0,0,0,0,0,0,0
00-0039850,Edgerrin Cooper,LB,LB,2026,2,REG,GB,NYJ,0,0,0,0,0,0,0,0,0,0,,,0,0,0,0,0,,0,0,0,0,0,0,0,,,0,0,0,0,0,0,0,0,0,0,0
00-0039851,Drake Maye,QB,QB,2026,2,REG,NE,PIT,14,22,208,0,1,3,-17,196,69,6,-1.26341785136516,0.852363592102414,4,17,0,1,1,1.77928946260363,0,0,0,0,0,0,0,,,0,0,0,0,0,0,0,0,0,8.02,8.02
00-0039852,Jared Verse,DE,DL,2026,2,REG,CLE,TB,0,0,0,0,0,0,0,0,0,0,,,0,0,0,0,0,,0,0,0,0,0,0,0,,,0,0,0,0,0,0,0,0,0,0,0
00-0039854,Darius Robinson,DL,DL,2026,2,REG,ARI,SEA,0,0,0,0,0,0,0,0,0,0,,,0,0,0,0,0,,0,0,0,0,0,0,0,,,0,0,0,0,0,0,0,0,0,0,0
00-0039858,Cedric Gray,LB,LB,2026,2,REG,TEN,PHI,0,0,0,0,0,0,0,0,0,0,,,0,0,0,0,0,,0,0,0,0,0,0,0,,,0,0,0,0,0,0,0,0,0,0,0
00-0039859,Brandon Dorlus,DE,DL,2026,2,REG,ATL,CAR,0,0,0,0,0,0,0,0,0,0,,,0,0,0,0,0,,0,0,0,0,0,0,0,,,0,0,0,0,0,0,0,0,0,0,0
00-0039860,Kool-Aid McKinstry,CB,DB,2026,2,REG,NO,BAL,0,0,0,0,0,0,0,0,0,0,,,0,0,0,0,0,,0,0,0,0,0,0,0,,,0,0,0,0,0,0,0,0,0,0,0
00-0039861,Tyler Nubin,SAF,DB,2026,2,REG,NYG,LA,0,0,0,0,0,0,0,0,0,0,,,0,0,0,0,0,,0,0,0,0,0,0,0,,,0,0,0,0,0,0,0,0,0,0,0
00-0039867,Javon Bullard,SAF,DB,2026,2,REG,GB,NYJ,0,0,0,0,0,0,0,0,0,0,,,0,0,0,0,0,,0,0,0,0,0,0,0,,,0,0,0,0,0,0,0,0,0,0,0
00-0039868,Troy Franklin,WR,WR,2026,2,REG,DEN,JAX,0,0,0,0,0,0,0,0,0,0,,,0,0,0,0,0,,1,2,27,0,33,1,1,1.56929362966912,0.818181818181818,0.0689655172413793,0.123134328358209,0.189642305712815,0,0,0,0,0,0,2.7,3.7
00-0039871,Troy Fautanu,OT,OL,2026,2,REG,PIT,NE,0,0,0,0,0,0,0,0,0,0,,,0,0,0,0,0,,0,0,0,0,0,0,0,,,0,0,0,0,0,0,0,0,0,0,0
00-0039872,Cole Bishop,SAF,DB,2026,2,REG,BUF,DET,0,0,0,0,0,0,0,0,0,0,,,0,0,0,0,0,,0,0,0,0,0,0,0,,,0,0,0,0,0,0,0,0,0,0,0
00-0039873,DeWayne Carter,DT,DL,2026,2,REG,BUF,DET,0,0,0,0,0,0,0,0,0,0,,,0,0,0,0,0,,0,0,0,0,0,0,0,,,0,0,0,0,0,0,0,0,0,0,0
00-0039874,Jaylen Wright,RB,RB,2026,2,REG,MIA,SF,0,0,0,0,0,0,0,0,0,0,,,2,11,0,1,0,1.25694812345319,0,0,0,0,0,0,0,,,0,0,0,0,0,0,0,0,0,1.1,1.1
00-0039875,Ray Davis,RB,RB,2026,2,REG,BUF,DET,0,0,0,0,0,0,0,0,0,0,,,0,0,0,0,0,,0,0,0,0,0,0,0,,,0,0,0,0,0,0,0,0,0,0,0
00-0039879,Javon Solomon,LB,LB,2026,2,REG,BUF,DET,0,0,0,0,0,0,0,0,0,0,,,0,0,0,0,0,,0,0,0,0,0,0,0,,,0,0,0,0,0,0,0,0,0,0,0
00-0039880,Malik Washington,WR,WR,2026,2,REG,MIA,SF,0,0,0,0,0,0,0,0,0,0,,,1,4,0,0,0,0.0214466813486069,4,5,43,0,27,20,2,1.75435912254034,1.59259259259259,0.217391304347826,0.159763313609467,0.437921276048366,0,0,0,0,0,0,4.7,8.7
00-0039886,T'Vondre Sweat,DT,DL,2026,2,REG,NYJ,GB,0,0,0,0,0,0,0,0,0,0,,,0,0,0,0,0,,0,0,0,0,0,0,0,,,0,0,0,0,0,0,0,0,0,0,0
00-0039888,Quinyon Mitchell,CB,DB,2026,2,REG,PHI,TEN,0,0,0,0,0,0,0,0,0,0,,,0,0,0,0,0,,0,0,0,0,0,0,0,,,0,0,0,0,0,0,0,0,0,0,0
00-0039889,Maason Smith,DT,DL,2026,2,REG,ATL,CAR,0,0,0,0,0,0,0,0,0,0,,,0,0,0,0,0,,0,0,0,0,0,0,0,,,0,0,0,0,0,0,0,0,0,0,0
00-0039890,Adonai Mitchell,WR,WR,2026,2,REG,NYJ,GB,0,0,0,0,0,0,0,0,0,0,,,0,0,0,0,0,,6,12,63,0,178,25,5,5.5507979040267,0.353932584269663,0.333333333333333,0.709163346613546,0.996414342629482,0,0,0,0,0,0,6.3,12.3
00-0039893,Brian Thomas Jr.,WR,WR,2026,2,REG,JAX,DEN,0,0,0,0,0,0,0,0,0,0,,,0,0,0,0,0,,3,8,40,0,82,7,3,-1.19087304873392,0.487804878048781,0.285714285714286,0.271523178807947,0.618637653736991,0,0,0,0,0,0,4,7
00-0039894,Xavier Worthy,WR,WR,2026,2,REG,KC,IND,0,0,0,0,0,0,0,0,0,0,,,0,0,0,0,0,,5,7,25,1,40,19,2,0.446146015543491,0.625,0.162790697674419,0.152671755725191,0.351056275519262,0,0,0,0,0,0,8.5,13.5
00-0039897,Joe Alt,OT,OL,2026,2,REG,LAC,LV,0,0,0,0,0,0,0,0,0,0,,,0,0,0,0,0,,0,0,0,0,0,0,0,,,0,0,0,0,0,0,0,0,0,0,0
00-0039898,Mike Sainristil,CB,DB,2026,2,REG,WAS,DAL,0,0,0,0,0,0,0,0,0,0,,,0,0,0,0,0,,0,0,0,0,0,0,0,,,0,0,0,0,0,0,0,0,0,0,0
00-0039901,Keon Coleman,WR,WR,2026,2,REG,BUF,DET,0,0,0,0,0,0,0,0,0,0,,,0,0,0,0,0,,6,6,63,0,48,15,4,5.86813501321012,1.3125,0.214285714285714,0.204255319148936,0.464407294832827,0,0,0,0,0,0,6.3,12.3
00-0039904,Jordan Morgan,OT,OL,2026,2,REG,GB,NYJ,0,0,0,0,0,0,0,0,0,0,,,0,0,0,0,0,,0,0,0,0,0,0,0,,,0,0,0,0,0,0,0,0,0,0,0
00-0039905,Graham Barton,C,OL,2026,2,REG,TB,CLE,0,0,0,0,0,0,0,0,0,0,,,0,0,0,0,0,,0,0,0,0,0,0,0,,,0,0,0,0,0,0,0,0,0,0,0
00-0039908,Kris Jenkins,DT,DL,2026,2,REG,CIN,HOU,0,0,0,0,0,0,0,0,0,0,,,0,0,0,0,0,,0,0,0,0,0,0,0,,,0,0,0,0,0,0,0,0,0,0,0
00-0039910,Jayden Daniels,QB,QB,2026,2,REG,WAS,DAL,11,17,96,1,0,0,0,155,46,4,0.179363804171552,3.49460132420063,7,69,0,5,3,3.37357030587737,0,0,0,0,0,0,0,,,0,0,0,0,0,0,0,0,0,14.74,14.74
00-0039912,Ben Sinnott,TE,TE,2026,2,REG,WAS,DAL,0,0,0,0,0,0,0,0,0,0,,,0,0,0,0,0,,1,1,6,0,4,2,0,0.327493563294411,1.5,0.0294117647058824,0.011142061281337,0.0519170899557595,0,0,0,0,0,0,0.6,1.6
00-0039913,Brandon Coleman,G,OL,2026,2,REG,WAS,DAL,0,0,0,0,0,0,0,0,0,0,,,0,0,0,0,0,,0,0,0,0,0,0,0,,,0,0,0,0,0,0,0,0,0,0,0
00-0039915,Ladd McConkey,WR,WR,2026,2,REG,LAC,LV,0,0,0,0,0,0,0,0,0,0,,,0,0,0,0,0,,3,3,35,0,34,1,2,5.14228158688638,1.02941176470588,0.115384615384615,0.12639405204461,0.26155275950815,0,0,0,0,0,0,3.5,6.5
00-0039918,Caleb Williams,QB,QB,2026,2,REG,CHI,MIN,15,26,138,0,1,3,-20,118,120,5,-1.04788204640499,-5.57705721129542,5,42,0,3,3,2.9637913201285,0,0,0,0,0,0,0,,,0,0,0,0,0,0,0,0,0,7.72,7.72
00-0039919,Rome Odunze,WR,WR,2026,2,REG,CHI,MIN,0,0,0,0,0,0,0,0,0,0,,,0,0,0,0,0,,3,4,43,0,47,2,2,1.55297601834172,0.914893617021277,0.133333333333333,0.248677248677249,0.374074074074074,0,0,0,0,0,0,4.3,7.3
00-0039920,Malachi Corley,WR,WR,2026,2,REG,CLE,TB,0,0,0,0,0,0,0,0,0,0,,,0,0,0,0,0,,0,0,0,0,0,0,0,,,0,0,0,0,0,0,0,0,0,0,0
00-0039924,Dallas Turner,LB,LB,2026,2,REG,MIN,CHI,0,0,0,0,0,0,0,0,0,0,,,0,0,0,0,0,,0,0,0,0,0,0,0,,,0,0,0,0,0,0,0,0,0,0,0
00-0040008,Shavon Revel Jr.,CB,DB,2026,2,REG,DAL,WAS,0,0,0,0,0,0,0,0,0,0,,,0,0,0,0,0,,0,0,0,0,0,0,0,,,0,0,0,0,0,0,0,0,0,0,0
00-0040010,Barryn Sorrell,DE,DL,2026,2,REG,GB,NYJ,0,0,0,0,0,0,0,0,0,0,,,0,0,0,0,0,,0,0,0,0,0,0,0,,,0,0,0,0,0,0,0,0,0,0,0
00-0040011,Shemar James,LB,LB,2026,2,REG,DAL,WAS,0,0,0,0,0,0,0,0,0,0,,,0,0,0,0,0,,0,0,0,0,0,0,0,,,0,0,0,0,0,0,0,0,0,0,0
00-0040013,Smael Mondon Jr.,LB,LB,2026,2,REG,PHI,TEN,0,0,0,0,0,0,0,0,0,0,,,0,0,0,0,0,,0,0,0,0,0,0,0,,,0,0,0,0,0,0,0,0,0,0,0
00-0040020,Micah Robinson,CB,DB,2026,2,REG,TEN,PHI,0,0,0,0,0,0,0,0,0,0,,,0,0,0,0,0,,0,0,0,0,0,0,0,,,0,0,0,0,0,0,0,0,0,0,0
00-0040024,Darius Cooper,WR,WR,2026,2,REG,PHI,TEN,0,0,0,0,0,0,0,0,0,0,,,0,0,0,0,0,,2,3,26,1,25,18,2,3.19774804764893,1.04,0.0882352941176471,0.0856164383561644,0.192284448025786,0,0,0,0,0,0,8.6,10.6
00-0040041,Nazir Stackhouse,DT,DL,2026,2,REG,TEN,PHI,0,0,0,0,0,0,0,0,0,0,,,0,0,0,0,0,,0,0,0,0,0,0,0,,,0,0,0,0,0,0,0,0,0,0,0
00-0040045,Alijah Clark,DB,DB,2026,2,REG,DAL,WAS,0,0,0,0,0,0,0,0,0,0,,,0,0,0,0,0,,0,0,0,0,0,0,0,,,0,0,0,0,0,0,0,0,0,0,0
00-0040066,Jackson Woodard,LB,LB,2026,2,REG,MIA,SF,0,0,0,0,0,0,0,0,0,0,,,0,0,0,0,0,,0,0,0,0,0,0,0,,,0,0,0,0,0,0,0,0,0,0,0
00-0040072,Jeffrey Bassa,LB,LB,2026,2,REG,KC,IND,0,0,0,0,0,0,0,0,0,0,,,0,0,0,0,0,,0,0,0,0,0,0,0,,,0,0,0,0,0,0,0,0,0,0,0
00-0040074,Tyler Loop,K,SPEC,2026,2,REG,BAL,NO,0,0,0,0,0,0,0,0,0,0,,,0,0,0,0,0,,0,0,0,0,0,0,0,,,0,0,0,0,0,0,0,0,0,0,0
00-0040075,LaJohntay Wester,WR,WR,2026,2,REG,BAL,NO,0,0,0,0,0,0,0,0,0,0,,,0,0,0,0,0,,1,2,14,0,10,19,1,0.0697465799748898,1.4,0.0689655172413793,0.0311526479750779,0.125255129444623,0,0,0,0,0,0,1.4,2.4
00-0040078,Brashard Smith,RB,RB,2026,2,REG,KC,IND,0,0,0,0,0,0,0,0,0,0,,,0,0,0,0,0,,0,0,0,0,0,0,0,,,0,0,0,0,0,0,0,0,0,0,0
00-0040089,Kevin Knowles,DB,DB,2026,2,REG,TB,CLE,0,0,0,0,0,0,0,0,0,0,,,0,0,0,0,0,,0,0,0,0,0,0,0,,,0,0,0,0,0,0,0,0,0,0,0
00-0040100,Jay Higgins,LB,LB,2026,2,REG,BAL,NO,0,0,0,0,0,0,0,0,0,0,,,0,0,0,0,0,,0,0,0,0,0,0,0,,,0,0,0,0,0,0,0,0,0,0,0
00-0040104,Keondre Jackson,SAF,DB,2026,2,REG,BAL,NO,0,0,0,0,0,0,0,0,0,0,,,0,0,0,0,0,,0,0,0,0,0,0,0,,,0,0,0,0,0,0,0,0,0,0,0
00-0040122,Ashton Jeanty,RB,RB,2026,2,REG,LV,LAC,0,0,0,0,0,0,0,0,0,0,,,21,48,0,1,0,-12.2465548617662,4,7,15,0,2,25,0,-4.52646994398674,7.5,0.241379310344828,0.00706713780918728,0.367015961983673,0,0,0,0,0,0,6.3,10.3
00-0040124,Tetairoa McMillan,WR,WR,2026,2,REG,CAR,ATL,0,0,0,0,0,0,0,0,0,0,,,0,0,0,0,0,,5,10,101,0,132,16,4,3.58151851549688,0.765151515151515,0.3125,0.42443729903537,0.765856109324759,0,0,0,0,0,0,10.1,15.1
00-0040125,Kelvin Banks Jr.,OT,OL,2026,2,REG,NO,BAL,0,0,0,0,0,0,0,0,0,0,,,0,0,0,0,0,,0,0,0,0,0,0,0,,,0,0,0,0,0,0,0,0,0,0,0
00-0040126,Colston Loveland,TE,TE,2026,2,REG,CHI,MIN,0,0,0,0,0,0,0,0,0,0,,,0,0,0,0,0,,1,3,3,0,13,-1,0,-1.51002908332157,0.230769230769231,0.1,0.0687830687830688,0.198148148148148,0,0,0,0,0,0,0.3,1.3
00-0040128,Tyler Warren,TE,TE,2026,2,REG,IND,KC,0,0,0,0,0,0,0,0,0,0,,,1,3,0,1,0,0.67952828318812,6,7,21,1,-13,35,1,-0.0624571716762148,0,0.233333333333333,-0.0802469135802469,0.293827160493827,0,0,0,0,0,0,8.4,14.4
00-0040129,Emeka Egbuka,WR,WR,2026,2,REG,TB,CLE,0,0,0,0,0,0,0,0,0,0,,,1,-3,0,0,0,-1.62271137186326,3,5,16,1,75,0,1,-1.72427658253582,0.213333333333333,0.151515151515152,0.178147268408551,0.351975815158713,0,0,0,0,0,0,7.3,10.3
00-0040131,Kyle Williams,WR,WR,2026,2,REG,NE,PIT,0,0,0,0,0,0,0,0,0,0,,,0,0,0,0,0,,1,2,10,0,23,1,1,0.965879045426846,0.434782608695652,0.0952380952380952,0.11734693877551,0.225,0,0,0,0,0,0,1,2
00-0040132,Landon Jackson,DE,DL,2026,2,REG,BUF,DET,0,0,0,0,0,0,0,0,0,0,,,0,0,0,0,0,,0,0,0,0,0,0,0,,,0,0,0,0,0,0,0,0,0,0,0
00-0040133,Azareye'h Thomas,CB,DB,2026,2,REG,NYJ,GB,0,0,0,0,0,0,0,0,0,0,,,0,0,0,0,0,,0,0,0,0,0,0,0,,,0,0,0,0,0,0,0,0,0,0,0
00-0040134,Pat Bryant,WR,WR,2026,2,REG,DEN,JAX,0,0,0,0,0,0,0,0,0,0,,,1,16,0,1,1,0.991467546555214,0,1,0,0,5,0,0,-1.42391652241349,0,0.0344827586206897,0.0186567164179104,0.0647838394235718,0,0,0,0,0,0,1.6,1.6
00-0040136,Princely Umanmielen,LB,LB,2026,2,REG,CAR,ATL,0,0,0,0,0,0,0,0,0,0,,,0,0,0,0,0,,0,0,0,0,0,0,0,,,0,0,0,0,0,0,0,0,0,0,0
00-0040137,Jordan Burch,LB,LB,2026,2,REG,ARI,SEA,0,0,0,0,0,0,0,0,0,0,,,0,0,0,0,0,,0,0,0,0,0,0,0,,,0,0,0,0,0,0,0,0,0,0,0
00-0040138,Jaylin Noel,WR,WR,2026,2,REG,HOU,CIN,0,0,0,0,0,0,0,0,0,0,,,1,13,0,1,1,1.12176272831857,1,5,31,0,39,0,1,-0.167162879370153,0.794871794871795,0.1,0.0821052631578947,0.207473684210526,0,0,0,0,0,0,4.4,5.4
00-0040139,Justin Walley,CB,DB,2026,2,REG,IND,KC,0,0,0,0,0,0,0,0,0,0,,,0,0,0,0,0,,0,0,0,0,0,0,0,,,0,0,0,0,0,0,0,0,0,0,0
00-0040140,Dylan Fairchild,G,OL,2026,2,REG,CIN,HOU,0,0,0,0,0,0,0,0,0,0,,,0,0,0,0,0,,0,0,0,0,0,0,0,,,0,0,0,0,0,0,0,0,0,0,0
00-0040141,Kevin Winston Jr.,SAF,DB,2026,2,REG,TEN,PHI,0,0,0,0,0,0,0,0,0,0,,,0,0,0,0,0,,0,0,0,0,0,0,0,,,0,0,0,0,0,0,0,0,0,0,0
00-0040142,Kaleb Johnson,RB,RB,2026,2,REG,GB,NYJ,0,0,0,0,0,0,0,0,0,0,,,8,32,0,3,2,-1.63785884046229,0,0,0,0,0,0,0,,,0,0,0,0,0,0,0,0,0,3.2,3.2
00-0040144,Jamaree Caldwell,DT,DL,2026,2,REG,LAC,LV,0,0,0,0,0,0,0,0,0,0,,,0,0,0,0,0,,0,0,0,0,0,0,0,,,0,0,0,0,0,0,0,0,0,0,0
00-0040148,Xavier Watts,SAF,DB,2026,2,REG,ATL,CAR,0,0,0,0,0,0,0,0,0,0,,,0,0,0,0,0,,0,0,0,0,0,0,0,,,0,0,0,0,0,0,0,0,0,0,0
00-0040149,Jaylin Smith,CB,DB,2026,2,REG,HOU,CIN,0,0,0,0,0,0,0,0,0,0,,,0,0,0,0,0,,0,0,0,0,0,0,0,,,0,0,0,0,0,0,0,0,0,0,0
00-0040152,Upton Stout,CB,DB,2026,2,REG,SF,MIA,0,0,0,0,0,0,0,0,0,0,,,0,0,0,0,0,,0,0,0,0,0,0,0,,,0,0,0,0,0,0,0,0,0,0,0
00-0040155,Danny Stutsman,LB,LB,2026,2,REG,NO,BAL,0,0,0,0,0,0,0,0,0,0,,,0,0,0,0,0,,0,0,0,0,0,0,0,,,0,0,0,0,0,0,0,0,0,0,0
00-0040157,Barrett Carter,LB,LB,2026,2,REG,CIN,HOU,0,0,0,0,0,0,0,0,0,0,,,0,0,0,0,0,,0,0,0,0,0,0,0,,,0,0,0,0,0,0,0,0,0,0,0
00-0040158,David Walker,LB,LB,2026,2,REG,TB,CLE,0,0,0,0,0,0,0,0,0,0,,,0,0,0,0,0,,0,0,0,0,0,0,0,,,0,0,0,0,0,0,0,0,0,0,0
00-0040159,Lathan Ransom,SAF,DB,2026,2,REG,CAR,ATL,0,0,0,0,0,0,0,0,0,0,,,0,0,0,0,0,,0,0,0,0,0,0,0,,,0,0,0,0,0,0,0,0,0,0,0
00-0040164,Jaylin Lane,WR,WR,2026,2,REG,WAS,DAL,0,0,0,0,0,0,0,0,0,0,,,0,0,0,0,0,,0,0,0,0,0,0,0,,,0,0,0,0,0,0,0,0,0,0,0
00-0040165,Malachi Moore,SAF,DB,2026,2,REG,NYJ,GB,0,0,0,0,0,0,0,0,0,0,,,0,0,0,0,0,,0,0,0,0,0,0,0,,,0,0,0,0,0,0,0,0,0,0,0
00-0040166,Quincy Riley,CB,DB,2026,2,REG,NO,BAL,0,0,0,0,0,0,0,0,0,0,,,0,0,0,0,0,,0,0,0,0,0,0,0,,,0,0,0,0,0,0,0,0,0,0,0
00-0040168,Que Robinson,LB,LB,2026,2,REG,DEN,JAX,0,0,0,0,0,0,0,0,0,0,,,0,0,0,0,0,,0,0,0,0,0,0,0,,,0,0,0,0,0,0,0,0,0,0,0
00-0040169,Tonka Hemingway,DT,DL,2026,2,REG,LV,LAC,0,0,0,0,0,0,0,0,0,0,,,0,0,0,0,0,,0,0,0,0,0,0,0,,,0,0,0,0,0,0,0,0,0,0,0
00-0040170,Elic Ayomanor,WR,WR,2026,2,REG,TEN,PHI,0,0,0,0,0,0,0,0,0,0,,,0,0,0,0,0,,2,3,69,0,33,41,2,3.77939836541191,2.09090909090909,0.176470588235294,0.235714285714286,0.429705882352941,0,0,0,0,0,0,6.9,8.9
00-0040171,Joshua Farmer,DT,DL,2026,2,REG,NE,PIT,0,0,0,0,0,0,0,0,0,0,,,0,0,0,0,0,,0,0,0,0,0,0,0,,,0,0,0,0,0,0,0,0,0,0,0
00-0040173,Tyrion Ingram-Dawkins,DT,DL,2026,2,REG,MIN,CHI,0,0,0,0,0,0,0,0,0,0,,,0,0,0,0,0,,0,0,0,0,0,0,0,,,0,0,0,0,0,0,0,0,0,0,0
00-0040174,Cam Jackson,DT,DL,2026,2,REG,CAR,ATL,0,0,0,0,0,0,0,0,0,0,,,0,0,0,0,0,,0,0,0,0,0,0,0,,,0,0,0,0,0,0,0,0,0,0,0
00-0040175,Jordan Phillips,DT,DL,2026,2,REG,MIA,SF,0,0,0,0,0,0,0,0,0,0,,,0,0,0,0,0,,0,0,0,0,0,0,0,,,0,0,0,0,0,0,0,0,0,0,0
00-0040177,Jordan James,RB,RB,2026,2,REG,SF,MIA,0,0,0,0,0,0,0,0,0,0,,,4,15,0,1,0,-2.14314701629337,0,0,0,0,0,0,0,,,0,0,0,0,0,0,0,0,0,1.5,1.5
00-0040178,Jason Marshall Jr.,CB,DB,2026,2,REG,MIA,SF,0,0,0,0,0,0,0,0,0,0,,,0,0,0,0,0,,0,0,0,0,0,0,0,,,0,0,0,0,0,0,0,0,0,0,0
00-0040182,Dante Trader Jr.,SAF,DB,2026,2,REG,MIA,SF,0,0,0,0,0,0,0,0,0,0,,,0,0,0,0,0,,0,0,0,0,0,0,0,,,0,0,0,0,0,0,0,0,0,0,0
00-0040183,Elijah Roberts,DE,DL,2026,2,REG,TB,CLE,0,0,0,0,0,0,0,0,0,0,,,0,0,0,0,0,,0,0,0,0,0,0,0,,,0,0,0,0,0,0,0,0,0,0,0
00-0040185,Marques Sigle,SAF,DB,2026,2,REG,SF,MIA,0,0,0,0,0,0,0,0,0,0,,,0,0,0,0,0,,0,0,0,0,0,0,0,,,0,0,0,0,0,0,0,0,0,0,0
00-0040187,Mitchell Evans,TE,TE,2026,2,REG,CAR,ATL,0,0,0,0,0,0,0,0,0,0,,,0,0,0,0,0,,1,1,13,0,-1,14,0,0.0207993627991527,0,0.03125,-0.00321543408360129,0.0446241961414791,0,0,0,0,0,0,1.3,2.3
00-0040189,Oronde Gadsden II,TE,TE,2026,2,REG,LAC,LV,0,0,0,0,0,0,0,0,0,0,,,0,0,0,0,0,,2,2,18,1,18,0,1,2.01429672772065,1,0.0769230769230769,0.0669144981412639,0.1622247640835,0,0,0,0,0,0,7.8,9.8
00-0040192,Jordan Hancock,CB,DB,2026,2,REG,BUF,DET,0,0,0,0,0,0,0,0,0,0,,,0,0,0,0,0,,0,0,0,0,0,0,0,,,0,0,0,0,0,0,0,0,0,0,0
00-0040195,Denzel Burke,CB,DB,2026,2,REG,ARI,SEA,0,0,0,0,0,0,0,0,0,0,,,0,0,0,0,0,,0,0,0,0,0,0,0,,,0,0,0,0,0,0,0,0,0,0,0
00-0040198,Ollie Gordon II,RB,RB,2026,2,REG,MIA,SF,0,0,0,0,0,0,0,0,0,0,,,3,7,0,0,0,-0.511095525347628,0,0,0,0,0,0,0,,,0,0,0,0,0,0,0,0,0,0.7,0.7
00-0040200,Andy Borregales,K,SPEC,2026,2,REG,NE,PIT,0,0,0,0,0,0,0,0,0,0,,,0,0,0,0,0,,0,0,0,0,0,0,0,,,0,0,0,0,0,0,0,0,0,0,0
00-0040201,Marcus Harris,CB,DB,2026,2,REG,TEN,PHI,0,0,0,0,0,0,0,0,0,0,,,0,0,0,0,0,,0,0,0,0,0,0,0,,,0,0,0,0,0,0,0,0,0,0,0
00-0040204,Jaylen Reed,SAF,DB,2026,2,REG,NE,PIT,0,0,0,0,0,0,0,0,0,0,,,0,0,0,0,0,,0,0,0,0,0,0,0,,,0,0,0,0,0,0,0,0,0,0,0
00-0040213,Rayuan Lane III,SAF,DB,2026,2,REG,JAX,DEN,0,0,0,0,0,0,0,0,0,0,,,0,0,0,0,0,,0,0,0,0,0,0,0,,,0,0,0,0,0,0,0,0,0,0,0
00-0040221,R.J. Mickens,SAF,DB,2026,2,REG,LAC,LV,0,0,0,0,0,0,0,0,0,0,,,0,0,0,0,0,,0,0,0,0,0,0,0,,,0,0,0,0,0,0,0,0,0,0,0
00-0040223,Jeremy Crawshaw,P,SPEC,2026,2,REG,DEN,JAX,0,0,0,0,0,0,0,0,0,0,,,0,0,0,0,0,,0,0,0,0,0,0,0,,,0,0,0,0,0,0,0,0,0,0,0
00-0040235,Hunter Wohler,SAF,DB,2026,2,REG,IND,KC,0,0,0,0,0,0,0,0,0,0,,,0,0,0,0,0,,0,0,0,0,0,0,0,,,0,0,0,0,0,0,0,0,0,0,0
00-0040236,Kyle Monangai,RB,RB,2026,2,REG,CHI,MIN,0,0,0,0,0,0,0,0,0,0,,,10,47,0,3,2,0.950942615862004,2,2,11,0,1,10,0,-0.678499951667618,11,0.0666666666666667,0.00529100529100529,0.103703703703704,0,0,0,0,0,0,5.8,7.8
00-0040237,Tez Johnson,WR,WR,2026,2,REG,TB,CLE,0,0,0,0,0,0,0,0,0,0,,,0,0,0,0,0,,1,4,49,0,152,6,1,0.97564354603011,0.322368421052632,0.121212121212121,0.36104513064133,0.434549773267113,0,0,0,0,0,0,4.9,5.9
00-0040238,LeQuint Allen Jr.,RB,RB,2026,2,REG,JAX,DEN,0,0,0,0,0,0,0,0,0,0,,,0,0,0,0,0,,0,1,0,0,4,0,0,-1.33137250563967,0,0.0357142857142857,0.0132450331125828,0.0628429517502365,0,0,0,0,0,0,0,0
00-0040242,Jacory Croskey-Merritt,RB,RB,2026,2,REG,WAS,DAL,0,0,0,0,0,0,0,0,0,0,,,12,43,0,0,0,-1.38672599726124,1,1,5,0,-1,6,0,-0.028810620540753,-5,0.0294117647058824,-0.00278551532033426,0.0421677863345895,0,0,0,0,0,0,4.8,5.8
00-0040248,Zeek Biggers,DT,DL,2026,2,REG,MIA,SF,0,0,0,0,0,0,0,0,0,0,,,0,0,0,0,0,,0,0,0,0,0,0,0,,,0,0,0,0,0,0,0,0,0,0,0
00-0040255,Adin Huntington,DE,DL,2026,2,REG,CLE,TB,0,0,0,0,0,0,0,0,0,0,,,0,0,0,0,0,,0,0,0,0,0,0,0,,,0,0,0,0,0,0,0,0,0,0,0
00-0040263,Donovan McMillon,SAF,DB,2026,2,REG,CLE,TB,0,0,0,0,0,0,0,0,0,0,,,0,0,0,0,0,,0,0,0,0,0,0,0,,,0,0,0,0,0,0,0,0,0,0,0
00-0040279,Ryan Fitzgerald,K,SPEC,2026,2,REG,CAR,ATL,0,0,0,0,0,0,0,0,0,0,,,0,0,0,0,0,,0,0,0,0,0,0,0,,,0,0,0,0,0,0,0,0,0,0,0
00-0040318,Ale Kaho,LB,LB,2026,2,REG,WAS,DAL,0,0,0,0,0,0,0,0,0,0,,,0,0,0,0,0,,0,0,0,0,0,0,0,,,0,0,0,0,0,0,0,0,0,0,0
00-0040326,Branson Combs,LB,LB,2026,2,REG,JAX,DEN,0,0,0,0,0,0,0,0,0,0,,,0,0,0,0,0,,0,0,0,0,0,0,0,,,0,0,0,0,0,0,0,0,0,0,0
00-0040342,Danny Striggow,DE,DL,2026,2,REG,JAX,DEN,0,0,0,0,0,0,0,0,0,0,,,0,0,0,0,0,,0,0,0,0,0,0,0,,,0,0,0,0,0,0,0,0,0,0,0
00-0040363,Keleki Latu,TE,TE,2026,2,REG,BUF,DET,0,0,0,0,0,0,0,0,0,0,,,0,0,0,0,0,,0,0,0,0,0,0,0,,,0,0,0,0,0,0,0,0,0,0,0
00-0040458,TeRah Edwards,DT,DL,2026,2,REG,CAR,ATL,0,0,0,0,0,0,0,0,0,0,,,0,0,0,0,0,,0,0,0,0,0,0,0,,,0,0,0,0,0,0,0,0,0,0,0
00-0040466,Raheim Sanders,RB,RB,2026,2,REG,CLE,TB,0,0,0,0,0,0,0,0,0,0,,,2,4,0,0,0,-0.979457563720644,1,1,7,0,-4,11,0,0.183977598673664,-1.75,0.0333333333333333,-0.037037037037037,0.0240740740740741,0,0,0,0,0,0,1.1,2.1
00-0040496,Chaz Chambliss,LB,LB,2026,2,REG,MIN,CHI,0,0,0,0,0,0,0,0,0,0,,,0,0,0,0,0,,0,0,0,0,0,0,0,,,0,0,0,0,0,0,0,0,0,0,0
00-0040506,Myles Price,WR,WR,2026,2,REG,MIN,CHI,0,0,0,0,0,0,0,0,0,0,,,0,0,0,0,0,,0,1,0,0,2,0,0,-0.208184669609182,0,0.0526315789473684,0.0127388535031847,0.0878645658732819,0,0,0,0,0,0,0,0
00-0040556,Corey Kiner,RB,RB,2026,2,REG,NE,PIT,0,0,0,0,0,0,0,0,0,0,,,2,0,0,0,0,-0.271798979025334,0,0,0,0,0,0,0,,,0,0,0,0,0,0,0,0,0,0,0
00-0040563,Efton Chism III,WR,WR,2026,2,REG,NE,PIT,0,0,0,0,0,0,0,0,0,0,,,0,0,0,0,0,,1,1,-2,0,-2,0,0,-2.37572271311738,0,0.0476190476190476,-0.0102040816326531,0.0642857142857143,0,0,0,0,0,0,-0.2,0.8
00-0040574,Elijah Ponder,LB,LB,2026,2,REG,NE,PIT,0,0,0,0,0,0,0,0,0,0,,,0,0,0,0,0,,0,0,0,0,0,0,0,,,0,0,0,0,0,0,0,0,0,0,0
00-0040579,Carson Schwesinger,LB,LB,2026,2,REG,CLE,TB,0,0,0,0,0,0,0,0,0,0,,,0,0,0,0,0,,0,0,0,0,0,0,0,,,0,0,0,0,0,0,0,0,0,0,0
00-0040580,Josaiah Stewart,LB,LB,2026,2,REG,LA,NYG,0,0,0,0,0,0,0,0,0,0,,,0,0,0,0,0,,0,0,0,0,0,0,0,,,0,0,0,0,0,0,0,0,0,0,0
00-0040582,Arian Smith,WR,WR,2026,2,REG,NYJ,GB,0,0,0,0,0,0,0,0,0,0,,,0,0,0,0,0,,0,0,0,0,0,0,0,,,0,0,0,0,0,0,0,0,0,0,0
00-0040583,Woody Marks,RB,RB,2026,2,REG,HOU,CIN,0,0,0,0,0,0,0,0,0,0,,,8,8,0,1,0,-6.65472908533315,5,6,27,0,11,20,1,-0.146359348320402,2.45454545454545,0.12,0.0231578947368421,0.196210526315789,0,0,0,0,0,0,3.5,8.5
00-0040584,Gunnar Helm,TE,TE,2026,2,REG,TEN,PHI,0,0,0,0,0,0,0,0,0,0,,,0,0,0,0,0,,2,2,13,0,-1,14,0,-0.0235805520205759,0,0.117647058823529,-0.00714285714285714,0.171470588235294,0,0,0,0,0,0,1.3,3.3
00-0040590,Konata Mumpfield,WR,WR,2026,2,REG,LA,NYG,0,0,0,0,0,0,0,0,0,0,,,0,0,0,0,0,,1,2,12,0,23,8,1,-0.384115369757637,0.521739130434783,0.0666666666666667,0.0694864048338369,0.148640483383686,0,0,0,0,0,0,1.2,2.2
00-0040634,Jordan Turner,LB,LB,2026,2,REG,DEN,JAX,0,0,0,0,0,0,0,0,0,0,,,0,0,0,0,0,,0,0,0,0,0,0,0,,,0,0,0,0,0,0,0,0,0,0,0
00-0040640,Ashton Gillotte,DE,DL,2026,2,REG,KC,IND,0,0,0,0,0,0,0,0,0,0,,,0,0,0,0,0,,0,0,0,0,0,0,0,,,0,0,0,0,0,0,0,0,0,0,0
00-0040642,Vernon Broughton,DT,DL,2026,2,REG,NO,BAL,0,0,0,0,0,0,0,0,0,0,,,0,0,0,0,0,,0,0,0,0,0,0,0,,,0,0,0,0,0,0,0,0,0,0,0
00-0040643,Jonas Sanker,SAF,DB,2026,2,REG,NO,BAL,0,0,0,0,0,0,0,0,0,0,,,0,0,0,0,0,,0,0,0,0,0,0,0,,,0,0,0,0,0,0,0,0,0,0,0
00-0040645,Cody Simon,LB,LB,2026,2,REG,ARI,SEA,0,0,0,0,0,0,0,0,0,0,,,0,0,0,0,0,,0,0,0,0,0,0,0,,,0,0,0,0,0,0,0,0,0,0,0
00-0040646,Jalen Royals,WR,WR,2026,2,REG,KC,IND,0,0,0,0,0,0,0,0,0,0,,,0,0,0,0,0,,2,2,6,1,1,5,2,2.56288306869101,6,0.0465116279069768,0.00381679389312977,0.072439197585656,0,0,0,0,0,0,6.6,8.6
00-0040647,Rylie Mills,DT,DL,2026,2,REG,SEA,ARI,0,0,0,0,0,0,0,0,0,0,,,0,0,0,0,0,,0,0,0,0,0,0,0,,,0,0,0,0,0,0,0,0,0,0,0
00-0040654,Kai Kroeger,P,SPEC,2026,2,REG,HOU,CIN,0,1,0,0,0,0,0,0,0,0,-3.30416089302162,,0,0,0,0,0,,0,0,0,0,0,0,0,,,0,0,0,0,0,0,0,0,0,0,0
00-0040663,Harold Fannin Jr.,TE,TE,2026,2,REG,CLE,TB,0,0,0,0,0,0,0,0,0,0,,,0,0,0,0,0,,5,6,54,0,24,34,3,2.14661248965422,2.25,0.2,0.222222222222222,0.455555555555556,0,0,0,0,0,0,5.4,10.4
00-0040666,Omarion Hampton,RB,RB,2026,2,REG,LAC,LV,0,0,0,0,0,0,0,0,0,0,,,23,94,1,6,2,-11.0084445039392,2,2,21,0,-8,29,1,0.979474595515057,-2.625,0.0769230769230769,-0.0297397769516729,0.0945667715184444,1,0,0,0,0,0,15.5,17.5
00-0040667,Matthew Golden,WR,WR,2026,2,REG,GB,NYJ,0,0,0,0,0,0,0,0,0,0,,,0,0,0,0,0,,4,6,58,0,80,32,4,1.29303065626235,0.725,0.206896551724138,0.37037037037037,0.569604086845466,0,0,0,0,0,0,5.8,9.8
00-0040669,Isaac TeSlaa,WR,WR,2026,2,REG,DET,BUF,0,0,0,0,0,0,0,0,0,0,,,0,0,0,0,0,,2,5,26,0,81,4,1,1.80134439014364,0.320987654320988,0.131578947368421,0.240356083086053,0.365617679212869,0,0,0,0,0,0,2.6,4.6
00-0040670,Nohl Williams,CB,DB,2026,2,REG,KC,IND,0,0,0,0,0,0,0,0,0,0,,,0,0,0,0,0,,0,0,0,0,0,0,0,,,0,0,0,0,0,0,0,0,0,0,0
00-0040672,Tyleik Williams,DT,DL,2026,2,REG,DET,BUF,0,0,0,0,0,0,0,0,0,0,,,0,0,0,0,0,,0,0,0,0,0,0,0,,,0,0,0,0,0,0,0,0,0,0,0
00-0040676,Cam Ward,QB,QB,2026,2,REG,TEN,PHI,13,20,183,0,0,2,-14,140,104,7,-0.0977145342912991,6.54484454323264,4,7,2,3,0,4.09406330721686,0,0,0,0,0,0,0,,,0,0,0,0,0,0,0,0,0,20.02,20.02
00-0040677,Abdul Carter,LB,LB,2026,2,REG,NYG,LA,0,0,0,0,0,0,0,0,0,0,,,0,0,0,0,0,,0,0,0,0,0,0,0,,,0,0,0,0,0,0,0,0,0,0,0
00-0040678,Derrick Harmon,DT,DL,2026,2,REG,PIT,NE,0,0,0,0,0,0,0,0,0,0,,,0,0,0,0,0,,0,0,0,0,0,0,0,,,0,0,0,0,0,0,0,0,0,0,0
00-0040685,Mason Graham,DT,DL,2026,2,REG,CLE,TB,0,0,0,0,0,0,0,0,0,0,,,0,0,0,0,0,,0,0,0,0,0,0,0,,,0,0,0,0,0,0,0,0,0,0,0
00-0040686,Josh Conerly Jr.,OT,OL,2026,2,REG,WAS,DAL,0,0,0,0,0,0,0,0,0,0,,,0,0,0,0,0,,0,0,0,0,0,0,0,,,0,0,0,0,0,0,0,0,0,0,0
00-0040688,Malaki Starks,SAF,DB,2026,2,REG,BAL,NO,0,0,0,0,0,0,0,0,0,0,,,0,0,0,0,0,,0,0,0,0,0,0,0,,,0,0,0,0,0,0,0,0,0,0,0
00-0040689,Anthony Campbell,DT,DL,2026,2,REG,GB,NYJ,0,0,0,0,0,0,0,0,0,0,,,0,0,0,0,0,,0,0,0,0,0,0,0,,,0,0,0,0,0,0,0,0,0,0,0
00-0040691,Jaxson Dart,QB,QB,2026,2,REG,NYG,LA,3,5,20,0,0,0,0,47,2,2,-1.11578912171535,-5.34137725830078,0,0,0,0,0,,0,0,0,0,0,0,0,,,0,0,0,0,0,0,0,0,0,0.8,0.8
00-0040705,Chimere Dike,WR,WR,2026,2,REG,TEN,PHI,0,0,0,0,0,0,0,0,0,0,,,0,0,0,0,0,,0,0,0,0,0,0,0,,,0,0,0,0,0,0,0,0,0,0,0
00-0040706,Walter Nolen,DT,DL,2026,2,REG,ARI,SEA,0,0,0,0,0,0,0,0,0,0,,,0,0,0,0,0,,0,0,0,0,0,0,0,,,0,0,0,0,0,0,0,0,0,0,0
00-0040708,Jihaad Campbell,LB,LB,2026,2,REG,PHI,TEN,0,0,0,0,0,0,0,0,0,0,,,0,0,0,0,0,,0,0,0,0,0,0,0,,,0,0,0,0,0,0,0,0,0,0,0
00-0040709,Maxwell Hairston,CB,DB,2026,2,REG,BUF,DET,0,0,0,0,0,0,0,0,0,0,,,0,0,0,0,0,,0,0,0,0,0,0,0,,,0,0,0,0,0,0,0,0,0,0,0
00-0040710,Deone Walker,DT,DL,2026,2,REG,BUF,DET,0,0,0,0,0,0,0,0,0,0,,,0,0,0,0,0,,0,0,0,0,0,0,0,,,0,0,0,0,0,0,0,0,0,0,0
00-0040711,C.J. West,DT,DL,2026,2,REG,SF,MIA,0,0,0,0,0,0,0,0,0,0,,,0,0,0,0,0,,0,0,0,0,0,0,0,,,0,0,0,0,0,0,0,0,0,0,0
00-0040715,Cam Skattebo,RB,RB,2026,2,REG,NYG,LA,0,0,0,0,0,0,0,0,0,0,,,12,36,0,1,0,-2.18799493851839,4,4,19,0,-4,23,1,-1.77020948461723,-4.75,0.125,-0.0117302052785924,0.179288856304985,0,0,0,0,0,0,5.5,9.5
00-0040716,Craig Woodson,SAF,DB,2026,2,REG,NE,PIT,0,0,0,0,0,0,0,0,0,0,,,0,0,0,0,0,,0,0,0,0,0,0,0,,,0,0,0,0,0,0,0,0,0,0,0
00-0040718,Travis Hunter,CB,DB,2026,2,REG,JAX,DEN,0,0,0,0,0,0,0,0,0,0,,,0,0,0,0,0,,0,0,0,0,0,0,0,,,0,0,0,0,0,0,0,0,0,0,0
00-0040719,Bhayshul Tuten,RB,RB,2026,2,REG,JAX,DEN,0,0,0,0,0,0,0,0,0,0,,,13,65,1,4,2,1.20036442976561,2,2,-3,0,-8,5,0,-1.9394659648533,0.375,0.0714285714285714,-0.0264900662251656,0.0885998107852413,0,0,0,0,0,0,12.2,14.2
00-0040722,Mike Green,LB,LB,2026,2,REG,BAL,NO,0,0,0,0,0,0,0,0,0,0,,,0,0,0,0,0,,0,0,0,0,0,0,0,,,0,0,0,0,0,0,0,0,0,0,0
00-0040725,Donovan Ezeiruaku,LB,LB,2026,2,REG,DAL,WAS,0,0,0,0,0,0,0,0,0,0,,,0,0,0,0,0,,0,0,0,0,0,0,0,,,0,0,0,0,0,0,0,0,0,0,0
00-0040726,Anthony Belton,OT,OL,2026,2,REG,GB,NYJ,0,0,0,0,0,0,0,0,0,0,,,0,0,0,0,0,,0,0,0,0,0,0,0,,,0,0,0,0,0,0,0,0,0,0,0
00-0040727,Tre Harris,WR,WR,2026,2,REG,LAC,LV,0,0,0,0,0,0,0,0,0,0,,,0,0,0,0,0,,1,3,53,0,56,33,1,3.86769987782463,0.946428571428571,0.115384615384615,0.20817843866171,0.31880183014012,0,0,0,0,0,0,5.3,6.3
00-0040729,Jack Bech,WR,WR,2026,2,REG,LV,LAC,0,0,0,0,0,0,0,0,0,0,,,0,0,0,0,0,,2,2,25,0,18,7,1,1.51895602769218,1.38888888888889,0.0689655172413793,0.0636042402826855,0.147971244059949,0,0,0,0,0,0,2.5,4.5
00-0040733,Nick Emmanwori,SAF,DB,2026,2,REG,SEA,ARI,0,0,0,0,0,0,0,0,0,0,,,0,0,0,0,0,,0,0,0,0,0,0,0,,,0,0,0,0,0,0,0,0,0,0,0
00-0040734,TreVeyon Henderson,RB,RB,2026,2,REG,NE,PIT,0,0,0,0,0,0,0,0,0,0,,,16,76,1,3,2,-1.59804351010825,0,0,0,0,0,0,0,,,0,0,0,0,0,0,0,0,0,13.6,13.6
00-0040735,Luther Burden III,WR,WR,2026,2,REG,CHI,MIN,0,0,0,0,0,0,0,0,0,0,,,0,0,0,0,0,,3,7,32,0,87,5,1,-3.59284738701535,0.367816091954023,0.233333333333333,0.46031746031746,0.672222222222222,0,0,0,0,0,0,3.2,6.2
00-0040737,Terrance Ferguson,TE,TE,2026,2,REG,LA,NYG,0,0,0,0,0,0,0,0,0,0,,,0,0,0,0,0,,6,9,54,1,54,24,2,1.78823560447199,1,0.3,0.163141993957704,0.564199395770393,0,0,0,0,0,0,11.4,17.4
00-0040738,Demetrius Knight Jr.,LB,LB,2026,2,REG,CIN,HOU,0,0,0,0,0,0,0,0,0,0,,,0,0,0,0,0,,0,0,0,0,0,0,0,,,0,0,0,0,0,0,0,0,0,0,0
00-0040739,Elijah Arroyo,TE,TE,2026,2,REG,SEA,ARI,0,0,0,0,0,0,0,0,0,0,,,0,0,0,0,0,,1,1,17,0,14,3,1,1.36316828615963,1.21428571428571,0.0384615384615385,0.0616740088105727,0.100864113859709,0,0,0,0,0,0,1.7,2.7
00-0040743,Tyler Shough,QB,QB,2026,2,REG,NO,BAL,27,34,252,1,0,3,-19,213,115,11,10.9289833450863,14.0510380268097,9,23,1,3,1,1.65955904062112,0,0,0,0,0,0,0,,,0,0,0,0,0,0,0,0,0,22.38,22.38
00-0040744,Jaylahn Tuimoloau,DE,DL,2026,2,REG,IND,KC,0,0,0,0,0,0,0,0,0,0,,,0,0,0,0,0,,0,0,0,0,0,0,0,,,0,0,0,0,0,0,0,0,0,0,0
00-0040747,Benjamin Morrison,CB,DB,2026,2,REG,TB,CLE,0,0,0,0,0,0,0,0,0,0,,,0,0,0,0,0,,0,0,0,0,0,0,0,,,0,0,0,0,0,0,0,0,0,0,0
00-0040749,Andrew Mukuba,SAF,DB,2026,2,REG,PHI,TEN,0,0,0,0,0,0,0,0,0,0,,,0,0,0,0,0,,0,0,0,0,0,0,0,,,0,0,0,0,0,0,0,0,0,0,0
00-0040751,Will Johnson,CB,DB,2026,2,REG,ARI,SEA,0,0,0,0,0,0,0,0,0,0,,,0,0,0,0,0,,0,0,0,0,0,0,0,,,0,0,0,0,0,0,0,0,0,0,0
00-0040752,Oluwafemi Oladejo,DE,DL,2026,2,REG,TEN,PHI,0,0,0,0,0,0,0,0,0,0,,,0,0,0,0,0,,0,0,0,0,0,0,0,,,0,0,0,0,0,0,0,0,0,0,0
00-0040756,Shemar Stewart,DE,DL,2026,2,REG,CIN,HOU,0,0,0,0,0,0,0,0,0,0,,,0,0,0,0,0,,0,0,0,0,0,0,0,,,0,0,0,0,0,0,0,0,0,0,0
00-0040782,Isaiah Bond,WR,WR,2026,2,REG,CLE,TB,0,0,0,0,0,0,0,0,0,0,,,0,0,0,0,0,,1,1,10,0,7,3,1,0.716024308232591,1.42857142857143,0.0333333333333333,0.0648148148148148,0.0953703703703704,0,0,0,0,0,0,1,2
00-0040784,Quinshon Judkins,RB,RB,2026,2,REG,CLE,TB,0,0,0,0,0,0,0,0,0,0,,,12,21,0,1,0,-8.32149213051889,5,5,27,0,-8,35,1,1.11786701413803,-3.375,0.166666666666667,-0.0740740740740741,0.198148148148148,0,0,0,0,0,0,4.8,9.8
00-0040785,Dohnte Meyers,WR,WR,2026,2,REG,CIN,HOU,0,0,0,0,0,0,0,0,0,0,,,0,0,0,0,0,,0,1,0,0,-4,0,0,-0.80325392074883,0,0.032258064516129,-0.023121387283237,0.0322021256759277,0,0,0,0,0,0,0,0
00-0040865,Caleb Downs,SAF,DB,2026,2,REG,DAL,WAS,0,0,0,0,0,0,0,0,0,0,,,0,0,0,0,0,,0,0,0,0,0,0,0,,,0,0,0,0,0,0,0,0,0,0,0
00-0040867,Makai Lemon,WR,WR,2026,2,REG,PHI,TEN,0,0,0,0,0,0,0,0,0,0,,,1,-5,0,0,0,-1.32893741689622,1,1,14,0,13,1,1,2.49466600152664,1.07692307692308,0.0294117647058824,0.0445205479452055,0.0752820306204674,0,0,0,0,0,0,0.9,1.9
00-0040868,Treydan Stukes,SAF,DB,2026,2,REG,LV,LAC,0,0,0,0,0,0,0,0,0,0,,,0,0,0,0,0,,0,0,0,0,0,0,0,,,0,0,0,0,0,0,0,0,0,0,0
00-0040869,Chris McClellan,DT,DL,2026,2,REG,GB,NYJ,0,0,0,0,0,0,0,0,0,0,,,0,0,0,0,0,,0,0,0,0,0,0,0,,,0,0,0,0,0,0,0,0,0,0,0
00-0040872,Jaishawn Barham,LB,LB,2026,2,REG,DAL,WAS,0,0,0,0,0,0,0,0,0,0,,,0,0,0,0,0,,0,0,0,0,0,0,0,,,0,0,0,0,0,0,0,0,0,0,0
00-0040873,Julian Neal,CB,DB,2026,2,REG,SEA,ARI,0,0,0,0,0,0,0,0,0,0,,,0,0,0,0,0,,0,0,0,0,0,0,0,,,0,0,0,0,0,0,0,0,0,0,0
00-0040877,Dani Dennis-Sutton,LB,LB,2026,2,REG,GB,NYJ,0,0,0,0,0,0,0,0,0,0,,,0,0,0,0,0,,0,0,0,0,0,0,0,,,0,0,0,0,0,0,0,0,0,0,0
00-0040878,Mike Washington Jr.,RB,RB,2026,2,REG,LV,LAC,0,0,0,0,0,0,0,0,0,0,,,3,7,0,0,0,-1.43887083855225,0,1,0,0,10,0,0,-0.539872482419014,0,0.0344827586206897,0.0353356890459364,0.07645912026319,0,0,0,0,0,0,0.7,0.7
00-0040880,LT Overton,DT,DL,2026,2,REG,DAL,WAS,0,0,0,0,0,0,0,0,0,0,,,0,0,0,0,0,,0,0,0,0,0,0,0,,,0,0,0,0,0,0,0,0,0,0,0
00-0040885,Chandler Rivers,CB,DB,2026,2,REG,BAL,NO,0,0,0,0,0,0,0,0,0,0,,,0,0,0,0,0,,0,0,0,0,0,0,0,,,0,0,0,0,0,0,0,0,0,0,0
00-0040886,Nicholas Singleton,RB,RB,2026,2,REG,TEN,PHI,0,0,0,0,0,0,0,0,0,0,,,4,10,0,0,0,-1.22702336043585,0,0,0,0,0,0,0,,,0,0,0,0,0,0,0,0,0,1,1
00-0040889,Hezekiah Masses,CB,DB,2026,2,REG,LV,LAC,0,0,0,0,0,0,0,0,0,0,,,0,0,0,0,0,,0,0,0,0,0,0,0,,,0,0,0,0,0,0,0,0,0,0,0
00-0040894,Malik Benson,WR,WR,2026,2,REG,LV,LAC,0,0,0,0,0,0,0,0,0,0,,,0,0,0,0,0,,0,1,0,0,27,0,0,-1.73706076061353,0,0.0344827586206897,0.0954063604240283,0.118508590227854,0,0,0,0,0,0,0,0
00-0040898,Ryan Eckley,P,SPEC,2026,2,REG,BAL,NO,0,0,0,0,0,0,0,0,0,0,,,0,0,0,0,0,,0,0,0,0,0,0,0,,,0,0,0,0,0,0,0,0,0,0,0
00-0040899,Trey Smack,K,SPEC,2026,2,REG,GB,NYJ,0,0,0,0,0,0,0,0,0,0,,,0,0,0,0,0,,0,0,0,0,0,0,0,,,0,0,0,0,0,0,0,0,0,0,0
00-0040928,Kapena Gushiken,CB,DB,2026,2,REG,IND,KC,0,0,0,0,0,0,0,0,0,0,,,0,0,0,0,0,,0,0,0,0,0,0,0,,,0,0,0,0,0,0,0,0,0,0,0
00-0040948,J. Michael Sturdivant,WR,WR,2026,2,REG,GB,NYJ,0,0,0,0,0,0,0,0,0,0,,,0,0,0,0,0,,0,0,0,0,0,0,0,,,0,0,0,0,0,0,0,0,0,0,0
00-0040978,Ethan Burke,LB,LB,2026,2,REG,BAL,NO,0,0,0,0,0,0,0,0,0,0,,,0,0,0,0,0,,0,0,0,0,0,0,0,,,0,0,0,0,0,0,0,0,0,0,0
00-0041013,Emmett Johnson,RB,RB,2026,2,REG,KC,IND,0,0,0,0,0,0,0,0,0,0,,,2,15,0,1,0,0.875801516696811,2,2,20,0,-4,24,1,0.778652964392677,-5,0.0465116279069768,-0.0152671755725191,0.0590804189597018,0,0,0,0,0,0,3.5,5.5
00-0041019,Kahlil Benson,OT,OL,2026,2,REG,KC,IND,0,0,0,0,0,0,0,0,0,0,,,0,0,0,0,0,,0,0,0,0,0,0,0,,,0,0,0,0,0,0,0,0,0,0,0
00-0041026,David Bailey,LB,LB,2026,2,REG,NYJ,GB,0,0,0,0,0,0,0,0,0,0,,,0,0,0,0,0,,0,0,0,0,0,0,0,,,0,0,0,0,0,0,0,0,0,0,0
00-0041027,Jeremiyah Love,RB,RB,2026,2,REG,ARI,SEA,0,0,0,0,0,0,0,0,0,0,,,9,29,0,1,0,-2.52027224213816,3,3,16,0,0,16,0,0.125897116726264,0,0.115384615384615,0,0.173076923076923,0,0,0,0,0,0,4.5,7.5
00-0041028,Sonny Styles,LB,LB,2026,2,REG,WAS,DAL,0,0,0,0,0,0,0,0,0,0,,,0,0,0,0,0,,0,0,0,0,0,0,0,,,0,0,0,0,0,0,0,0,0,0,0
00-0041032,Kenyon Sadiq,TE,TE,2026,2,REG,NYJ,GB,0,0,0,0,0,0,0,0,0,0,,,0,0,0,0,0,,2,3,17,0,8,16,0,-0.51331116235815,2.125,0.0833333333333333,0.0318725099601594,0.147310756972112,0,0,0,0,0,0,1.7,3.7
00-0041033,Caleb Banks,DT,DL,2026,2,REG,MIN,CHI,0,0,0,0,0,0,0,0,0,0,,,0,0,0,0,0,,0,0,0,0,0,0,0,,,0,0,0,0,0,0,0,0,0,0,0
00-0041036,TJ Parker,LB,LB,2026,2,REG,BUF,DET,0,0,0,0,0,0,0,0,0,0,,,0,0,0,0,0,,0,0,0,0,0,0,0,,,0,0,0,0,0,0,0,0,0,0,0
00-0041037,Denzel Boston,WR,WR,2026,2,REG,CLE,TB,0,0,0,0,0,0,0,0,0,0,,,0,0,0,0,0,,5,7,95,1,60,50,3,6.99395908871656,1.58333333333333,0.233333333333333,0.555555555555556,0.738888888888889,0,0,0,0,0,0,15.5,20.5
00-0041039,CJ Allen,LB,LB,2026,2,REG,IND,KC,0,0,0,0,0,0,0,0,0,0,,,0,0,0,0,0,,0,0,0,0,0,0,0,,,0,0,0,0,0,0,0,0,0,0,0
00-0041040,Antonio Williams,WR,WR,2026,2,REG,WAS,DAL,0,1,0,0,0,0,0,23,0,0,-0.581719929818064,-30.8303147554398,0,0,0,0,0,,3,3,24,0,16,8,1,1.66176331421593,1.5,0.0882352941176471,0.0445682451253482,0.163550712764214,0,0,0,0,0,0,2.4,5.4
00-0041041,Oscar Delp,TE,TE,2026,2,REG,NO,BAL,0,0,0,0,0,0,0,0,0,0,,,0,0,0,0,0,,1,1,8,0,7,1,0,0.639764283318073,1.14285714285714,0.03125,0.0328638497652582,0.0698796948356808,0,0,0,0,0,0,0.8,1.8
00-0041042,Malachi Fields,WR,WR,2026,2,REG,NYG,LA,0,0,0,0,0,0,0,0,0,0,,,0,0,0,0,0,,2,6,30,0,131,6,2,-5.12694226042368,0.229007633587786,0.1875,0.3841642228739,0.55016495601173,0,0,0,0,0,0,3,5
00-0041043,A.J. Haulcy,SAF,DB,2026,2,REG,IND,KC,0,0,0,0,0,0,0,0,0,0,,,0,0,0,0,0,,0,0,0,0,0,0,0,,,0,0,0,0,0,0,0,0,0,0,0
00-0041044,Zachariah Branch,WR,WR,2026,2,REG,ATL,CAR,0,0,0,0,0,0,0,0,0,0,,,0,0,0,0,0,,2,2,14,0,-7,21,1,0.516296314192005,0,0.0645161290322581,-0.0440251572327044,0.065956583485494,0,0,0,0,0,0,1.4,3.4
00-0041045,Albert Regis,DT,DL,2026,2,REG,JAX,DEN,0,0,0,0,0,0,0,0,0,0,,,0,0,0,0,0,,0,0,0,0,0,0,0,,,0,0,0,0,0,0,0,0,0,0,0
00-0041046,Domonique Orange,DT,DL,2026,2,REG,MIN,CHI,0,0,0,0,0,0,0,0,0,0,,,0,0,0,0,0,,0,0,0,0,0,0,0,,,0,0,0,0,0,0,0,0,0,0,0
00-0041048,Ted Hurst III,WR,WR,2026,2,REG,TB,CLE,0,0,0,0,0,0,0,0,0,0,,,0,0,0,0,0,,2,7,27,0,145,2,1,-6.44278152041161,0.186206896551724,0.212121212121212,0.344418052256532,0.559274454761391,0,0,0,0,0,0,2.7,4.7
00-0041049,Austin Barber,OT,OL,2026,2,REG,CLE,TB,0,0,0,0,0,0,0,0,0,0,,,0,0,0,0,0,,0,0,0,0,0,0,0,,,0,0,0,0,0,0,0,0,0,0,0
00-0041051,Zavion Thomas,WR,WR,2026,2,REG,CHI,MIN,0,0,0,0,0,0,0,0,0,0,,,0,0,0,0,0,,0,0,0,0,0,0,0,,,0,0,0,0,0,0,0,0,0,0,0
00-0041052,Kaelon Black,RB,RB,2026,2,REG,SF,MIA,0,0,0,0,0,0,0,0,0,0,,,7,25,0,0,0,-1.97878664691234,0,0,0,0,0,0,0,,,0,0,0,0,0,0,0,0,0,2.5,2.5
00-0041057,Keionte Scott,CB,DB,2026,2,REG,TB,CLE,0,0,0,0,0,0,0,0,0,0,,,0,0,0,0,0,,0,0,0,0,0,0,0,,,0,0,0,0,0,0,0,0,0,0,0
00-0041060,Malik Muhammad,CB,DB,2026,2,REG,CHI,MIN,0,0,0,0,0,0,0,0,0,0,,,0,0,0,0,0,,0,0,0,0,0,0,0,,,0,0,0,0,0,0,0,0,0,0,0
00-0041063,Will Lee III,CB,DB,2026,2,REG,CAR,ATL,0,0,0,0,0,0,0,0,0,0,,,0,0,0,0,0,,0,0,0,0,0,0,0,,,0,0,0,0,0,0,0,0,0,0,0
00-0041064,Genesis Smith,SAF,DB,2026,2,REG,LAC,LV,0,0,0,0,0,0,0,0,0,0,,,0,0,0,0,0,,0,0,0,0,0,0,0,,,0,0,0,0,0,0,0,0,0,0,0
00-0041066,Kendal Daniels,LB,LB,2026,2,REG,ATL,CAR,0,0,0,0,0,0,0,0,0,0,,,0,0,0,0,0,,0,0,0,0,0,0,0,,,0,0,0,0,0,0,0,0,0,0,0
00-0041067,Bryce Lance,WR,WR,2026,2,REG,NO,BAL,0,0,0,0,0,0,0,0,0,0,,,0,0,0,0,0,,1,1,8,0,8,0,0,0.490383297903463,1,0.03125,0.0375586854460094,0.0731660798122066,0,0,0,0,0,0,0.8,1.8
00-0041069,Colbie Young,WR,WR,2026,2,REG,CIN,HOU,0,0,0,0,0,0,0,0,0,0,,,0,0,0,0,0,,1,1,7,0,6,1,0,-0.205102376174182,1.16666666666667,0.032258064516129,0.0346820809248555,0.0726645534215924,0,0,0,0,0,0,0.7,1.7
00-0041072,Nick Barrett,DT,DL,2026,2,REG,LAC,LV,0,0,0,0,0,0,0,0,0,0,,,0,0,0,0,0,,0,0,0,0,0,0,0,,,0,0,0,0,0,0,0,0,0,0,0
00-0041076,Zakee Wheatley,SAF,DB,2026,2,REG,CAR,ATL,0,0,0,0,0,0,0,0,0,0,,,0,0,0,0,0,,0,0,0,0,0,0,0,,,0,0,0,0,0,0,0,0,0,0,0
00-0041078,Jaden Dugger,LB,LB,2026,2,REG,SF,MIA,0,0,0,0,0,0,0,0,0,0,,,0,0,0,0,0,,0,0,0,0,0,0,0,,,0,0,0,0,0,0,0,0,0,0,0
00-0041088,Karon Prunty,CB,DB,2026,2,REG,NE,PIT,0,0,0,0,0,0,0,0,0,0,,,0,0,0,0,0,,0,0,0,0,0,0,0,,,0,0,0,0,0,0,0,0,0,0,0
00-0041093,Karson Sharar,LB,LB,2026,2,REG,ARI,SEA,0,0,0,0,0,0,0,0,0,0,,,0,0,0,0,0,,0,0,0,0,0,0,0,,,0,0,0,0,0,0,0,0,0,0,0
00-0041096,Kaytron Allen,RB,RB,2026,2,REG,WAS,DAL,0,0,0,0,0,0,0,0,0,0,,,5,24,0,1,0,-2.09201254358049,0,0,0,0,0,0,0,,,0,0,0,0,0,0,0,0,0,2.4,2.4
00-0041099,Barion Brown,WR,WR,2026,2,REG,NO,BAL,0,0,0,0,0,0,0,0,0,0,,,0,0,0,0,0,,0,0,0,0,0,0,0,,,0,0,0,0,0,0,0,0,0,0,0
00-0041100,Josh Cameron,WR,WR,2026,2,REG,JAX,DEN,0,0,0,0,0,0,0,0,0,0,,,0,0,0,0,0,,0,0,0,0,0,0,0,,,0,0,0,0,0,0,0,0,0,0,0
00-0041104,Demond Claiborne,RB,RB,2026,2,REG,MIN,CHI,0,0,0,0,0,0,0,0,0,0,,,0,0,0,0,0,,1,1,2,0,-7,9,0,-0.732057184187663,-0.285714285714286,0.0526315789473684,-0.0445859872611465,0.0477371773382501,0,0,0,0,0,0,0.2,1.2
00-0041109,Namdi Obiazor,LB,LB,2026,2,REG,NE,PIT,0,0,0,0,0,0,0,0,0,0,,,0,0,0,0,0,,0,0,0,0,0,0,0,,,0,0,0,0,0,0,0,0,0,0,0
00-0041110,Jordan van den Berg,DT,DL,2026,2,REG,CHI,MIN,0,0,0,0,0,0,0,0,0,0,,,0,0,0,0,0,,0,0,0,0,0,0,0,,,0,0,0,0,0,0,0,0,0,0,0
00-0041111,Caden Curry,DE,DL,2026,2,REG,IND,KC,0,0,0,0,0,0,0,0,0,0,,,0,0,0,0,0,,0,0,0,0,0,0,0,,,0,0,0,0,0,0,0,0,0,0,0
00-0041112,Harold Perkins Jr.,LB,LB,2026,2,REG,ATL,CAR,0,0,0,0,0,0,0,0,0,0,,,0,0,0,0,0,,0,0,0,0,0,0,0,,,0,0,0,0,0,0,0,0,0,0,0
00-0041125,Seth McGowan,RB,RB,2026,2,REG,IND,KC,0,0,0,0,0,0,0,0,0,0,,,2,0,0,0,0,-1.22791252261959,0,0,0,0,0,0,0,,,0,0,0,0,0,0,0,0,0,0,0
00-0041126,Tommy Doman Jr.,P,SPEC,2026,2,REG,BUF,DET,0,0,0,0,0,0,0,0,0,0,,,0,0,0,0,0,,0,0,0,0,0,0,0,,,0,0,0,0,0,0,0,0,0,0,0
00-0041132,Deion Burks,WR,WR,2026,2,REG,IND,KC,0,0,0,0,0,0,0,0,0,0,,,2,14,0,1,1,0.5151224557776,0,0,0,0,0,0,0,,,0,0,0,0,0,0,0,0,0,1.4,1.4
00-0041145,Dominic Zvada,K,SPEC,2026,2,REG,NYG,LA,0,0,0,0,0,0,0,0,0,0,,,0,0,0,0,0,,0,0,0,0,0,0,0,,,0,0,0,0,0,0,0,0,0,0,0
00-0041148,Aaron Hall,DT,DL,2026,2,REG,CAR,ATL,0,0,0,0,0,0,0,0,0,0,,,0,0,0,0,0,,0,0,0,0,0,0,0,,,0,0,0,0,0,0,0,0,0,0,0
00-0041175,Skyler Thomas,SAF,DB,2026,2,REG,CHI,MIN,0,0,0,0,0,0,0,0,0,0,,,0,0,0,0,0,,0,0,0,0,0,0,0,,,0,0,0,0,0,0,0,0,0,0,0
00-0041182,Drew Stevens,K,SPEC,2026,2,REG,WAS,DAL,0,0,0,0,0,0,0,0,0,0,,,0,0,0,0,0,,0,0,0,0,0,0,0,,,0,0,0,0,0,0,0,0,0,0,0
00-0041194,Jack Strand,QB,QB,2026,2,REG,ATL,CAR,8,15,59,0,1,2,-13,53,52,4,-12.8596125824843,-21.3180882590158,2,16,0,2,0,1.47944146418013,0,0,0,0,0,0,0,,,0,0,0,0,0,1,0,0,0,-0.04,-0.04
00-0041227,Tahj Chambers,LB,LB,2026,2,REG,IND,KC,0,0,0,0,0,0,0,0,0,0,,,0,0,0,0,0,,0,0,0,0,0,0,0,,,0,0,0,0,0,0,0,0,0,0,0
00-0041305,Sabastian Harsh,DE,DL,2026,2,REG,HOU,CIN,0,0,0,0,0,0,0,0,0,0,,,0,0,0,0,0,,0,0,0,0,0,0,0,,,0,0,0,0,0,0,0,0,0,0,0
00-0041326,CJ Donaldson,RB,RB,2026,2,REG,NO,BAL,0,0,0,0,0,0,0,0,0,0,,,1,2,0,1,0,0.358617695514113,0,0,0,0,0,0,0,,,0,0,0,0,0,0,0,0,0,0.2,0.2
00-0041354,Jacob Thomas,SAF,DB,2026,2,REG,MIN,CHI,0,0,0,0,0,0,0,0,0,0,,,0,0,0,0,0,,0,0,0,0,0,0,0,,,0,0,0,0,0,0,0,0,0,0,0
00-0041363,James Thompson Jr.,DT,DL,2026,2,REG,SF,MIA,0,0,0,0,0,0,0,0,0,0,,,0,0,0,0,0,,0,0,0,0,0,0,0,,,0,0,0,0,0,0,0,0,0,0,0
00-0041370,Wydett Williams Jr.,SAF,DB,2026,2,REG,ARI,SEA,0,0,0,0,0,0,0,0,0,0,,,0,0,0,0,0,,0,0,0,0,0,0,0,,,0,0,0,0,0,0,0,0,0,0,0
00-0041381,Rodney Shelley,DB,DB,2026,2,REG,LAC,LV,0,0,0,0,0,0,0,0,0,0,,,0,0,0,0,0,,0,0,0,0,0,0,0,,,0,0,0,0,0,0,0,0,0,0,0
00-0041382,Avery Smith,CB,DB,2026,2,REG,SEA,ARI,0,0,0,0,0,0,0,0,0,0,,,0,0,0,0,0,,0,0,0,0,0,0,0,,,0,0,0,0,0,0,0,0,0,0,0
00-0041391,Davison Igbinosun,CB,DB,2026,2,REG,BUF,DET,0,0,0,0,0,0,0,0,0,0,,,0,0,0,0,0,,0,0,0,0,0,0,0,,,0,0,0,0,0,0,0,0,0,0,0
00-0041392,Jake Slaughter,C,OL,2026,2,REG,LAC,LV,0,0,0,0,0,0,0,0,0,0,,,0,0,0,0,0,,0,0,0,0,0,0,0,,,0,0,0,0,0,0,0,0,0,0,0
00-0041395,Eli Raridon,TE,TE,2026,2,REG,NE,PIT,0,0,0,0,0,0,0,0,0,0,,,0,0,0,0,0,,1,1,30,0,25,5,1,2.17241139156977,1.2,0.0476190476190476,0.127551020408163,0.160714285714286,0,0,0,0,0,0,3,4
00-0041397,Kaden Wetjen,WR,WR,2026,2,REG,PIT,NE,0,0,0,0,0,0,0,0,0,0,,,0,0,0,0,0,,0,0,0,0,0,0,0,,,0,0,0,0,0,0,0,0,0,0,0
00-0041401,Robert Spears-Jennings,SAF,DB,2026,2,REG,PIT,NE,0,0,0,0,0,0,0,0,0,0,,,0,0,0,0,0,,0,0,0,0,0,0,0,,,0,0,0,0,0,0,0,0,0,0,0
00-0041402,Quintayvious Hutchins,LB,LB,2026,2,REG,NE,PIT,0,0,0,0,0,0,0,0,0,0,,,0,0,0,0,0,,0,0,0,0,0,0,0,,,0,0,0,0,0,0,0,0,0,0,0
00-0041404,Wesley Bailey,LB,LB,2026,2,REG,LA,NYG,0,0,0,0,0,0,0,0,0,0,,,0,0,0,0,0,,0,0,0,0,0,0,0,,,0,0,0,0,0,0,0,0,0,0,0
00-0041436,DJ Herman,RB,RB,2026,2,REG,MIA,SF,0,0,0,0,0,0,0,0,0,0,,,0,0,0,0,0,,1,3,18,0,36,11,1,0.396491175284609,0.5,0.130434782608696,0.21301775147929,0.344764599948546,0,0,0,0,0,0,1.8,2.8
00-0041438,Carnell Tate,WR,WR,2026,2,REG,TEN,PHI,0,0,0,0,0,0,0,0,0,0,,,0,0,0,0,0,,3,5,27,0,50,2,1,-3.54700663115364,0.54,0.294117647058824,0.357142857142857,0.691176470588235,0,0,0,0,0,0,2.7,5.7
00-0041444,Kaleb Elarms-Orr,LB,LB,2026,2,REG,BUF,DET,0,0,0,0,0,0,0,0,0,0,,,0,0,0,0,0,,0,0,0,0,0,0,0,,,0,0,0,0,0,0,0,0,0,0,0
00-0041447,Skyler Gill-Howard,DT,DL,2026,2,REG,DET,BUF,0,0,0,0,0,0,0,0,0,0,,,0,0,0,0,0,,0,0,0,0,0,0,0,,,0,0,0,0,0,0,0,0,0,0,0
00-0041449,Aiden Fisher,LB,LB,2026,2,REG,HOU,CIN,0,0,0,0,0,0,0,0,0,0,,,0,0,0,0,0,,0,0,0,0,0,0,0,,,0,0,0,0,0,0,0,0,0,0,0
00-0041455,Erick Hunter,LB,LB,2026,2,REG,NE,PIT,0,0,0,0,0,0,0,0,0,0,,,0,0,0,0,0,,0,0,0,0,0,0,0,,,0,0,0,0,0,0,0,0,0,0,0
00-0041459,Eric O'Neill,DE,DL,2026,2,REG,DET,BUF,0,0,0,0,0,0,0,0,0,0,,,0,0,0,0,0,,0,0,0,0,0,0,0,,,0,0,0,0,0,0,0,0,0,0,0
00-0041462,Colton Hood,CB,DB,2026,2,REG,NYG,LA,0,0,0,0,0,0,0,0,0,0,,,0,0,0,0,0,,0,0,0,0,0,0,0,,,0,0,0,0,0,0,0,0,0,0,0
00-0041464,Tacario Davis,CB,DB,2026,2,REG,CIN,HOU,0,0,0,0,0,0,0,0,0,0,,,0,0,0,0,0,,0,0,0,0,0,0,0,,,0,0,0,0,0,0,0,0,0,0,0
00-0041469,Avieon Terrell,CB,DB,2026,2,REG,ATL,CAR,0,0,0,0,0,0,0,0,0,0,,,0,0,0,0,0,,0,0,0,0,0,0,0,,,0,0,0,0,0,0,0,0,0,0,0
00-0041470,Brandon Cisse,CB,DB,2026,2,REG,GB,NYJ,0,0,0,0,0,0,0,0,0,0,,,0,0,0,0,0,,0,0,0,0,0,0,0,,,0,0,0,0,0,0,0,0,0,0,0
00-0041471,Emmanuel McNeil-Warren,SAF,DB,2026,2,REG,CLE,TB,0,0,0,0,0,0,0,0,0,0,,,0,0,0,0,0,,0,0,0,0,0,0,0,,,0,0,0,0,0,0,0,0,0,0,0
00-0041479,Anthony Hill Jr.,LB,LB,2026,2,REG,TEN,PHI,0,0,0,0,0,0,0,0,0,0,,,0,0,0,0,0,,0,0,0,0,0,0,0,,,0,0,0,0,0,0,0,0,0,0,0
00-0041489,Germie Bernard,WR,WR,2026,2,REG,PIT,NE,0,0,0,0,0,0,0,0,0,0,,,0,0,0,0,0,,4,8,35,0,70,12,2,-3.67718774394598,0.5,0.216216216216216,0.325581395348837,0.55223130106851,0,0,0,0,0,0,3.5,7.5
00-0041490,Eli Heidenreich,RB,RB,2026,2,REG,PIT,NE,0,0,0,0,0,0,0,0,0,0,,,0,0,0,0,0,,0,0,0,0,0,0,0,,,0,0,0,0,0,0,0,0,0,0,0
00-0041494,Zion Young,LB,LB,2026,2,REG,BAL,NO,0,0,0,0,0,0,0,0,0,0,,,0,0,0,0,0,,0,0,0,0,0,0,0,,,0,0,0,0,0,0,0,0,0,0,0
00-0041495,Jake Golday,LB,LB,2026,2,REG,MIN,CHI,0,0,0,0,0,0,0,0,0,0,,,0,0,0,0,0,,0,0,0,0,0,0,0,,,0,0,0,0,0,0,0,0,0,0,0
00-0041496,Jonah Coleman,RB,RB,2026,2,REG,DEN,JAX,0,0,0,0,0,0,0,0,0,0,,,10,39,1,3,2,-0.207429695816245,3,3,19,0,0,19,0,0.298004283104092,0,0.103448275862069,0,0.155172413793103,0,0,0,0,0,0,11.8,14.8
00-0041497,Jadon Canady,CB,DB,2026,2,REG,KC,IND,0,0,0,0,0,0,0,0,0,0,,,0,0,0,0,0,,0,0,0,0,0,0,0,,,0,0,0,0,0,0,0,0,0,0,0
00-0041501,R Mason Thomas,DE,DL,2026,2,REG,KC,IND,0,0,0,0,0,0,0,0,0,0,,,0,0,0,0,0,,0,0,0,0,0,0,0,,,0,0,0,0,0,0,0,0,0,0,0
00-0041502,Josiah Trotter,LB,LB,2026,2,REG,TB,CLE,0,0,0,0,0,0,0,0,0,0,,,0,0,0,0,0,,0,0,0,0,0,0,0,,,0,0,0,0,0,0,0,0,0,0,0
00-0041505,Francis Mauigoa,OT,OL,2026,2,REG,NYG,LA,0,0,0,0,0,0,0,0,0,0,,,0,0,0,0,0,,0,0,0,0,0,0,0,,,0,0,0,0,0,0,0,0,0,0,0
00-0041508,Keldric Faulk,DE,DL,2026,2,REG,TEN,PHI,0,0,0,0,0,0,0,0,0,0,,,0,0,0,0,0,,0,0,0,0,0,0,0,,,0,0,0,0,0,0,0,0,0,0,0
00-0041509,Arvell Reese,LB,LB,2026,2,REG,NYG,LA,0,0,0,0,0,0,0,0,0,0,,,0,0,0,0,0,,0,0,0,0,0,0,0,,,0,0,0,0,0,0,0,0,0,0,0
00-0041512,Jadarian Price,RB,RB,2026,2,REG,SEA,ARI,0,0,0,0,0,0,0,0,0,0,,,13,52,0,2,2,-7.47152426201501,1,2,8,0,16,16,1,0.5060431441525,0.5,0.0769230769230769,0.0704845814977974,0.164723822433074,1,0,0,0,0,0,4,5
00-0041518,Bryce Boettcher,LB,LB,2026,2,REG,IND,KC,0,0,0,0,0,0,0,0,0,0,,,0,0,0,0,0,,0,0,0,0,0,0,0,,,0,0,0,0,0,0,0,0,0,0,0
00-0041521,Kadyn Proctor,OT,OL,2026,2,REG,MIA,SF,0,0,0,0,0,0,0,0,0,0,,,0,0,0,0,0,,0,0,0,0,0,0,0,,,0,0,0,0,0,0,0,0,0,0,0
00-0041522,Jacob Rodriguez,LB,LB,2026,2,REG,MIA,SF,0,0,0,0,0,0,0,0,0,0,,,0,0,0,0,0,,0,0,0,0,0,0,0,,,0,0,0,0,0,0,0,0,0,0,0
00-0041523,Caleb Douglas,WR,WR,2026,2,REG,MIA,SF,0,0,0,0,0,0,0,0,0,0,,,0,0,0,0,0,,2,3,19,0,17,6,2,1.93095073004952,1.11764705882353,0.130434782608696,0.100591715976331,0.266066375096475,0,0,0,0,0,0,1.9,3.9
00-0041524,Will Kacmarek,TE,TE,2026,2,REG,MIA,SF,0,0,0,0,0,0,0,0,0,0,,,0,0,0,0,0,,1,1,4,0,2,2,0,-0.727405899669975,2,0.0434782608695652,0.0118343195266272,0.0735014149729869,0,0,0,0,0,0,0.4,1.4
00-0041525,Chris Bell,WR,WR,2026,2,REG,MIA,SF,0,0,0,0,0,0,0,0,0,0,,,0,0,0,0,0,,0,1,0,0,12,0,0,-0.966528246644884,0,0.0434782608695652,0.0710059171597633,0.114921533316182,0,0,0,0,0,0,0,0
00-0041528,Michael Taaffe,SAF,DB,2026,2,REG,MIA,SF,0,0,0,0,0,0,0,0,0,0,,,0,0,0,0,0,,0,0,0,0,0,0,0,,,0,0,0,0,0,0,0,0,0,0,0
00-0041532,Keylan Rutledge,G,OL,2026,2,REG,HOU,CIN,0,0,0,0,0,0,0,0,0,0,,,0,0,0,0,0,,0,0,0,0,0,0,0,,,0,0,0,0,0,0,0,0,0,0,0
00-0041533,Chris Johnson,CB,DB,2026,2,REG,MIA,SF,0,0,0,0,0,0,0,0,0,0,,,0,0,0,0,0,,0,0,0,0,0,0,0,,,0,0,0,0,0,0,0,0,0,0,0
00-0041537,Malachi Lawrence,LB,LB,2026,2,REG,DAL,WAS,0,0,0,0,0,0,0,0,0,0,,,0,0,0,0,0,,0,0,0,0,0,0,0,,,0,0,0,0,0,0,0,0,0,0,0
00-0041538,Dillon Thieneman,SAF,DB,2026,2,REG,CHI,MIN,0,0,0,0,0,0,0,0,0,0,,,0,0,0,0,0,,0,0,0,0,0,0,0,,,0,0,0,0,0,0,0,0,0,0,0
00-0041544,Akheem Mesidor,LB,LB,2026,2,REG,LAC,LV,0,0,0,0,0,0,0,0,0,0,,,0,0,0,0,0,,0,0,0,0,0,0,0,,,0,0,0,0,0,0,0,0,0,0,0
00-0041545,Peter Woods,DT,DL,2026,2,REG,KC,IND,0,0,0,0,0,0,0,0,0,0,,,0,0,0,0,0,,0,0,0,0,0,0,0,,,0,0,0,0,0,0,0,0,0,0,0
00-0041546,Cashius Howell,DE,DL,2026,2,REG,CIN,HOU,0,0,0,0,0,0,0,0,0,0,,,0,0,0,0,0,,0,0,0,0,0,0,0,,,0,0,0,0,0,0,0,0,0,0,0
00-0041547,KC Concepcion,WR,WR,2026,2,REG,CLE,TB,0,0,0,0,0,0,0,0,0,0,,,1,-6,0,0,0,-1.91949546919204,6,6,28,0,12,16,1,0.219507898436859,2.33333333333333,0.2,0.111111111111111,0.377777777777778,0,0,0,0,0,0,2.2,8.2
00-0041549,Darrell Jackson Jr.,DT,DL,2026,2,REG,NYJ,GB,0,0,0,0,0,0,0,0,0,0,,,0,0,0,0,0,,0,0,0,0,0,0,0,,,0,0,0,0,0,0,0,0,0,0,0
00-0041550,Brenen Thompson,WR,WR,2026,2,REG,LAC,LV,0,0,0,0,0,0,0,0,0,0,,,0,0,0,0,0,,1,3,13,0,44,0,1,-0.852491495888696,0.295454545454545,0.115384615384615,0.163568773234201,0.287575064340864,0,0,0,0,0,0,1.3,2.3
00-0041556,Romello Height,DE,DL,2026,2,REG,SF,MIA,0,0,0,0,0,0,0,0,0,0,,,0,0,0,0,0,,0,0,0,0,0,0,0,,,0,0,0,0,0,0,0,0,0,0,0
00-0041557,Gracen Halton,DT,DL,2026,2,REG,SF,MIA,0,0,0,0,0,0,0,0,0,0,,,0,0,0,0,0,,0,0,0,0,0,0,0,,,0,0,0,0,0,0,0,0,0,0,0
00-0041558,Sam Roush,TE,TE,2026,2,REG,CHI,MIN,0,0,0,0,0,0,0,0,0,0,,,0,0,0,0,0,,1,3,9,0,16,12,0,-0.180108816421125,0.5625,0.1,0.0846560846560847,0.209259259259259,0,0,0,0,0,0,0.9,1.9
00-0041563,Jermod McCoy,CB,DB,2026,2,REG,LV,LAC,0,0,0,0,0,0,0,0,0,0,,,0,0,0,0,0,,0,0,0,0,0,0,0,,,0,0,0,0,0,0,0,0,0,0,0
00-0041569,Gabe Jacas,LB,LB,2026,2,REG,NE,PIT,0,0,0,0,0,0,0,0,0,0,,,0,0,0,0,0,,0,0,0,0,0,0,0,,,0,0,0,0,0,0,0,0,0,0,0
00-0041581,Brett Thorson,P,SPEC,2026,2,REG,MIN,CHI,0,0,0,0,0,0,0,0,0,0,,,0,0,0,0,0,,0,0,0,0,0,0,0,,,0,0,0,0,0,0,0,0,0,0,0
,,,,2026,2,REG,BUF,DET,0,0,0,0,0,0,0,0,0,0,,,0,0,0,0,0,,0,0,0,0,0,0,0,,,0,0,0,0,0,0,0,0,0,0,0
00-0023459,Aaron Rodgers,QB,QB,2026,3,REG,PIT,CIN,19,34,292,3,1,2,-19,393,158,13,8.52524276128042,-2.20066097474867,3,10,0,1,1,-1.63761484343559,0,0,0,0,0,0,0,,,0,0,0,0,0,0,0,0,0,22.68,22.68
00-0025565,Nick Folk,K,SPEC,2026,3,REG,ATL,GB,0,0,0,0,0,0,0,0,0,0,,,0,0,0,0,0,,0,0,0,0,0,0,0,,,0,0,0,0,0,0,0,0,0,0,0
00-0026190,Calais Campbell,DE,DL,2026,3,REG,BAL,DAL,0,0,0,0,0,0,0,0,0,0,,,0,0,0,0,0,,0,0,0,0,0,0,0,,,0,0,0,0,0,0,0,0,0,0,0
00-0026498,Matthew Stafford,QB,QB,2026,3,REG,LA,DEN,30,55,390,2,2,4,-24,509,150,19,-0.693947755694083,0.159093433496903,2,13,0,2,1,2.72435737546766,0,0,0,0,0,0,0,,,0,0,0,0,0,0,0,0,0,20.9,20.9
00-0027940,Von Miller,OLB,LB,2026,3,REG,DAL,BAL,0,0,0,0,0,0,0,0,0,0,,,0,0,0,0,0,,0,0,0,0,0,0,0,,,0,0,0,0,0,0,0,0,0,0,0
00-0027969,Cameron Heyward,DE,DL,2026,3,REG,PIT,CIN,0,0,0,0,0,0,0,0,0,0,,,0,0,0,0,0,,0,0,0,0,0,0,0,,,0,0,0,0,0,0,0,0,0,0,0
00-0027973,Andy Dalton,QB,QB,2026,3,REG,PHI,CHI,0,1,0,0,1,0,0,2,0,0,-5.56907431391301,-57.4102997779846,0,0,0,0,0,,0,0,0,0,0,0,0,,,0,0,0,0,0,0,0,0,0,-2,-2
00-0028872,Johnny Hekker,P,SPEC,2026,3,REG,MIN,TB,0,0,0,0,0,0,0,0,0,0,,,0,0,0,0,0,,0,0,0,0,0,0,0,,,0,0,0,0,0,0,0,0,0,0,0
00-0028986,Case Keenum,QB,QB,2026,3,REG,CHI,PHI,24,34,247,2,0,0,0,209,120,14,7.25286489383535,2.77622648898293,4,6,1,1,0,-3.8257682917756,0,0,0,0,0,0,0,,,0,0,0,0,0,0,0,0,0,24.48,24.48
00-0029604,Kirk Cousins,QB,QB,2026,3,REG,LV,NO,22,33,248,3,0,3,-21,273,82,16,8.98137735467535,8.56392800807953,3,3,0,0,0,-2.32625442650169,0,0,0,0,0,0,0,,,0,0,0,0,0,0,0,0,0,22.22,22.22
00-0029606,Harrison Smith,FS,DB,2026,3,REG,MIN,TB,0,0,0,0,0,0,0,0,0,0,,,0,0,0,0,0,,0,0,0,0,0,0,0,,,0,0,0,0,0,0,0,0,0,0,0
00-0029607,Demario Davis,OLB,LB,2026,3,REG,NYJ,DET,0,0,0,0,0,0,0,0,0,0,,,0,0,0,0,0,,0,0,0,0,0,0,0,,,0,0,0,0,0,0,0,0,0,0,0
00-0029692,Bryan Anger,P,SPEC,2026,3,REG,DAL,BAL,0,0,0,0,0,0,0,0,0,0,,,0,0,0,0,0,,0,0,0,0,0,0,0,,,0,0,0,0,0,0,0,0,0,0,0
00-0029892,Kyle Juszczyk,FB,RB,2026,3,REG,SF,ARI,0,0,0,0,0,0,0,0,0,0,,,0,0,0,0,0,,0,2,0,0,14,0,0,-1.07896692445502,0,0.0769230769230769,0.0476190476190476,0.148717948717949,0,0,0,0,0,0,0,0
00-0030061,Zach Ertz,TE,TE,2026,3,REG,PHI,CHI,0,0,0,0,0,0,0,0,0,0,,,0,0,0,0,0,,1,2,9,0,4,5,0,-0.833784219517838,2.25,0.08,0.0258064516129032,0.138064516129032,0,0,0,0,0,0,0.9,1.9
00-0030070,John Jenkins,DT,DL,2026,3,REG,BAL,DAL,0,0,0,0,0,0,0,0,0,0,,,0,0,0,0,0,,0,0,0,0,0,0,0,,,0,0,0,0,0,0,0,0,0,0,0
00-0030092,Sam Martin,P,SPEC,2026,3,REG,CAR,CLE,0,0,0,0,0,0,0,0,0,0,,,0,0,0,0,0,,0,0,0,0,0,0,0,,,0,0,0,0,0,0,0,0,0,0,0
00-0030140,Tress Way,P,SPEC,2026,3,REG,WAS,SEA,0,0,0,0,0,0,0,0,0,0,,,0,0,0,0,0,,0,0,0,0,0,0,0,,,0,0,0,0,0,0,0,0,0,0,0
00-0030279,Keenan Allen,WR,WR,2026,3,REG,IND,HOU,0,0,0,0,0,0,0,0,0,0,,,0,0,0,0,0,,6,9,63,1,71,19,3,5.32213936316942,0.887323943661972,0.257142857142857,0.252669039145908,0.562582613116421,0,0,0,0,0,0,12.3,18.3
00-0030294,Tony Jefferson,S,DB,2026,3,REG,LAC,BUF,0,0,0,0,0,0,0,0,0,0,,,0,0,0,0,0,,0,0,0,0,0,0,0,,,0,0,0,0,0,0,0,0,0,0,0
00-0030506,Travis Kelce,TE,TE,2026,3,REG,KC,MIA,0,0,0,0,0,0,0,0,0,0,,,0,0,0,0,0,,2,2,59,1,33,26,2,6.51522078999551,1.78787878787879,0.0869565217391304,0.204968944099379,0.273913043478261,0,0,0,0,0,0,11.9,13.9
00-0030565,Geno Smith,QB,QB,2026,3,REG,NYJ,DET,31,37,321,3,0,5,-44,322,123,16,10.8792466572282,14.7827544973956,2,12,0,1,1,-0.131574424915016,0,0,0,0,0,0,0,,,0,0,0,0,0,1,0,0,1,26.04,26.04
00-0031040,Khalil Mack,OLB,LB,2026,3,REG,LAC,BUF,0,0,0,0,0,0,0,0,0,0,,,0,0,0,0,0,,0,0,0,0,0,0,0,,,0,0,0,0,0,0,0,0,0,0,0
00-0031054,DaQuan Jones,DE,DL,2026,3,REG,NE,JAX,0,0,0,0,0,0,0,0,0,0,,,0,0,0,0,0,,0,0,0,0,0,0,0,,,0,0,0,0,0,0,0,0,0,0,0
00-0031136,Chris Boswell,K,SPEC,2026,3,REG,PIT,CIN,0,0,0,0,0,0,0,0,0,0,,,0,0,0,0,0,,0,0,0,0,0,0,0,,,0,0,0,0,0,0,0,0,0,0,0
00-0031203,Cairo Santos,K,SPEC,2026,3,REG,CHI,PHI,0,0,0,0,0,0,0,0,0,0,,,0,0,0,0,0,,0,0,0,0,0,0,0,,,0,0,0,0,0,0,0,0,0,0,0
00-0031235,Odell Beckham Jr.,WR,WR,2026,3,REG,NYG,TEN,0,0,0,0,0,0,0,0,0,0,,,0,0,0,0,0,,0,1,0,0,17,0,0,-0.766984947957099,0,0.0476190476190476,0.125,0.158928571428571,0,0,0,0,0,0,0,0
00-0031270,Shelby Harris,DE,DL,2026,3,REG,NYG,TEN,0,0,0,0,0,0,0,0,0,0,,,0,0,0,0,0,,0,0,0,0,0,0,0,,,0,0,0,0,0,0,0,0,0,0,0
00-0031330,Morgan Moses,OT,OL,2026,3,REG,NE,JAX,0,0,0,0,0,0,0,0,0,0,,,0,0,0,0,0,,0,0,0,0,0,0,0,,,0,0,0,0,0,0,0,0,0,0,0
00-0031360,Kyle Van Noy,MLB,LB,2026,3,REG,MIN,TB,0,0,0,0,0,0,0,0,0,0,,,0,0,0,0,0,,0,0,0,0,0,0,0,,,0,0,0,0,0,0,0,0,0,0,0
00-0031381,Davante Adams,WR,WR,2026,3,REG,LA,DEN,0,0,0,0,0,0,0,0,0,0,,,0,0,0,0,0,,7,13,137,0,227,51,4,5.04863202018896,0.60352422907489,0.26530612244898,0.445972495088409,0.710139930235355,0,0,0,0,0,0,13.7,20.7
00-0031388,Aaron Donald,DE,DL,2026,3,REG,LA,DEN,0,0,0,0,0,0,0,0,0,0,,,0,0,0,0,0,,0,0,0,0,0,0,0,,,0,0,0,0,0,0,0,0,0,0,0
00-0031408,Mike Evans,WR,WR,2026,3,REG,SF,ARI,0,0,0,0,0,0,0,0,0,0,,,0,0,0,0,0,,3,6,34,1,80,-3,3,9.47150161484024,0.425,0.230769230769231,0.272108843537415,0.536630036630037,0,0,0,0,0,0,9.4,12.4
00-0031411,DeMarcus Lawrence,LB,LB,2026,3,REG,SEA,WAS,0,0,0,0,0,0,0,0,0,0,,,0,0,0,0,0,,0,0,0,0,0,0,0,,,0,0,0,0,0,0,0,0,0,0,0
00-0031492,Jason Myers,K,SPEC,2026,3,REG,SEA,WAS,0,0,0,0,0,0,0,0,0,0,,,0,0,0,0,0,,0,0,0,0,0,0,0,,,0,0,0,0,0,0,0,0,0,0,0
00-0031503,Jameis Winston,QB,QB,2026,3,REG,NYG,TEN,14,22,118,0,0,3,-18,136,44,6,-6.11470817597949,-4.79504295757839,2,14,0,1,1,1.42379453359172,0,0,0,0,0,0,0,,,0,0,0,0,0,0,0,0,0,6.12,6.12
00-0031565,Danielle Hunter,DE,DL,2026,3,REG,HOU,IND,0,0,0,0,0,0,0,0,0,0,,,0,0,0,0,0,,0,0,0,0,0,0,0,,,0,0,0,0,0,0,0,0,0,0,0
00-0031576,Za'Darius Smith,DE,DL,2026,3,REG,ATL,GB,0,0,0,0,0,0,0,0,0,0,,,0,0,0,0,0,,0,0,0,0,0,0,0,,,0,0,0,0,0,0,0,0,0,0,0
00-0031583,Grady Jarrett,DT,DL,2026,3,REG,CHI,PHI,0,0,0,0,0,0,0,0,0,0,,,0,0,0,0,0,,0,0,0,0,0,0,0,,,0,0,0,0,0,0,0,0,0,0,0
00-0031588,Stefon Diggs,WR,WR,2026,3,REG,WAS,SEA,0,0,0,0,0,0,0,0,0,0,,,0,0,0,0,0,,4,7,33,0,33,25,2,-0.985859190521296,1,0.233333333333333,0.133064516129032,0.443145161290323,0,0,0,0,0,0,3.3,7.3
00-0031595,Michael Burton,FB,RB,2026,3,REG,CLE,CAR,0,0,0,0,0,0,0,0,0,0,,,0,0,0,0,0,,0,1,0,0,2,0,0,-0.54031055374071,0,0.0333333333333333,0.0116279069767442,0.0581395348837209,0,0,0,0,0,0,0,0
00-0031610,Darren Waller,TE,TE,2026,3,REG,CAR,CLE,0,0,0,0,0,0,0,0,0,0,,,0,0,0,0,0,,5,8,51,0,56,17,3,-2.01399841808263,0.910714285714286,0.19047619047619,0.126410835214447,0.374201870364399,0,0,0,0,0,0,5.1,10.1
00-0031898,Alex Singleton,LB,LB,2026,3,REG,DEN,LA,0,0,0,0,0,0,0,0,0,0,,,0,0,0,0,0,,0,0,0,0,0,0,0,,,0,0,0,0,0,0,0,0,0,0,0
00-0031933,Leonard Williams,DE,DL,2026,3,REG,SEA,WAS,0,0,0,0,0,0,0,0,0,0,,,0,0,0,0,0,,0,0,0,0,0,0,0,,,0,0,0,0,0,0,0,0,0,0,0
00-0032065,Bradley Pinion,P,SPEC,2026,3,REG,MIA,KC,0,0,0,0,0,0,0,0,0,0,,,0,0,0,0,0,,0,0,0,0,0,0,0,,,0,0,0,0,0,0,0,0,0,0,0
00-0032104,Ameer Abdullah,RB,RB,2026,3,REG,JAX,NE,0,0,0,0,0,0,0,0,0,0,,,3,2,0,0,0,-1.01258130220231,0,1,0,0,-3,0,0,-0.449568548414391,0,0.037037037037037,-0.0166666666666667,0.0438888888888889,0,0,0,0,0,0,0.2,0.2
00-0032146,Bud Dupree,OLB,LB,2026,3,REG,LAC,BUF,0,0,0,0,0,0,0,0,0,0,,,0,0,0,0,0,,0,0,0,0,0,0,0,,,0,0,0,0,0,0,0,0,0,0,0
00-0032164,Arik Armstead,DT,DL,2026,3,REG,JAX,NE,0,0,0,0,0,0,0,0,0,0,,,0,0,0,0,0,,0,0,0,0,0,0,0,,,0,0,0,0,0,0,0,0,0,0,0
00-0032228,Joe Cardona,LS,SPEC,2026,3,REG,LA,DEN,0,0,0,0,0,0,0,0,0,0,,,0,0,0,0,0,,0,0,0,0,0,0,0,,,0,0,0,0,0,0,0,0,0,0,0
00-0032265,Mario Edwards,DT,DL,2026,3,REG,HOU,IND,0,0,0,0,0,0,0,0,0,0,,,0,0,0,0,0,,0,0,0,0,0,0,0,,,0,0,0,0,0,0,0,0,0,0,0
00-0032268,Marcus Mariota,QB,QB,2026,3,REG,WAS,SEA,19,31,183,3,0,2,-7,248,77,10,3.84725223039277,-0.224137008190155,5,11,0,1,0,-1.71054202835531,0,0,0,0,0,0,0,,,0,0,0,0,0,0,0,0,0,20.42,20.42
00-0032378,DeForest Buckner,DT,DL,2026,3,REG,IND,HOU,0,0,0,0,0,0,0,0,0,0,,,0,0,0,0,0,,0,0,0,0,0,0,0,,,0,0,0,0,0,0,0,0,0,0,0
00-0032385,Sterling Shepard,WR,WR,2026,3,REG,NYJ,DET,0,0,0,0,0,0,0,0,0,0,,,0,0,0,0,0,,1,1,3,0,2,1,0,0.832540648218244,1.5,0.0277777777777778,0.0062111801242236,0.0460144927536232,0,0,0,0,1,0,2.3,3.3
00-0032387,Jarran Reed,DT,DL,2026,3,REG,SEA,WAS,0,0,0,0,0,0,0,0,0,0,,,0,0,0,0,0,,0,0,0,0,0,0,0,,,0,0,0,0,0,0,0,0,0,0,0
00-0032392,Austin Hooper,TE,TE,2026,3,REG,ATL,GB,0,0,0,0,0,0,0,0,0,0,,,0,0,0,0,0,,2,2,11,1,10,1,1,4.18429311807267,1.1,0.0869565217391304,0.0671140939597315,0.177414648380508,0,0,0,0,0,0,7.1,9.1
00-0032398,Chris Moore,WR,WR,2026,3,REG,BAL,DAL,0,0,0,0,0,0,0,0,0,0,,,0,0,0,0,0,,1,1,4,1,4,0,1,1.07392538065324,1,0.05,0.0220994475138122,0.0904696132596685,0,0,0,0,0,0,6.4,7.4
00-0032399,Miles Killebrew,SAF,DB,2026,3,REG,TB,MIN,0,0,0,0,0,0,0,0,0,0,,,0,0,0,0,0,,0,0,0,0,0,0,0,,,0,0,0,0,0,0,0,0,0,0,0
00-0032424,DJ Reader,DT,DL,2026,3,REG,NYG,TEN,0,0,0,0,0,0,0,0,0,0,,,0,0,0,0,0,,0,0,0,0,0,0,0,,,0,0,0,0,0,0,0,0,0,0,0
00-0032445,Ted Karras,C,OL,2026,3,REG,CIN,PIT,0,0,0,0,0,0,0,0,0,0,,,0,0,0,0,0,,0,0,0,0,0,0,0,,,0,0,0,0,0,0,0,0,0,0,0
00-0032464,Kalif Raymond,WR,WR,2026,3,REG,CHI,PHI,0,0,0,0,0,0,0,0,0,0,,,0,0,0,0,0,,6,7,90,1,58,41,4,7.00335611574701,1.55172413793103,0.205882352941176,0.277511961722488,0.503081902617506,0,0,0,0,0,0,15,21
00-0032569,Wil Lutz,K,SPEC,2026,3,REG,DEN,LA,0,0,0,0,0,0,0,0,0,0,,,0,0,0,0,0,,0,0,0,0,0,0,0,,,0,0,0,0,0,0,0,0,0,0,0
00-0032726,Ka'imi Fairbairn,K,SPEC,2026,3,REG,HOU,IND,0,0,0,0,0,0,0,0,0,0,,,0,0,0,0,0,,0,0,0,0,0,0,0,,,0,0,0,0,0,0,0,0,0,0,0
00-0032759,Sheldon Rankins,DT,DL,2026,3,REG,HOU,IND,0,0,0,0,0,0,0,0,0,0,,,0,0,0,0,0,,0,0,0,0,0,0,0,,,0,0,0,0,0,0,0,0,0,0,0
00-0032762,Chris Jones,DE,DL,2026,3,REG,KC,MIA,0,0,0,0,0,0,0,0,0,0,,,0,0,0,0,0,,0,0,0,0,0,0,0,,,0,0,0,0,0,0,0,0,0,0,0
00-0032764,Derrick Henry,RB,RB,2026,3,REG,BAL,DAL,0,0,0,0,0,0,0,0,0,0,,,26,89,2,4,2,-10.8272490793315,1,1,0,0,-5,5,0,-0.600235674995929,0,0.05,-0.0276243093922652,0.0556629834254144,0,0,0,0,0,0,20.9,21.9
00-0032889,A'Shawn Robinson,DT,DL,2026,3,REG,TB,MIN,0,0,0,0,0,0,0,0,0,0,,,0,0,0,0,0,,0,0,0,0,0,0,0,,,0,0,0,0,0,0,0,0,0,0,0
00-0032943,Riley Dixon,P,SPEC,2026,3,REG,TB,MIN,0,0,0,0,0,0,0,0,0,0,,,0,0,0,0,0,,0,0,0,0,0,0,0,,,0,0,0,0,0,0,0,0,0,0,0
00-0032951,Laquon Treadwell,WR,WR,2026,3,REG,IND,HOU,0,0,0,0,0,0,0,0,0,0,,,0,0,0,0,0,,1,1,20,0,18,2,1,1.48348382033873,1.11111111111111,0.0285714285714286,0.0640569395017794,0.0876970005083884,0,0,0,0,0,0,2,3
00-0033038,Eric Murray,S,DB,2026,3,REG,JAX,NE,0,0,0,0,0,0,0,0,0,0,,,0,0,0,0,0,,0,0,0,0,0,0,0,,,0,0,0,0,0,0,0,0,0,0,0
00-0033055,Jalen Ramsey,CB,DB,2026,3,REG,PIT,CIN,0,0,0,0,0,0,0,0,0,0,,,0,0,0,0,0,,0,0,0,0,0,0,0,,,0,0,0,0,0,0,0,0,0,0,0
00-0033077,Dak Prescott,QB,QB,2026,3,REG,DAL,BAL,25,40,276,1,0,1,-9,272,115,14,13.3215320947404,-3.83780173957348,4,19,0,1,0,-0.759915314323735,0,0,0,0,0,0,0,,,0,0,0,0,0,0,0,0,1,18.94,18.94
00-0033090,Hunter Henry,TE,TE,2026,3,REG,NE,JAX,0,0,0,0,0,0,0,0,0,0,,,0,0,0,0,0,,1,2,5,0,15,5,0,-1.38441626331769,0.333333333333333,0.0666666666666667,0.0414364640883978,0.129005524861878,0,0,0,0,0,0,0.5,1.5
00-0033093,Jonathan Bullard,DE,DL,2026,3,REG,DAL,BAL,0,0,0,0,0,0,0,0,0,0,,,0,0,0,0,0,,0,0,0,0,0,0,0,,,0,0,0,0,0,0,0,0,0,0,0
00-0033106,Jared Goff,QB,QB,2026,3,REG,DET,NYJ,25,32,269,2,0,2,-19,193,126,14,12.1361476415221,6.94152770503875,4,6,0,0,0,-2.53032345342217,0,0,0,0,0,0,0,,,0,0,0,0,0,0,0,0,0,19.36,19.36
00-0033109,Javon Hargrave,NT,DL,2026,3,REG,GB,ATL,0,0,0,0,0,0,0,0,0,0,,,0,0,0,0,0,,0,0,0,0,0,0,0,,,0,0,0,0,0,0,0,0,0,0,0
00-0033110,Tyler Higbee,TE,TE,2026,3,REG,LA,DEN,0,0,0,0,0,0,0,0,0,0,,,0,0,0,0,0,,8,11,62,1,78,20,6,1.85841740446631,0.794871794871795,0.224489795918367,0.153241650294695,0.444003849083838,0,0,0,0,0,0,12.2,20.2
00-0033119,Jacoby Brissett,QB,QB,2026,3,REG,ARI,SF,38,52,280,2,0,2,-8,318,123,18,10.0739279027515,8.01346826553345,4,4,1,3,0,1.640481267008,0,0,0,0,0,0,0,,,0,0,0,0,0,0,0,0,0,25.6,25.6
00-0033120,Kenny Clark,NT,DL,2026,3,REG,DAL,BAL,0,0,0,0,0,0,0,0,0,0,,,0,0,0,0,0,,0,0,0,0,0,0,0,,,0,0,0,0,0,0,0,0,0,0,0
00-0033131,Maliek Collins,DT,DL,2026,3,REG,CLE,CAR,0,0,0,0,0,0,0,0,0,0,,,0,0,0,0,0,,0,0,0,0,0,0,0,,,0,0,0,0,0,0,0,0,0,0,0
00-0033132,Kevin Byard,FS,DB,2026,3,REG,NE,JAX,0,0,0,0,0,0,0,0,0,0,,,0,0,0,0,0,,0,0,0,0,0,0,0,,,0,0,0,0,0,0,0,0,0,0,0
00-0033217,Mo Alie-Cox,TE,TE,2026,3,REG,IND,HOU,0,0,0,0,0,0,0,0,0,0,,,0,0,0,0,0,,1,1,16,0,0,16,1,0.984243179904297,0,0.0285714285714286,0,0.0428571428571429,0,0,0,0,0,0,1.6,2.6
00-0033246,Johnny Mundt,TE,TE,2026,3,REG,PHI,CHI,0,0,0,0,0,0,0,0,0,0,,,0,0,0,0,0,,1,1,4,0,-6,10,0,-1.16212902031839,0,0.04,-0.0387096774193548,0.0329032258064516,0,0,0,0,0,0,0.4,1.4
00-0033269,Rigoberto Sanchez,P,SPEC,2026,3,REG,IND,HOU,0,0,0,0,0,0,0,0,0,0,,,0,0,0,0,0,,0,0,0,0,0,0,0,,,0,0,0,0,0,0,0,0,0,0,0
00-0033280,Christian McCaffrey,RB,RB,2026,3,REG,SF,ARI,0,0,0,0,0,0,0,0,0,0,,,15,75,1,4,3,-0.381129180314019,4,5,41,0,32,24,3,2.44478379219072,1.28125,0.192307692307692,0.108843537414966,0.364652014652015,0,0,0,0,0,0,17.6,21.6
00-0033281,Marlon Humphrey,CB,DB,2026,3,REG,BAL,DAL,0,0,0,0,0,0,0,0,0,0,,,0,0,0,0,0,,0,0,0,0,0,0,0,,,0,0,0,0,0,0,0,0,0,0,0
00-0033288,George Kittle,TE,TE,2026,3,REG,SF,ARI,0,0,0,0,0,0,0,0,0,0,,,0,0,0,0,0,,6,7,82,2,54,30,6,10.2166056564311,1.51851851851852,0.269230769230769,0.183673469387755,0.532417582417582,0,0,0,0,0,0,20.2,26.2
00-0033290,Jermaine Eluemunor,G,OL,2026,3,REG,NYG,TEN,0,0,0,0,0,0,0,0,0,0,,,0,0,0,0,0,,0,0,0,0,0,0,0,,,0,0,0,0,0,0,0,0,0,0,0
00-0033293,Aaron Jones,RB,RB,2026,3,REG,MIN,TB,0,0,0,0,0,0,0,0,0,0,,,17,58,0,3,1,-1.39137469925441,5,6,34,0,-11,42,1,-1.2308551868657,-3.09090909090909,0.24,-0.0436507936507936,0.329444444444444,0,0,0,0,0,0,9.2,14.2
00-0033294,Chuck Clark,SAF,DB,2026,3,REG,DET,NYJ,0,0,0,0,0,0,0,0,0,0,,,0,0,0,0,0,,0,0,0,0,0,0,0,,,0,0,0,0,0,0,0,0,0,0,0
00-0033297,D.J. Jones,DT,DL,2026,3,REG,DEN,LA,0,0,0,0,0,0,0,0,0,0,,,0,0,0,0,0,,0,0,0,0,0,0,0,,,0,0,0,0,0,0,0,0,0,0,0
00-0033303,Harrison Butker,K,SPEC,2026,3,REG,KC,MIA,0,0,0,0,0,0,0,0,0,0,,,0,0,0,0,0,,0,0,0,0,0,0,0,,,0,0,0,0,0,0,0,0,0,0,0
00-0033307,Kendrick Bourne,WR,WR,2026,3,REG,ARI,SF,0,0,0,0,0,0,0,0,0,0,,,0,0,0,0,0,,2,3,22,0,6,20,1,0.502614221448312,3.66666666666667,0.06,0.0188679245283019,0.103207547169811,0,0,0,0,0,0,2.2,4.2
00-0033336,Eric Wilson,LB,LB,2026,3,REG,MIN,TB,0,0,0,0,0,0,0,0,0,0,,,0,0,0,0,0,,0,0,0,0,0,0,0,,,0,0,0,0,0,0,0,0,0,0,0
00-0033381,Adam Butler,DT,DL,2026,3,REG,LV,NO,0,0,0,0,0,0,0,0,0,0,,,0,0,0,0,0,,0,0,0,0,0,0,0,,,0,0,0,0,0,0,0,0,0,0,0
00-0033523,Jonathan Allen,DT,DL,2026,3,REG,CIN,PIT,0,0,0,0,0,0,0,0,0,0,,,0,0,0,0,0,,0,0,0,0,0,0,0,,,0,0,0,0,0,0,0,0,0,0,0
00-0033526,Samaje Perine,RB,RB,2026,3,REG,CIN,PIT,0,0,0,0,0,0,0,0,0,0,,,3,9,0,1,0,-0.264765952248126,1,3,5,0,6,3,0,-4.19181638113331,0.833333333333333,0.0810810810810811,0.0231660231660232,0.137837837837838,0,0,0,0,0,0,1.4,2.4
00-0033537,Deshaun Watson,QB,QB,2026,3,REG,CLE,CAR,16,30,144,2,0,2,-17,176,83,7,2.54237013332034,-13.6650123472871,11,45,0,4,2,-1.29475562321209,0,0,0,0,0,0,0,,,0,0,0,0,0,0,0,0,1,20.26,20.26
00-0033538,Garett Bolles,OT,OL,2026,3,REG,DEN,LA,0,0,0,0,0,0,0,0,0,0,,,0,0,0,0,0,,0,0,0,0,0,0,0,,,0,0,0,0,0,0,0,0,0,0,0
00-0033548,Chidobe Awuzie,CB,DB,2026,3,REG,BAL,DAL,0,0,0,0,0,0,0,0,0,0,,,0,0,0,0,0,,0,0,0,0,0,0,0,,,0,0,0,0,0,0,0,0,0,0,0
00-0033551,Rasul Douglas,CB,DB,2026,3,REG,WAS,SEA,0,0,0,0,0,0,0,0,0,0,,,0,0,0,0,0,,0,0,0,0,0,0,0,,,0,0,0,0,0,0,0,0,0,0,0
00-0033555,Mack Hollins,WR,WR,2026,3,REG,NE,JAX,0,0,0,0,0,0,0,0,0,0,,,0,0,0,0,0,,6,9,87,0,120,23,3,5.00412601395515,0.725,0.3,0.331491712707182,0.682044198895028,0,0,0,0,0,0,8.7,14.7
00-0033576,Eric Saubert,TE,TE,2026,3,REG,SEA,WAS,0,0,0,0,0,0,0,0,0,0,,,0,0,0,0,0,,1,2,13,1,6,9,1,1.45210164732998,2.16666666666667,0.0444444444444444,0.0206896551724138,0.0811494252873563,0,0,0,0,0,0,7.3,8.3
00-0033579,Xavier Woods,FS,DB,2026,3,REG,CHI,PHI,0,0,0,0,0,0,0,0,0,0,,,0,0,0,0,0,,0,0,0,0,0,0,0,,,0,0,0,0,0,0,0,0,0,0,0
00-0033589,David Moore,WR,WR,2026,3,REG,CAR,CLE,0,0,0,0,0,0,0,0,0,0,,,0,0,0,0,0,,0,2,0,0,59,0,0,-0.749632623104844,0,0.0476190476190476,0.133182844243792,0.164656562399226,0,0,0,0,0,0,0,0
00-0033676,Elijah Wilkinson,OT,OL,2026,3,REG,ARI,SF,0,0,0,0,0,0,0,0,0,0,,,0,0,0,0,0,,0,0,0,0,0,0,0,,,0,0,0,0,0,0,0,0,0,0,0
00-0033729,Cameron Johnston,P,SPEC,2026,3,REG,PIT,CIN,0,0,0,0,0,0,0,0,0,0,,,0,0,0,0,0,,0,0,0,0,0,0,0,,,0,0,0,0,0,0,0,0,0,0,0
00-0033757,Robert Tonyan,TE,TE,2026,3,REG,PIT,CIN,0,0,0,0,0,0,0,0,0,0,,,0,0,0,0,0,,1,1,2,0,0,2,0,-0.437487257178873,0,0.032258064516129,0,0.0483870967741936,0,0,0,0,0,0,0.2,1.2
00-0033787,Jake Elliott,K,SPEC,2026,3,REG,PHI,CHI,0,0,0,0,0,0,0,0,0,0,,,0,0,0,0,0,,0,0,0,0,0,0,0,,,0,0,0,0,0,0,0,0,0,0,0
00-0033858,Jonnu Smith,TE,TE,2026,3,REG,GB,ATL,0,0,0,0,0,0,0,0,0,0,,,0,0,0,0,0,,2,3,16,0,19,4,0,-3.57259973534383,0.842105263157895,0.0588235294117647,0.048469387755102,0.122163865546218,0,0,0,0,0,0,1.6,3.6
00-0033860,Davon Godchaux,DT,DL,2026,3,REG,NO,LV,0,0,0,0,0,0,0,0,0,0,,,0,0,0,0,0,,0,0,0,0,0,0,0,,,0,0,0,0,0,0,0,0,0,0,0
00-0033873,Patrick Mahomes,QB,QB,2026,3,REG,KC,MIA,20,24,246,2,1,0,0,161,133,11,12.9238600855466,18.6760219542877,1,1,0,0,0,-0.580469726817682,0,0,0,0,0,0,0,,,0,0,0,0,0,0,0,0,0,15.94,15.94
00-0033876,Derek Barnett,DE,DL,2026,3,REG,CLE,CAR,0,0,0,0,0,0,0,0,0,0,,,0,0,0,0,0,,0,0,0,0,0,0,0,,,0,0,0,0,0,0,0,0,0,0,0
00-0033881,Evan Engram,TE,TE,2026,3,REG,DEN,LA,0,0,0,0,0,0,0,0,0,0,,,0,0,0,0,0,,0,2,0,0,1,0,0,-3.29232259420678,0,0.0645161290322581,0.00540540540540541,0.100557977332171,0,0,0,0,0,0,0,0
00-0033886,T.J. Watt,OLB,LB,2026,3,REG,PIT,CIN,0,0,0,0,0,0,0,0,0,0,,,0,0,0,0,0,,0,0,0,0,0,0,0,,,0,0,0,0,0,0,0,0,0,0,0
00-0033890,Budda Baker,S,DB,2026,3,REG,ARI,SF,0,0,0,0,0,0,0,0,0,0,,,0,0,0,0,0,,0,0,0,0,0,0,0,,,0,0,0,0,0,0,0,0,0,0,0
00-0033904,Dion Dawkins,OT,OL,2026,3,REG,BUF,LAC,0,0,0,0,0,0,0,0,0,0,,,0,0,0,0,0,,0,0,0,0,0,0,0,,,0,0,0,0,0,0,0,0,0,0,0
00-0033906,Alvin Kamara,RB,RB,2026,3,REG,NO,LV,0,0,0,0,0,0,0,0,0,0,,,9,36,0,2,1,-1.24739197525196,1,1,5,0,-1,6,0,-0.340546717867255,-5,0.025,-0.00321543408360129,0.0352491961414791,0,0,0,0,0,0,4.1,5.1
00-0033908,Cooper Kupp,WR,WR,2026,3,REG,SEA,WAS,0,0,0,0,0,0,0,0,0,0,,,0,0,0,0,0,,4,5,46,1,35,23,3,3.62402512006868,1.31428571428571,0.111111111111111,0.120689655172414,0.251149425287356,0,0,0,0,0,0,10.6,14.6
00-0033914,Alex Anzalone,MLB,LB,2026,3,REG,TB,MIN,0,0,0,0,0,0,0,0,0,0,,,0,0,0,0,0,,0,0,0,0,0,0,0,,,0,0,0,0,0,0,0,0,0,0,0
00-0033921,Chris Godwin Jr.,WR,WR,2026,3,REG,TB,MIN,0,0,0,0,0,0,0,0,0,0,,,0,0,0,0,0,,3,4,25,0,16,18,0,-1.46103535702356,1.5625,0.114285714285714,0.0406091370558376,0.199854967367658,0,0,0,0,0,0,2.5,5.5
00-0033935,Trey Hendrickson,LB,LB,2026,3,REG,BAL,DAL,0,0,0,0,0,0,0,0,0,0,,,0,0,0,0,0,,0,0,0,0,0,0,0,,,0,0,0,0,0,0,0,0,0,0,0
00-0033941,Rayshawn Jenkins,DB,DB,2026,3,REG,PIT,CIN,0,0,0,0,0,0,0,0,0,0,,,0,0,0,0,0,,0,0,0,0,0,0,0,,,0,0,0,0,0,0,0,0,0,0,0
00-0033952,Grover Stewart,DT,DL,2026,3,REG,IND,HOU,0,0,0,0,0,0,0,0,0,0,,,0,0,0,0,0,,0,0,0,0,0,0,0,,,0,0,0,0,0,0,0,0,0,0,0
00-0033964,Al-Quadin Muhammad,LB,LB,2026,3,REG,TB,MIN,0,0,0,0,0,0,0,0,0,0,,,0,0,0,0,0,,0,0,0,0,0,0,0,,,0,0,0,0,0,0,0,0,0,0,0
00-0034091,George Odum,DB,DB,2026,3,REG,HOU,IND,0,0,0,0,0,0,0,0,0,0,,,0,0,0,0,0,,0,0,0,0,0,0,0,,,0,0,0,0,0,0,0,0,0,0,0
00-0034160,Michael Dickson,P,SPEC,2026,3,REG,SEA,WAS,0,0,0,0,0,0,0,0,0,0,,,0,0,0,0,0,,0,0,0,0,0,0,0,,,0,0,0,0,0,0,0,0,0,0,0
00-0034161,Daniel Carlson,K,SPEC,2026,3,REG,NO,LV,0,0,0,0,0,0,0,0,0,0,,,0,0,0,0,0,,0,0,0,0,0,0,0,,,0,0,0,0,0,0,0,0,0,0,0
00-0034162,J.K. Scott,P,SPEC,2026,3,REG,LAC,BUF,0,0,0,0,0,0,0,0,0,0,,,0,0,0,0,0,,0,0,0,0,0,0,0,,,0,0,0,0,0,0,0,0,0,0,0
00-0034163,Jacob Martin,DE,DL,2026,3,REG,TEN,NYG,0,0,0,0,0,0,0,0,0,0,,,0,0,0,0,0,,0,0,0,0,0,0,0,,,0,0,0,0,0,0,0,0,0,0,0
00-0034173,Eddy Pineiro,K,SPEC,2026,3,REG,SF,ARI,0,0,0,0,0,0,0,0,0,0,,,0,0,0,0,0,,0,0,0,0,0,0,0,,,0,0,0,0,0,0,0,0,0,0,0
00-0034234,Poona Ford,DT,DL,2026,3,REG,LA,DEN,0,0,0,0,0,0,0,0,0,0,,,0,0,0,0,0,,0,0,0,0,0,0,0,,,0,0,0,0,0,0,0,0,0,0,0
00-0034248,Elijah Campbell,DB,DB,2026,3,REG,NYG,TEN,0,0,0,0,0,0,0,0,0,0,,,0,0,0,0,0,,0,0,0,0,0,0,0,,,0,0,0,0,0,0,0,0,0,0,0
00-0034272,Marquez Valdes-Scantling,WR,WR,2026,3,REG,LAC,BUF,0,0,0,0,0,0,0,0,0,0,,,0,0,0,0,0,,0,1,0,0,22,0,0,-5.81991602107883,0,0.0303030303030303,0.0753424657534247,0.0981942714819427,0,0,0,0,0,0,0,0
00-0034275,Foley Fatukasi,DT,DL,2026,3,REG,LV,NO,0,0,0,0,0,0,0,0,0,0,,,0,0,0,0,0,,0,0,0,0,0,0,0,,,0,0,0,0,0,0,0,0,0,0,0
00-0034278,Tremon Smith,CB,DB,2026,3,REG,HOU,IND,0,0,0,0,0,0,0,0,0,0,,,0,0,0,0,0,,0,0,0,0,0,0,0,,,0,0,0,0,0,0,0,0,0,0,0
00-0034285,Zach Sieler,DE,DL,2026,3,REG,MIA,KC,0,0,0,0,0,0,0,0,0,0,,,0,0,0,0,0,,0,0,0,0,0,0,0,,,0,0,0,0,0,0,0,0,0,0,0
00-0034333,Daron Payne,NT,DL,2026,3,REG,WAS,SEA,0,0,0,0,0,0,0,0,0,0,,,0,0,0,0,0,,0,0,0,0,0,0,0,,,0,0,0,0,0,0,0,0,0,0,0
00-0034348,Courtland Sutton,WR,WR,2026,3,REG,DEN,LA,0,0,0,0,0,0,0,0,0,0,,,0,0,0,0,0,,3,7,46,0,83,14,3,-1.62972761539277,0.55421686746988,0.225806451612903,0.448648648648649,0.652763731473409,0,0,0,0,0,0,4.6,7.6
00-0034350,Uchenna Nwosu,LB,LB,2026,3,REG,SEA,WAS,0,0,0,0,0,0,0,0,0,0,,,0,0,0,0,0,,0,0,0,0,0,0,0,,,0,0,0,0,0,0,0,0,0,0,0
00-0034356,Donte Jackson,CB,DB,2026,3,REG,LAC,BUF,0,0,0,0,0,0,0,0,0,0,,,0,0,0,0,0,,0,0,0,0,0,0,0,,,0,0,0,0,0,0,0,0,0,0,0
00-0034361,Justin Reid,S,DB,2026,3,REG,NO,LV,0,0,0,0,0,0,0,0,0,0,,,0,0,0,0,0,,0,0,0,0,0,0,0,,,0,0,0,0,0,0,0,0,0,0,0
00-0034373,Dorance Armstrong,DE,DL,2026,3,REG,WAS,SEA,0,0,0,0,0,0,0,0,0,0,,,0,0,0,0,0,,0,0,0,0,0,0,0,,,0,0,0,0,0,0,0,0,0,0,0
00-0034376,Taron Johnson,CB,DB,2026,3,REG,LV,NO,0,0,0,0,0,0,0,0,0,0,,,0,0,0,0,0,,0,0,0,0,0,0,0,,,0,0,0,0,0,0,0,0,0,0,0
00-0034381,Josh Sweat,LB,LB,2026,3,REG,ARI,SF,0,0,0,0,0,0,0,0,0,0,,,0,0,0,0,0,,0,0,0,0,0,0,0,,,0,0,0,0,0,0,0,0,0,0,0
00-0034383,Dalton Schultz,TE,TE,2026,3,REG,HOU,IND,0,0,0,0,0,0,0,0,0,0,,,0,0,0,0,0,,3,3,30,0,27,3,1,-0.970769877588231,1.11111111111111,0.12,0.0805970149253731,0.236417910447761,0,0,0,0,0,0,3,6
00-0034384,D.J. Reed,CB,DB,2026,3,REG,DET,NYJ,0,0,0,0,0,0,0,0,0,0,,,0,0,0,0,0,,0,0,0,0,0,0,0,,,0,0,0,0,0,0,0,0,0,0,0
00-0034391,Siran Neal,DB,DB,2026,3,REG,SF,ARI,0,0,0,0,0,0,0,0,0,0,,,0,0,0,0,0,,0,0,0,0,0,0,0,,,0,0,0,0,0,0,0,0,0,0,0
00-0034397,Tim Settle,DT,DL,2026,3,REG,WAS,SEA,0,0,0,0,0,0,0,0,0,0,,,0,0,0,0,0,,0,0,0,0,0,0,0,,,0,0,0,0,0,0,0,0,0,0,0
00-0034413,Foyesade Oluokun,LB,LB,2026,3,REG,JAX,NE,0,0,0,0,0,0,0,0,0,0,,,0,0,0,0,0,,0,0,0,0,0,0,0,,,0,0,0,0,0,0,0,0,0,0,0
00-0034419,Braxton Berrios,WR,WR,2026,3,REG,NYG,TEN,0,0,0,0,0,0,0,0,0,0,,,0,0,0,0,0,,0,0,0,0,0,0,0,,,0,0,0,0,0,0,0,0,0,0,0
00-0034431,Zaire Franklin,OLB,LB,2026,3,REG,GB,ATL,0,0,0,0,0,0,0,0,0,0,,,0,0,0,0,0,,0,0,0,0,0,0,0,,,0,0,0,0,0,0,0,0,0,0,0
00-0034437,Logan Cooke,P,SPEC,2026,3,REG,JAX,NE,0,0,0,0,0,0,0,0,0,0,,,0,0,0,0,0,,0,0,0,0,0,0,0,,,0,0,0,0,0,0,0,0,0,0,0
00-0034446,Jalen Davis,CB,DB,2026,3,REG,CIN,PIT,0,0,0,0,0,0,0,0,0,0,,,0,0,0,0,0,,0,0,0,0,0,0,0,,,0,0,0,0,0,0,0,0,0,0,0
00-0034465,Jeremy Reaves,DB,DB,2026,3,REG,WAS,SEA,0,0,0,0,0,0,0,0,0,0,,,0,0,0,0,0,,0,0,0,0,0,0,0,,,0,0,0,0,0,0,0,0,0,0,0
00-0034473,Dennis Gardeck,LB,LB,2026,3,REG,JAX,NE,0,0,0,0,0,0,0,0,0,0,,,0,0,0,0,0,,0,0,0,0,0,0,0,,,0,0,0,0,0,0,0,0,0,0,0
00-0034495,Evan Brown,C,OL,2026,3,REG,HOU,IND,0,0,0,0,0,0,0,0,0,0,,,0,0,0,0,0,,0,0,0,0,0,0,0,,,0,0,0,0,0,0,0,0,0,0,0
00-0034573,Charvarius Ward,CB,DB,2026,3,REG,IND,HOU,0,0,0,0,0,0,0,0,0,0,,,0,0,0,0,0,,0,0,0,0,0,0,0,,,0,0,0,0,0,0,0,0,0,0,0
00-0034613,Tanner Hudson,TE,TE,2026,3,REG,CIN,PIT,0,0,0,0,0,0,0,0,0,0,,,0,0,0,0,0,,2,2,13,0,9,4,0,0.0642436144407839,1.44444444444444,0.0540540540540541,0.0347490347490348,0.105405405405405,0,0,0,0,0,0,1.3,3.3
00-0034657,Matt Dickerson,DT,DL,2026,3,REG,JAX,NE,0,0,0,0,0,0,0,0,0,0,,,0,0,0,0,0,,0,0,0,0,0,0,0,,,0,0,0,0,0,0,0,0,0,0,0
00-0034673,Tremaine Edmunds,MLB,LB,2026,3,REG,NYG,TEN,0,0,0,0,0,0,0,0,0,0,,,0,0,0,0,0,,0,0,0,0,0,0,0,,,0,0,0,0,0,0,0,0,0,0,0
00-0034675,Jessie Bates,FS,DB,2026,3,REG,ATL,GB,0,0,0,0,0,0,0,0,0,0,,,0,0,0,0,0,,0,0,0,0,0,0,0,,,0,0,0,0,0,0,0,0,0,0,0
00-0034720,Robert Spillane,LB,LB,2026,3,REG,NE,JAX,0,0,0,0,0,0,0,0,0,0,,,0,0,0,0,0,,0,0,0,0,0,0,0,,,0,0,0,0,0,0,0,0,0,0,0
00-0034721,Corey Bojorquez,P,SPEC,2026,3,REG,CLE,CAR,0,0,0,0,0,0,0,0,0,0,,,0,0,0,0,0,,0,0,0,0,0,0,0,,,0,0,0,0,0,0,0,0,0,0,0
00-0034753,Mark Andrews,TE,TE,2026,3,REG,BAL,DAL,0,0,0,0,0,0,0,0,0,0,,,0,0,0,0,0,,3,5,24,0,41,11,1,-0.613476271450054,0.585365853658537,0.25,0.226519337016575,0.533563535911602,0,0,0,0,0,0,2.4,5.4
00-0034754,Oren Burks,ILB,LB,2026,3,REG,CIN,PIT,0,0,0,0,0,0,0,0,0,0,,,0,0,0,0,0,,0,0,0,0,0,0,0,,,0,0,0,0,0,0,0,0,0,0,0
00-0034760,Nathan Shepherd,DE,DL,2026,3,REG,NO,LV,0,0,0,0,0,0,0,0,0,0,,,0,0,0,0,0,,0,0,0,0,0,0,0,,,0,0,0,0,0,0,0,0,0,0,0
00-0034773,Vita Vea,DT,DL,2026,3,REG,TB,MIN,0,0,0,0,0,0,0,0,0,0,,,0,0,0,0,0,,0,0,0,0,0,0,0,,,0,0,0,0,0,0,0,0,0,0,0
00-0034778,Carlton Davis III,CB,DB,2026,3,REG,NE,JAX,0,0,0,0,0,0,0,0,0,0,,,0,0,0,0,0,,0,0,0,0,0,0,0,,,0,0,0,0,0,0,0,0,0,0,0
00-0034782,Harrison Phillips,DT,DL,2026,3,REG,NYJ,DET,0,0,0,0,0,0,0,0,0,0,,,0,0,0,0,0,,0,0,0,0,0,0,0,,,0,0,0,0,0,0,0,0,0,0,0
00-0034790,Derwin James,FS,DB,2026,3,REG,LAC,BUF,0,0,0,0,0,0,0,0,0,0,,,0,0,0,0,0,,0,0,0,0,0,0,0,,,0,0,0,0,0,0,0,0,0,0,0
00-0034794,Jason Sanders,K,SPEC,2026,3,REG,NYJ,DET,0,0,0,0,0,0,0,0,0,0,,,0,0,0,0,0,,0,0,0,0,0,0,0,,,0,0,0,0,0,0,0,0,0,0,0
00-0034796,Lamar Jackson,QB,QB,2026,3,REG,BAL,DAL,15,20,186,2,0,0,0,181,91,11,11.9279783958449,9.19438585639,6,50,0,3,3,2.36241434168187,0,0,0,0,0,0,0,,,0,0,0,0,0,0,0,0,0,20.44,20.44
00-0034801,Josh Woods,LB,LB,2026,3,REG,ATL,GB,0,0,0,0,0,0,0,0,0,0,,,0,0,0,0,0,,0,0,0,0,0,0,0,,,0,0,0,0,0,0,0,0,0,0,0
00-0034805,John Franklin-Myers,DE,DL,2026,3,REG,TEN,NYG,0,0,0,0,0,0,0,0,0,0,,,0,0,0,0,0,,0,0,0,0,0,0,0,,,0,0,0,0,0,0,0,0,0,0,0
00-0034807,Ogbo Okoronkwo,DE,DL,2026,3,REG,SF,ARI,0,0,0,0,0,0,0,0,0,0,,,0,0,0,0,0,,0,0,0,0,0,0,0,,,0,0,0,0,0,0,0,0,0,0,0
00-0034810,Sebastian Joseph-Day,DT,DL,2026,3,REG,PIT,CIN,0,0,0,0,0,0,0,0,0,0,,,0,0,0,0,0,,0,0,0,0,0,0,0,,,0,0,0,0,0,0,0,0,0,0,0
00-0034815,Fred Warner,MLB,LB,2026,3,REG,SF,ARI,0,0,0,0,0,0,0,0,0,0,,,0,0,0,0,0,,0,0,0,0,0,0,0,,,0,0,0,0,0,0,0,0,0,0,0
00-0034825,Arden Key,DE,DL,2026,3,REG,IND,HOU,0,0,0,0,0,0,0,0,0,0,,,0,0,0,0,0,,0,0,0,0,0,0,0,,,0,0,0,0,0,0,0,0,0,0,0
00-0034827,DJ Moore,WR,WR,2026,3,REG,BUF,LAC,0,0,0,0,0,0,0,0,0,0,,,0,0,0,0,0,,6,10,67,0,127,23,4,-1.44052947223953,0.52755905511811,0.384615384615385,0.477443609022556,0.911133603238866,0,0,0,0,0,0,6.7,12.7
00-0034829,Mike Gesicki,TE,TE,2026,3,REG,CIN,PIT,0,0,0,0,0,0,0,0,0,0,,,0,0,0,0,0,,3,3,37,1,32,5,1,5.07832685345784,1.15625,0.0810810810810811,0.123552123552124,0.208108108108108,0,0,0,0,0,0,9.7,12.7
00-0034832,Bradley Chubb,OLB,LB,2026,3,REG,BUF,LAC,0,0,0,0,0,0,0,0,0,0,,,0,0,0,0,0,,0,0,0,0,0,0,0,,,0,0,0,0,0,0,0,0,0,0,0
00-0034837,Calvin Ridley,WR,WR,2026,3,REG,TEN,NYG,0,0,0,0,0,0,0,0,0,0,,,0,0,0,0,0,,0,1,0,0,7,0,0,-1.53554370836355,0,0.0285714285714286,0.0307017543859649,0.0643483709273183,0,0,0,0,0,0,0,0
00-0034843,Mike Hughes,CB,DB,2026,3,REG,ATL,GB,0,0,0,0,0,0,0,0,0,0,,,0,0,0,0,0,,0,0,0,0,0,0,0,,,0,0,0,0,0,0,0,0,0,0,0
00-0034844,Saquon Barkley,RB,RB,2026,3,REG,PHI,CHI,0,0,0,0,0,0,0,0,0,0,,,15,82,0,4,3,2.24305316479877,1,2,-2,0,-6,4,0,-1.72101057972759,0.333333333333333,0.08,-0.0387096774193548,0.0929032258064516,0,0,0,0,0,0,8,9
00-0034854,KhaDarel Hodge,WR,WR,2026,3,REG,SF,ARI,0,0,0,0,0,0,0,0,0,0,,,0,0,0,0,0,,0,0,0,0,0,0,0,,,0,0,0,0,0,0,0,0,0,0,0
00-0034855,Baker Mayfield,QB,QB,2026,3,REG,TB,MIN,17,34,217,1,1,6,-31,288,122,7,-10.8777687180051,-14.8238661614331,2,6,0,1,0,0.574664990766905,0,0,0,0,0,0,0,,,0,0,0,0,0,0,0,0,0,11.28,11.28
00-0034856,Denzel Ward,CB,DB,2026,3,REG,CLE,CAR,0,0,0,0,0,0,0,0,0,0,,,0,0,0,0,0,,0,0,0,0,0,0,0,,,0,0,0,0,0,0,0,0,0,0,0
00-0034857,Josh Allen,QB,QB,2026,3,REG,BUF,LAC,16,26,204,0,2,4,-30,266,108,10,-0.418563716653253,-0.881612931306546,8,22,2,3,0,3.40158438042272,1,1,1,0,-8,9,0,-0.501846103928983,0,0.0384615384615385,-0.0300751879699248,0.0366396761133603,0,0,1,0,0,0,16.46,17.46
00-0034869,Sam Darnold,QB,QB,2026,3,REG,SEA,WAS,31,45,379,4,2,0,0,297,169,21,4.08015748056989,5.28957897966558,1,5,0,1,0,1.60618665697984,0,0,0,0,0,0,0,,,0,0,0,0,0,0,0,0,0,27.66,27.66
00-0034874,Roquan Smith,ILB,LB,2026,3,REG,BAL,DAL,0,0,0,0,0,0,0,0,0,0,,,0,0,0,0,0,,0,0,0,0,0,0,0,,,0,0,0,0,0,0,0,0,0,0,0
00-0034941,Mitch Wishnowsky,P,SPEC,2026,3,REG,NE,JAX,0,0,0,0,0,0,0,0,0,0,,,0,0,0,0,0,,0,0,0,0,0,0,0,,,0,0,0,0,0,0,0,0,0,0,0
00-0034960,Jakobi Meyers,WR,WR,2026,3,REG,JAX,NE,0,0,0,0,0,0,0,0,0,0,,,0,0,0,0,0,,7,8,64,1,64,10,5,8.34302117981133,1,0.296296296296296,0.355555555555556,0.693333333333333,0,0,0,0,0,0,12.4,19.4
00-0034967,Rashan Gary,LB,LB,2026,3,REG,DAL,BAL,0,0,0,0,0,0,0,0,0,0,,,0,0,0,0,0,,0,0,0,0,0,0,0,,,0,0,0,0,0,0,0,0,0,0,0
00-0034973,Maxx Crosby,DE,DL,2026,3,REG,LV,NO,0,0,0,0,0,0,0,0,0,0,,,0,0,0,0,0,,0,0,0,0,0,0,0,,,0,0,0,0,0,0,0,0,0,0,0
00-0034975,Justice Hill,RB,RB,2026,3,REG,BAL,DAL,0,0,0,0,0,0,0,0,0,0,,,5,33,0,1,1,2.64889811945613,0,0,0,0,0,0,0,,,0,0,0,0,0,0,0,0,0,3.3,3.3
00-0034981,Foster Moreau,TE,TE,2026,3,REG,HOU,IND,0,0,0,0,0,0,0,0,0,0,,,0,0,0,0,0,,2,4,7,1,13,3,1,-0.619218283696682,0.538461538461538,0.16,0.0388059701492537,0.267164179104478,0,0,0,0,0,0,6.7,8.7
00-0034982,Dre Greenlaw,LB,LB,2026,3,REG,SF,ARI,0,0,0,0,0,0,0,0,0,0,,,0,0,0,0,0,,0,0,0,0,0,0,0,,,0,0,0,0,0,0,0,0,0,0,0
00-0034993,Marcus Epps,SAF,DB,2026,3,REG,PHI,CHI,0,0,0,0,0,0,0,0,0,0,,,0,0,0,0,0,,0,0,0,0,0,0,0,,,0,0,0,0,0,0,0,0,0,0,0
00-0035026,Kevin Givens,DT,DL,2026,3,REG,SF,ARI,0,0,0,0,0,0,0,0,0,0,,,0,0,0,0,0,,0,0,0,0,0,0,0,,,0,0,0,0,0,0,0,0,0,0,0
00-0035125,Alec Ingold,FB,RB,2026,3,REG,LAC,BUF,0,0,0,0,0,0,0,0,0,0,,,0,0,0,0,0,,3,4,35,0,39,20,1,1.0962396619725,0.897435897435897,0.121212121212121,0.133561643835616,0.275311332503113,0,0,0,0,0,0,3.5,6.5
00-0035133,Keisean Nixon,DB,DB,2026,3,REG,GB,ATL,0,0,0,0,0,0,0,0,0,0,,,0,0,0,0,0,,0,0,0,0,0,0,0,,,0,0,0,0,0,0,0,0,0,0,0
00-0035144,Mack Wilson,LB,LB,2026,3,REG,ARI,SF,0,0,0,0,0,0,0,0,0,0,,,0,0,0,0,0,,0,0,0,0,0,0,0,,,0,0,0,0,0,0,0,0,0,0,0
00-0035156,Jack Fox,P,SPEC,2026,3,REG,DET,NYJ,0,0,0,0,0,0,0,0,0,0,,,0,0,0,0,0,,0,0,0,0,0,0,0,,,0,0,0,0,0,0,0,0,0,0,0
00-0035166,Azeez Al-Shaair,LB,LB,2026,3,REG,HOU,IND,0,0,0,0,0,0,0,0,0,0,,,0,0,0,0,0,,0,0,0,0,0,0,0,,,0,0,0,0,0,0,0,0,0,0,0
00-0035190,AJ Cole,P,SPEC,2026,3,REG,LV,NO,0,0,0,0,0,0,0,0,0,0,,,0,0,0,0,0,,0,0,0,0,0,0,0,,,0,0,0,0,0,0,0,0,0,0,0
00-0035192,Joey Slye,K,SPEC,2026,3,REG,TEN,NYG,0,0,0,0,0,0,0,0,0,0,,,0,0,0,0,0,,0,0,0,0,0,0,0,,,0,0,0,0,0,0,0,0,0,0,0
00-0035202,Del'Shawn Phillips,LB,LB,2026,3,REG,LAC,BUF,0,0,0,0,0,0,0,0,0,0,,,0,0,0,0,0,,0,0,0,0,0,0,0,,,0,0,0,0,0,0,0,0,0,0,0
00-0035208,Olamide Zaccheaus,WR,WR,2026,3,REG,ATL,GB,0,0,0,0,0,0,0,0,0,0,,,0,0,0,0,0,,2,2,9,0,0,9,0,-0.862954416760145,0,0.0869565217391304,0,0.130434782608696,0,0,0,0,0,0,0.9,2.9
00-0035228,Kyler Murray,QB,QB,2026,3,REG,MIN,TB,15,29,168,1,1,3,-16,252,76,5,-12.0939466357189,-3.92337435483933,2,17,0,1,1,1.77151457150467,0,0,0,0,0,0,0,,,0,0,0,0,0,0,0,0,0,10.42,10.42
00-0035229,T.J. Hockenson,TE,TE,2026,3,REG,MIN,TB,0,0,0,0,0,0,0,0,0,0,,,0,0,0,0,0,,2,4,11,0,44,11,0,-1.20448906300589,0.25,0.16,0.174603174603175,0.362222222222222,0,0,0,0,0,0,1.1,3.1
00-0035230,Ed Oliver,DT,DL,2026,3,REG,BUF,LAC,0,0,0,0,0,0,0,0,0,0,,,0,0,0,0,0,,0,0,0,0,0,0,0,,,0,0,0,0,0,0,0,0,0,0,0
00-0035234,Tytus Howard,OT,OL,2026,3,REG,CLE,CAR,0,0,0,0,0,0,0,0,0,0,,,0,0,0,0,0,,0,0,0,0,0,0,0,,,0,0,0,0,0,0,0,0,0,0,0
00-0035236,Byron Murphy,CB,DB,2026,3,REG,MIN,TB,0,0,0,0,0,0,0,0,0,0,,,0,0,0,0,0,,0,0,0,0,0,0,0,,,0,0,0,0,0,0,0,0,0,0,0
00-0035237,Jawaan Taylor,OT,OL,2026,3,REG,ATL,GB,0,0,0,0,0,0,0,0,0,0,,,0,0,0,0,0,,0,0,0,0,0,0,0,,,0,0,0,0,0,0,0,0,0,0,0
00-0035240,Jahlani Tavai,LB,LB,2026,3,REG,JAX,NE,0,0,0,0,0,0,0,0,0,0,,,0,0,0,0,0,,0,0,0,0,0,0,0,,,0,0,0,0,0,0,0,0,0,0,0
00-0035248,Zach Allen,DE,DL,2026,3,REG,DEN,LA,0,0,0,0,0,0,0,0,0,0,,,0,0,0,0,0,,0,0,0,0,0,0,0,,,0,0,0,0,0,0,0,0,0,0,0
00-0035249,Josh Oliver,TE,TE,2026,3,REG,MIN,TB,0,0,0,0,0,0,0,0,0,0,,,0,0,0,0,0,,0,0,0,0,0,0,0,,,0,0,0,0,0,0,0,0,0,0,0
00-0035253,C.J. Gardner-Johnson,SAF,DB,2026,3,REG,BUF,LAC,0,0,0,0,0,0,0,0,0,0,,,0,0,0,0,0,,0,0,0,0,0,0,0,,,0,0,0,0,0,0,0,0,0,0,0
00-0035254,Anthony Nelson,LB,LB,2026,3,REG,TB,MIN,0,0,0,0,0,0,0,0,0,0,,,0,0,0,0,0,,0,0,0,0,0,0,0,,,0,0,0,0,0,0,0,0,0,0,0
00-0035261,Tony Pollard,RB,RB,2026,3,REG,TEN,NYG,0,0,0,0,0,0,0,0,0,0,,,17,74,0,3,2,-1.43699108925648,4,4,22,0,2,20,1,0.3424083396676,11,0.114285714285714,0.0087719298245614,0.177568922305764,0,0,0,0,0,0,9.6,13.6
00-0035262,Drue Tranquill,LB,LB,2026,3,REG,KC,MIA,0,0,0,0,0,0,0,0,0,0,,,0,0,0,0,0,,0,0,0,0,0,0,0,,,0,0,0,0,0,0,0,0,0,0,0
00-0035269,Matt Gay,K,SPEC,2026,3,REG,LV,NO,0,0,0,0,0,0,0,0,0,0,,,0,0,0,0,0,,0,0,0,0,0,0,0,,,0,0,0,0,0,0,0,0,0,0,0
00-0035272,Andrew Van Ginkel,OLB,LB,2026,3,REG,MIN,TB,0,0,0,0,0,0,0,0,0,0,,,0,0,0,0,0,,0,0,0,0,0,0,0,,,0,0,0,0,0,0,0,0,0,0,0
00-0035276,Blake Cashman,LB,LB,2026,3,REG,MIN,TB,0,0,0,0,0,0,0,0,0,0,,,0,0,0,0,0,,0,0,0,0,0,0,0,,,0,0,0,0,0,0,0,0,0,0,0
00-0035277,Mike Jackson,CB,DB,2026,3,REG,CAR,CLE,0,0,0,0,0,0,0,0,0,0,,,0,0,0,0,0,,0,0,0,0,0,0,0,,,0,0,0,0,0,0,0,0,0,0,0
00-0035279,Charles Omenihu,DE,DL,2026,3,REG,WAS,SEA,0,0,0,0,0,0,0,0,0,0,,,0,0,0,0,0,,0,0,0,0,0,0,0,,,0,0,0,0,0,0,0,0,0,0,0
00-0035280,Jake Bailey,P,SPEC,2026,3,REG,ATL,GB,0,0,0,0,0,0,0,0,0,0,,,0,0,0,0,0,,0,0,0,0,0,0,0,,,0,0,0,0,0,0,0,0,0,0,0
00-0035286,Cole Holcomb,LB,LB,2026,3,REG,PIT,CIN,0,0,0,0,0,0,0,0,0,0,,,0,0,0,0,0,,0,0,0,0,0,0,0,,,0,0,0,0,0,0,0,0,0,0,0
00-0035316,Kaden Elliss,LB,LB,2026,3,REG,NO,LV,0,0,0,0,0,0,0,0,0,0,,,0,0,0,0,0,,0,0,0,0,0,0,0,,,0,0,0,0,0,0,0,0,0,0,0
00-0035352,Tyrel Dodson,LB,LB,2026,3,REG,CAR,CLE,0,0,0,0,0,0,0,0,0,0,,,0,0,0,0,0,,0,0,0,0,0,0,0,,,0,0,0,0,0,0,0,0,0,0,0
00-0035357,Cam Lewis,CB,DB,2026,3,REG,CHI,PHI,0,0,0,0,0,0,0,0,0,0,,,0,0,0,0,0,,0,0,0,0,0,0,0,,,0,0,0,0,0,0,0,0,0,0,0
00-0035358,Chase McLaughlin,K,SPEC,2026,3,REG,TB,MIN,0,0,0,0,0,0,0,0,0,0,,,0,0,0,0,0,,0,0,0,0,0,0,0,,,0,0,0,0,0,0,0,0,0,0,0
00-0035363,Joe Giles-Harris,LB,LB,2026,3,REG,CIN,PIT,0,0,0,0,0,0,0,0,0,0,,,0,0,0,0,0,,0,0,0,0,0,0,0,,,0,0,0,0,0,0,0,0,0,0,0
00-0035378,Andrew Wingard,SAF,DB,2026,3,REG,ARI,SF,0,0,0,0,0,0,0,0,0,0,,,0,0,0,0,0,,0,0,0,0,0,0,0,,,0,0,0,0,0,0,0,0,0,0,0
00-0035386,T.J. Edwards,LB,LB,2026,3,REG,CHI,PHI,0,0,0,0,0,0,0,0,0,0,,,0,0,0,0,0,,0,0,0,0,0,0,0,,,0,0,0,0,0,0,0,0,0,0,0
00-0035402,Carl Granderson,DE,DL,2026,3,REG,NO,LV,0,0,0,0,0,0,0,0,0,0,,,0,0,0,0,0,,0,0,0,0,0,0,0,,,0,0,0,0,0,0,0,0,0,0,0
00-0035408,Nick Moore,LS,SPEC,2026,3,REG,BAL,DAL,0,0,0,0,0,0,0,0,0,0,,,0,0,0,0,0,,0,0,0,0,0,0,0,,,0,0,0,0,0,0,0,0,0,0,0
00-0035409,Shy Tuttle,DT,DL,2026,3,REG,WAS,SEA,0,0,0,0,0,0,0,0,0,0,,,0,0,0,0,0,,0,0,0,0,0,0,0,,,0,0,0,0,0,0,0,0,0,0,0
00-0035413,Luke Gifford,LB,LB,2026,3,REG,SF,ARI,0,0,0,0,0,0,0,0,0,0,,,0,0,0,0,0,,0,0,0,0,0,0,0,,,0,0,0,0,0,0,0,0,0,0,0
00-0035500,Greg Dortch,WR,WR,2026,3,REG,BUF,LAC,0,0,0,0,0,0,0,0,0,0,,,0,0,0,0,0,,0,0,0,0,0,0,0,,,0,0,0,0,0,0,0,0,0,0,0
00-0035525,Devin Bush,LB,LB,2026,3,REG,CHI,PHI,0,0,0,0,0,0,0,0,0,0,,,0,0,0,0,0,,0,0,0,0,0,0,0,,,0,0,0,0,0,0,0,0,0,0,0
00-0035537,Ty Johnson,RB,RB,2026,3,REG,BUF,LAC,0,0,0,0,0,0,0,0,0,0,,,0,0,0,0,0,,4,4,50,0,0,50,3,5.77172866364708,0,0.153846153846154,0,0.230769230769231,0,0,0,0,0,0,5,9
00-0035544,Tom Kennedy,WR,WR,2026,3,REG,DET,NYJ,0,0,0,0,0,0,0,0,0,0,,,0,0,0,0,0,,0,0,0,0,0,0,0,,,0,0,0,0,0,0,0,0,0,0,0
00-0035594,Travis Homer,RB,RB,2026,3,REG,PIT,CIN,0,0,0,0,0,0,0,0,0,0,,,1,0,0,0,0,-0.481771995720919,0,0,0,0,0,0,0,,,0,0,0,0,0,0,0,0,0,0,0
00-0035617,Troy Reeder,LB,LB,2026,3,REG,NYJ,DET,0,0,0,0,0,0,0,0,0,0,,,0,0,0,0,0,,0,0,0,0,0,0,0,,,0,0,0,0,0,0,0,0,0,0,0
00-0035631,Drew Sample,TE,TE,2026,3,REG,CIN,PIT,0,0,0,0,0,0,0,0,0,0,,,0,0,0,0,0,,1,2,0,0,3,3,0,-1.02391751983669,0,0.0540540540540541,0.0115830115830116,0.0891891891891892,0,0,0,0,0,0,0,1
00-0035632,Amani Hooker,SAF,DB,2026,3,REG,TEN,NYG,0,0,0,0,0,0,0,0,0,0,,,0,0,0,0,0,,0,0,0,0,0,0,0,,,0,0,0,0,0,0,0,0,0,0,0
00-0035637,Rock Ya-Sin,CB,DB,2026,3,REG,DET,NYJ,0,0,0,0,0,0,0,0,0,0,,,0,0,0,0,0,,0,0,0,0,0,0,0,,,0,0,0,0,0,0,0,0,0,0,0
00-0035640,DK Metcalf,WR,WR,2026,3,REG,PIT,CIN,0,0,0,0,0,0,0,0,0,0,,,0,0,0,0,0,,3,5,31,1,73,8,3,2.46395052346634,0.424657534246575,0.161290322580645,0.185750636132316,0.371960929163589,0,0,0,0,0,0,9.1,12.1
00-0035642,Josh Hines-Allen,DE,DL,2026,3,REG,JAX,NE,0,0,0,0,0,0,0,0,0,0,,,0,0,0,0,0,,0,0,0,0,0,0,0,,,0,0,0,0,0,0,0,0,0,0,0
00-0035643,Jeffery Simmons,DT,DL,2026,3,REG,TEN,NYG,0,0,0,0,0,0,0,0,0,0,,,0,0,0,0,0,,0,0,0,0,0,0,0,,,0,0,0,0,0,0,0,0,0,0,0
00-0035644,Noah Fant,TE,TE,2026,3,REG,NO,LV,0,0,0,0,0,0,0,0,0,0,,,0,0,0,0,0,,4,4,33,2,13,20,2,4.66014749911847,2.53846153846154,0.1,0.0418006430868167,0.179260450160772,0,0,0,0,0,0,15.3,19.3
00-0035647,Montez Sweat,DE,DL,2026,3,REG,CHI,PHI,0,0,0,0,0,0,0,0,0,0,,,0,0,0,0,0,,0,0,0,0,0,0,0,,,0,0,0,0,0,0,0,0,0,0,0
00-0035659,Terry McLaurin,WR,WR,2026,3,REG,WAS,SEA,0,0,0,0,0,0,0,0,0,0,,,0,0,0,0,0,,6,9,77,1,110,6,5,5.16602187900571,0.7,0.3,0.443548387096774,0.760483870967742,0,0,0,0,0,0,13.7,19.7
00-0035667,Greg Gaines,DT,DL,2026,3,REG,BUF,LAC,0,0,0,0,0,0,0,0,0,0,,,0,0,0,0,0,,0,0,0,0,0,0,0,,,0,0,0,0,0,0,0,0,0,0,0
00-0035672,Cody Barton,LB,LB,2026,3,REG,TEN,NYG,0,0,0,0,0,0,0,0,0,0,,,0,0,0,0,0,,0,0,0,0,0,0,0,,,0,0,0,0,0,0,0,0,0,0,0
00-0035674,Jerry Tillery,DT,DL,2026,3,REG,IND,HOU,0,0,0,0,0,0,0,0,0,0,,,0,0,0,0,0,,0,0,0,0,0,0,0,,,0,0,0,0,0,0,0,0,0,0,0
00-0035680,Quincy Williams,LB,LB,2026,3,REG,CLE,CAR,0,0,0,0,0,0,0,0,0,0,,,0,0,0,0,0,,0,0,0,0,0,0,0,,,0,0,0,0,0,0,0,0,0,0,0
00-0035683,Dexter Lawrence,DT,DL,2026,3,REG,CIN,PIT,0,0,0,0,0,0,0,0,0,0,,,0,0,0,0,0,,0,0,0,0,0,0,0,,,0,0,0,0,0,0,0,0,0,0,0
00-0035685,David Montgomery,RB,RB,2026,3,REG,HOU,IND,0,0,0,0,0,0,0,0,0,0,,,11,33,0,1,0,-5.79132543760352,2,2,15,0,11,4,1,1.50178517983295,1.36363636363636,0.08,0.0328358208955224,0.142985074626866,0,0,0,0,0,0,4.8,6.8
00-0035687,Bobby Okereke,ILB,LB,2026,3,REG,CAR,CLE,0,0,0,0,0,0,0,0,0,0,,,0,0,0,0,0,,0,0,0,0,0,0,0,,,0,0,0,0,0,0,0,0,0,0,0
00-0035689,Dawson Knox,TE,TE,2026,3,REG,BUF,LAC,0,0,0,0,0,0,0,0,0,0,,,1,0,0,0,0,-1.78763503627852,1,1,5,0,3,2,0,-0.0777886754367501,1.66666666666667,0.0384615384615385,0.0112781954887218,0.065587044534413,0,0,0,0,0,0,0.5,1.5
00-0035699,Jamel Dean,CB,DB,2026,3,REG,PIT,CIN,0,0,0,0,0,0,0,0,0,0,,,0,0,0,0,0,,0,0,0,0,0,0,0,,,0,0,0,0,0,0,0,0,0,0,0
00-0035705,Jalen Thompson,DB,DB,2026,3,REG,DAL,BAL,0,0,0,0,0,0,0,0,0,0,,,0,0,0,0,0,,0,0,0,0,0,0,0,,,0,0,0,0,0,0,0,0,0,0,0
00-0035710,Daniel Jones,QB,QB,2026,3,REG,IND,HOU,24,36,235,1,1,4,-24,281,111,11,-6.87154260138176,-0.759708625929696,3,5,0,3,0,2.62262196611846,0,0,0,0,0,0,0,,,0,0,0,0,0,2,0,0,0,7.9,7.9
00-0035713,Brian Burns,LB,LB,2026,3,REG,NYG,TEN,0,0,0,0,0,0,0,0,0,0,,,0,0,0,0,0,,0,0,0,0,0,0,0,,,0,0,0,0,0,0,0,0,0,0,0
00-0035718,Quinnen Williams,DT,DL,2026,3,REG,DAL,BAL,0,0,0,0,0,0,0,0,0,0,,,0,0,0,0,0,,0,0,0,0,0,0,0,,,0,0,0,0,0,0,0,0,0,0,0
00-0035719,Deebo Samuel Sr.,WR,WR,2026,3,REG,SF,ARI,0,0,0,0,0,0,0,0,0,0,,,2,14,0,1,1,-0.273387995897792,0,0,80,1,0,80,0,,0,0,0,0,0,0,0,0,0,0,15.4,15.4
00-0035763,Malcolm Roach,DT,DL,2026,3,REG,DEN,LA,0,0,0,0,0,0,0,0,0,0,,,0,0,0,0,0,,0,0,0,0,0,0,0,,,0,0,0,0,0,0,0,0,0,0,0
00-0035795,James Pierre,CB,DB,2026,3,REG,MIN,TB,0,0,0,0,0,0,0,0,0,0,,,0,0,0,0,0,,0,0,0,0,0,0,0,,,0,0,0,0,0,0,0,0,0,0,0
00-0035821,Corliss Waitman,P,SPEC,2026,3,REG,SF,ARI,0,0,0,0,0,0,0,0,0,0,,,0,0,0,0,0,,0,0,0,0,0,0,0,,,0,0,0,0,0,0,0,0,0,0,0
00-0035859,Blake Gillikin,P,SPEC,2026,3,REG,ARI,SF,0,0,0,0,0,0,0,0,0,0,,,0,0,0,0,0,,0,0,0,0,0,0,0,,,0,0,0,0,0,0,0,0,0,0,0
00-0035889,Tommy Townsend,P,SPEC,2026,3,REG,TEN,NYG,0,0,0,0,0,0,0,0,0,0,,,0,0,0,0,0,,0,0,0,0,0,0,0,,,0,0,0,0,0,0,0,0,0,0,0
00-0035891,Cody White,WR,WR,2026,3,REG,LV,NO,0,0,0,0,0,0,0,0,0,0,,,0,0,0,0,0,,1,3,4,1,14,0,1,0.395741094835103,0.285714285714286,0.1,0.0512820512820513,0.185897435897436,0,0,0,0,0,0,6.4,7.4
00-0035942,Christian Rozeboom,LB,LB,2026,3,REG,TB,MIN,0,0,0,0,0,0,0,0,0,0,,,0,0,0,0,0,,0,0,0,0,0,0,0,,,0,0,0,0,0,0,0,0,0,0,0
00-0036036,Terence Steele,OT,OL,2026,3,REG,DAL,BAL,0,0,0,0,0,0,0,0,0,0,,,0,0,0,0,0,,0,0,0,0,0,0,0,,,0,0,0,0,0,0,0,0,0,0,0
00-0036037,Sam Franklin Jr.,SAF,DB,2026,3,REG,BUF,LAC,0,0,0,0,0,0,0,0,0,0,,,0,0,0,0,0,,0,0,0,0,0,0,0,,,0,0,0,0,0,0,0,0,0,0,0
00-0036040,Juwan Johnson,TE,TE,2026,3,REG,NO,LV,0,0,0,0,0,0,0,0,0,0,,,0,0,0,0,0,,8,8,53,2,15,38,5,1.87442318227841,3.53333333333333,0.2,0.0482315112540193,0.333762057877814,0,1,0,0,0,0,15.3,23.3
00-0036124,Khalil Dorsey,CB,DB,2026,3,REG,DET,NYJ,0,0,0,0,0,0,0,0,0,0,,,0,0,0,0,0,,0,0,0,0,0,0,0,,,0,0,0,0,0,0,0,0,0,0,0
00-0036130,Nnamdi Madubuike,DT,DL,2026,3,REG,BAL,DAL,0,0,0,0,0,0,0,0,0,0,,,0,0,0,0,0,,0,0,0,0,0,0,0,,,0,0,0,0,0,0,0,0,0,0,0
00-0036158,J.K. Dobbins,RB,RB,2026,3,REG,DEN,LA,0,0,0,0,0,0,0,0,0,0,,,17,49,0,2,0,-1.94047590342234,1,2,4,0,-3,4,0,-0.620094127953053,-1.33333333333333,0.0645161290322581,-0.0162162162162162,0.0854228421970358,0,0,0,0,0,0,5.3,6.3
00-0036159,Joshua Uche,LB,LB,2026,3,REG,MIA,KC,0,0,0,0,0,0,0,0,0,0,,,0,0,0,0,0,,0,0,0,0,0,0,0,,,0,0,0,0,0,0,0,0,0,0,0
00-0036162,Tyler Bass,K,SPEC,2026,3,REG,BUF,LAC,0,0,0,0,0,0,0,0,0,0,,,0,0,0,0,0,,0,0,0,0,0,0,0,,,0,0,0,0,0,0,0,0,0,0,0
00-0036171,Aaron Brewer,C,OL,2026,3,REG,MIA,KC,0,0,0,0,0,0,0,0,0,0,,,0,0,0,0,0,,0,0,0,0,0,0,0,,,0,0,0,0,0,0,0,0,0,0,0
00-0036193,Anfernee Jennings,LB,LB,2026,3,REG,NO,LV,0,0,0,0,0,0,0,0,0,0,,,0,0,0,0,0,,0,0,0,0,0,0,0,,,0,0,0,0,0,0,0,0,0,0,0
00-0036204,LaCale London,DE,DL,2026,3,REG,ATL,GB,0,0,0,0,0,0,0,0,0,0,,,0,0,0,0,0,,0,0,0,0,0,0,0,,,0,0,0,0,0,0,0,0,0,0,0
00-0036220,Derrick Brown,DT,DL,2026,3,REG,CAR,CLE,0,0,0,0,0,0,0,0,0,0,,,0,0,0,0,0,,0,0,0,0,0,0,0,,,0,0,0,0,0,0,0,0,0,0,0
00-0036221,Brandon Jones,SAF,DB,2026,3,REG,DEN,LA,0,0,0,0,0,0,0,0,0,0,,,0,0,0,0,0,,0,0,0,0,0,0,0,,,0,0,0,0,0,0,0,0,0,0,0
00-0036222,Isaiah Rodgers,CB,DB,2026,3,REG,MIN,TB,0,0,0,0,0,0,0,0,0,0,,,0,0,0,0,0,,0,0,0,0,0,0,0,,,0,0,0,0,0,0,0,0,0,0,0
00-0036223,Jonathan Taylor,RB,RB,2026,3,REG,IND,HOU,0,0,0,0,0,0,0,0,0,0,,,23,68,0,3,1,-4.04576532868668,2,3,4,0,-13,11,0,-1.02411565493094,-0.307692307692308,0.0857142857142857,-0.0462633451957295,0.0961870869344179,0,0,0,0,0,0,7.2,9.2
00-0036224,Jonathan Greenard,LB,LB,2026,3,REG,PHI,CHI,0,0,0,0,0,0,0,0,0,0,,,0,0,0,0,0,,0,0,0,0,0,0,0,,,0,0,0,0,0,0,0,0,0,0,0
00-0036231,Kyle Dugger,SAF,DB,2026,3,REG,CIN,PIT,0,0,0,0,0,0,0,0,0,0,,,0,0,0,0,0,,0,0,0,0,0,0,0,,,0,0,0,0,0,0,0,0,0,0,0
00-0036244,Colby Parkinson,TE,TE,2026,3,REG,LA,DEN,0,0,0,0,0,0,0,0,0,0,,,0,0,0,0,0,,0,1,0,0,3,0,0,-0.519591933058109,0,0.0204081632653061,0.00589390962671906,0.0347379816366625,0,0,0,0,0,0,0,0
00-0036246,Jon Runyan,G,OL,2026,3,REG,NYG,TEN,0,0,0,0,0,0,0,0,0,0,,,0,0,0,0,0,,0,0,0,0,0,0,0,,,0,0,0,0,0,0,0,0,0,0,0
00-0036248,Austin Jackson,OT,OL,2026,3,REG,MIA,KC,0,0,0,0,0,0,0,0,0,0,,,0,0,0,0,0,,0,0,0,0,0,0,0,,,0,0,0,0,0,0,0,0,0,0,0
00-0036252,Michael Pittman,WR,WR,2026,3,REG,PIT,CIN,0,0,0,0,0,0,0,0,0,0,,,0,0,0,0,0,,2,5,16,0,40,5,1,-0.815474307105518,0.4,0.161290322580645,0.101781170483461,0.31318230320939,0,0,0,0,0,0,1.6,3.6
00-0036253,Julian Blackmon,SAF,DB,2026,3,REG,NO,LV,0,0,0,0,0,0,0,0,0,0,,,0,0,0,0,0,,0,0,0,0,0,0,0,,,0,0,0,0,0,0,0,0,0,0,0
00-0036256,Colton McKivitz,OT,OL,2026,3,REG,SF,ARI,0,0,0,0,0,0,0,0,0,0,,,0,0,0,0,0,,0,0,0,0,0,0,0,,,0,0,0,0,0,0,0,0,0,0,0
00-0036258,Jonah Jackson,G,OL,2026,3,REG,CHI,PHI,0,0,0,0,0,0,0,0,0,0,,,0,0,0,0,0,,0,0,0,0,0,0,0,,,0,0,0,0,0,0,0,0,0,0,0
00-0036259,Jauan Jennings,WR,WR,2026,3,REG,MIN,TB,0,0,0,0,0,0,0,0,0,0,,,0,0,0,0,0,,1,2,1,0,22,0,0,-2.54098294302821,0.0454545454545455,0.08,0.0873015873015873,0.181111111111111,0,0,0,0,0,0,0.1,1.1
00-0036260,Javon Kinlaw,DT,DL,2026,3,REG,WAS,SEA,0,0,0,0,0,0,0,0,0,0,,,0,0,0,0,0,,0,0,0,0,0,0,0,,,0,0,0,0,0,0,0,0,0,0,0
00-0036262,DaVon Hamilton,DT,DL,2026,3,REG,JAX,NE,0,0,0,0,0,0,0,0,0,0,,,0,0,0,0,0,,0,0,0,0,0,0,0,,,0,0,0,0,0,0,0,0,0,0,0
00-0036264,Jordan Love,QB,QB,2026,3,REG,GB,ATL,28,53,312,2,1,1,-1,392,134,15,3.57120850867047,-8.51031126929265,1,0,0,0,0,-0.352745797485113,0,0,0,0,0,0,0,,,0,0,0,0,0,0,0,0,0,18.48,18.48
00-0036265,AJ Dillon,RB,RB,2026,3,REG,CAR,CLE,0,0,0,0,0,0,0,0,0,0,,,4,16,0,1,1,-0.106209853547625,1,1,-2,0,-7,5,0,-1.1228350129677,0.285714285714286,0.0238095238095238,-0.0158013544018059,0.0246533376330216,0,0,0,0,0,0,1.4,2.4
00-0036266,Jordan Elliott,DT,DL,2026,3,REG,TEN,NYG,0,0,0,0,0,0,0,0,0,0,,,0,0,0,0,0,,0,0,0,0,0,0,0,,,0,0,0,0,0,0,0,0,0,0,0
00-0036275,D'Andre Swift,RB,RB,2026,3,REG,CHI,PHI,0,0,0,0,0,0,0,0,0,0,,,20,84,0,2,1,-0.818306592293084,2,3,4,0,-1,5,1,-0.40246479754569,-4,0.0882352941176471,-0.00478468899521531,0.12900365887982,0,0,0,0,0,0,8.8,10.8
00-0036280,Malik Harrison,LB,LB,2026,3,REG,NYG,TEN,0,0,0,0,0,0,0,0,0,0,,,0,0,0,0,0,,0,0,0,0,0,0,0,,,0,0,0,0,0,0,0,0,0,0,0
00-0036281,C.J. Henderson,CB,DB,2026,3,REG,ATL,GB,0,0,0,0,0,0,0,0,0,0,,,0,0,0,0,0,,0,0,0,0,0,0,0,,,0,0,0,0,0,0,0,0,0,0,0
00-0036282,Grant Delpit,SAF,DB,2026,3,REG,CLE,CAR,0,0,0,0,0,0,0,0,0,0,,,0,0,0,0,0,,0,0,0,0,0,0,0,,,0,0,0,0,0,0,0,0,0,0,0
00-0036286,K'Lavon Chaisson,LB,LB,2026,3,REG,WAS,SEA,0,0,0,0,0,0,0,0,0,0,,,0,0,0,0,0,,0,0,0,0,0,0,0,,,0,0,0,0,0,0,0,0,0,0,0
00-0036290,Cole Kmet,TE,TE,2026,3,REG,CHI,PHI,0,0,0,0,0,0,0,0,0,0,,,0,0,0,0,0,,0,1,0,0,6,0,0,-0.594227124820463,0,0.0294117647058824,0.0287081339712919,0.0642133408387278,0,0,0,0,0,0,0,0
00-0036292,Jaylon Johnson,CB,DB,2026,3,REG,CHI,PHI,0,0,0,0,0,0,0,0,0,0,,,0,0,0,0,0,,0,0,0,0,0,0,0,,,0,0,0,0,0,0,0,0,0,0,0
00-0036293,Jeremy Chinn,SAF,DB,2026,3,REG,LV,NO,0,0,0,0,0,0,0,0,0,0,,,0,0,0,0,0,,0,0,0,0,0,0,0,,,0,0,0,0,0,0,0,0,0,0,0
00-0036298,Akeem Davis-Gaither,LB,LB,2026,3,REG,IND,HOU,0,0,0,0,0,0,0,0,0,0,,,0,0,0,0,0,,0,0,0,0,0,0,0,,,0,0,0,0,0,0,0,0,0,0,0
00-0036302,Jaylinn Hawkins,SAF,DB,2026,3,REG,BAL,DAL,0,0,0,0,0,0,0,0,0,0,,,0,0,0,0,0,,0,0,0,0,0,0,0,,,0,0,0,0,0,0,0,0,0,0,0
00-0036305,Trevis Gipson,LB,LB,2026,3,REG,CAR,CLE,0,0,0,0,0,0,0,0,0,0,,,0,0,0,0,0,,0,0,0,0,0,0,0,,,0,0,0,0,0,0,0,0,0,0,0
00-0036306,Daniel Thomas,SAF,DB,2026,3,REG,CLE,CAR,0,0,0,0,0,0,0,0,0,0,,,0,0,0,0,0,,0,0,0,0,0,0,0,,,0,0,0,0,0,0,0,0,0,0,0
00-0036309,Darnell Mooney,WR,WR,2026,3,REG,NYG,TEN,0,0,0,0,0,0,0,0,0,0,,,1,9,0,1,0,1.1479798903456,2,3,20,0,31,0,1,1.69639775124961,0.645161290322581,0.142857142857143,0.227941176470588,0.373844537815126,0,0,0,0,0,0,2.9,4.9
00-0036313,Braden Mann,P,SPEC,2026,3,REG,PHI,CHI,0,0,0,0,0,0,0,0,0,0,,,0,0,0,0,0,,0,0,0,0,0,0,0,,,0,0,0,0,0,0,0,0,0,0,0
00-0036321,Chase Young,DE,DL,2026,3,REG,NO,LV,0,0,0,0,0,0,0,0,0,0,,,0,0,0,0,0,,0,0,0,0,0,0,0,,,0,0,0,0,0,0,0,0,0,0,0
00-0036322,Justin Jefferson,WR,WR,2026,3,REG,MIN,TB,0,0,0,0,0,0,0,0,0,0,,,0,0,0,0,0,,2,2,32,0,18,14,1,1.72650809975301,1.77777777777778,0.08,0.0714285714285714,0.17,0,0,0,0,0,0,3.2,5.2
00-0036323,Patrick Queen,LB,LB,2026,3,REG,PIT,CIN,0,0,0,0,0,0,0,0,0,0,,,0,0,0,0,0,,0,0,0,0,0,0,0,,,0,0,0,0,0,0,0,0,0,0,0
00-0036327,Ezra Cleveland,G,OL,2026,3,REG,JAX,NE,0,0,0,0,0,0,0,0,0,0,,,0,0,0,0,0,,0,0,0,0,0,0,0,,,0,0,0,0,0,0,0,0,0,0,0
00-0036329,Ashtyn Davis,SAF,DB,2026,3,REG,SF,ARI,0,0,0,0,0,0,0,0,0,0,,,0,0,0,0,0,,0,0,0,0,0,0,0,,,0,0,0,0,0,0,0,0,0,0,0
00-0036331,Devin Duvernay,WR,WR,2026,3,REG,ARI,SF,0,0,0,0,0,0,0,0,0,0,,,0,0,0,0,0,,0,0,0,0,0,0,0,,,0,0,0,0,0,0,0,0,0,0,0
00-0036335,D.J. Wonnum,DE,DL,2026,3,REG,DET,NYJ,0,0,0,0,0,0,0,0,0,0,,,0,0,0,0,0,,0,0,0,0,0,0,0,,,0,0,0,0,0,0,0,0,0,0,0
00-0036337,James Lynch,DT,DL,2026,3,REG,CHI,PHI,0,0,0,0,0,0,0,0,0,0,,,0,0,0,0,0,,0,0,0,0,0,0,0,,,0,0,0,0,0,0,0,0,0,0,0
00-0036338,Troy Dye,LB,LB,2026,3,REG,LAC,BUF,0,0,0,0,0,0,0,0,0,0,,,0,0,0,0,0,,0,0,0,0,0,0,0,,,0,0,0,0,0,0,0,0,0,0,0
00-0036341,Khalid Kareem,DE,DL,2026,3,REG,SF,ARI,0,0,0,0,0,0,0,0,0,0,,,0,0,0,0,0,,0,0,0,0,0,0,0,,,0,0,0,0,0,0,0,0,0,0,0
00-0036347,Blake Brandel,C,OL,2026,3,REG,MIN,TB,0,0,0,0,0,0,0,0,0,0,,,0,0,0,0,0,,0,0,0,0,0,0,0,,,0,0,0,0,0,0,0,0,0,0,0
00-0036348,Josh Metellus,SAF,DB,2026,3,REG,MIN,TB,0,0,0,0,0,0,0,0,0,0,,,0,0,0,0,0,,0,0,0,0,0,0,0,,,0,0,0,0,0,0,0,0,0,0,0
00-0036349,Kam Curl,SAF,DB,2026,3,REG,LA,DEN,0,0,0,0,0,0,0,0,0,0,,,0,0,0,0,0,,0,0,0,0,0,0,0,,,0,0,0,0,0,0,0,0,0,0,0
00-0036355,Justin Herbert,QB,QB,2026,3,REG,LAC,BUF,20,34,226,1,1,2,-9,292,111,11,-6.36960965001577,-0.974467125805942,4,17,0,2,0,1.64032828557538,0,0,0,0,0,0,0,,,0,0,0,0,0,0,0,0,0,12.74,12.74
00-0036356,Isaiah Simmons,SAF,DB,2026,3,REG,CAR,CLE,0,0,0,0,0,0,0,0,0,0,,,0,0,0,0,0,,0,0,0,0,0,0,0,,,0,0,0,0,0,0,0,0,0,0,0
00-0036358,CeeDee Lamb,WR,WR,2026,3,REG,DAL,BAL,0,0,0,0,0,0,0,0,0,0,,,0,0,0,0,0,,7,8,112,0,85,39,5,11.0666254378594,1.31764705882353,0.2,0.3125,0.51875,0,0,0,0,1,0,13.2,20.2
00-0036362,Willie Gay Jr.,LB,LB,2026,3,REG,MIA,KC,0,0,0,0,0,0,0,0,0,0,,,0,0,0,0,0,,0,0,0,0,0,0,0,,,0,0,0,0,0,0,0,0,0,0,0
00-0036366,Neville Gallimore,DT,DL,2026,3,REG,CHI,PHI,0,0,0,0,0,0,0,0,0,0,,,0,0,0,0,0,,0,0,0,0,0,0,0,,,0,0,0,0,0,0,0,0,0,0,0
00-0036369,John Simpson,G,OL,2026,3,REG,BAL,DAL,0,0,0,0,0,0,0,0,0,0,,,0,0,0,0,0,,0,0,0,0,0,0,0,,,0,0,0,0,0,0,0,0,0,0,0
00-0036374,L'Jarius Sneed,CB,DB,2026,3,REG,KC,MIA,0,0,0,0,0,0,0,0,0,0,,,0,0,0,0,0,,0,0,0,0,0,0,0,,,0,0,0,0,0,0,0,0,0,0,0
00-0036375,Amik Robertson,CB,DB,2026,3,REG,WAS,SEA,0,0,0,0,0,0,0,0,0,0,,,0,0,0,0,0,,0,0,0,0,0,0,0,,,0,0,0,0,0,0,0,0,0,0,0
00-0036380,Alohi Gilman,SAF,DB,2026,3,REG,KC,MIA,0,0,0,0,0,0,0,0,0,0,,,0,0,0,0,0,,0,0,0,0,0,0,0,,,0,0,0,0,0,0,0,0,0,0,0
00-0036388,Xavier McKinney,SAF,DB,2026,3,REG,GB,ATL,0,0,0,0,0,0,0,0,0,0,,,0,0,0,0,0,,0,0,0,0,0,0,0,,,0,0,0,0,0,0,0,0,0,0,0
00-0036389,Jalen Hurts,QB,QB,2026,3,REG,PHI,CHI,16,25,153,0,1,2,-12,153,83,6,-10.9558900449192,0.101546446482341,4,25,1,3,1,3.59094701625872,0,0,0,0,0,0,0,,,0,0,0,0,0,0,0,0,0,12.62,12.62
00-0036408,Cesar Ruiz,G,OL,2026,3,REG,NO,LV,0,0,0,0,0,0,0,0,0,0,,,0,0,0,0,0,,0,0,0,0,0,0,0,,,0,0,0,0,0,0,0,0,0,0,0
00-0036409,Jordyn Brooks,LB,LB,2026,3,REG,MIA,KC,0,0,0,0,0,0,0,0,0,0,,,0,0,0,0,0,,0,0,0,0,0,0,0,,,0,0,0,0,0,0,0,0,0,0,0
00-0036410,Tee Higgins,WR,WR,2026,3,REG,CIN,PIT,0,0,0,0,0,0,0,0,0,0,,,0,0,0,0,0,,6,7,90,1,92,7,4,9.88519624857834,0.978260869565217,0.189189189189189,0.355212355212355,0.532432432432433,0,0,0,0,0,0,15,21
00-0036411,Antoine Winfield Jr.,SAF,DB,2026,3,REG,TB,MIN,0,0,0,0,0,0,0,0,0,0,,,0,0,0,0,0,,0,0,0,0,0,0,0,,,0,0,0,0,0,0,0,0,0,0,0
00-0036418,Zack Baun,LB,LB,2026,3,REG,PHI,CHI,0,0,0,0,0,0,0,0,0,0,,,0,0,0,0,0,,0,0,0,0,0,0,0,,,0,0,0,0,0,0,0,0,0,0,0
00-0036425,DeeJay Dallas,RB,RB,2026,3,REG,MIN,TB,0,0,0,0,0,0,0,0,0,0,,,1,2,0,0,0,-0.687600451754406,0,0,0,0,0,0,0,,,0,0,0,0,0,0,0,0,0,0.2,0.2
00-0036428,Justin Strnad,LB,LB,2026,3,REG,DEN,LA,0,0,0,0,0,0,0,0,0,0,,,0,0,0,0,0,,0,0,0,0,0,0,0,,,0,0,0,0,0,0,0,0,0,0,0
00-0036442,Joe Burrow,QB,QB,2026,3,REG,CIN,PIT,28,37,282,3,0,1,-13,259,78,14,14.6521680545717,8.88999615972107,2,13,0,1,0,0.479357612319291,0,0,0,0,0,0,0,,,0,0,0,0,0,1,0,0,0,22.58,22.58
00-0036463,Chris Blair,WR,WR,2026,3,REG,ATL,GB,0,0,0,0,0,0,0,0,0,0,,,0,0,0,0,0,,0,0,0,0,0,0,0,1.053,,0,0,0,0,0,0,0,1,0,2,2
00-0036479,Kwity Paye,DE,DL,2026,3,REG,LV,NO,0,0,0,0,0,0,0,0,0,0,,,0,0,0,0,0,,0,0,0,0,0,0,0,,,0,0,0,0,0,0,0,0,0,0,0
00-0036480,Dayo Odeyingbo,DE,DL,2026,3,REG,CHI,PHI,0,0,0,0,0,0,0,0,0,0,,,0,0,0,0,0,,0,0,0,0,0,0,0,,,0,0,0,0,0,0,0,0,0,0,0
00-0036483,Will Fries,G,OL,2026,3,REG,MIN,TB,0,0,0,0,0,0,0,0,0,0,,,0,0,0,0,0,,0,0,0,0,0,0,0,,,0,0,0,0,0,0,0,0,0,0,0
00-0036500,Jamien Sherwood,LB,LB,2026,3,REG,NYJ,DET,0,0,0,0,0,0,0,0,0,0,,,0,0,0,0,0,,0,0,0,0,0,0,0,,,0,0,0,0,0,0,0,0,0,0,0
00-0036501,Michael Carter II,CB,DB,2026,3,REG,PHI,CHI,0,0,0,0,0,0,0,0,0,0,,,0,0,0,0,0,,0,0,0,0,0,0,0,,,0,0,0,0,0,0,0,0,0,0,0
00-0036502,Jason Pinnock,SAF,DB,2026,3,REG,NYG,TEN,0,0,0,0,0,0,0,0,0,0,,,0,0,0,0,0,,0,0,0,0,0,0,0,,,0,0,0,0,0,0,0,0,0,0,0
00-0036504,Brandin Echols,CB,DB,2026,3,REG,PIT,CIN,0,0,0,0,0,0,0,0,0,0,,,0,0,0,0,0,,0,0,0,0,0,0,0,,,0,0,0,0,0,0,0,0,0,0,0
00-0036550,Rashod Bateman,WR,WR,2026,3,REG,BAL,DAL,0,0,0,0,0,0,0,0,0,0,,,0,0,0,0,0,,2,3,37,0,27,12,1,2.06898124609143,1.37037037037037,0.15,0.149171270718232,0.329419889502762,0,0,0,0,0,0,3.7,5.7
00-0036555,Chuba Hubbard,RB,RB,2026,3,REG,CAR,CLE,0,0,0,0,0,0,0,0,0,0,,,19,82,0,3,3,-3.43855538843479,4,4,28,0,-14,42,1,1.23386756010586,-2,0.0952380952380952,-0.0316027088036117,0.120735246694615,0,0,0,0,0,0,11,15
00-0036563,Deommodore Lenoir,CB,DB,2026,3,REG,SF,ARI,0,0,0,0,0,0,0,0,0,0,,,0,0,0,0,0,,0,0,0,0,0,0,0,,,0,0,0,0,0,0,0,0,0,0,0
00-0036564,Talanoa Hufanga,SAF,DB,2026,3,REG,DEN,LA,0,0,0,0,0,0,0,0,0,0,,,0,0,0,0,0,,0,0,0,0,0,0,0,,,0,0,0,0,0,0,0,0,0,0,0
00-0036587,Ar'Darius Washington,SAF,DB,2026,3,REG,NYG,TEN,0,0,0,0,0,0,0,0,0,0,,,0,0,0,0,0,,0,0,0,0,0,0,0,,,0,0,0,0,0,0,0,0,0,0,0
00-0036603,Alaric Jackson,OT,OL,2026,3,REG,LA,DEN,0,0,0,0,0,0,0,0,0,0,,,0,0,0,0,0,,0,0,0,0,0,0,0,,,0,0,0,0,0,0,0,0,0,0,0
00-0036613,Jaylen Waddle,WR,WR,2026,3,REG,DEN,LA,0,0,0,0,0,0,0,0,0,0,,,1,14,0,1,1,0.982146841939539,2,7,10,0,81,3,1,-2.92136300601737,0.123456790123457,0.225806451612903,0.437837837837838,0.645196163905841,0,0,0,0,1,0,4.4,6.4
00-0036617,Asante Samuel Jr.,CB,DB,2026,3,REG,PIT,CIN,0,0,0,0,0,0,0,0,0,0,,,0,0,0,0,0,,0,0,0,0,0,0,0,,,0,0,0,0,0,0,0,0,0,0,0
00-0036621,Nick Bolton,LB,LB,2026,3,REG,KC,MIA,0,0,0,0,0,0,0,0,0,0,,,0,0,0,0,0,,0,0,0,0,0,0,0,,,0,0,0,0,0,0,0,0,0,0,0
00-0036623,Creed Humphrey,C,OL,2026,3,REG,KC,MIA,0,0,0,0,0,0,0,0,0,0,,,0,0,0,0,0,,0,0,0,0,0,0,0,,,0,0,0,0,0,0,0,0,0,0,0
00-0036624,Alim McNeill,DT,DL,2026,3,REG,DET,NYJ,0,0,0,0,0,0,0,0,0,0,,,0,0,0,0,0,,0,0,0,0,0,0,0,,,0,0,0,0,0,0,0,0,0,0,0
00-0036626,Dyami Brown,WR,WR,2026,3,REG,WAS,SEA,0,0,0,0,0,0,0,0,0,0,,,0,0,0,0,0,,0,1,0,0,22,0,0,-0.976894287159666,0,0.0333333333333333,0.0887096774193548,0.112096774193548,0,0,0,0,0,0,0,0
00-0036628,John Bates,TE,TE,2026,3,REG,WAS,SEA,0,0,0,0,0,0,0,0,0,0,,,0,0,0,0,0,,1,1,9,0,2,7,0,0.755271670874208,4.5,0.0333333333333333,0.00806451612903226,0.0556451612903226,0,0,0,0,0,0,0.9,1.9
00-0036629,Camryn Bynum,SAF,DB,2026,3,REG,IND,HOU,0,0,0,0,0,0,0,0,0,0,,,0,0,0,0,0,,0,0,0,0,0,0,0,,,0,0,0,0,0,0,0,0,0,0,0
00-0036630,Tylan Wallace,WR,WR,2026,3,REG,CLE,CAR,0,0,0,0,0,0,0,0,0,0,,,0,0,0,0,0,,0,0,0,0,0,0,0,,,0,0,0,0,0,0,0,0,0,0,0
00-0036637,Noah Gray,TE,TE,2026,3,REG,KC,MIA,0,0,0,0,0,0,0,0,0,0,,,0,0,0,0,0,,3,3,39,0,22,17,2,2.34707288118079,1.77272727272727,0.130434782608696,0.136645962732919,0.291304347826087,0,0,0,0,0,0,3.9,6.9
00-0036642,Tedarrell Slaton,DT,DL,2026,3,REG,CIN,PIT,0,0,0,0,0,0,0,0,0,0,,,0,0,0,0,0,,0,0,0,0,0,0,0,,,0,0,0,0,0,0,0,0,0,0,0
00-0036646,Simi Fehoko,WR,WR,2026,3,REG,ARI,SF,0,0,0,0,0,0,0,0,0,0,,,0,0,0,0,0,,0,0,0,0,0,0,0,,,0,0,0,0,0,0,0,0,0,0,0
00-0036648,Nick Niemann,LB,LB,2026,3,REG,GB,ATL,0,0,0,0,0,0,0,0,0,0,,,0,0,0,0,0,,0,0,0,0,0,0,0,,,0,0,0,0,0,0,0,0,0,0,0
00-0036655,Cole Van Lanen,G,OL,2026,3,REG,JAX,NE,0,0,0,0,0,0,0,0,0,0,,,0,0,0,0,0,,0,0,0,0,0,0,0,,,0,0,0,0,0,0,0,0,0,0,0
00-0036658,Isaiah McDuffie,LB,LB,2026,3,REG,GB,ATL,0,0,0,0,0,0,0,0,0,0,,,0,0,0,0,0,,0,0,0,0,0,0,0,,,0,0,0,0,0,0,0,0,0,0,0
00-0036660,Trey Smith,G,OL,2026,3,REG,KC,MIA,0,0,0,0,0,0,0,0,0,0,,,0,0,0,0,0,,0,0,0,0,0,0,0,,,0,0,0,0,0,0,0,0,0,0,0
00-0036672,Grant Stuard,LB,LB,2026,3,REG,LA,DEN,0,0,0,0,0,0,0,0,0,0,,,0,0,0,0,0,,0,0,0,0,0,0,0,,,0,0,0,0,0,0,0,0,0,0,0
00-0036682,Malik Herring,DE,DL,2026,3,REG,MIA,KC,0,0,0,0,0,0,0,0,0,0,,,0,0,0,0,0,,0,0,0,0,0,0,0,,,0,0,0,0,0,0,0,0,0,0,0
00-0036683,Devon Key,SAF,DB,2026,3,REG,DEN,LA,0,0,0,0,0,0,0,0,0,0,,,0,0,0,0,0,,0,0,0,0,0,0,0,,,0,0,0,0,0,0,0,0,0,0,0
00-0036695,Naquan Jones,DT,DL,2026,3,REG,SF,ARI,0,0,0,0,0,0,0,0,0,0,,,0,0,0,0,0,,0,0,0,0,0,0,0,,,0,0,0,0,0,0,0,0,0,0,0
00-0036727,Adam Prentice,FB,RB,2026,3,REG,DEN,LA,0,0,0,0,0,0,0,0,0,0,,,0,0,0,0,0,,0,0,0,0,0,0,0,,,0,0,0,0,0,0,0,0,0,0,0
00-0036754,Brock Wright,TE,TE,2026,3,REG,DET,NYJ,0,0,0,0,0,0,0,0,0,0,,,0,0,0,0,0,,2,2,7,0,4,3,1,0.523305408423767,1.75,0.0645161290322581,0.0207253886010363,0.111281965569113,0,0,0,0,0,0,0.7,2.7
00-0036813,Christian Elliss,LB,LB,2026,3,REG,NE,JAX,0,0,0,0,0,0,0,0,0,0,,,0,0,0,0,0,,0,0,0,0,0,0,0,,,0,0,0,0,0,0,0,0,0,0,0
00-0036816,Riley Patterson,K,SPEC,2026,3,REG,MIA,KC,0,0,0,0,0,0,0,0,0,0,,,0,0,0,0,0,,0,0,0,0,0,0,0,,,0,0,0,0,0,0,0,0,0,0,0
00-0036825,Feleipe Franks,TE,TE,2026,3,REG,CAR,CLE,0,0,0,0,0,0,0,0,0,0,,,0,0,0,0,0,,0,0,0,0,0,0,0,,,0,0,0,0,0,0,0,0,0,0,0
00-0036833,Ryan Neuzil,C,OL,2026,3,REG,ATL,GB,0,0,0,0,0,0,0,0,0,0,,,0,0,0,0,0,,0,0,0,0,0,0,0,,,0,0,0,0,0,0,0,0,0,0,0
00-0036844,Garret Wallow,LB,LB,2026,3,REG,SF,ARI,0,0,0,0,0,0,0,0,0,0,,,0,0,0,0,0,,0,0,0,0,0,0,0,,,0,0,0,0,0,0,0,0,0,0,0
00-0036854,Evan McPherson,K,SPEC,2026,3,REG,CIN,PIT,0,0,0,0,0,0,0,0,0,0,,,0,0,0,0,0,,0,0,0,0,0,0,0,,,0,0,0,0,0,0,0,0,0,0,0
00-0036862,Ben Skowronek,WR,WR,2026,3,REG,PIT,CIN,0,0,0,0,0,0,0,0,0,0,,,0,0,0,0,0,,1,1,23,1,23,0,1,2.45458792790305,1,0.032258064516129,0.0585241730279898,0.0893540178937864,0,0,0,0,0,0,8.3,9.3
00-0036874,Pat Surtain II,CB,DB,2026,3,REG,DEN,LA,0,0,0,0,0,0,0,0,0,0,,,0,0,0,0,0,,0,0,0,0,0,0,0,,,0,0,0,0,0,0,0,0,0,0,0
00-0036875,Rhamondre Stevenson,RB,RB,2026,3,REG,NE,JAX,0,0,0,0,0,0,0,0,0,0,,,7,22,0,3,0,3.57132028602064,3,3,16,0,0,16,0,0.272093645005953,0,0.1,0,0.15,0,0,0,0,0,0,3.8,6.8
00-0036880,Penei Sewell,OT,OL,2026,3,REG,DET,NYJ,0,0,0,0,0,0,0,0,0,0,,,0,0,0,0,0,,0,0,0,0,0,0,0,,,0,0,0,0,0,0,0,0,0,0,0
00-0036883,Tommy Togiai,DT,DL,2026,3,REG,HOU,IND,0,0,0,0,0,0,0,0,0,0,,,0,0,0,0,0,,0,0,0,0,0,0,0,,,0,0,0,0,0,0,0,0,0,0,0
00-0036887,Luke Farrell,TE,TE,2026,3,REG,SF,ARI,0,0,0,0,0,0,0,0,0,0,,,0,0,0,0,0,,0,1,0,0,26,0,0,-0.55856156302616,0,0.0384615384615385,0.0884353741496599,0.11959706959707,0,0,0,0,0,0,0,0
00-0036888,Damar Hamlin,SAF,DB,2026,3,REG,BUF,LAC,0,0,0,0,0,0,0,0,0,0,,,0,0,0,0,0,,0,0,0,0,0,0,0,,,0,0,0,0,0,0,0,0,0,0,0
00-0036893,Najee Harris,RB,RB,2026,3,REG,NYG,TEN,0,0,0,0,0,0,0,0,0,0,,,9,52,0,3,1,1.37183479283704,0,0,0,0,0,0,0,,,0,0,0,0,0,0,0,0,0,5.2,5.2
00-0036894,Pat Freiermuth,TE,TE,2026,3,REG,PIT,CIN,0,0,0,0,0,0,0,0,0,0,,,1,1,0,1,0,0.385468833032064,2,4,30,0,50,19,1,-0.556012027023826,0.6,0.129032258064516,0.127226463104326,0.282606911269802,0,0,0,0,0,0,3.1,5.1
00-0036900,Ja'Marr Chase,WR,WR,2026,3,REG,CIN,PIT,0,0,0,0,0,0,0,0,0,0,,,0,0,0,0,0,,9,12,98,1,99,28,6,9.30324580817251,0.98989898989899,0.324324324324324,0.382239382239382,0.754054054054054,0,0,0,0,0,0,15.8,24.8
00-0036901,Eric Stokes,CB,DB,2026,3,REG,LV,NO,0,0,0,0,0,0,0,0,0,0,,,0,0,0,0,0,,0,0,0,0,0,0,0,,,0,0,0,0,0,0,0,0,0,0,0
00-0036902,Joseph Ossai,DE,DL,2026,3,REG,NYJ,DET,0,0,0,0,0,0,0,0,0,0,,,0,0,0,0,0,,0,0,0,0,0,0,0,,,0,0,0,0,0,0,0,0,0,0,0
00-0036903,Bobby Brown III,DT,DL,2026,3,REG,CAR,CLE,0,0,0,0,0,0,0,0,0,0,,,0,0,0,0,0,,0,0,0,0,0,0,0,,,0,0,0,0,0,0,0,0,0,0,0
00-0036909,Khyiris Tonga,DT,DL,2026,3,REG,KC,MIA,0,0,0,0,0,0,0,0,0,0,,,0,0,0,0,0,,0,0,0,0,0,0,0,,,0,0,0,0,0,0,0,0,0,0,0
00-0036912,DeVonta Smith,WR,WR,2026,3,REG,PHI,CHI,0,0,0,0,0,0,0,0,0,0,,,0,0,0,0,0,,6,8,65,0,56,27,2,-0.788361285522115,1.16071428571429,0.32,0.361290322580645,0.732903225806452,0,0,0,0,0,0,6.5,12.5
00-0036914,Greg Rousseau,LB,LB,2026,3,REG,BUF,LAC,0,0,0,0,0,0,0,0,0,0,,,0,0,0,0,0,,0,0,0,0,0,0,0,,,0,0,0,0,0,0,0,0,0,0,0
00-0036916,Milton Williams,DT,DL,2026,3,REG,NE,JAX,0,0,0,0,0,0,0,0,0,0,,,0,0,0,0,0,,0,0,0,0,0,0,0,,,0,0,0,0,0,0,0,0,0,0,0
00-0036919,Kenny Gainwell,RB,RB,2026,3,REG,TB,MIN,0,0,0,0,0,0,0,0,0,0,,,3,-4,0,0,0,-2.38206362782512,2,5,14,0,15,18,1,-3.03100097426074,0.933333333333333,0.142857142857143,0.0380710659898477,0.240935460478608,0,0,0,0,0,0,1,3
00-0036922,Patrick Johnson,DE,DL,2026,3,REG,LV,NO,0,0,0,0,0,0,0,0,0,0,,,0,0,0,0,0,,0,0,0,0,0,0,0,,,0,0,0,0,0,0,0,0,0,0,0
00-0036927,Pete Werner,LB,LB,2026,3,REG,NO,LV,0,0,0,0,0,0,0,0,0,0,,,0,0,0,0,0,,0,0,0,0,0,0,0,,,0,0,0,0,0,0,0,0,0,0,0
00-0036933,Zaven Collins,LB,LB,2026,3,REG,ARI,SF,0,0,0,0,0,0,0,0,0,0,,,0,0,0,0,0,,0,0,0,0,0,0,0,,,0,0,0,0,0,0,0,0,0,0,0
00-0036934,Jaelan Phillips,LB,LB,2026,3,REG,CAR,CLE,0,0,0,0,0,0,0,0,0,0,,,0,0,0,0,0,,0,0,0,0,0,0,0,,,0,0,0,0,0,0,0,0,0,0,0
00-0036940,Odafe Oweh,LB,LB,2026,3,REG,WAS,SEA,0,0,0,0,0,0,0,0,0,0,,,0,0,0,0,0,,0,0,0,0,0,0,0,,,0,0,0,0,0,0,0,0,0,0,0
00-0036941,Andre Cisco,SAF,DB,2026,3,REG,NYJ,DET,0,0,0,0,0,0,0,0,0,0,,,0,0,0,0,0,,0,0,0,0,0,0,0,,,0,0,0,0,0,0,0,0,0,0,0
00-0036942,Osa Odighizuwa,DT,DL,2026,3,REG,SF,ARI,0,0,0,0,0,0,0,0,0,0,,,0,0,0,0,0,,0,0,0,0,0,0,0,,,0,0,0,0,0,0,0,0,0,0,0
00-0036943,Mitchell Fraboni,LS,SPEC,2026,3,REG,DEN,LA,0,0,0,0,0,0,0,0,0,0,,,0,0,0,0,0,,0,0,0,0,0,0,0,,,0,0,0,0,0,0,0,0,0,0,0
00-0036944,Jaycee Horn,CB,DB,2026,3,REG,CAR,CLE,0,0,0,0,0,0,0,0,0,0,,,0,0,0,0,0,,0,0,0,0,0,0,0,,,0,0,0,0,0,0,0,0,0,0,0
00-0036962,Tre'von Moehrig,SAF,DB,2026,3,REG,CAR,CLE,0,0,0,0,0,0,0,0,0,0,,,0,0,0,0,0,,0,0,0,0,0,0,0,,,0,0,0,0,0,0,0,0,0,0,0
00-0036963,Amon-Ra St. Brown,WR,WR,2026,3,REG,DET,NYJ,0,0,0,0,0,0,0,0,0,0,,,0,0,0,0,0,,4,8,19,1,57,3,2,-1.38766220252384,0.333333333333333,0.258064516129032,0.295336787564767,0.593832525488885,0,0,0,0,0,0,7.9,11.9
00-0036964,Derrick Barnes,LB,LB,2026,3,REG,DET,NYJ,0,0,0,0,0,0,0,0,0,0,,,0,0,0,0,0,,0,0,0,0,0,0,0,,,0,0,0,0,0,0,0,0,0,0,0
00-0036970,Kyle Pitts,TE,TE,2026,3,REG,ATL,GB,0,0,0,0,0,0,0,0,0,0,,,0,0,0,0,0,,1,2,5,0,8,0,0,-0.524448337266222,0.625,0.0869565217391304,0.0536912751677852,0.168018675226145,0,0,0,0,0,0,0.5,1.5
00-0036971,Trevor Lawrence,QB,QB,2026,3,REG,JAX,NE,19,29,182,3,1,1,-4,180,78,10,7.55768720564685,5.9628505397726,4,25,0,2,1,2.49052802060032,0,0,0,0,0,0,0,,,0,0,0,0,0,0,0,0,0,19.78,19.78
00-0036973,Travis Etienne,RB,RB,2026,3,REG,NO,LV,0,0,0,0,0,0,0,0,0,0,,,13,57,0,4,1,1.32632189465221,2,2,13,0,0,13,1,0.992845141328871,0,0.05,0,0.075,0,0,0,0,0,0,7,9
00-0036976,Spencer Brown,OT,OL,2026,3,REG,BUF,LAC,0,0,0,0,0,0,0,0,0,0,,,0,0,0,0,0,,0,0,0,0,0,0,0,,,0,0,0,0,0,0,0,0,0,0,0
00-0036981,Christian Barmore,DT,DL,2026,3,REG,NE,JAX,0,0,0,0,0,0,0,0,0,0,,,0,0,0,0,0,,0,0,0,0,0,0,0,,,0,0,0,0,0,0,0,0,0,0,0
00-0036982,Chauncey Golston,DE,DL,2026,3,REG,NYG,TEN,0,0,0,0,0,0,0,0,0,0,,,0,0,0,0,0,,0,0,0,0,0,0,0,,,0,0,0,0,0,0,0,0,0,0,0
00-0036987,Brandon Stephens,CB,DB,2026,3,REG,NYJ,DET,0,0,0,0,0,0,0,0,0,0,,,0,0,0,0,0,,0,0,0,0,0,0,0,,,0,0,0,0,0,0,0,0,0,0,0
00-0036989,Malcolm Koonce,DE,DL,2026,3,REG,LV,NO,0,0,0,0,0,0,0,0,0,0,,,0,0,0,0,0,,0,0,0,0,0,0,0,,,0,0,0,0,0,0,0,0,0,0,0
00-0036990,Divine Deablo,LB,LB,2026,3,REG,ATL,GB,0,0,0,0,0,0,0,0,0,0,,,0,0,0,0,0,,0,0,0,0,0,0,0,,,0,0,0,0,0,0,0,0,0,0,0
00-0036993,Ifeatu Melifonwu,SAF,DB,2026,3,REG,TB,MIN,0,0,0,0,0,0,0,0,0,0,,,0,0,0,0,0,,0,0,0,0,0,0,0,,,0,0,0,0,0,0,0,0,0,0,0
00-0036994,Ernest Jones,LB,LB,2026,3,REG,SEA,WAS,0,0,0,0,0,0,0,0,0,0,,,0,0,0,0,0,,0,0,0,0,0,0,0,,,0,0,0,0,0,0,0,0,0,0,0
00-0036995,Baron Browning,LB,LB,2026,3,REG,ARI,SF,0,0,0,0,0,0,0,0,0,0,,,0,0,0,0,0,,0,0,0,0,0,0,0,,,0,0,0,0,0,0,0,0,0,0,0
00-0036996,Greg Newsome II,CB,DB,2026,3,REG,NYG,TEN,0,0,0,0,0,0,0,0,0,0,,,0,0,0,0,0,,0,0,0,0,0,0,0,,,0,0,0,0,0,0,0,0,0,0,0
00-0036997,Javonte Williams,RB,RB,2026,3,REG,DAL,BAL,0,0,0,0,0,0,0,0,0,0,,,19,98,1,7,3,-0.896825789532159,2,3,5,0,-9,9,1,0.750237238942646,-0.555555555555556,0.075,-0.0330882352941177,0.0893382352941176,0,0,0,0,0,0,16.3,18.3
00-0036998,Jevon Holland,SAF,DB,2026,3,REG,NYG,TEN,0,0,0,0,0,0,0,0,0,0,,,0,0,0,0,0,,0,0,0,0,0,0,0,,,0,0,0,0,0,0,0,0,0,0,0
00-0037004,Hunter Long,TE,TE,2026,3,REG,ARI,SF,0,0,0,0,0,0,0,0,0,0,,,0,0,0,0,0,,1,1,5,0,5,0,0,-0.176848446251825,1,0.02,0.0157232704402516,0.0410062893081761,0,0,0,0,0,0,0.5,1.5
00-0037005,Tommy Tremble,TE,TE,2026,3,REG,CAR,CLE,0,0,0,0,0,0,0,0,0,0,,,0,0,0,0,0,,3,4,41,0,25,27,3,0.758495083602611,1.64,0.0952380952380952,0.0564334085778781,0.182360528861658,0,0,0,0,0,0,4.1,7.1
00-0037007,Patrick Jones II,LB,LB,2026,3,REG,CAR,CLE,0,0,0,0,0,0,0,0,0,0,,,0,0,0,0,0,,0,0,0,0,0,0,0,,,0,0,0,0,0,0,0,0,0,0,0
00-0037034,Dee Alford,CB,DB,2026,3,REG,BUF,LAC,0,0,0,0,0,0,0,0,0,0,,,0,0,0,0,0,,0,0,0,0,0,0,0,,,0,0,0,0,0,0,0,0,0,0,0
00-0037073,Jordan Davis,DT,DL,2026,3,REG,PHI,CHI,0,0,0,0,0,0,0,0,0,0,,,0,0,0,0,0,,0,0,0,0,0,0,0,,,0,0,0,0,0,0,0,0,0,0,0
00-0037074,Quay Walker,LB,LB,2026,3,REG,LV,NO,0,0,0,0,0,0,0,0,0,0,,,0,0,0,0,0,,0,0,0,0,0,0,0,,,0,0,0,0,0,0,0,0,0,0,0
00-0037075,Devonte Wyatt,DT,DL,2026,3,REG,GB,ATL,0,0,0,0,0,0,0,0,0,0,,,0,0,0,0,0,,0,0,0,0,0,0,0,,,0,0,0,0,0,0,0,0,0,0,0
00-0037079,Riq Woolen,CB,DB,2026,3,REG,PHI,CHI,0,0,0,0,0,0,0,0,0,0,,,0,0,0,0,0,,0,0,0,0,0,0,0,,,0,0,0,0,0,0,0,0,0,0,0
00-0037082,Dominique Robinson,DE,DL,2026,3,REG,HOU,IND,0,0,0,0,0,0,0,0,0,0,,,0,0,0,0,0,,0,0,0,0,0,0,0,,,0,0,0,0,0,0,0,0,0,0,0
00-0037083,Kingsley Enagbare,LB,LB,2026,3,REG,NYJ,DET,0,0,0,0,0,0,0,0,0,0,,,0,0,0,0,0,,0,0,0,0,0,0,0,,,0,0,0,0,0,0,0,0,0,0,0
00-0037085,Tyler Badie,RB,RB,2026,3,REG,DEN,LA,0,0,0,0,0,0,0,0,0,0,,,1,2,0,1,0,0.473328080377542,1,1,12,0,6,6,1,1.19173541810596,2,0.032258064516129,0.0324324324324324,0.0710897994768963,0,0,0,0,0,0,1.4,2.4
00-0037091,Bo Melton,WR,WR,2026,3,REG,GB,ATL,0,0,0,0,0,0,0,0,0,0,,,0,0,0,0,0,,0,1,0,0,30,0,0,-0.313529803301208,0,0.0196078431372549,0.076530612244898,0.0829831932773109,0,0,0,0,0,0,0,0
00-0037093,Dareke Young,WR,WR,2026,3,REG,LV,NO,0,0,0,0,0,0,0,0,0,0,,,0,0,0,0,0,,0,0,0,0,0,0,0,,,0,0,0,0,0,0,0,0,0,0,0
00-0037094,Jonathan Ford,DT,DL,2026,3,REG,GB,ATL,0,0,0,0,0,0,0,0,0,0,,,0,0,0,0,0,,0,0,0,0,0,0,0,,,0,0,0,0,0,0,0,0,0,0,0
00-0037096,Elijah Hicks,SAF,DB,2026,3,REG,CHI,PHI,0,0,0,0,0,0,0,0,0,0,,,0,0,0,0,0,,0,0,0,0,0,0,0,,,0,0,0,0,0,0,0,0,0,0,0
00-0037120,Tyler Goodson,RB,RB,2026,3,REG,DAL,BAL,0,0,0,0,0,0,0,0,0,0,,,6,22,0,1,1,-1.05955862096744,1,1,-5,0,-6,1,0,-1.00733958359342,0.833333333333333,0.025,-0.0220588235294118,0.0220588235294118,0,0,0,0,0,0,1.7,2.7
00-0037130,Reed Blankenship,SAF,DB,2026,3,REG,HOU,IND,0,0,0,0,0,0,0,0,0,0,,,0,0,0,0,0,,0,0,0,0,0,0,0,,,0,0,0,0,0,0,0,0,0,0,0
00-0037132,Britain Covey,WR,WR,2026,3,REG,PHI,CHI,0,0,0,0,0,0,0,0,0,0,,,0,0,0,0,0,,0,0,0,0,0,0,0,,,0,0,0,0,0,0,0,0,0,0,0
00-0037137,Josh Jobe,CB,DB,2026,3,REG,SEA,WAS,0,0,0,0,0,0,0,0,0,0,,,0,0,0,0,0,,0,0,0,0,0,0,0,,,0,0,0,0,0,0,0,0,0,0,0
00-0037155,Tony Adams,SAF,DB,2026,3,REG,TEN,NYG,0,0,0,0,0,0,0,0,0,0,,,0,0,0,0,0,,0,0,0,0,0,0,0,,,0,0,0,0,0,0,0,0,0,0,0
00-0037190,Sauce Gardner,CB,DB,2026,3,REG,IND,HOU,0,0,0,0,0,0,0,0,0,0,,,0,0,0,0,0,,0,0,0,0,0,0,0,,,0,0,0,0,0,0,0,0,0,0,0
00-0037191,Trent McDuffie,CB,DB,2026,3,REG,LA,DEN,0,0,0,0,0,0,0,0,0,0,,,0,0,0,0,0,,0,0,0,0,0,0,0,,,0,0,0,0,0,0,0,0,0,0,0
00-0037192,George Karlaftis,DE,DL,2026,3,REG,KC,MIA,0,0,0,0,0,0,0,0,0,0,,,0,0,0,0,0,,0,0,0,0,0,0,0,,,0,0,0,0,0,0,0,0,0,0,0
00-0037193,Bryan Cook,SAF,DB,2026,3,REG,CIN,PIT,0,0,0,0,0,0,0,0,0,0,,,0,0,0,0,0,,0,0,0,0,0,0,0,,,0,0,0,0,0,0,0,0,0,0,0
00-0037195,Jaylen Watson,CB,DB,2026,3,REG,LA,DEN,0,0,0,0,0,0,0,0,0,0,,,0,0,0,0,0,,0,0,0,0,0,0,0,,,0,0,0,0,0,0,0,0,0,0,0
00-0037196,Rasheed Walker,OT,OL,2026,3,REG,CAR,CLE,0,0,0,0,0,0,0,0,0,0,,,0,0,0,0,0,,0,0,0,0,0,0,0,,,0,0,0,0,0,0,0,0,0,0,0
00-0037208,Jack Cochrane,LB,LB,2026,3,REG,KC,MIA,0,0,0,0,0,0,0,0,0,0,,,0,0,0,0,0,,0,0,0,0,0,0,0,,,0,0,0,0,0,0,0,0,0,0,0
00-0037224,Cameron Dicker,K,SPEC,2026,3,REG,LAC,BUF,0,0,0,0,0,0,0,0,0,0,,,0,0,0,0,0,,0,0,0,0,0,0,0,,,0,0,0,0,0,0,0,0,0,0,0
00-0037228,Jaylen Warren,RB,RB,2026,3,REG,PIT,CIN,0,0,0,0,0,0,0,0,0,0,,,17,127,0,5,3,3.27661277566222,3,4,49,0,-2,57,2,2.211699595151,-24.5,0.129032258064516,-0.00508905852417303,0.189986046129853,0,0,0,0,0,0,17.6,20.6
00-0037235,Travon Walker,DE,DL,2026,3,REG,JAX,NE,0,0,0,0,0,0,0,0,0,0,,,0,0,0,0,0,,0,0,0,0,0,0,0,,,0,0,0,0,0,0,0,0,0,0,0
00-0037236,Aidan Hutchinson,DE,DL,2026,3,REG,DET,NYJ,0,0,0,0,0,0,0,0,0,0,,,0,0,0,0,0,,0,0,0,0,0,0,0,,,0,0,0,0,0,0,0,0,0,0,0
00-0037237,Derek Stingley Jr.,CB,DB,2026,3,REG,HOU,IND,0,0,0,0,0,0,0,0,0,0,,,0,0,0,0,0,,0,0,0,0,0,0,0,,,0,0,0,0,0,0,0,0,0,0,0
00-0037238,Drake London,WR,WR,2026,3,REG,ATL,GB,0,0,0,0,0,0,0,0,0,0,,,0,0,0,0,0,,9,10,194,0,97,112,5,12.2562039750523,2,0.434782608695652,0.651006711409396,1.10787861103006,0,0,0,0,0,0,19.4,28.4
00-0037239,Chris Olave,WR,WR,2026,3,REG,NO,LV,0,0,0,0,0,0,0,0,0,0,,,0,0,0,0,0,,9,13,107,0,134,30,7,7.68045180849731,0.798507462686567,0.325,0.430868167202572,0.789107717041801,0,0,0,0,0,0,10.7,19.7
00-0037240,Jameson Williams,WR,WR,2026,3,REG,DET,NYJ,0,0,0,0,0,0,0,0,0,0,,,0,0,0,0,0,,4,4,49,0,48,1,2,3.34815141826402,1.02083333333333,0.129032258064516,0.248704663212435,0.367641651345479,0,0,0,0,0,0,4.9,8.9
00-0037246,Jalen Pitre,SAF,DB,2026,3,REG,HOU,IND,0,0,0,0,0,0,0,0,0,0,,,0,0,0,0,0,,0,0,0,0,0,0,0,,,0,0,0,0,0,0,0,0,0,0,0
00-0037247,George Pickens,WR,WR,2026,3,REG,DAL,BAL,0,0,0,0,0,0,0,0,0,0,,,0,0,0,0,0,,7,11,82,0,80,23,4,5.13073643404124,1.025,0.275,0.294117647058824,0.618382352941176,0,0,0,0,0,0,8.2,15.2
00-0037248,James Cook,RB,RB,2026,3,REG,BUF,LAC,0,0,0,0,0,0,0,0,0,0,,,24,154,1,8,5,0.493368108640425,0,1,0,0,-2,0,0,-0.366891856072471,0,0.0384615384615385,-0.0075187969924812,0.0524291497975709,1,0,0,0,0,0,19.4,19.4
00-0037249,Nik Bonitto,LB,LB,2026,3,REG,DEN,LA,0,0,0,0,0,0,0,0,0,0,,,0,0,0,0,0,,0,0,0,0,0,0,0,,,0,0,0,0,0,0,0,0,0,0,0
00-0037252,Greg Dulcich,TE,TE,2026,3,REG,MIA,KC,0,0,0,0,0,0,0,0,0,0,,,0,0,0,0,0,,5,7,55,0,57,22,1,0.847637000959367,0.964912280701754,0.2,0.145038167938931,0.401526717557252,0,0,0,0,0,0,5.5,10.5
00-0037253,Marcus Jones,CB,DB,2026,3,REG,NE,JAX,0,0,0,0,0,0,0,0,0,0,,,0,0,0,0,0,,0,0,0,0,0,0,0,,,0,0,0,0,0,0,0,0,0,0,0
00-0037254,Terrel Bernard,LB,LB,2026,3,REG,BUF,LAC,0,0,0,0,0,0,0,0,0,0,,,0,0,0,0,0,,0,0,0,0,0,0,0,,,0,0,0,0,0,0,0,0,0,0,0
00-0037255,Dylan Parham,G,OL,2026,3,REG,NYJ,DET,0,0,0,0,0,0,0,0,0,0,,,0,0,0,0,0,,0,0,0,0,0,0,0,,,0,0,0,0,0,0,0,0,0,0,0
00-0037256,Rachaad White,RB,RB,2026,3,REG,WAS,SEA,0,0,0,0,0,0,0,0,0,0,,,8,35,0,1,1,-1.56245874191731,1,1,6,1,6,0,1,1.71206315420568,1,0.0333333333333333,0.0241935483870968,0.0669354838709678,0,0,0,0,0,0,10.1,11.1
00-0037259,Micah McFadden,LB,LB,2026,3,REG,NYG,TEN,0,0,0,0,0,0,0,0,0,0,,,0,0,0,0,0,,0,0,0,0,0,0,0,,,0,0,0,0,0,0,0,0,0,0,0
00-0037261,Khalil Shakir,WR,WR,2026,3,REG,BUF,LAC,0,0,0,0,0,0,0,0,0,0,,,0,0,0,0,0,,1,3,6,0,11,2,1,-0.121877424768172,0.545454545454545,0.115384615384615,0.0413533834586466,0.202024291497976,0,0,0,0,0,0,0.6,1.6
00-0037262,Thomas Booker,DT,DL,2026,3,REG,LV,NO,0,0,0,0,0,0,0,0,0,0,,,0,0,0,0,0,,0,0,0,0,0,0,0,,,0,0,0,0,0,0,0,0,0,0,0
00-0037263,Tyler Allgeier,RB,RB,2026,3,REG,ARI,SF,0,0,0,0,0,0,0,0,0,0,,,2,-1,0,0,0,-1.11138939118246,4,4,10,0,-22,32,1,-0.587955278868321,-0.454545454545455,0.08,-0.0691823899371069,0.0715723270440252,0,0,0,0,0,0,0.9,4.9
00-0037268,Zyon McCollum,CB,DB,2026,3,REG,TB,MIN,0,0,0,0,0,0,0,0,0,0,,,0,0,0,0,0,,0,0,0,0,0,0,0,,,0,0,0,0,0,0,0,0,0,0,0
00-0037270,Otito Ogbonnia,DT,DL,2026,3,REG,DAL,BAL,0,0,0,0,0,0,0,0,0,0,,,0,0,0,0,0,,0,0,0,0,0,0,0,,,0,0,0,0,0,0,0,0,0,0,0
00-0037271,D'Marco Jackson,LB,LB,2026,3,REG,CHI,PHI,0,0,0,0,0,0,0,0,0,0,,,0,0,0,0,0,,0,0,0,0,0,0,0,,,0,0,0,0,0,0,0,0,0,0,0
00-0037275,DaRon Bland,CB,DB,2026,3,REG,DAL,BAL,0,0,0,0,0,0,0,0,0,0,,,0,0,0,0,0,,0,0,0,0,0,0,0,,,0,0,0,0,0,0,0,0,0,0,0
00-0037278,Luke Wattenberg,C,OL,2026,3,REG,DEN,LA,0,0,0,0,0,0,0,0,0,0,,,0,0,0,0,0,,0,0,0,0,0,0,0,,,0,0,0,0,0,0,0,0,0,0,0
00-0037284,Matt Araiza,P,SPEC,2026,3,REG,KC,MIA,0,0,0,0,0,0,0,0,0,0,,,0,0,0,0,0,,0,0,0,0,0,0,0,,,0,0,0,0,0,0,0,0,0,0,0
00-0037288,Christian Benford,CB,DB,2026,3,REG,BUF,LAC,0,0,0,0,0,0,0,0,0,0,,,0,0,0,0,0,,0,0,0,0,0,0,0,,,0,0,0,0,0,0,0,0,0,0,0
00-0037289,Malcolm Rodriguez,LB,LB,2026,3,REG,DET,NYJ,0,0,0,0,0,0,0,0,0,0,,,0,0,0,0,0,,0,0,0,0,0,0,0,,,0,0,0,0,0,0,0,0,0,0,0
00-0037291,Jalen Nailor,WR,WR,2026,3,REG,LV,NO,0,0,0,0,0,0,0,0,0,0,,,0,0,0,0,0,,1,3,16,0,44,2,1,1.30421708326321,0.363636363636364,0.1,0.161172161172161,0.262820512820513,0,0,0,0,0,0,1.6,2.6
00-0037301,Theo Jackson,DB,DB,2026,3,REG,MIN,TB,0,0,0,0,0,0,0,0,0,0,,,0,0,0,0,0,,0,0,0,0,0,0,0,,,0,0,0,0,0,0,0,0,0,0,0
00-0037304,Connor Heyward,FB,RB,2026,3,REG,LV,NO,0,0,0,0,0,0,0,0,0,0,,,0,0,0,0,0,,0,0,0,0,0,0,0,,,0,0,0,0,0,0,0,0,0,0,0
00-0037310,James Houston,LB,LB,2026,3,REG,DAL,BAL,0,0,0,0,0,0,0,0,0,0,,,0,0,0,0,0,,0,0,0,0,0,0,0,,,0,0,0,0,0,0,0,0,0,0,0
00-0037311,Ko Kieft,TE,TE,2026,3,REG,TB,MIN,0,0,0,0,0,0,0,0,0,0,,,0,0,0,0,0,,0,0,0,0,0,0,0,,,0,0,0,0,0,0,0,0,0,0,0
00-0037312,Chance Campbell,LB,LB,2026,3,REG,PHI,CHI,0,0,0,0,0,0,0,0,0,0,,,0,0,0,0,0,,0,0,0,0,0,0,0,,,0,0,0,0,0,0,0,0,0,0,0
00-0037313,Montaric Brown,CB,DB,2026,3,REG,JAX,NE,0,0,0,0,0,0,0,0,0,0,,,0,0,0,0,0,,0,0,0,0,0,0,0,,,0,0,0,0,0,0,0,0,0,0,0
00-0037317,Nick Muse,TE,TE,2026,3,REG,ATL,GB,0,0,0,0,0,0,0,0,0,0,,,0,0,0,0,0,,0,0,0,0,0,0,0,,,0,0,0,0,0,0,0,0,0,0,0
00-0037323,Rodney Thomas,SAF,DB,2026,3,REG,SEA,WAS,0,0,0,0,0,0,0,0,0,0,,,0,0,0,0,0,,0,0,0,0,0,0,0,,,0,0,0,0,0,0,0,0,0,0,0
00-0037336,Brock Hoffman,C,OL,2026,3,REG,PIT,CIN,0,0,0,0,0,0,0,0,0,0,,,0,0,0,0,0,,0,0,0,0,0,0,0,,,0,0,0,0,0,0,0,0,0,0,0
00-0037428,Alec Anderson,OT,OL,2026,3,REG,BUF,LAC,0,0,0,0,0,0,0,0,0,0,,,0,0,0,0,0,,0,0,0,0,0,0,0,,,0,0,0,0,0,0,0,0,0,0,0
00-0037457,Jake Hansen,LB,LB,2026,3,REG,HOU,IND,0,0,0,0,0,0,0,0,0,0,,,0,0,0,0,0,,0,0,0,0,0,0,0,,,0,0,0,0,0,0,0,0,0,0,0
00-0037493,Mike Brown,SAF,DB,2026,3,REG,NE,JAX,0,0,0,0,0,0,0,0,0,0,,,0,0,0,0,0,,0,0,0,0,0,0,0,,,0,0,0,0,0,0,0,0,0,0,0
00-0037500,Ryan Wright,P,SPEC,2026,3,REG,NO,LV,0,0,0,0,0,0,0,0,0,0,,,0,0,0,0,0,,0,0,0,0,0,0,0,,,0,0,0,0,0,0,0,0,0,0,0
00-0037512,Isaiah Pola-Mao,SAF,DB,2026,3,REG,LV,NO,0,0,0,0,0,0,0,0,0,0,,,0,0,0,0,0,,0,0,0,0,0,0,0,,,0,0,0,0,0,0,0,0,0,0,0
00-0037527,Segun Olubi,LB,LB,2026,3,REG,LV,NO,0,0,0,0,0,0,0,0,0,0,,,0,0,0,0,0,,0,0,0,0,0,0,0,,,0,0,0,0,0,0,0,0,0,0,0
00-0037545,Rashid Shaheed,WR,WR,2026,3,REG,SEA,WAS,0,0,0,0,0,0,0,0,0,0,,,0,0,0,0,0,,2,3,14,0,15,8,0,-1.92439813166857,0.933333333333333,0.0666666666666667,0.0517241379310345,0.136206896551724,0,0,0,0,0,0,1.4,3.4
00-0037547,Daniel Whelan,P,SPEC,2026,3,REG,GB,ATL,0,0,0,0,0,0,0,0,0,0,,,0,0,0,0,0,,0,0,0,0,0,0,0,,,0,0,0,0,0,0,0,0,0,0,0
00-0037561,Markquese Bell,SAF,DB,2026,3,REG,DAL,BAL,0,0,0,0,0,0,0,0,0,0,,,0,0,0,0,0,,0,0,0,0,0,0,0,,,0,0,0,0,0,0,0,0,0,0,0
00-0037587,Nate Landman,LB,LB,2026,3,REG,LA,DEN,0,0,0,0,0,0,0,0,0,0,,,0,0,0,0,0,,0,0,0,0,0,0,0,,,0,0,0,0,0,0,0,0,0,0,0
00-0037594,Julius Chestnut,RB,RB,2026,3,REG,TEN,NYG,0,0,0,0,0,0,0,0,0,0,,,0,0,0,0,0,,0,0,0,0,0,0,0,,,0,0,0,0,0,0,0,0,0,0,0
00-0037596,Jack Gibbens,LB,LB,2026,3,REG,ARI,SF,0,0,0,0,0,0,0,0,0,0,,,0,0,0,0,0,,0,0,0,0,0,0,0,,,0,0,0,0,0,0,0,0,0,0,0
00-0037611,Kayvon Thibodeaux,LB,LB,2026,3,REG,NYG,TEN,0,0,0,0,0,0,0,0,0,0,,,0,0,0,0,0,,0,0,0,0,0,0,0,,,0,0,0,0,0,0,0,0,0,0,0
00-0037614,John Metchie III,WR,WR,2026,3,REG,CAR,CLE,0,0,0,0,0,0,0,0,0,0,,,0,0,0,0,0,,2,5,19,1,39,0,2,1.53068579447014,0.487179487179487,0.119047619047619,0.0880361173814898,0.240196710738471,0,0,0,0,0,0,7.9,9.9
00-0037615,Nakobe Dean,LB,LB,2026,3,REG,LV,NO,0,0,0,0,0,0,0,0,0,0,,,0,0,0,0,0,,0,0,0,0,0,0,0,,,0,0,0,0,0,0,0,0,0,0,0
00-0037663,Jermaine Johnson II,DE,DL,2026,3,REG,TEN,NYG,0,0,0,0,0,0,0,0,0,0,,,0,0,0,0,0,,0,0,0,0,0,0,0,,,0,0,0,0,0,0,0,0,0,0,0
00-0037665,Sam Williams,DE,DL,2026,3,REG,CLE,CAR,0,0,0,0,0,0,0,0,0,0,,,0,0,0,0,0,,0,0,0,0,0,0,0,,,0,0,0,0,0,0,0,0,0,0,0
00-0037692,Brandon Aubrey,K,SPEC,2026,3,REG,DAL,BAL,0,0,0,0,0,0,0,0,0,0,,,0,0,0,0,0,,0,0,0,0,0,0,0,,,0,0,0,0,0,0,0,0,0,0,0
00-0037711,Jeremiah Pharms Jr.,DT,DL,2026,3,REG,NE,JAX,0,0,0,0,0,0,0,0,0,0,,,0,0,0,0,0,,0,0,0,0,0,0,0,,,0,0,0,0,0,0,0,0,0,0,0
00-0037740,Garrett Wilson,WR,WR,2026,3,REG,NYJ,DET,0,0,0,0,0,0,0,0,0,0,,,0,0,0,0,0,,10,13,107,1,132,18,6,6.32428889295273,0.810606060606061,0.361111111111111,0.409937888198758,0.828623188405797,0,0,0,0,0,0,16.7,26.7
00-0037741,Jahan Dotson,WR,WR,2026,3,REG,ATL,GB,0,0,0,0,0,0,0,0,0,0,,,0,0,0,0,0,,1,3,11,0,44,5,1,-4.6397841530852,0.25,0.130434782608696,0.295302013422819,0.402363583309017,0,0,0,0,0,0,1.1,2.1
00-0037742,Treylon Burks,WR,WR,2026,3,REG,WAS,SEA,0,0,0,0,0,0,0,0,0,0,,,0,0,0,0,0,,2,2,13,1,9,4,1,2.1081811413751,1.44444444444444,0.0666666666666667,0.0362903225806452,0.125403225806452,0,0,0,0,0,0,7.3,9.3
00-0037743,Daxton Hill,DB,DB,2026,3,REG,CIN,PIT,0,0,0,0,0,0,0,0,0,0,,,0,0,0,0,0,,0,0,0,0,0,0,0,,,0,0,0,0,0,0,0,0,0,0,0
00-0037744,Trey McBride,TE,TE,2026,3,REG,ARI,SF,0,0,0,0,0,0,0,0,0,0,,,0,0,0,0,0,,9,11,75,0,57,18,3,5.29506595697603,1.31578947368421,0.22,0.179245283018868,0.455471698113208,0,0,0,0,0,0,7.5,16.5
00-0037746,Brian Robinson,RB,RB,2026,3,REG,ATL,GB,0,0,0,0,0,0,0,0,0,0,,,10,50,1,4,1,3.34871428151382,0,0,0,0,0,0,0,,,0,0,0,0,0,0,0,0,0,11,11
00-0037755,Jelani Woods,TE,TE,2026,3,REG,NYJ,DET,0,0,0,0,0,0,0,0,0,0,,,0,0,0,0,0,,1,1,20,0,19,1,1,1.26393449032912,1.05263157894737,0.0277777777777778,0.0590062111801242,0.0829710144927536,0,0,0,0,0,0,2,3
00-0037756,Travis Jones,DT,DL,2026,3,REG,BAL,DAL,0,0,0,0,0,0,0,0,0,0,,,0,0,0,0,0,,0,0,0,0,0,0,0,,,0,0,0,0,0,0,0,0,0,0,0
00-0037758,Cordale Flott,CB,DB,2026,3,REG,TEN,NYG,0,0,0,0,0,0,0,0,0,0,,,0,0,0,0,0,,0,0,0,0,0,0,0,,,0,0,0,0,0,0,0,0,0,0,0
00-0037799,Dondrea Tillman,LB,LB,2026,3,REG,DEN,LA,0,0,0,0,0,0,0,0,0,0,,,0,0,0,0,0,,0,0,0,0,0,0,0,,,0,0,0,0,0,0,0,0,0,0,0
00-0037801,KaVontae Turpin,WR,WR,2026,3,REG,DAL,BAL,0,0,0,0,0,0,0,0,0,0,,,1,9,1,1,0,1.77838166756555,1,2,9,0,15,6,1,0.922074000583962,0.6,0.05,0.0551470588235294,0.113602941176471,0,0,0,0,0,0,7.8,8.8
00-0037805,Jeremy Ruckert,TE,TE,2026,3,REG,NYJ,DET,0,0,0,0,0,0,0,0,0,0,,,0,0,0,0,0,,5,5,39,1,15,24,3,4.48430830746656,2.6,0.138888888888889,0.046583850931677,0.240942028985507,0,0,0,0,0,0,9.9,14.9
00-0037815,Cameron Thomas,DE,DL,2026,3,REG,ATL,GB,0,0,0,0,0,0,0,0,0,0,,,0,0,0,0,0,,0,0,0,0,0,0,0,,,0,0,0,0,0,0,0,0,0,0,0
00-0037816,Romeo Doubs,WR,WR,2026,3,REG,NE,JAX,0,0,0,0,0,0,0,0,0,0,,,0,0,0,0,0,,3,4,49,0,51,12,2,3.13886454641567,0.96078431372549,0.133333333333333,0.140883977900553,0.298618784530387,0,0,0,0,0,0,4.9,7.9
00-0037819,Leo Chenal,LB,LB,2026,3,REG,WAS,SEA,0,0,0,0,0,0,0,0,0,0,,,0,0,0,0,0,,0,0,0,0,0,0,0,,,0,0,0,0,0,0,0,0,0,0,0
00-0037823,Christian Harris,LB,LB,2026,3,REG,ATL,GB,0,0,0,0,0,0,0,0,0,0,,,0,0,0,0,0,,0,0,0,0,0,0,0,,,0,0,0,0,0,0,0,0,0,0,0
00-0037825,Tyler Linderbaum,C,OL,2026,3,REG,LV,NO,0,0,0,0,0,0,0,0,0,0,,,0,0,0,0,0,,0,0,0,0,0,0,0,,,0,0,0,0,0,0,0,0,0,0,0
00-0037834,Brock Purdy,QB,QB,2026,3,REG,SF,ARI,15,27,297,4,0,0,0,294,158,14,22.9302931105173,-4.91324284901986,2,34,0,1,1,0.874333725252654,0,0,0,0,0,0,0,,,0,0,0,0,0,0,0,0,0,31.28,31.28
00-0037835,Luke Goedeke,OT,OL,2026,3,REG,TB,MIN,0,0,0,0,0,0,0,0,0,0,,,0,0,0,0,0,,0,0,0,0,0,0,0,,,0,0,0,0,0,0,0,0,0,0,0
00-0037838,Isaiah Likely,TE,TE,2026,3,REG,NYG,TEN,0,0,0,0,0,0,0,0,0,0,,,0,0,0,0,0,,2,5,13,0,21,5,1,-1.11101648758631,0.619047619047619,0.238095238095238,0.154411764705882,0.465231092436975,0,0,0,0,0,0,1.3,3.3
00-0037840,Kyren Williams,RB,RB,2026,3,REG,LA,DEN,0,0,0,0,0,0,0,0,0,0,,,15,88,0,4,1,1.61789961036993,6,7,70,0,44,30,4,-4.98196179886228,1.59090909090909,0.142857142857143,0.0864440078585462,0.274796519786697,0,0,0,0,0,0,15.8,21.8
00-0037841,Quentin Lake,SAF,DB,2026,3,REG,LA,DEN,0,0,0,0,0,0,0,0,0,0,,,0,0,0,0,0,,0,0,0,0,0,0,0,,,0,0,0,0,0,0,0,0,0,0,0
00-0038038,Kyle Hamilton,SAF,DB,2026,3,REG,BAL,DAL,0,0,0,0,0,0,0,0,0,0,,,0,0,0,0,0,,0,0,0,0,0,0,0,,,0,0,0,0,0,0,0,0,0,0,0
00-0038039,Jack Jones,CB,DB,2026,3,REG,SF,ARI,0,0,0,0,0,0,0,0,0,0,,,0,0,0,0,0,,0,0,0,0,0,0,0,,,0,0,0,0,0,0,0,0,0,0,0
00-0038041,Jake Ferguson,TE,TE,2026,3,REG,DAL,BAL,0,0,0,0,0,0,0,0,0,0,,,0,0,0,0,0,,3,5,23,1,12,10,1,-4.64230063103605,1.91666666666667,0.125,0.0441176470588235,0.218382352941176,0,1,0,0,0,0,6.3,9.3
00-0038090,Skyy Moore,WR,WR,2026,3,REG,GB,ATL,0,0,0,0,0,0,0,0,0,0,,,0,0,0,0,0,,3,7,31,0,23,24,2,2.78877342457417,1.34782608695652,0.137254901960784,0.0586734693877551,0.246953781512605,0,0,0,0,0,0,3.1,6.1
00-0038094,Jordan Stout,P,SPEC,2026,3,REG,NYG,TEN,0,0,0,0,0,0,0,0,0,0,,,0,0,0,0,0,,0,0,0,0,0,0,0,,,0,0,0,0,0,0,0,0,0,0,0
00-0038100,Percy Butler,SAF,DB,2026,3,REG,WAS,SEA,0,0,0,0,0,0,0,0,0,0,,,0,0,0,0,0,,0,0,0,0,0,0,0,,,0,0,0,0,0,0,0,0,0,0,0
00-0038101,Akayleb Evans,CB,DB,2026,3,REG,CAR,CLE,0,0,0,0,0,0,0,0,0,0,,,0,0,0,0,0,,0,0,0,0,0,0,0,,,0,0,0,0,0,0,0,0,0,0,0
00-0038103,Cole Strange,G,OL,2026,3,REG,LAC,BUF,0,0,0,0,0,0,0,0,0,0,,,0,0,0,0,0,,0,0,0,0,0,0,0,,,0,0,0,0,0,0,0,0,0,0,0
00-0038104,Tyquan Thornton,WR,WR,2026,3,REG,KC,MIA,0,0,0,0,0,0,0,0,0,0,,,0,0,0,0,0,,2,2,22,0,20,2,2,2.31328904256225,1.1,0.0869565217391304,0.124223602484472,0.217391304347826,0,0,0,0,0,0,2.2,4.2
00-0038106,Eyioma Uwazurike,DT,DL,2026,3,REG,DEN,LA,0,0,0,0,0,0,0,0,0,0,,,0,0,0,0,0,,0,0,0,0,0,0,0,,,0,0,0,0,0,0,0,0,0,0,0
00-0038115,Daniel Bellinger,TE,TE,2026,3,REG,TEN,NYG,0,0,0,0,0,0,0,0,0,0,,,0,0,0,0,0,,2,2,16,0,-1,17,0,-0.100305181578733,0,0.0571428571428571,-0.0043859649122807,0.0826441102756892,0,0,0,0,0,0,1.6,3.6
00-0038116,Arnold Ebiketie,LB,LB,2026,3,REG,PHI,CHI,0,0,0,0,0,0,0,0,0,0,,,0,0,0,0,0,,0,0,0,0,0,0,0,,,0,0,0,0,0,0,0,0,0,0,0
00-0038117,Wan'Dale Robinson,WR,WR,2026,3,REG,TEN,NYG,0,0,0,0,0,0,0,0,0,0,,,0,0,0,0,0,,7,11,57,1,62,35,4,-0.183740388602018,0.919354838709677,0.314285714285714,0.271929824561404,0.661779448621554,0,0,0,0,0,0,11.7,18.7
00-0038120,Breece Hall,RB,RB,2026,3,REG,NYJ,DET,0,0,0,0,0,0,0,0,0,0,,,13,32,0,4,1,-4.14852076978423,3,3,23,0,-2,25,1,2.22111299133394,-11.5,0.0833333333333333,-0.0062111801242236,0.120652173913043,0,0,0,0,0,0,5.5,8.5
00-0038121,Alontae Taylor,CB,DB,2026,3,REG,TEN,NYG,0,0,0,0,0,0,0,0,0,0,,,0,0,0,0,0,,0,0,0,0,0,0,0,,,0,0,0,0,0,0,0,0,0,0,0
00-0038123,Dane Belton,SAF,DB,2026,3,REG,NYJ,DET,0,0,0,0,0,0,0,0,0,0,,,0,0,0,0,0,,0,0,0,0,0,0,0,,,0,0,0,0,0,0,0,0,0,0,0
00-0038124,Christian Watson,WR,WR,2026,3,REG,GB,ATL,0,0,0,0,0,0,0,0,0,0,,,0,0,0,0,0,,7,10,96,1,91,26,5,1.97462191642262,1.05494505494506,0.196078431372549,0.232142857142857,0.456617647058824,0,0,0,0,0,0,15.6,22.6
00-0038125,Roger McCreary,CB,DB,2026,3,REG,DET,NYJ,0,0,0,0,0,0,0,0,0,0,,,0,0,0,0,0,,0,0,0,0,0,0,0,,,0,0,0,0,0,0,0,0,0,0,0
00-0038127,Logan Hall,DE,DL,2026,3,REG,HOU,IND,0,0,0,0,0,0,0,0,0,0,,,0,0,0,0,0,,0,0,0,0,0,0,0,,,0,0,0,0,0,0,0,0,0,0,0
00-0038128,Malik Willis,QB,QB,2026,3,REG,MIA,KC,20,36,210,0,1,0,0,393,120,9,-4.04699744208483,-7.06458926200867,9,56,0,2,2,-1.00314236244838,0,0,0,0,0,0,0,,,0,0,0,1,0,0,0,0,0,10,10
00-0038129,Cade Otton,TE,TE,2026,3,REG,TB,MIN,0,0,0,0,0,0,0,0,0,0,,,0,0,0,0,0,,3,6,56,0,61,42,2,3.54373414558359,0.918032786885246,0.171428571428571,0.154822335025381,0.365518491660624,0,0,0,0,0,0,5.6,8.6
00-0038133,Boye Mafe,DE,DL,2026,3,REG,CIN,PIT,0,0,0,0,0,0,0,0,0,0,,,0,0,0,0,0,,0,0,0,0,0,0,0,,,0,0,0,0,0,0,0,0,0,0,0
00-0038134,Kenneth Walker III,RB,RB,2026,3,REG,KC,MIA,0,0,0,0,0,0,0,0,0,0,,,18,70,1,4,3,-4.94048628013115,2,2,3,1,-7,10,1,1.24871814588611,-0.428571428571429,0.0869565217391304,-0.0434782608695652,0.1,0,0,0,0,0,0,19.3,21.3
00-0038135,Jaquan Brisker,SAF,DB,2026,3,REG,PIT,CIN,0,0,0,0,0,0,0,0,0,0,,,0,0,0,0,0,,0,0,0,0,0,0,0,,,0,0,0,0,0,0,0,0,0,0,0
00-0038359,Xavier Smith,WR,WR,2026,3,REG,LA,DEN,0,0,0,0,0,0,0,0,0,0,,,0,0,0,0,0,,0,0,0,0,0,0,0,,,0,0,0,0,0,0,0,0,0,0,0
00-0038366,Tanner Ingle,SAF,DB,2026,3,REG,LA,DEN,0,0,0,0,0,0,0,0,0,0,,,0,0,0,0,0,,0,0,0,0,0,0,0,,,0,0,0,0,0,0,0,0,0,0,0
00-0038386,Jalen Carter,DT,DL,2026,3,REG,PHI,CHI,0,0,0,0,0,0,0,0,0,0,,,0,0,0,0,0,,0,0,0,0,0,0,0,,,0,0,0,0,0,0,0,0,0,0,0
00-0038387,Colby Wooden,DE,DL,2026,3,REG,NO,LV,0,0,0,0,0,0,0,0,0,0,,,0,0,0,0,0,,0,0,0,0,0,0,0,,,0,0,0,0,0,0,0,0,0,0,0
00-0038393,Dontayvion Wicks,WR,WR,2026,3,REG,PHI,CHI,0,0,0,0,0,0,0,0,0,0,,,0,0,0,0,0,,2,5,32,0,55,7,2,-4.40228892274899,0.581818181818182,0.2,0.354838709677419,0.548387096774194,0,0,0,0,0,0,3.2,5.2
00-0038398,Karl Brooks,DT,DL,2026,3,REG,GB,ATL,0,0,0,0,0,0,0,0,0,0,,,0,0,0,0,0,,0,0,0,0,0,0,0,,,0,0,0,0,0,0,0,0,0,0,0
00-0038399,Zaire Barnes,LB,LB,2026,3,REG,NYG,TEN,0,0,0,0,0,0,0,0,0,0,,,0,0,0,0,0,,0,0,0,0,0,0,0,,,0,0,0,0,0,0,0,0,0,0,0
00-0038409,Lew Nichols III,RB,RB,2026,3,REG,PIT,CIN,0,0,0,0,0,0,0,0,0,0,,,1,0,0,0,0,-0.511382138734916,0,0,0,0,0,0,0,,,0,0,0,0,0,0,0,0,0,0,0
00-0038412,Moro Ojomo,DT,DL,2026,3,REG,PHI,CHI,0,0,0,0,0,0,0,0,0,0,,,0,0,0,0,0,,0,0,0,0,0,0,0,,,0,0,0,0,0,0,0,0,0,0,0
00-0038414,Kendall Williamson,SAF,DB,2026,3,REG,LAC,BUF,0,0,0,0,0,0,0,0,0,0,,,0,0,0,0,0,,0,0,0,0,0,0,0,,,0,0,0,0,0,0,0,0,0,0,0
00-0038428,Andre Szmyt,K,SPEC,2026,3,REG,CLE,CAR,0,0,0,0,0,0,0,0,0,0,,,0,0,0,0,0,,0,0,0,0,0,0,0,,,0,0,0,0,0,0,0,0,0,0,0
00-0038454,Keaton Mitchell,RB,RB,2026,3,REG,LAC,BUF,0,0,0,0,0,0,0,0,0,0,,,8,52,0,1,2,-0.00443895210475676,3,3,-5,1,-11,6,1,-0.748283101478592,0.454545454545455,0.0909090909090909,-0.0376712328767123,0.109993773349938,0,0,0,0,0,0,10.7,13.7
00-0038463,Brenton Cox Jr.,DE,DL,2026,3,REG,GB,ATL,0,0,0,0,0,0,0,0,0,0,,,0,0,0,0,0,,0,0,0,0,0,0,0,,,0,0,0,0,0,0,0,0,0,0,0
00-0038476,Tommy DeVito,QB,QB,2026,3,REG,NE,JAX,3,5,30,0,0,0,0,64,15,2,-0.536269539035857,3.04411947727203,1,2,0,0,0,-0.409445349825546,0,0,0,0,0,0,0,,,0,0,0,0,0,0,0,0,0,1.4,1.4
00-0038488,Brady Russell,RB,RB,2026,3,REG,SEA,WAS,0,0,0,0,0,0,0,0,0,0,,,0,0,0,0,0,,1,1,20,0,13,7,1,1.89790228634956,1.53846153846154,0.0222222222222222,0.0448275862068966,0.0647126436781609,0,0,0,0,0,0,2,3
00-0038489,Ben VanSumeren,RB,RB,2026,3,REG,KC,MIA,0,0,0,0,0,0,0,0,0,0,,,0,0,0,0,0,,0,0,0,0,0,0,0,,,0,0,0,0,0,0,0,0,0,0,0
00-0038498,E.J. Jenkins,TE,TE,2026,3,REG,PHI,CHI,0,0,0,0,0,0,0,0,0,0,,,0,0,0,0,0,,0,0,0,0,0,0,0,,,0,0,0,0,0,0,0,0,0,0,0
00-0038504,Trenton Simpson,LB,LB,2026,3,REG,BAL,DAL,0,0,0,0,0,0,0,0,0,0,,,0,0,0,0,0,,0,0,0,0,0,0,0,,,0,0,0,0,0,0,0,0,0,0,0
00-0038505,Tavius Robinson,LB,LB,2026,3,REG,BAL,DAL,0,0,0,0,0,0,0,0,0,0,,,0,0,0,0,0,,0,0,0,0,0,0,0,,,0,0,0,0,0,0,0,0,0,0,0
00-0038514,Truman Jones,DE,DL,2026,3,REG,TEN,NYG,0,0,0,0,0,0,0,0,0,0,,,0,0,0,0,0,,0,0,0,0,0,0,0,,,0,0,0,0,0,0,0,0,0,0,0
00-0038519,Nikko Remigio,WR,WR,2026,3,REG,KC,MIA,0,0,0,0,0,0,0,0,0,0,,,0,0,0,0,0,,0,0,0,0,0,0,0,,,0,0,0,0,0,0,0,0,0,0,0
00-0038540,Paris Johnson Jr.,OT,OL,2026,3,REG,ARI,SF,0,0,0,0,0,0,0,0,0,0,,,0,0,0,0,0,,0,0,0,0,0,0,0,,,0,0,0,0,0,0,0,0,0,0,0
00-0038542,Bijan Robinson,RB,RB,2026,3,REG,ATL,GB,0,0,0,0,0,0,0,0,0,0,,,29,194,2,11,4,8.70096714532701,2,2,19,0,-10,29,1,1.26852386002429,-1.9,0.0869565217391304,-0.0671140939597315,0.0834549168368836,0,0,0,0,0,0,33.3,35.3
00-0038543,Jaxon Smith-Njigba,WR,WR,2026,3,REG,SEA,WAS,1,1,14,0,0,0,0,-7,21,1,0.925090614531655,45.2943086624146,0,0,0,0,0,,10,14,128,2,151,7,9,3.41951832218911,0.847682119205298,0.311111111111111,0.520689655172414,0.831149425287356,0,0,0,0,0,0,25.36,35.36
00-0038544,Quentin Johnston,WR,WR,2026,3,REG,LAC,BUF,0,0,0,0,0,0,0,0,0,0,,,0,0,0,0,0,,3,6,40,0,68,25,2,0.40194255678216,0.588235294117647,0.181818181818182,0.232876712328767,0.43574097135741,0,0,0,0,0,0,4,7
00-0038546,Myles Murphy,DE,DL,2026,3,REG,CIN,PIT,0,0,0,0,0,0,0,0,0,0,,,0,0,0,0,0,,0,0,0,0,0,0,0,,,0,0,0,0,0,0,0,0,0,0,0
00-0038547,Luke Schoonmaker,TE,TE,2026,3,REG,DAL,BAL,0,0,0,0,0,0,0,0,0,0,,,0,0,0,0,0,,1,1,9,0,6,3,0,0.802328102523461,1.5,0.025,0.0220588235294118,0.0529411764705882,0,0,0,0,0,0,0.9,1.9
00-0038549,DJ Turner II,CB,DB,2026,3,REG,CIN,PIT,0,0,0,0,0,0,0,0,0,0,,,0,0,0,0,0,,0,0,0,0,0,0,0,,,0,0,0,0,0,0,0,0,0,0,0
00-0038551,Kendre Miller,RB,RB,2026,3,REG,NO,LV,0,0,0,0,0,0,0,0,0,0,,,4,14,0,1,0,-0.180375358904712,2,3,5,0,-5,4,0,-1.10854086326435,-1,0.075,-0.0160771704180064,0.101245980707395,0,0,0,0,0,0,1.9,3.9
00-0038552,Riley Moss,CB,DB,2026,3,REG,DEN,LA,0,0,0,0,0,0,0,0,0,0,,,0,0,0,0,0,,0,0,0,0,0,0,0,,,0,0,0,0,0,0,0,0,0,0,0
00-0038553,Daiyan Henley,LB,LB,2026,3,REG,LAC,BUF,0,0,0,0,0,0,0,0,0,0,,,0,0,0,0,0,,0,0,0,0,0,0,0,,,0,0,0,0,0,0,0,0,0,0,0
00-0038554,Ji'Ayir Brown,SAF,DB,2026,3,REG,SF,ARI,0,0,0,0,0,0,0,0,0,0,,,0,0,0,0,0,,0,0,0,0,0,0,0,,,0,0,0,0,0,0,0,0,0,0,0
00-0038555,Tank Bigsby,RB,RB,2026,3,REG,PHI,CHI,0,0,0,0,0,0,0,0,0,0,,,0,0,0,0,0,,1,1,5,0,0,5,0,-4.04246741905808,0,0.04,0,0.06,0,1,0,0,0,0,-1.5,-0.5
00-0038557,Dorian Williams,LB,LB,2026,3,REG,BUF,LAC,0,0,0,0,0,0,0,0,0,0,,,0,0,0,0,0,,0,0,0,0,0,0,0,,,0,0,0,0,0,0,0,0,0,0,0
00-0038558,Darnell Washington,TE,TE,2026,3,REG,PIT,CIN,0,0,0,0,0,0,0,0,0,0,,,0,0,0,0,0,,3,4,67,0,16,56,2,4.04102010658244,4.1875,0.129032258064516,0.0407124681933842,0.222047114832143,0,0,0,0,0,0,6.7,9.7
00-0038559,Michael Wilson,WR,WR,2026,3,REG,ARI,SF,0,0,0,0,0,0,0,0,0,0,,,0,0,0,0,0,,11,17,89,1,162,28,7,5.88616516336332,0.549382716049383,0.34,0.509433962264151,0.866603773584906,0,0,0,0,0,0,14.9,25.9
00-0038560,Jordan Battle,SAF,DB,2026,3,REG,CIN,PIT,0,0,0,0,0,0,0,0,0,0,,,0,0,0,0,0,,0,0,0,0,0,0,0,,,0,0,0,0,0,0,0,0,0,0,0
00-0038563,Tre Tucker,WR,WR,2026,3,REG,LV,NO,0,0,0,0,0,0,0,0,0,0,,,0,0,0,0,0,,4,4,43,0,35,8,2,2.53799751843326,1.22857142857143,0.133333333333333,0.128205128205128,0.28974358974359,0,0,0,0,0,0,4.3,8.3
00-0038564,Cameron Latu,TE,TE,2026,3,REG,NE,JAX,0,0,0,0,0,0,0,0,0,0,,,0,0,0,0,0,,0,0,0,0,0,0,0,,,0,0,0,0,0,0,0,0,0,0,0
00-0038565,Mekhi Blackmon,DB,DB,2026,3,REG,CLE,CAR,0,0,0,0,0,0,0,0,0,0,,,0,0,0,0,0,,0,0,0,0,0,0,0,,,0,0,0,0,0,0,0,0,0,0,0
00-0038567,Chad Ryland,K,SPEC,2026,3,REG,ARI,SF,0,0,0,0,0,0,0,0,0,0,,,0,0,0,0,0,,0,0,0,0,0,0,0,,,0,0,0,0,0,0,0,0,0,0,0
00-0038570,Ventrell Miller,LB,LB,2026,3,REG,JAX,NE,0,0,0,0,0,0,0,0,0,0,,,0,0,0,0,0,,0,0,0,0,0,0,0,,,0,0,0,0,0,0,0,0,0,0,0
00-0038573,Derius Davis,WR,WR,2026,3,REG,LAC,BUF,0,0,0,0,0,0,0,0,0,0,,,0,0,0,0,0,,0,0,0,0,0,0,0,,,0,0,0,0,0,0,0,0,0,0,0
00-0038574,Isaiah McGuire,DE,DL,2026,3,REG,CLE,CAR,0,0,0,0,0,0,0,0,0,0,,,0,0,0,0,0,,0,0,0,0,0,0,0,,,0,0,0,0,0,0,0,0,0,0,0
00-0038577,Nick Herbig,LB,LB,2026,3,REG,PIT,CIN,0,0,0,0,0,0,0,0,0,0,,,0,0,0,0,0,,0,0,0,0,0,0,0,,,0,0,0,0,0,0,0,0,0,0,0
00-0038588,Jordan Howden,SAF,DB,2026,3,REG,NO,LV,0,0,0,0,0,0,0,0,0,0,,,0,0,0,0,0,,0,0,0,0,0,0,0,,,0,0,0,0,0,0,0,0,0,0,0
00-0038596,Antonio Johnson,SAF,DB,2026,3,REG,JAX,NE,0,0,0,0,0,0,0,0,0,0,,,0,0,0,0,0,,0,0,0,0,0,0,0,,,0,0,0,0,0,0,0,0,0,0,0
00-0038597,Chase Brown,RB,RB,2026,3,REG,CIN,PIT,0,0,0,0,0,0,0,0,0,0,,,13,61,0,3,2,0.855313690495677,2,2,8,0,-1,9,1,-0.435116604086943,-8,0.0540540540540541,-0.00386100386100386,0.0783783783783784,0,0,0,0,0,0,6.9,8.9
00-0038605,JL Skinner,SAF,DB,2026,3,REG,DEN,LA,0,0,0,0,0,0,0,0,0,0,,,0,0,0,0,0,,0,0,0,0,0,0,0,,,0,0,0,0,0,0,0,0,0,0,0
00-0038606,Parker Washington,WR,WR,2026,3,REG,JAX,NE,0,0,0,0,0,0,0,0,0,0,,,0,0,0,0,0,,3,5,40,1,50,4,2,4.64973959577037,0.8,0.185185185185185,0.277777777777778,0.472222222222222,0,0,0,0,0,0,10,13
00-0038608,Kayshon Boutte,WR,WR,2026,3,REG,HOU,IND,0,0,0,0,0,0,0,0,0,0,,,0,0,0,0,0,,2,2,21,0,15,6,1,1.45589470880805,1.4,0.08,0.0447761194029851,0.15134328358209,0,0,0,0,0,0,2.1,4.1
00-0038611,Chris Rodriguez Jr.,RB,RB,2026,3,REG,JAX,NE,0,0,0,0,0,0,0,0,0,0,,,8,37,1,3,0,2.08605821855599,0,0,0,0,0,0,0,,,0,0,0,0,0,0,0,0,0,9.7,9.7
00-0038618,Xavier Hutchinson,WR,WR,2026,3,REG,HOU,IND,0,0,0,0,0,0,0,0,0,0,,,2,4,0,1,0,-0.506214332359377,3,6,51,0,121,3,2,0.44272083195392,0.421487603305785,0.24,0.361194029850746,0.612835820895522,0,0,0,0,0,0,5.5,8.5
00-0038620,Erick Hallett,SAF,DB,2026,3,REG,TEN,NYG,0,0,0,0,0,0,0,0,0,0,,,0,0,0,0,0,,0,0,0,0,0,0,0,,,0,0,0,0,0,0,0,0,0,0,0
00-0038621,DeMario Douglas,WR,WR,2026,3,REG,NE,JAX,0,0,0,0,0,0,0,0,0,0,,,0,0,0,0,0,,1,5,38,0,104,6,1,-1.66001068492187,0.365384615384615,0.166666666666667,0.287292817679558,0.451104972375691,0,0,0,0,0,0,3.8,4.8
00-0038623,Dante Stills,DT,DL,2026,3,REG,ARI,SF,0,0,0,0,0,0,0,0,0,0,,,0,0,0,0,0,,0,0,0,0,0,0,0,,,0,0,0,0,0,0,0,0,0,0,0
00-0038625,Dee Winters,LB,LB,2026,3,REG,DAL,BAL,0,0,0,0,0,0,0,0,0,0,,,0,0,0,0,0,,0,0,0,0,0,0,0,,,0,0,0,0,0,0,0,0,0,0,0
00-0038629,Jovaughn Gwyn,C,OL,2026,3,REG,BAL,DAL,0,0,0,0,0,0,0,0,0,0,,,0,0,0,0,0,,0,0,0,0,0,0,0,,,0,0,0,0,0,0,0,0,0,0,0
00-0038640,Jalen Brooks,WR,WR,2026,3,REG,ARI,SF,0,0,0,0,0,0,0,0,0,0,,,0,0,0,0,0,,0,1,0,0,12,0,0,-0.537309508305043,0,0.02,0.0377358490566038,0.0564150943396226,0,0,0,0,0,0,0,0
00-0038642,D.J. Ivey,CB,DB,2026,3,REG,CIN,PIT,0,0,0,0,0,0,0,0,0,0,,,0,0,0,0,0,,0,0,0,0,0,0,0,,,0,0,0,0,0,0,0,0,0,0,0
00-0038643,Brayden Willis,TE,TE,2026,3,REG,SF,ARI,0,0,0,0,0,0,0,0,0,0,,,0,0,0,0,0,,0,0,0,0,0,0,0,,,0,0,0,0,0,0,0,0,0,0,0
00-0038660,Trevor Nowaske,LB,LB,2026,3,REG,DET,NYJ,0,0,0,0,0,0,0,0,0,0,,,0,0,0,0,0,,0,0,0,0,0,0,0,,,0,0,0,0,0,0,0,0,0,0,0
00-0038685,Chris Brooks,RB,RB,2026,3,REG,GB,ATL,0,0,0,0,0,0,0,0,0,0,,,0,0,0,0,0,,1,1,4,0,-1,5,0,-0.119538394443225,-4,0.0196078431372549,-0.00255102040816327,0.0276260504201681,0,0,0,0,0,0,0.4,1.4
00-0038715,Ronnie Hickman Jr.,SAF,DB,2026,3,REG,CLE,CAR,0,0,0,0,0,0,0,0,0,0,,,0,0,0,0,0,,0,0,0,0,0,0,0,,,0,0,0,0,0,0,0,0,0,0,0
00-0038728,Jared Wayne,WR,WR,2026,3,REG,HOU,IND,0,0,0,0,0,0,0,0,0,0,,,0,0,0,0,0,,1,4,20,0,69,0,1,0.124812704278156,0.289855072463768,0.16,0.205970149253731,0.384179104477612,0,0,0,0,0,0,2,3
00-0038740,Jalen Cropper,WR,WR,2026,3,REG,NO,LV,0,0,0,0,0,0,0,0,0,0,,,0,0,0,0,0,,0,0,0,0,0,0,0,,,0,0,0,0,0,0,0,0,0,0,0
00-0038778,Jalen Redmond,DL,DL,2026,3,REG,MIN,TB,0,0,0,0,0,0,0,0,0,0,,,0,0,0,0,0,,0,0,0,0,0,0,0,,,0,0,0,0,0,0,0,0,0,0,0
00-0038782,Eku Leota,LB,LB,2026,3,REG,ARI,SF,0,0,0,0,0,0,0,0,0,0,,,0,0,0,0,0,,0,0,0,0,0,0,0,,,0,0,0,0,0,0,0,0,0,0,0
00-0038783,Nate Adkins,TE,TE,2026,3,REG,DEN,LA,0,0,0,0,0,0,0,0,0,0,,,0,0,0,0,0,,1,2,8,1,6,4,1,1.56358397664735,1.33333333333333,0.0645161290322581,0.0324324324324324,0.11947689625109,0,0,0,0,0,0,6.8,7.8
00-0038791,Thomas Incoom,LB,LB,2026,3,REG,CAR,CLE,0,0,0,0,0,0,0,0,0,0,,,0,0,0,0,0,,0,0,0,0,0,0,0,,,0,0,0,0,0,0,0,0,0,0,0
00-0038797,Emanuel Wilson,RB,RB,2026,3,REG,SEA,WAS,0,0,0,0,0,0,0,0,0,0,,,9,14,0,0,0,-3.31723151443293,0,0,0,0,0,0,0,,,0,0,0,0,0,0,0,0,0,1.4,1.4
00-0038807,Ivan Pace Jr.,LB,LB,2026,3,REG,MIN,TB,0,0,0,0,0,0,0,0,0,0,,,0,0,0,0,0,,0,0,0,0,0,0,0,,,0,0,0,0,0,0,0,0,0,0,0
00-0038820,Christian Izien,SAF,DB,2026,3,REG,DET,NYJ,0,0,0,0,0,0,0,0,0,0,,,0,0,0,0,0,,0,0,0,0,0,0,0,,,0,0,0,0,0,0,0,0,0,0,0
00-0038824,Ryan Miller,WR,WR,2026,3,REG,MIA,KC,0,0,0,0,0,0,0,0,0,0,,,0,0,0,0,0,,2,3,15,0,2,1,2,-0.178653525887057,7.5,0.0857142857142857,0.00508905852417303,0.13213376953835,0,0,0,0,0,0,1.5,3.5
00-0038840,Brycen Tremayne,WR,WR,2026,3,REG,CAR,CLE,0,0,0,0,0,0,0,0,0,0,,,0,0,0,0,0,,4,6,83,0,108,15,4,4.97674724257171,0.768518518518519,0.142857142857143,0.243792325056433,0.384940341825218,0,0,0,0,0,0,8.3,12.3
00-0038866,AJ Finley,SAF,DB,2026,3,REG,SEA,WAS,0,0,0,0,0,0,0,0,0,0,,,0,0,0,0,0,,0,0,0,0,0,0,0,,,0,0,0,0,0,0,0,0,0,0,0
00-0038896,Jacob Saylors,RB,RB,2026,3,REG,DET,NYJ,0,0,0,0,0,0,0,0,0,0,,,0,0,0,0,0,,0,0,0,0,0,0,0,,,0,0,0,0,0,0,0,0,0,0,0
00-0038922,Drake Thomas,LB,LB,2026,3,REG,SEA,WAS,0,0,0,0,0,0,0,0,0,0,,,0,0,0,0,0,,0,0,0,0,0,0,0,,,0,0,0,0,0,0,0,0,0,0,0
00-0038933,Dalton Kincaid,TE,TE,2026,3,REG,BUF,LAC,0,0,0,0,0,0,0,0,0,0,,,0,0,0,0,0,,2,3,38,0,36,18,1,-1.71007262985222,1.05555555555556,0.115384615384615,0.135338345864662,0.267813765182186,0,1,0,0,0,0,1.8,3.8
00-0038935,Brenton Strange,TE,TE,2026,3,REG,JAX,NE,0,0,0,0,0,0,0,0,0,0,,,0,0,0,0,0,,3,5,32,0,32,27,1,-4.83253954228712,1,0.185185185185185,0.177777777777778,0.402222222222222,0,0,0,0,0,0,3.2,6.2
00-0038978,Byron Young,DT,DL,2026,3,REG,PHI,CHI,0,0,0,0,0,0,0,0,0,0,,,0,0,0,0,0,,0,0,0,0,0,0,0,,,0,0,0,0,0,0,0,0,0,0,0
00-0038980,Zach Harrison,DE,DL,2026,3,REG,ATL,GB,0,0,0,0,0,0,0,0,0,0,,,0,0,0,0,0,,0,0,0,0,0,0,0,,,0,0,0,0,0,0,0,0,0,0,0
00-0038994,Jordan Addison,WR,WR,2026,3,REG,MIN,TB,0,0,0,0,0,0,0,0,0,0,,,0,0,0,0,0,,5,9,90,1,151,9,3,0.530806025024504,0.596026490066225,0.36,0.599206349206349,0.959444444444444,0,0,0,0,0,0,15,20
00-0038996,Tucker Kraft,TE,TE,2026,3,REG,GB,ATL,0,0,0,0,0,0,0,0,0,0,,,0,0,0,0,0,,4,8,26,0,36,18,1,-1.99154105054913,0.722222222222222,0.156862745098039,0.0918367346938776,0.299579831932773,0,0,0,0,0,0,2.6,6.6
00-0038997,Josh Downs,WR,WR,2026,3,REG,IND,HOU,0,0,0,0,0,0,0,0,0,0,,,0,0,0,0,0,,5,11,77,0,172,25,4,1.51797371672001,0.447674418604651,0.314285714285714,0.612099644128114,0.899898322318251,0,0,0,0,0,0,7.7,12.7
00-0039001,Tyler Steen,G,OL,2026,3,REG,PHI,CHI,0,0,0,0,0,0,0,0,0,0,,,0,0,0,0,0,,0,0,0,0,0,0,0,,,0,0,0,0,0,0,0,0,0,0,0
00-0039002,Sydney Brown,SAF,DB,2026,3,REG,ATL,GB,0,0,0,0,0,0,0,0,0,0,,,0,0,0,0,0,,0,0,0,0,0,0,0,,,0,0,0,0,0,0,0,0,0,0,0
00-0039006,Felix Anudike-Uzomah,DE,DL,2026,3,REG,KC,MIA,0,0,0,0,0,0,0,0,0,0,,,0,0,0,0,0,,0,0,0,0,0,0,0,,,0,0,0,0,0,0,0,0,0,0,0
00-0039007,Garrett Williams,CB,DB,2026,3,REG,ARI,SF,0,0,0,0,0,0,0,0,0,0,,,0,0,0,0,0,,0,0,0,0,0,0,0,,,0,0,0,0,0,0,0,0,0,0,0
00-0039013,Nolan Smith,LB,LB,2026,3,REG,PHI,CHI,0,0,0,0,0,0,0,0,0,0,,,0,0,0,0,0,,0,0,0,0,0,0,0,,,0,0,0,0,0,0,0,0,0,0,0
00-0039018,Jack Campbell,LB,LB,2026,3,REG,DET,NYJ,0,0,0,0,0,0,0,0,0,0,,,0,0,0,0,0,,0,0,0,0,0,0,0,,,0,0,0,0,0,0,0,0,0,0,0
00-0039019,John Michael Schmitz,C,OL,2026,3,REG,NYG,TEN,0,0,0,0,0,0,0,0,0,0,,,0,0,0,0,0,,0,0,0,0,0,0,0,,,0,0,0,0,0,0,0,0,0,0,0
00-0039031,Adetomiwa Adebawore,DT,DL,2026,3,REG,IND,HOU,0,0,0,0,0,0,0,0,0,0,,,0,0,0,0,0,,0,0,0,0,0,0,0,,,0,0,0,0,0,0,0,0,0,0,0
00-0039032,Tyjae Spears,RB,RB,2026,3,REG,TEN,NYG,0,0,0,0,0,0,0,0,0,0,,,3,5,0,0,0,-1.09219776821556,0,0,0,0,0,0,0,,,0,0,0,0,0,0,0,0,0,0.5,0.5
00-0039040,De'Von Achane,RB,RB,2026,3,REG,MIA,KC,0,0,0,0,0,0,0,0,0,0,,,3,17,0,1,1,0.765418052906171,0,1,0,0,10,0,0,-0.593809911049902,0,0.0285714285714286,0.0254452926208651,0.0606688476917485,0,0,0,0,0,0,1.7,1.7
00-0039041,Elijah Higgins,TE,TE,2026,3,REG,ARI,SF,0,0,0,0,0,0,0,0,0,0,,,0,0,0,0,0,,3,3,20,0,8,12,1,1.45905953180045,2.5,0.06,0.0251572327044025,0.107610062893082,0,0,0,0,0,0,2,5
00-0039047,Derick Hall,LB,LB,2026,3,REG,SEA,WAS,0,0,0,0,0,0,0,0,0,0,,,0,0,0,0,0,,0,0,0,0,0,0,0,,,0,0,0,0,0,0,0,0,0,0,0
00-0039049,SirVocea Dennis,LB,LB,2026,3,REG,TB,MIN,0,0,0,0,0,0,0,0,0,0,,,0,0,0,0,0,,0,0,0,0,0,0,0,,,0,0,0,0,0,0,0,0,0,0,0
00-0039050,Payne Durham,TE,TE,2026,3,REG,TB,MIN,0,0,0,0,0,0,0,0,0,0,,,0,0,0,0,0,,0,1,0,0,4,0,0,-0.95557459210977,0,0.0285714285714286,0.0101522842639594,0.0499637418419144,0,0,0,0,0,0,0,0
00-0039053,Jose Ramirez,LB,LB,2026,3,REG,NE,JAX,0,0,0,0,0,0,0,0,0,0,,,0,0,0,0,0,,0,0,0,0,0,0,0,,,0,0,0,0,0,0,0,0,0,0,0
00-0039058,Steve Avila,G,OL,2026,3,REG,LA,DEN,0,0,0,0,0,0,0,0,0,0,,,0,0,0,0,0,,0,0,0,0,0,0,0,,,0,0,0,0,0,0,0,0,0,0,0
00-0039059,Ethan Evans,P,SPEC,2026,3,REG,LA,DEN,0,0,0,0,0,0,0,0,0,0,,,0,0,0,0,0,,0,0,0,0,0,0,0,,,0,0,0,0,0,0,0,0,0,0,0
00-0039061,Desjuan Johnson,LB,LB,2026,3,REG,LA,DEN,0,0,0,0,0,0,0,0,0,0,,,0,0,0,0,0,,0,0,0,0,0,0,0,,,0,0,0,0,0,0,0,0,0,0,0
00-0039063,Calijah Kancey,DT,DL,2026,3,REG,TB,MIN,0,0,0,0,0,0,0,0,0,0,,,0,0,0,0,0,,0,0,0,0,0,0,0,,,0,0,0,0,0,0,0,0,0,0,0
00-0039064,Zay Flowers,WR,WR,2026,3,REG,BAL,DAL,0,0,0,0,0,0,0,0,0,0,,,1,20,0,1,1,1.64934066441492,5,6,84,0,55,34,5,6.61737851566827,1.52727272727273,0.3,0.303867403314917,0.662707182320442,0,0,0,0,0,0,10.4,15.4
00-0039065,Sam LaPorta,TE,TE,2026,3,REG,DET,NYJ,0,0,0,0,0,0,0,0,0,0,,,0,0,0,0,0,,3,4,44,0,39,14,1,1.04988730937475,1.12820512820513,0.129032258064516,0.202072538860104,0.334999164298847,0,0,0,0,0,0,4.4,7.4
00-0039066,Michael Mayer,TE,TE,2026,3,REG,LV,NO,0,0,0,0,0,0,0,0,0,0,,,0,0,0,0,0,,3,3,32,1,12,20,3,3.28620442561805,2.66666666666667,0.1,0.043956043956044,0.180769230769231,0,0,0,0,0,0,9.2,12.2
00-0039067,Rashee Rice,WR,WR,2026,3,REG,KC,MIA,0,0,0,0,0,0,0,0,0,0,,,0,0,0,0,0,,7,9,88,0,75,55,2,0.235757469257806,1.17333333333333,0.391304347826087,0.46583850931677,0.91304347826087,0,0,0,0,0,0,8.8,15.8
00-0039068,Yaya Diaby,LB,LB,2026,3,REG,TB,MIN,0,0,0,0,0,0,0,0,0,0,,,0,0,0,0,0,,0,0,0,0,0,0,0,,,0,0,0,0,0,0,0,0,0,0,0
00-0039070,Gervon Dexter Sr.,DT,DL,2026,3,REG,ATL,GB,0,0,0,0,0,0,0,0,0,0,,,0,0,0,0,0,,0,0,0,0,0,0,0,,,0,0,0,0,0,0,0,0,0,0,0
00-0039074,Davis Allen,TE,TE,2026,3,REG,LA,DEN,0,0,0,0,0,0,0,0,0,0,,,0,0,0,0,0,,2,3,19,0,22,15,1,0.602781084366143,0.863636363636364,0.0612244897959184,0.0432220039292731,0.122092137444369,0,0,0,0,0,0,1.9,3.9
00-0039077,Warren McClendon Jr.,OT,OL,2026,3,REG,LA,DEN,0,0,0,0,0,0,0,0,0,0,,,0,0,0,0,0,,0,0,0,0,0,0,0,,,0,0,0,0,0,0,0,0,0,0,0
00-0039108,Will Anderson Jr.,DE,DL,2026,3,REG,HOU,IND,0,0,0,0,0,0,0,0,0,0,,,0,0,0,0,0,,0,0,0,0,0,0,0,,,0,0,0,0,0,0,0,0,0,0,0
00-0039110,Keeanu Benton,DT,DL,2026,3,REG,PIT,CIN,0,0,0,0,0,0,0,0,0,0,,,0,0,0,0,0,,0,0,0,0,0,0,0,,,0,0,0,0,0,0,0,0,0,0,0
00-0039111,Tuli Tuipulotu,LB,LB,2026,3,REG,LAC,BUF,0,0,0,0,0,0,0,0,0,0,,,0,0,0,0,0,,0,0,0,0,0,0,0,,,0,0,0,0,0,0,0,0,0,0,0
00-0039112,Lukas Van Ness,LB,LB,2026,3,REG,GB,ATL,0,0,0,0,0,0,0,0,0,0,,,0,0,0,0,0,,0,0,0,0,0,0,0,,,0,0,0,0,0,0,0,0,0,0,0
00-0039137,Byron Young,LB,LB,2026,3,REG,LA,DEN,0,0,0,0,0,0,0,0,0,0,,,0,0,0,0,0,,0,0,0,0,0,0,0,,,0,0,0,0,0,0,0,0,0,0,0
00-0039138,Kobie Turner,DE,DL,2026,3,REG,LA,DEN,0,0,0,0,0,0,0,0,0,0,,,0,0,0,0,0,,0,0,0,0,0,0,0,,,0,0,0,0,0,0,0,0,0,0,0
00-0039139,Jahmyr Gibbs,RB,RB,2026,3,REG,DET,NYJ,0,0,0,0,0,0,0,0,0,0,,,20,99,2,7,2,-0.0267233224003576,7,8,65,1,4,57,4,5.84160371526377,16.25,0.258064516129032,0.0207253886010363,0.401604546214274,0,0,0,0,0,0,34.4,41.4
00-0039140,Kelee Ringo,CB,DB,2026,3,REG,PHI,CHI,0,0,0,0,0,0,0,0,0,0,,,0,0,0,0,0,,0,0,0,0,0,0,0,,,0,0,0,0,0,0,0,0,0,0,0
00-0039142,Will McDonald IV,DE,DL,2026,3,REG,NYJ,DET,0,0,0,0,0,0,0,0,0,0,,,0,0,0,0,0,,0,0,0,0,0,0,0,,,0,0,0,0,0,0,0,0,0,0,0
00-0039147,Christian Gonzalez,CB,DB,2026,3,REG,NE,JAX,0,0,0,0,0,0,0,0,0,0,,,0,0,0,0,0,,0,0,0,0,0,0,0,,,0,0,0,0,0,0,0,0,0,0,0
00-0039148,Keion White,DE,DL,2026,3,REG,SF,ARI,0,0,0,0,0,0,0,0,0,0,,,0,0,0,0,0,,0,0,0,0,0,0,0,,,0,0,0,0,0,0,0,0,0,0,0
00-0039149,Quan Martin,SAF,DB,2026,3,REG,WAS,SEA,0,0,0,0,0,0,0,0,0,0,,,0,0,0,0,0,,0,0,0,0,0,0,0,,,0,0,0,0,0,0,0,0,0,0,0
00-0039150,Bryce Young,QB,QB,2026,3,REG,CAR,CLE,26,48,291,1,1,3,-29,443,133,17,-5.91398153563015,-2.68613802535193,0,0,0,0,0,,0,0,0,0,0,0,0,,,0,0,0,0,0,0,0,0,0,13.64,13.64
00-0039151,Emmanuel Forbes,CB,DB,2026,3,REG,LA,DEN,0,0,0,0,0,0,0,0,0,0,,,0,0,0,0,0,,0,0,0,0,0,0,0,,,0,0,0,0,0,0,0,0,0,0,0
00-0039156,Julius Brents,CB,DB,2026,3,REG,MIA,KC,0,0,0,0,0,0,0,0,0,0,,,0,0,0,0,0,,0,0,0,0,0,0,0,,,0,0,0,0,0,0,0,0,0,0,0
00-0039157,Cody Mauch,G,OL,2026,3,REG,TB,MIN,0,0,0,0,0,0,0,0,0,0,,,0,0,0,0,0,,0,0,0,0,0,0,0,,,0,0,0,0,0,0,0,0,0,0,0
00-0039163,C.J. Stroud,QB,QB,2026,3,REG,HOU,IND,16,27,167,1,0,3,-14,335,30,8,-3.09171249371042,0.160362362861633,2,10,0,2,0,2.19686711480608,0,0,0,0,0,0,0,,,0,0,0,0,0,0,0,0,0,11.68,11.68
00-0039169,Devon Witherspoon,CB,DB,2026,3,REG,SEA,WAS,0,0,0,0,0,0,0,0,0,0,,,0,0,0,0,0,,0,0,0,0,0,0,0,,,0,0,0,0,0,0,0,0,0,0,0
00-0039172,Jake Bates,K,SPEC,2026,3,REG,DET,NYJ,0,0,0,0,0,0,0,0,0,0,,,0,0,0,0,0,,0,0,0,0,0,0,0,,,0,0,0,0,0,0,0,0,0,0,0
00-0039178,Austin Ajiake,LB,LB,2026,3,REG,IND,HOU,0,0,0,0,0,0,0,0,0,0,,,0,0,0,0,0,,0,0,0,0,0,0,0,,,0,0,0,0,0,0,0,0,0,0,0
00-0039232,Nate Wiggins,CB,DB,2026,3,REG,BAL,DAL,0,0,0,0,0,0,0,0,0,0,,,0,0,0,0,0,,0,0,0,0,0,0,0,,,0,0,0,0,0,0,0,0,0,0,0
00-0039239,Kalen King,CB,DB,2026,3,REG,ARI,SF,0,0,0,0,0,0,0,0,0,0,,,0,0,0,0,0,,0,0,0,0,0,0,0,,,0,0,0,0,0,0,0,0,0,0,0
00-0039299,George Holani,RB,RB,2026,3,REG,SEA,WAS,0,0,0,0,0,0,0,0,0,0,,,3,10,0,0,0,-0.254452104738448,5,5,48,0,-10,58,2,2.291028043197,-4.8,0.111111111111111,-0.0344827586206897,0.142528735632184,0,0,0,0,0,0,5.8,10.8
00-0039309,Byron Murphy II,DT,DL,2026,3,REG,SEA,WAS,0,0,0,0,0,0,0,0,0,0,,,0,0,0,0,0,,0,0,0,0,0,0,0,,,0,0,0,0,0,0,0,0,0,0,0
00-0039313,Swayze Bozeman,LB,LB,2026,3,REG,CIN,PIT,0,0,0,0,0,0,0,0,0,0,,,0,0,0,0,0,,0,0,0,0,0,0,0,,,0,0,0,0,0,0,0,0,0,0,0
00-0039323,Ryan Rehkow,P,SPEC,2026,3,REG,CIN,PIT,0,0,0,0,0,0,0,0,0,0,,,0,0,0,0,0,,0,0,0,0,0,0,0,,,0,0,0,0,0,0,0,0,0,0,0
00-0039324,Christian Roland-Wallace,CB,DB,2026,3,REG,KC,MIA,0,0,0,0,0,0,0,0,0,0,,,0,0,0,0,0,,0,0,0,0,0,0,0,,,0,0,0,0,0,0,0,0,0,0,0
00-0039337,Malik Nabers,WR,WR,2026,3,REG,NYG,TEN,0,0,0,0,0,0,0,0,0,0,,,0,0,0,0,0,,5,6,26,0,5,21,2,-2.94323265797941,5.2,0.285714285714286,0.0367647058823529,0.454306722689076,0,0,0,0,0,0,2.6,7.6
00-0039338,Brock Bowers,TE,TE,2026,3,REG,LV,NO,0,0,0,0,0,0,0,0,0,0,,,0,0,0,0,0,,10,13,116,1,106,28,7,8.58891068622065,1.09433962264151,0.433333333333333,0.388278388278388,0.921794871794872,0,0,0,0,0,0,17.6,27.6
00-0039340,Laiatu Latu,DE,DL,2026,3,REG,IND,HOU,0,0,0,0,0,0,0,0,0,0,,,0,0,0,0,0,,0,0,0,0,0,0,0,,,0,0,0,0,0,0,0,0,0,0,0
00-0039343,Kamari Lassiter,CB,DB,2026,3,REG,HOU,IND,0,0,0,0,0,0,0,0,0,0,,,0,0,0,0,0,,0,0,0,0,0,0,0,,,0,0,0,0,0,0,0,0,0,0,0
00-0039345,Renardo Green,CB,DB,2026,3,REG,SF,ARI,0,0,0,0,0,0,0,0,0,0,,,0,0,0,0,0,,0,0,0,0,0,0,0,,,0,0,0,0,0,0,0,0,0,0,0
00-0039347,Trevin Wallace,LB,LB,2026,3,REG,NYJ,DET,0,0,0,0,0,0,0,0,0,0,,,0,0,0,0,0,,0,0,0,0,0,0,0,,,0,0,0,0,0,0,0,0,0,0,0
00-0039353,Jarrian Jones,CB,DB,2026,3,REG,JAX,NE,0,0,0,0,0,0,0,0,0,0,,,0,0,0,0,0,,0,0,0,0,0,0,0,,,0,0,0,0,0,0,0,0,0,0,0
00-0039355,Luke McCaffrey,WR,WR,2026,3,REG,WAS,SEA,0,0,0,0,0,0,0,0,0,0,,,0,0,0,0,0,,0,0,0,0,0,0,0,,,0,0,0,0,0,0,0,0,0,0,0
00-0039360,Malik Mustapha,SAF,DB,2026,3,REG,SF,ARI,0,0,0,0,0,0,0,0,0,0,,,0,0,0,0,0,,0,0,0,0,0,0,0,,,0,0,0,0,0,0,0,0,0,0,0
00-0039361,Bucky Irving,RB,RB,2026,3,REG,TB,MIN,0,0,0,0,0,0,0,0,0,0,,,15,46,0,1,0,-2.72967537184013,2,4,12,0,14,2,1,-0.405810188211035,0.857142857142857,0.114285714285714,0.0355329949238579,0.196301667875272,0,0,0,0,0,0,5.8,7.8
00-0039364,Sione Vaki,RB,RB,2026,3,REG,DET,NYJ,0,0,0,0,0,0,0,0,0,0,,,6,26,0,2,0,0.709219882031903,1,1,11,0,5,6,1,0.743653345154598,2.2,0.032258064516129,0.0259067357512953,0.0665218118001003,0,0,0,0,0,0,3.7,4.7
00-0039365,Jacob Cowing,WR,WR,2026,3,REG,SF,ARI,0,0,0,0,0,0,0,0,0,0,,,0,0,0,0,0,,0,2,0,0,47,0,0,-0.688666935750318,0,0.0769230769230769,0.159863945578231,0.227289377289377,0,0,0,0,0,0,0,0
00-0039366,Tarheeb Still,CB,DB,2026,3,REG,LAC,BUF,0,0,0,0,0,0,0,0,0,0,,,0,0,0,0,0,,0,0,0,0,0,0,0,,,0,0,0,0,0,0,0,0,0,0,0
00-0039369,Cam Hart,CB,DB,2026,3,REG,LAC,BUF,0,0,0,0,0,0,0,0,0,0,,,0,0,0,0,0,,0,0,0,0,0,0,0,,,0,0,0,0,0,0,0,0,0,0,0
00-0039371,Kris Abrams-Draine,CB,DB,2026,3,REG,DEN,LA,0,0,0,0,0,0,0,0,0,0,,,0,0,0,0,0,,0,0,0,0,0,0,0,,,0,0,0,0,0,0,0,0,0,0,0
00-0039372,Jarvis Brownlee Jr.,DB,DB,2026,3,REG,NYJ,DET,0,0,0,0,0,0,0,0,0,0,,,0,0,0,0,0,,0,0,0,0,0,0,0,,,0,0,0,0,0,0,0,0,0,0,0
00-0039374,Tommy Eichenberg,LB,LB,2026,3,REG,LV,NO,0,0,0,0,0,0,0,0,0,0,,,0,0,0,0,0,,0,0,0,0,0,0,0,,,0,0,0,0,0,0,0,0,0,0,0
00-0039377,Jaylon Carlies,LB,LB,2026,3,REG,IND,HOU,0,0,0,0,0,0,0,0,0,0,,,0,0,0,0,0,,0,0,0,0,0,0,0,,,0,0,0,0,0,0,0,0,0,0,0
00-0039380,Chau Smith-Wade,CB,DB,2026,3,REG,CAR,CLE,0,0,0,0,0,0,0,0,0,0,,,0,0,0,0,0,,0,0,0,0,0,0,0,,,0,0,0,0,0,0,0,0,0,0,0
00-0039384,Tyrone Tracy Jr.,RB,RB,2026,3,REG,NYG,TEN,0,0,0,0,0,0,0,0,0,0,,,1,3,0,1,0,0.826640825951472,0,0,0,0,0,0,0,,,0,0,0,0,0,0,0,0,0,0.3,0.3
00-0039387,Caelen Carson,DB,DB,2026,3,REG,DAL,BAL,0,0,0,0,0,0,0,0,0,0,,,0,0,0,0,0,,0,0,0,0,0,0,0,,,0,0,0,0,0,0,0,0,0,0,0
00-0039391,Kimani Vidal,RB,RB,2026,3,REG,LAC,BUF,0,0,0,0,0,0,0,0,0,0,,,1,6,0,1,0,0.591159732663073,1,3,14,0,19,17,1,-1.97506925865309,0.736842105263158,0.0909090909090909,0.0650684931506849,0.181911581569116,0,0,0,0,0,0,2,3
00-0039395,Jamal Hill,LB,LB,2026,3,REG,HOU,IND,0,0,0,0,0,0,0,0,0,0,,,0,0,0,0,0,,0,0,0,0,0,0,0,,,0,0,0,0,0,0,0,0,0,0,0
00-0039401,Khristian Boyd,DT,DL,2026,3,REG,NO,LV,0,0,0,0,0,0,0,0,0,0,,,0,0,0,0,0,,0,0,0,0,0,0,0,,,0,0,0,0,0,0,0,0,0,0,0
00-0039404,Will Reichard,K,SPEC,2026,3,REG,MIN,TB,0,0,0,0,0,0,0,0,0,0,,,0,0,0,0,0,,0,0,0,0,0,0,0,,,0,0,0,0,0,0,0,0,0,0,0
00-0039407,Dylan Laube,RB,RB,2026,3,REG,LV,NO,0,0,0,0,0,0,0,0,0,0,,,0,0,0,0,0,,0,0,0,0,0,0,0,,,0,0,0,0,0,0,0,0,0,0,0
00-0039409,Cam Little,K,SPEC,2026,3,REG,JAX,NE,0,0,0,0,0,0,0,0,0,0,,,0,0,0,0,0,,0,0,0,0,0,0,0,,,0,0,0,0,0,0,0,0,0,0,0
00-0039410,Ryan Flournoy,WR,WR,2026,3,REG,DAL,BAL,0,0,0,0,0,0,0,0,0,0,,,0,0,0,0,0,,2,8,22,0,87,8,1,-2.81641490615587,0.252873563218391,0.2,0.319852941176471,0.523897058823529,0,0,0,0,0,0,2.2,4.2
00-0039417,Myles Harden,CB,DB,2026,3,REG,CLE,CAR,0,0,0,0,0,0,0,0,0,0,,,0,0,0,0,0,,0,0,0,0,0,0,0,,,0,0,0,0,0,0,0,0,0,0,0
00-0039421,Levi Drake Rodriguez,DL,DL,2026,3,REG,MIN,TB,0,0,0,0,0,0,0,0,0,0,,,0,0,0,0,0,,0,0,0,0,0,0,0,,,0,0,0,0,0,0,0,0,0,0,0
00-0039424,Devaughn Vele,WR,WR,2026,3,REG,NO,LV,0,0,0,0,0,0,0,0,0,0,,,0,0,0,0,0,,3,6,39,0,94,12,3,-0.131286828313023,0.414893617021277,0.15,0.302250803858521,0.436575562700965,0,0,0,0,0,0,3.9,6.9
00-0039430,James Williams,LB,LB,2026,3,REG,TEN,NYG,0,0,0,0,0,0,0,0,0,0,,,0,0,0,0,0,,0,0,0,0,0,0,0,,,0,0,0,0,0,0,0,0,0,0,0
00-0039431,Jowon Briggs,DE,DL,2026,3,REG,NYJ,DET,0,0,0,0,0,0,0,0,0,0,,,0,0,0,0,0,,0,0,0,0,0,0,0,,,0,0,0,0,0,0,0,0,0,0,0
00-0039451,Isaiah Williams,WR,WR,2026,3,REG,NYJ,DET,0,0,0,0,0,0,0,0,0,0,,,0,0,0,0,0,,1,2,21,0,28,0,1,2.63160714582773,0.75,0.0555555555555556,0.0869565217391304,0.144202898550725,0,0,0,0,0,0,2.1,3.1
00-0039465,Reddy Steward,DB,DB,2026,3,REG,DAL,BAL,0,0,0,0,0,0,0,0,0,0,,,0,0,0,0,0,,0,0,0,0,0,0,0,,,0,0,0,0,0,0,0,0,0,0,0
00-0039469,Te'Cory Couch,DB,DB,2026,3,REG,BUF,LAC,0,0,0,0,0,0,0,0,0,0,,,0,0,0,0,0,,0,0,0,0,0,0,0,,,0,0,0,0,0,0,0,0,0,0,0
00-0039489,Hayden Rucci,TE,TE,2026,3,REG,LAC,BUF,0,0,0,0,0,0,0,0,0,0,,,0,0,0,0,0,,0,0,0,0,0,0,0,,,0,0,0,0,0,0,0,0,0,0,0
00-0039491,Jalen Coker,WR,WR,2026,3,REG,CAR,CLE,0,0,0,0,0,0,0,0,0,0,,,0,0,0,0,0,,2,4,18,0,80,8,1,-1.49219902232289,0.225,0.0952380952380952,0.18058690744921,0.26926797807159,0,0,0,0,0,0,1.8,3.8
00-0039498,Harrison Mevis,K,SPEC,2026,3,REG,LA,DEN,0,0,0,0,0,0,0,0,0,0,,,0,0,0,0,0,,0,0,0,0,0,0,0,,,0,0,0,0,0,0,0,0,0,0,0
00-0039530,Brevyn Spann-Ford,TE,TE,2026,3,REG,DAL,BAL,0,0,0,0,0,0,0,0,0,0,,,0,0,0,0,0,,1,1,19,0,2,17,1,1.23801737115718,9.5,0.025,0.00735294117647059,0.0426470588235294,0,0,0,0,0,0,1.9,2.9
00-0039576,Spencer Shrader,K,SPEC,2026,3,REG,IND,HOU,0,0,0,0,0,0,0,0,0,0,,,0,0,0,0,0,,0,0,0,0,0,0,0,,,0,0,0,0,0,0,0,0,0,0,0
00-0039589,Kameron Johnson,WR,WR,2026,3,REG,TB,MIN,0,0,0,0,0,0,0,0,0,0,,,0,0,0,0,0,,0,0,0,0,0,0,0,,,0,0,0,0,0,0,0,0,0,0,0
00-0039622,Isaiah Stalbird,LB,LB,2026,3,REG,NO,LV,0,0,0,0,0,0,0,0,0,0,,,0,0,0,0,0,,0,0,0,0,0,0,0,,,0,0,0,0,0,0,0,0,0,0,0
00-0039632,PJ Jules,SAF,DB,2026,3,REG,CIN,PIT,0,0,0,0,0,0,0,0,0,0,,,0,0,0,0,0,,0,0,0,0,0,0,0,,,0,0,0,0,0,0,0,0,0,0,0
00-0039634,Austin McNamara,P,SPEC,2026,3,REG,NYJ,DET,0,0,0,0,0,0,0,0,0,0,,,0,0,0,0,0,,0,0,0,0,0,0,0,,,0,0,0,0,0,0,0,0,0,0,0
00-0039637,Maema Njongmeta,LB,LB,2026,3,REG,CAR,CLE,0,0,0,0,0,0,0,0,0,0,,,0,0,0,0,0,,0,0,0,0,0,0,0,,,0,0,0,0,0,0,0,0,0,0,0
00-0039681,Tyler Owens,DB,DB,2026,3,REG,WAS,SEA,0,0,0,0,0,0,0,0,0,0,,,0,0,0,0,0,,0,0,0,0,0,0,0,,,0,0,0,0,0,0,0,0,0,0,0
00-0039686,Colson Yankoff,TE,TE,2026,3,REG,WAS,SEA,0,0,0,0,0,0,0,0,0,0,,,0,0,0,0,0,,1,2,2,0,-3,4,0,-1.76199631206691,0,0.0666666666666667,-0.0120967741935484,0.0915322580645161,0,0,0,0,0,0,0.2,1.2
00-0039718,Bo Richter,LB,LB,2026,3,REG,MIN,TB,0,0,0,0,0,0,0,0,0,0,,,0,0,0,0,0,,0,0,0,0,0,0,0,,,0,0,0,0,0,0,0,0,0,0,0
00-0039725,Jayden Price,CB,DB,2026,3,REG,NO,LV,0,0,0,0,0,0,0,0,0,0,,,0,0,0,0,0,,0,0,0,0,0,0,0,,,0,0,0,0,0,0,0,0,0,0,0
00-0039732,Bo Nix,QB,QB,2026,3,REG,DEN,LA,17,34,186,2,1,1,-7,185,123,10,-1.07277712648522,-11.3875756821325,4,7,1,2,0,1.96814008385991,0,0,0,0,0,0,0,,,0,0,0,0,0,0,0,0,2,24.14,24.14
00-0039733,Ruke Orhorhoro,DT,DL,2026,3,REG,JAX,NE,0,0,0,0,0,0,0,0,0,0,,,0,0,0,0,0,,0,0,0,0,0,0,0,,,0,0,0,0,0,0,0,0,0,0,0
00-0039734,Braden Fiske,DE,DL,2026,3,REG,LA,DEN,0,0,0,0,0,0,0,0,0,0,,,0,0,0,0,0,,0,0,0,0,0,0,0,,,0,0,0,0,0,0,0,0,0,0,0
00-0039738,Blake Corum,RB,RB,2026,3,REG,LA,DEN,0,0,0,0,0,0,0,0,0,0,,,6,15,0,0,0,-2.08139961818233,2,4,0,0,-1,-1,0,-2.29692493291805,0,0.0816326530612245,-0.00196463654223969,0.121073734012269,0,0,0,0,0,0,1.5,3.5
00-0039739,Roman Wilson,WR,WR,2026,3,REG,PIT,CIN,0,0,0,0,0,0,0,0,0,0,,,0,0,0,0,0,,3,6,60,1,100,11,2,2.64292494248366,0.6,0.193548387096774,0.254452926208651,0.468439628991217,0,0,0,0,0,0,12,15
00-0039740,Jalyx Hunt,LB,LB,2026,3,REG,PHI,CHI,0,0,0,0,0,0,0,0,0,0,,,0,0,0,0,0,,0,0,0,0,0,0,0,,,0,0,0,0,0,0,0,0,0,0,0
00-0039741,Payton Wilson,LB,LB,2026,3,REG,PIT,CIN,0,0,0,0,0,0,0,0,0,0,,,0,0,0,0,0,,0,0,0,0,0,0,0,,,0,0,0,0,0,0,0,0,0,0,0
00-0039745,Tory Taylor,P,SPEC,2026,3,REG,CHI,PHI,0,0,0,0,0,0,0,0,0,0,,,0,0,0,0,0,,0,0,0,0,0,0,0,,,0,0,0,0,0,0,0,0,0,0,0
00-0039746,Will Shipley,RB,RB,2026,3,REG,PHI,CHI,0,0,0,0,0,0,0,0,0,0,,,0,0,0,0,0,,1,2,11,0,10,8,0,-0.811179389012978,1.1,0.08,0.0645161290322581,0.165161290322581,0,0,0,0,0,0,1.1,2.1
00-0039749,Tyler Davis,DE,DL,2026,3,REG,LA,DEN,0,0,0,0,0,0,0,0,0,0,,,0,0,0,0,0,,0,0,0,0,0,0,0,,,0,0,0,0,0,0,0,0,0,0,0
00-0039752,Cedric Johnson,DE,DL,2026,3,REG,CIN,PIT,0,0,0,0,0,0,0,0,0,0,,,0,0,0,0,0,,0,0,0,0,0,0,0,,,0,0,0,0,0,0,0,0,0,0,0
00-0039763,Joe Andreessen,LB,LB,2026,3,REG,BUF,LAC,0,0,0,0,0,0,0,0,0,0,,,0,0,0,0,0,,0,0,0,0,0,0,0,,,0,0,0,0,0,0,0,0,0,0,0
00-0039770,Charles Woods,CB,DB,2026,3,REG,NE,JAX,0,0,0,0,0,0,0,0,0,0,,,0,0,0,0,0,,0,0,0,0,0,0,0,,,0,0,0,0,0,0,0,0,0,0,0
00-0039772,Josh Wallace,CB,DB,2026,3,REG,LA,DEN,0,0,0,0,0,0,0,0,0,0,,,0,0,0,0,0,,0,0,0,0,0,0,0,,,0,0,0,0,0,0,0,0,0,0,0
00-0039774,Omar Speights,LB,LB,2026,3,REG,LA,DEN,0,0,0,0,0,0,0,0,0,0,,,0,0,0,0,0,,0,0,0,0,0,0,0,,,0,0,0,0,0,0,0,0,0,0,0
00-0039776,Jaylen McCollough,SAF,DB,2026,3,REG,LA,DEN,0,0,0,0,0,0,0,0,0,0,,,0,0,0,0,0,,0,0,0,0,0,0,0,,,0,0,0,0,0,0,0,0,0,0,0
00-0039789,Qwan'tez Stiggers,DB,DB,2026,3,REG,NYJ,DET,0,0,0,0,0,0,0,0,0,0,,,0,0,0,0,0,,0,0,0,0,0,0,0,,,0,0,0,0,0,0,0,0,0,0,0
00-0039792,Devontez Walker,WR,WR,2026,3,REG,BAL,DAL,0,0,0,0,0,0,0,0,0,0,,,0,0,0,0,0,,0,1,0,0,51,0,0,-1.10283883521333,0,0.05,0.281767955801105,0.272237569060773,0,0,0,0,0,0,0,0
00-0039793,AJ Barner,TE,TE,2026,3,REG,SEA,WAS,0,0,0,0,0,0,0,0,0,0,,,0,0,0,0,0,,5,9,69,0,10,69,3,-8.3891388810589,6.9,0.2,0.0344827586206897,0.324137931034483,0,0,0,0,0,0,6.9,11.9
00-0039794,Braelon Allen,RB,RB,2026,3,REG,NYJ,DET,0,0,0,0,0,0,0,0,0,0,,,4,14,0,0,0,-0.616358713072259,3,3,3,0,-5,8,0,-1.89013766479911,-0.6,0.0833333333333333,-0.015527950310559,0.114130434782609,0,0,0,0,0,0,1.7,4.7
00-0039795,Nehemiah Pritchett,CB,DB,2026,3,REG,SEA,WAS,0,0,0,0,0,0,0,0,0,0,,,0,0,0,0,0,,0,0,0,0,0,0,0,,,0,0,0,0,0,0,0,0,0,0,0
00-0039796,Rasheen Ali,RB,RB,2026,3,REG,BAL,DAL,0,0,0,0,0,0,0,0,0,0,,,0,0,0,0,0,,0,0,0,0,0,0,0,,,0,0,0,0,0,0,0,0,0,0,0
00-0039798,Isaiah Davis,RB,RB,2026,3,REG,NYJ,DET,0,0,0,0,0,0,0,0,0,0,,,0,0,0,0,0,,0,0,0,0,0,0,0,,,0,0,0,0,0,0,0,0,0,0,0
00-0039807,Max Melton,CB,DB,2026,3,REG,ARI,SF,0,0,0,0,0,0,0,0,0,0,,,0,0,0,0,0,,0,0,0,0,0,0,0,,,0,0,0,0,0,0,0,0,0,0,0
00-0039808,Isaiah Adams,G,OL,2026,3,REG,ARI,SF,0,0,0,0,0,0,0,0,0,0,,,0,0,0,0,0,,0,0,0,0,0,0,0,,,0,0,0,0,0,0,0,0,0,0,0
00-0039809,Jonah Elliss,LB,LB,2026,3,REG,DEN,LA,0,0,0,0,0,0,0,0,0,0,,,0,0,0,0,0,,0,0,0,0,0,0,0,,,0,0,0,0,0,0,0,0,0,0,0
00-0039811,MarShawn Lloyd,RB,RB,2026,3,REG,GB,ATL,0,0,0,0,0,0,0,0,0,0,,,4,11,0,1,0,-0.602733107109089,2,3,7,0,-12,17,0,-0.327274822513573,-0.583333333333333,0.0588235294117647,-0.0306122448979592,0.0668067226890756,0,0,0,0,0,0,1.8,3.8
00-0039812,Ty'Ron Hopper,LB,LB,2026,3,REG,GB,ATL,0,0,0,0,0,0,0,0,0,0,,,0,0,0,0,0,,0,0,0,0,0,0,0,,,0,0,0,0,0,0,0,0,0,0,0
00-0039813,Evan Williams,SAF,DB,2026,3,REG,GB,ATL,0,0,0,0,0,0,0,0,0,0,,,0,0,0,0,0,,0,0,0,0,0,0,0,,,0,0,0,0,0,0,0,0,0,0,0
00-0039816,Anthony Gould,WR,WR,2026,3,REG,IND,HOU,0,0,0,0,0,0,0,0,0,0,,,0,0,0,0,0,,0,0,0,0,0,0,0,,,0,0,0,0,0,0,0,0,0,0,0
00-0039821,Andru Phillips,DB,DB,2026,3,REG,NYG,TEN,0,0,0,0,0,0,0,0,0,0,,,0,0,0,0,0,,0,0,0,0,0,0,0,,,0,0,0,0,0,0,0,0,0,0,0
00-0039825,Jaden Hicks,SAF,DB,2026,3,REG,KC,MIA,0,0,0,0,0,0,0,0,0,0,,,0,0,0,0,0,,0,0,0,0,0,0,0,,,0,0,0,0,0,0,0,0,0,0,0
00-0039835,Justin Eboigbe,DT,DL,2026,3,REG,LAC,BUF,0,0,0,0,0,0,0,0,0,0,,,0,0,0,0,0,,0,0,0,0,0,0,0,,,0,0,0,0,0,0,0,0,0,0,0
00-0039837,Bralen Trice,LB,LB,2026,3,REG,ATL,GB,0,0,0,0,0,0,0,0,0,0,,,0,0,0,0,0,,0,0,0,0,0,0,0,,,0,0,0,0,0,0,0,0,0,0,0
00-0039838,Calen Bullock,SAF,DB,2026,3,REG,HOU,IND,0,0,0,0,0,0,0,0,0,0,,,0,0,0,0,0,,0,0,0,0,0,0,0,,,0,0,0,0,0,0,0,0,0,0,0
00-0039840,Austin Booker,DE,DL,2026,3,REG,CHI,PHI,0,0,0,0,0,0,0,0,0,0,,,0,0,0,0,0,,0,0,0,0,0,0,0,,,0,0,0,0,0,0,0,0,0,0,0
00-0039841,Cooper DeJean,CB,DB,2026,3,REG,PHI,CHI,0,0,0,0,0,0,0,0,0,0,,,0,0,0,0,0,,0,0,0,0,0,0,0,,,0,0,0,0,0,0,0,0,0,0,0
00-0039846,Tykee Smith,SAF,DB,2026,3,REG,TB,MIN,0,0,0,0,0,0,0,0,0,0,,,0,0,0,0,0,,0,0,0,0,0,0,0,,,0,0,0,0,0,0,0,0,0,0,0
00-0039849,Marvin Harrison Jr.,WR,WR,2026,3,REG,ARI,SF,0,0,0,0,0,0,0,0,0,0,,,0,0,0,0,0,,3,5,40,0,85,3,3,1.06141411175486,0.470588235294118,0.1,0.267295597484277,0.337106918238994,0,0,0,0,0,0,4,7
00-0039850,Edgerrin Cooper,LB,LB,2026,3,REG,GB,ATL,0,0,0,0,0,0,0,0,0,0,,,0,0,0,0,0,,0,0,0,0,0,0,0,,,0,0,0,0,0,0,0,0,0,0,0
00-0039851,Drake Maye,QB,QB,2026,3,REG,NE,JAX,14,25,199,0,2,3,-11,287,70,6,-14.1689450502327,0.400868058204651,4,18,0,2,0,-0.366563747404143,0,0,0,0,0,0,0,,,0,0,0,0,0,1,0,0,0,3.76,3.76
00-0039852,Jared Verse,DE,DL,2026,3,REG,CLE,CAR,0,0,0,0,0,0,0,0,0,0,,,0,0,0,0,0,,0,0,0,0,0,0,0,,,0,0,0,0,0,0,0,0,0,0,0
00-0039854,Darius Robinson,DL,DL,2026,3,REG,ARI,SF,0,0,0,0,0,0,0,0,0,0,,,0,0,0,0,0,,0,0,0,0,0,0,0,,,0,0,0,0,0,0,0,0,0,0,0
00-0039855,Jalen McMillan,WR,WR,2026,3,REG,TB,MIN,0,0,0,0,0,0,0,0,0,0,,,0,0,0,0,0,,0,1,0,0,15,0,0,-1.63504274655133,0,0.0285714285714286,0.0380710659898477,0.0695068890500363,0,0,0,0,0,0,0,0
00-0039858,Cedric Gray,LB,LB,2026,3,REG,TEN,NYG,0,0,0,0,0,0,0,0,0,0,,,0,0,0,0,0,,0,0,0,0,0,0,0,,,0,0,0,0,0,0,0,0,0,0,0
00-0039859,Brandon Dorlus,DE,DL,2026,3,REG,ATL,GB,0,0,0,0,0,0,0,0,0,0,,,0,0,0,0,0,,0,0,0,0,0,0,0,,,0,0,0,0,0,0,0,0,0,0,0
00-0039860,Kool-Aid McKinstry,CB,DB,2026,3,REG,NO,LV,0,0,0,0,0,0,0,0,0,0,,,0,0,0,0,0,,0,0,0,0,0,0,0,,,0,0,0,0,0,0,0,0,0,0,0
00-0039862,Ennis Rakestraw Jr.,CB,DB,2026,3,REG,DET,NYJ,0,0,0,0,0,0,0,0,0,0,,,0,0,0,0,0,,0,0,0,0,0,0,0,,,0,0,0,0,0,0,0,0,0,0,0
00-0039867,Javon Bullard,SAF,DB,2026,3,REG,GB,ATL,0,0,0,0,0,0,0,0,0,0,,,0,0,0,0,0,,0,0,0,0,0,0,0,,,0,0,0,0,0,0,0,0,0,0,0
00-0039868,Troy Franklin,WR,WR,2026,3,REG,DEN,LA,0,0,0,0,0,0,0,0,0,0,,,0,0,0,0,0,,1,1,21,0,8,13,1,1.61741046025418,2.625,0.032258064516129,0.0432432432432432,0.0786573670444638,0,0,0,0,0,0,2.1,3.1
00-0039871,Troy Fautanu,OT,OL,2026,3,REG,PIT,CIN,0,0,0,0,0,0,0,0,0,0,,,0,0,0,0,0,,0,0,0,0,0,0,0,,,0,0,0,0,0,0,0,0,0,0,0
00-0039872,Cole Bishop,SAF,DB,2026,3,REG,BUF,LAC,0,0,0,0,0,0,0,0,0,0,,,0,0,0,0,0,,0,0,0,0,0,0,0,,,0,0,0,0,0,0,0,0,0,0,0
00-0039873,DeWayne Carter,DT,DL,2026,3,REG,BUF,LAC,0,0,0,0,0,0,0,0,0,0,,,0,0,0,0,0,,0,0,0,0,0,0,0,,,0,0,0,0,0,0,0,0,0,0,0
00-0039880,Malik Washington,WR,WR,2026,3,REG,MIA,KC,0,0,0,0,0,0,0,0,0,0,,,2,5,0,0,0,-0.892879154358525,5,10,56,0,113,46,2,-3.53195240913192,0.495575221238938,0.285714285714286,0.287531806615776,0.629843693202472,0,0,0,0,0,0,6.1,11.1
00-0039886,T'Vondre Sweat,DT,DL,2026,3,REG,NYJ,DET,0,0,0,0,0,0,0,0,0,0,,,0,0,0,0,0,,0,0,0,0,0,0,0,,,0,0,0,0,0,0,0,0,0,0,0
00-0039888,Quinyon Mitchell,CB,DB,2026,3,REG,PHI,CHI,0,0,0,0,0,0,0,0,0,0,,,0,0,0,0,0,,0,0,0,0,0,0,0,,,0,0,0,0,0,0,0,0,0,0,0
00-0039889,Maason Smith,DT,DL,2026,3,REG,ATL,GB,0,0,0,0,0,0,0,0,0,0,,,0,0,0,0,0,,0,0,0,0,0,0,0,,,0,0,0,0,0,0,0,0,0,0,0
00-0039893,Brian Thomas Jr.,WR,WR,2026,3,REG,JAX,NE,0,0,0,0,0,0,0,0,0,0,,,0,0,0,0,0,,1,1,8,0,4,4,0,0.497275757719763,2,0.037037037037037,0.0222222222222222,0.0711111111111111,0,0,0,0,0,0,0.8,1.8
00-0039894,Xavier Worthy,WR,WR,2026,3,REG,KC,MIA,0,0,0,0,0,0,0,0,0,0,,,0,0,0,0,0,,2,2,20,0,13,7,1,0.971691625833046,1.53846153846154,0.0869565217391304,0.0807453416149068,0.18695652173913,0,0,0,0,0,0,2,4
00-0039895,Mike Hall Jr.,DT,DL,2026,3,REG,CLE,CAR,0,0,0,0,0,0,0,0,0,0,,,0,0,0,0,0,,0,0,0,0,0,0,0,,,0,0,0,0,0,0,0,0,0,0,0
00-0039897,Joe Alt,OT,OL,2026,3,REG,LAC,BUF,0,0,0,0,0,0,0,0,0,0,,,0,0,0,0,0,,0,0,0,0,0,0,0,,,0,0,0,0,0,0,0,0,0,0,0
00-0039898,Mike Sainristil,CB,DB,2026,3,REG,WAS,SEA,0,0,0,0,0,0,0,0,0,0,,,0,0,0,0,0,,0,0,0,0,0,0,0,,,0,0,0,0,0,0,0,0,0,0,0
00-0039901,Keon Coleman,WR,WR,2026,3,REG,BUF,LAC,0,0,0,0,0,0,0,0,0,0,,,0,0,0,0,0,,1,2,37,0,63,4,1,3.05752815192682,0.587301587301587,0.0769230769230769,0.236842105263158,0.281174089068826,0,0,0,0,0,0,3.7,4.7
00-0039905,Graham Barton,C,OL,2026,3,REG,TB,MIN,0,0,0,0,0,0,0,0,0,0,,,0,0,0,0,0,,0,0,0,0,0,0,0,,,0,0,0,0,0,0,0,0,0,0,0
00-0039908,Kris Jenkins,DT,DL,2026,3,REG,CIN,PIT,0,0,0,0,0,0,0,0,0,0,,,0,0,0,0,0,,0,0,0,0,0,0,0,,,0,0,0,0,0,0,0,0,0,0,0
00-0039911,Chop Robinson,LB,LB,2026,3,REG,MIA,KC,0,0,0,0,0,0,0,0,0,0,,,0,0,0,0,0,,0,0,0,0,0,0,0,,,0,0,0,0,0,0,0,0,0,0,0
00-0039912,Ben Sinnott,TE,TE,2026,3,REG,WAS,SEA,0,0,0,0,0,0,0,0,0,0,,,0,0,0,0,0,,0,1,0,0,7,0,0,-0.27425842336379,0,0.0333333333333333,0.0282258064516129,0.069758064516129,0,0,0,0,0,0,0,0
00-0039915,Ladd McConkey,WR,WR,2026,3,REG,LAC,BUF,0,0,0,0,0,0,0,0,0,0,,,0,0,0,0,0,,4,5,66,0,77,13,3,4.991574610094,0.857142857142857,0.151515151515152,0.263698630136986,0.411861768368618,0,0,0,0,0,0,6.6,10.6
00-0039917,Michael Penix Jr.,QB,QB,2026,3,REG,ATL,GB,18,25,256,1,1,0,0,149,167,8,9.51107502105164,8.77433743165887,2,-2,0,0,0,0,0,0,0,0,0,0,0,,,0,0,0,0,0,0,0,0,1,14.04,14.04
00-0039919,Rome Odunze,WR,WR,2026,3,REG,CHI,PHI,0,0,0,0,0,0,0,0,0,0,,,0,0,0,0,0,,3,6,44,0,87,0,2,-1.28103304438954,0.505747126436782,0.176470588235294,0.416267942583732,0.556093442161554,0,0,0,0,0,0,4.4,7.4
00-0039920,Malachi Corley,WR,WR,2026,3,REG,CLE,CAR,0,0,0,0,0,0,0,0,0,0,,,0,0,0,0,0,,0,0,0,0,0,0,0,,,0,0,0,0,0,0,0,0,0,0,0
00-0039924,Dallas Turner,LB,LB,2026,3,REG,MIN,TB,0,0,0,0,0,0,0,0,0,0,,,0,0,0,0,0,,0,0,0,0,0,0,0,,,0,0,0,0,0,0,0,0,0,0,0
00-0039925,Amarius Mims,OT,OL,2026,3,REG,CIN,PIT,0,0,0,0,0,0,0,0,0,0,,,0,0,0,0,0,,0,0,0,0,0,0,0,,,0,0,0,0,0,0,0,0,0,0,0
00-0040008,Shavon Revel Jr.,CB,DB,2026,3,REG,DAL,BAL,0,0,0,0,0,0,0,0,0,0,,,0,0,0,0,0,,0,0,0,0,0,0,0,,,0,0,0,0,0,0,0,0,0,0,0
00-0040010,Barryn Sorrell,DE,DL,2026,3,REG,GB,ATL,0,0,0,0,0,0,0,0,0,0,,,0,0,0,0,0,,0,0,0,0,0,0,0,,,0,0,0,0,0,0,0,0,0,0,0
00-0040013,Smael Mondon Jr.,LB,LB,2026,3,REG,PHI,CHI,0,0,0,0,0,0,0,0,0,0,,,0,0,0,0,0,,0,0,0,0,0,0,0,,,0,0,0,0,0,0,0,0,0,0,0
00-0040020,Micah Robinson,CB,DB,2026,3,REG,TEN,NYG,0,0,0,0,0,0,0,0,0,0,,,0,0,0,0,0,,0,0,0,0,0,0,0,,,0,0,0,0,0,0,0,0,0,0,0
00-0040024,Darius Cooper,WR,WR,2026,3,REG,PHI,CHI,0,0,0,0,0,0,0,0,0,0,,,0,0,0,0,0,,0,0,0,0,0,0,0,,,0,0,0,0,0,0,0,0,0,0,0
00-0040045,Alijah Clark,DB,DB,2026,3,REG,DAL,BAL,0,0,0,0,0,0,0,0,0,0,,,0,0,0,0,0,,0,0,0,0,0,0,0,,,0,0,0,0,0,0,0,0,0,0,0
00-0040070,Carson Vinson,OT,OL,2026,3,REG,BAL,DAL,0,0,0,0,0,0,0,0,0,0,,,0,0,0,0,0,,0,0,0,0,0,0,0,,,0,0,0,0,0,0,0,0,0,0,0
00-0040072,Jeffrey Bassa,LB,LB,2026,3,REG,KC,MIA,0,0,0,0,0,0,0,0,0,0,,,0,0,0,0,0,,0,0,0,0,0,0,0,,,0,0,0,0,0,0,0,0,0,0,0
00-0040074,Tyler Loop,K,SPEC,2026,3,REG,BAL,DAL,0,0,0,0,0,0,0,0,0,0,,,0,0,0,0,0,,0,0,0,0,0,0,0,,,0,0,0,0,0,0,0,0,0,0,0
00-0040075,LaJohntay Wester,WR,WR,2026,3,REG,BAL,DAL,0,0,0,0,0,0,0,0,0,0,,,0,0,0,0,0,,0,0,0,0,0,0,0,,,0,0,0,0,0,0,0,0,0,0,0
00-0040078,Brashard Smith,RB,RB,2026,3,REG,KC,MIA,0,0,0,0,0,0,0,0,0,0,,,0,0,0,0,0,,1,1,4,0,-3,7,0,-0.144237961212639,-1.33333333333333,0.0434782608695652,-0.0186335403726708,0.0521739130434783,0,0,0,0,0,0,0.4,1.4
00-0040081,Jake Briningstool,TE,TE,2026,3,REG,KC,MIA,0,0,0,0,0,0,0,0,0,0,,,0,0,0,0,0,,0,1,0,0,6,0,0,-0.580950759118423,0,0.0434782608695652,0.0372670807453416,0.091304347826087,0,0,0,0,0,0,0,0
00-0040089,Kevin Knowles,DB,DB,2026,3,REG,TB,MIN,0,0,0,0,0,0,0,0,0,0,,,0,0,0,0,0,,0,0,0,0,0,0,0,,,0,0,0,0,0,0,0,0,0,0,0
00-0040100,Jay Higgins,LB,LB,2026,3,REG,BAL,DAL,0,0,0,0,0,0,0,0,0,0,,,0,0,0,0,0,,0,0,0,0,0,0,0,,,0,0,0,0,0,0,0,0,0,0,0
00-0040104,Keondre Jackson,SAF,DB,2026,3,REG,BAL,DAL,0,0,0,0,0,0,0,0,0,0,,,0,0,0,0,0,,0,0,0,0,0,0,0,,,0,0,0,0,0,0,0,0,0,0,0
00-0040122,Ashton Jeanty,RB,RB,2026,3,REG,LV,NO,0,0,0,0,0,0,0,0,0,0,,,19,56,0,1,1,-6.57999667129479,3,3,37,0,13,24,2,0.889442681902554,2.84615384615385,0.1,0.0476190476190476,0.183333333333333,0,0,0,0,0,0,9.3,12.3
00-0040124,Tetairoa McMillan,WR,WR,2026,3,REG,CAR,CLE,0,0,0,0,0,0,0,0,0,0,,,0,0,0,0,0,,2,5,17,0,44,0,1,-1.82895244989777,0.386363636363636,0.119047619047619,0.0993227990970655,0.248097387939374,0,0,0,0,0,0,1.7,3.7
00-0040126,Colston Loveland,TE,TE,2026,3,REG,CHI,PHI,0,0,0,0,0,0,0,0,0,0,,,0,0,0,0,0,,4,4,31,0,4,27,3,1.71224314480787,7.75,0.117647058823529,0.0191387559808612,0.189867717421897,0,0,0,0,0,0,3.1,7.1
00-0040128,Tyler Warren,TE,TE,2026,3,REG,IND,HOU,0,0,0,0,0,0,0,0,0,0,,,1,2,0,1,0,0.383539393660612,9,10,55,0,28,38,2,1.93875664606458,1.96428571428571,0.285714285714286,0.099644128113879,0.498322318251144,0,0,0,0,0,0,5.7,14.7
00-0040129,Emeka Egbuka,WR,WR,2026,3,REG,TB,MIN,0,0,0,0,0,0,0,0,0,0,,,0,0,0,0,0,,5,9,62,0,91,20,2,-0.480055493302643,0.681318681318681,0.257142857142857,0.230964467005076,0.547389412617839,0,0,0,0,0,0,6.2,11.2
00-0040131,Kyle Williams,WR,WR,2026,3,REG,NE,JAX,0,0,0,0,0,0,0,0,0,0,,,0,0,0,0,0,,1,3,34,0,53,14,1,-6.02934676874429,0.641509433962264,0.1,0.146408839779006,0.252486187845304,0,0,0,0,0,0,3.4,4.4
00-0040132,Landon Jackson,DE,DL,2026,3,REG,BUF,LAC,0,0,0,0,0,0,0,0,0,0,,,0,0,0,0,0,,0,0,0,0,0,0,0,,,0,0,0,0,0,0,0,0,0,0,0
00-0040133,Azareye'h Thomas,CB,DB,2026,3,REG,NYJ,DET,0,0,0,0,0,0,0,0,0,0,,,0,0,0,0,0,,0,0,0,0,0,0,0,,,0,0,0,0,0,0,0,0,0,0,0
00-0040134,Pat Bryant,WR,WR,2026,3,REG,DEN,LA,0,0,0,0,0,0,0,0,0,0,,,0,0,0,0,0,,2,2,44,1,19,25,2,6.45698027253104,2.31578947368421,0.0645161290322581,0.102702702702703,0.168666085440279,0,0,0,0,1,0,12.4,14.4
00-0040136,Princely Umanmielen,LB,LB,2026,3,REG,CAR,CLE,0,0,0,0,0,0,0,0,0,0,,,0,0,0,0,0,,0,0,0,0,0,0,0,,,0,0,0,0,0,0,0,0,0,0,0
00-0040138,Jaylin Noel,WR,WR,2026,3,REG,HOU,IND,0,0,0,0,0,0,0,0,0,0,,,1,8,0,1,0,1.13358949427493,2,2,17,0,16,1,1,0.311335841426626,1.0625,0.08,0.0477611940298508,0.153432835820896,0,0,0,0,0,0,2.5,4.5
00-0040139,Justin Walley,CB,DB,2026,3,REG,IND,HOU,0,0,0,0,0,0,0,0,0,0,,,0,0,0,0,0,,0,0,0,0,0,0,0,,,0,0,0,0,0,0,0,0,0,0,0
00-0040141,Kevin Winston Jr.,SAF,DB,2026,3,REG,TEN,NYG,0,0,0,0,0,0,0,0,0,0,,,0,0,0,0,0,,0,0,0,0,0,0,0,,,0,0,0,0,0,0,0,0,0,0,0
00-0040142,Kaleb Johnson,RB,RB,2026,3,REG,GB,ATL,0,0,0,0,0,0,0,0,0,0,,,4,6,0,0,0,-1.75649052404333,1,3,10,0,-1,10,1,-0.466296925442293,-10,0.0588235294117647,-0.00255102040816327,0.0864495798319328,0,0,0,0,0,0,1.6,2.6
00-0040143,Jacob Parrish,CB,DB,2026,3,REG,TB,MIN,0,0,0,0,0,0,0,0,0,0,,,0,0,0,0,0,,0,0,0,0,0,0,0,,,0,0,0,0,0,0,0,0,0,0,0
00-0040145,Caleb Ransaw,SAF,DB,2026,3,REG,JAX,NE,0,0,0,0,0,0,0,0,0,0,,,0,0,0,0,0,,0,0,0,0,0,0,0,,,0,0,0,0,0,0,0,0,0,0,0
00-0040148,Xavier Watts,SAF,DB,2026,3,REG,ATL,GB,0,0,0,0,0,0,0,0,0,0,,,0,0,0,0,0,,0,0,0,0,0,0,0,,,0,0,0,0,0,0,0,0,0,0,0
00-0040152,Upton Stout,CB,DB,2026,3,REG,SF,ARI,0,0,0,0,0,0,0,0,0,0,,,0,0,0,0,0,,0,0,0,0,0,0,0,,,0,0,0,0,0,0,0,0,0,0,0
00-0040154,Tai Felton,WR,WR,2026,3,REG,MIN,TB,0,0,0,0,0,0,0,0,0,0,,,0,0,0,0,0,,0,2,0,0,8,0,0,-1.63737876585219,0,0.08,0.0317460317460317,0.142222222222222,0,0,0,0,0,0,0,0
00-0040155,Danny Stutsman,LB,LB,2026,3,REG,NO,LV,0,0,0,0,0,0,0,0,0,0,,,0,0,0,0,0,,0,0,0,0,0,0,0,,,0,0,0,0,0,0,0,0,0,0,0
00-0040156,Billy Bowman Jr.,CB,DB,2026,3,REG,ATL,GB,0,0,0,0,0,0,0,0,0,0,,,0,0,0,0,0,,0,0,0,0,0,0,0,,,0,0,0,0,0,0,0,0,0,0,0
00-0040157,Barrett Carter,LB,LB,2026,3,REG,CIN,PIT,0,0,0,0,0,0,0,0,0,0,,,0,0,0,0,0,,0,0,0,0,0,0,0,,,0,0,0,0,0,0,0,0,0,0,0
00-0040158,David Walker,LB,LB,2026,3,REG,TB,MIN,0,0,0,0,0,0,0,0,0,0,,,0,0,0,0,0,,0,0,0,0,0,0,0,,,0,0,0,0,0,0,0,0,0,0,0
00-0040159,Lathan Ransom,SAF,DB,2026,3,REG,CAR,CLE,0,0,0,0,0,0,0,0,0,0,,,0,0,0,0,0,,0,0,0,0,0,0,0,,,0,0,0,0,0,0,0,0,0,0,0
00-0040160,Jack Sawyer,LB,LB,2026,3,REG,PIT,CIN,0,0,0,0,0,0,0,0,0,0,,,0,0,0,0,0,,0,0,0,0,0,0,0,,,0,0,0,0,0,0,0,0,0,0,0
00-0040164,Jaylin Lane,WR,WR,2026,3,REG,WAS,SEA,0,0,0,0,0,0,0,0,0,0,,,0,0,0,0,0,,1,1,21,0,-2,23,1,1.61405012873001,0,0.0333333333333333,-0.00806451612903226,0.0443548387096774,0,0,0,0,0,0,2.1,3.1
00-0040165,Malachi Moore,SAF,DB,2026,3,REG,NYJ,DET,0,0,0,0,0,0,0,0,0,0,,,0,0,0,0,0,,0,0,0,0,0,0,0,,,0,0,0,0,0,0,0,0,0,0,0
00-0040166,Quincy Riley,CB,DB,2026,3,REG,NO,LV,0,0,0,0,0,0,0,0,0,0,,,0,0,0,0,0,,0,0,0,0,0,0,0,,,0,0,0,0,0,0,0,0,0,0,0
00-0040168,Que Robinson,LB,LB,2026,3,REG,DEN,LA,0,0,0,0,0,0,0,0,0,0,,,0,0,0,0,0,,0,0,0,0,0,0,0,,,0,0,0,0,0,0,0,0,0,0,0
00-0040169,Tonka Hemingway,DT,DL,2026,3,REG,LV,NO,0,0,0,0,0,0,0,0,0,0,,,0,0,0,0,0,,0,0,0,0,0,0,0,,,0,0,0,0,0,0,0,0,0,0,0
00-0040170,Elic Ayomanor,WR,WR,2026,3,REG,TEN,NYG,0,0,0,0,0,0,0,0,0,0,,,0,0,0,0,0,,1,3,11,0,23,0,1,-4.13546275021508,0.478260869565217,0.0857142857142857,0.100877192982456,0.199185463659148,0,0,0,0,0,0,1.1,2.1
00-0040171,Joshua Farmer,DT,DL,2026,3,REG,NE,JAX,0,0,0,0,0,0,0,0,0,0,,,0,0,0,0,0,,0,0,0,0,0,0,0,,,0,0,0,0,0,0,0,0,0,0,0
00-0040172,Jordan Watkins,WR,WR,2026,3,REG,SF,ARI,0,0,0,0,0,0,0,0,0,0,,,0,0,0,0,0,,2,2,60,0,33,27,2,4.4307923965971,1.81818181818182,0.0769230769230769,0.112244897959184,0.193956043956044,0,0,0,0,0,0,6,8
00-0040173,Tyrion Ingram-Dawkins,DT,DL,2026,3,REG,MIN,TB,0,0,0,0,0,0,0,0,0,0,,,0,0,0,0,0,,0,0,0,0,0,0,0,,,0,0,0,0,0,0,0,0,0,0,0
00-0040175,Jordan Phillips,DT,DL,2026,3,REG,MIA,KC,0,0,0,0,0,0,0,0,0,0,,,0,0,0,0,0,,0,0,0,0,0,0,0,,,0,0,0,0,0,0,0,0,0,0,0
00-0040178,Jason Marshall Jr.,CB,DB,2026,3,REG,MIA,KC,0,0,0,0,0,0,0,0,0,0,,,0,0,0,0,0,,0,0,0,0,0,0,0,,,0,0,0,0,0,0,0,0,0,0,0
00-0040182,Dante Trader Jr.,SAF,DB,2026,3,REG,MIA,KC,0,0,0,0,0,0,0,0,0,0,,,0,0,0,0,0,,0,0,0,0,0,0,0,,,0,0,0,0,0,0,0,0,0,0,0
00-0040183,Elijah Roberts,DE,DL,2026,3,REG,TB,MIN,0,0,0,0,0,0,0,0,0,0,,,0,0,0,0,0,,0,0,0,0,0,0,0,,,0,0,0,0,0,0,0,0,0,0,0
00-0040185,Marques Sigle,SAF,DB,2026,3,REG,SF,ARI,0,0,0,0,0,0,0,0,0,0,,,0,0,0,0,0,,0,0,0,0,0,0,0,,,0,0,0,0,0,0,0,0,0,0,0
00-0040187,Mitchell Evans,TE,TE,2026,3,REG,CAR,CLE,0,0,0,0,0,0,0,0,0,0,,,0,0,0,0,0,,3,3,36,0,17,19,2,2.00043985294178,2.11764705882353,0.0714285714285714,0.0383747178329571,0.134005159625927,0,0,0,0,0,0,3.6,6.6
00-0040188,Yahya Black,DE,DL,2026,3,REG,PIT,CIN,0,0,0,0,0,0,0,0,0,0,,,0,0,0,0,0,,0,0,0,0,0,0,0,,,0,0,0,0,0,0,0,0,0,0,0
00-0040189,Oronde Gadsden II,TE,TE,2026,3,REG,LAC,BUF,0,0,0,0,0,0,0,0,0,0,,,0,0,0,0,0,,0,3,0,0,28,0,0,-3.2597831665479,0,0.0909090909090909,0.0958904109589041,0.203486924034869,0,0,0,0,0,0,0,0
00-0040194,Jackson Hawes,TE,TE,2026,3,REG,BUF,LAC,0,0,0,0,0,0,0,0,0,0,,,0,0,0,0,0,,0,1,0,0,36,0,0,-0.857704940019175,0,0.0384615384615385,0.135338345864662,0.152429149797571,0,0,0,0,0,0,0,0
00-0040195,Denzel Burke,CB,DB,2026,3,REG,ARI,SF,0,0,0,0,0,0,0,0,0,0,,,0,0,0,0,0,,0,0,0,0,0,0,0,,,0,0,0,0,0,0,0,0,0,0,0
00-0040198,Ollie Gordon II,RB,RB,2026,3,REG,MIA,KC,0,0,0,0,0,0,0,0,0,0,,,17,41,1,4,1,-4.94565142708598,3,3,14,0,-4,18,1,0.299476493964903,-3.5,0.0857142857142857,-0.0101781170483461,0.121446746637586,0,0,0,0,0,0,11.5,14.5
00-0040200,Andy Borregales,K,SPEC,2026,3,REG,NE,JAX,0,0,0,0,0,0,0,0,0,0,,,0,0,0,0,0,,0,0,0,0,0,0,0,,,0,0,0,0,0,0,0,0,0,0,0
00-0040201,Marcus Harris,CB,DB,2026,3,REG,TEN,NYG,0,0,0,0,0,0,0,0,0,0,,,0,0,0,0,0,,0,0,0,0,0,0,0,,,0,0,0,0,0,0,0,0,0,0,0
00-0040204,Jaylen Reed,SAF,DB,2026,3,REG,NE,JAX,0,0,0,0,0,0,0,0,0,0,,,0,0,0,0,0,,0,0,0,0,0,0,0,,,0,0,0,0,0,0,0,0,0,0,0
00-0040207,Tim Smith,DT,DL,2026,3,REG,IND,HOU,0,0,0,0,0,0,0,0,0,0,,,0,0,0,0,0,,0,0,0,0,0,0,0,,,0,0,0,0,0,0,0,0,0,0,0
00-0040208,Tahj Brooks,RB,RB,2026,3,REG,CIN,PIT,0,0,0,0,0,0,0,0,0,0,,,0,0,0,0,0,,0,0,0,0,0,0,0,,,0,0,0,0,0,0,0,0,0,0,0
00-0040209,Jalen McLeod,LB,LB,2026,3,REG,JAX,NE,0,0,0,0,0,0,0,0,0,0,,,0,0,0,0,0,,0,0,0,0,0,0,0,,,0,0,0,0,0,0,0,0,0,0,0
00-0040213,Rayuan Lane III,SAF,DB,2026,3,REG,JAX,NE,0,0,0,0,0,0,0,0,0,0,,,0,0,0,0,0,,0,0,0,0,0,0,0,,,0,0,0,0,0,0,0,0,0,0,0
00-0040216,Kain Medrano,LB,LB,2026,3,REG,WAS,SEA,0,0,0,0,0,0,0,0,0,0,,,0,0,0,0,0,,0,0,0,0,0,0,0,,,0,0,0,0,0,0,0,0,0,0,0
00-0040221,R.J. Mickens,SAF,DB,2026,3,REG,LAC,BUF,0,0,0,0,0,0,0,0,0,0,,,0,0,0,0,0,,0,0,0,0,0,0,0,,,0,0,0,0,0,0,0,0,0,0,0
00-0040223,Jeremy Crawshaw,P,SPEC,2026,3,REG,DEN,LA,0,0,0,0,0,0,0,0,0,0,,,0,0,0,0,0,,0,0,0,0,0,0,0,,,0,0,0,0,0,0,0,0,0,0,0
00-0040228,Cody Lindenberg,LB,LB,2026,3,REG,LV,NO,0,0,0,0,0,0,0,0,0,0,,,0,0,0,0,0,,0,0,0,0,0,0,0,,,0,0,0,0,0,0,0,0,0,0,0
00-0040231,Carson Bruener,LB,LB,2026,3,REG,PIT,CIN,0,0,0,0,0,0,0,0,0,0,,,0,0,0,0,0,,0,0,0,0,0,0,0,,,0,0,0,0,0,0,0,0,0,0,0
00-0040235,Hunter Wohler,SAF,DB,2026,3,REG,IND,HOU,0,0,0,0,0,0,0,0,0,0,,,0,0,0,0,0,,0,0,0,0,0,0,0,,,0,0,0,0,0,0,0,0,0,0,0
00-0040236,Kyle Monangai,RB,RB,2026,3,REG,CHI,PHI,0,0,0,0,0,0,0,0,0,0,,,10,31,0,3,0,-0.979999518574914,0,0,0,0,0,0,0,,,0,0,0,0,0,0,0,0,0,3.1,3.1
00-0040237,Tez Johnson,WR,WR,2026,3,REG,TB,MIN,0,0,0,0,0,0,0,0,0,0,,,0,0,0,0,0,,1,2,8,0,49,3,0,-0.135087018308695,0.163265306122449,0.0571428571428571,0.124365482233503,0.172770123277737,0,0,0,0,0,0,0.8,1.8
00-0040238,LeQuint Allen Jr.,RB,RB,2026,3,REG,JAX,NE,0,0,0,0,0,0,0,0,0,0,,,0,0,0,0,0,,2,2,9,0,4,5,0,-1.50975906796521,2.25,0.0740740740740741,0.0222222222222222,0.126666666666667,0,0,0,0,0,0,0.9,2.9
00-0040242,Jacory Croskey-Merritt,RB,RB,2026,3,REG,WAS,SEA,0,0,0,0,0,0,0,0,0,0,,,19,36,0,3,0,-7.20964526600437,1,1,7,0,5,2,0,0.46419785823673,1.4,0.0333333333333333,0.0201612903225806,0.0641129032258065,0,0,0,0,0,0,4.3,5.3
00-0040245,Connor Colby,G,OL,2026,3,REG,SF,ARI,0,0,0,0,0,0,0,0,0,0,,,0,0,0,0,0,,0,0,0,0,0,0,0,,,0,0,0,0,0,0,0,0,0,0,0
00-0040248,Zeek Biggers,DT,DL,2026,3,REG,MIA,KC,0,0,0,0,0,0,0,0,0,0,,,0,0,0,0,0,,0,0,0,0,0,0,0,,,0,0,0,0,0,0,0,0,0,0,0
00-0040255,Adin Huntington,DE,DL,2026,3,REG,CLE,CAR,0,0,0,0,0,0,0,0,0,0,,,0,0,0,0,0,,0,0,0,0,0,0,0,,,0,0,0,0,0,0,0,0,0,0,0
00-0040261,Easton Mascarenas-Arnold,LB,LB,2026,3,REG,CLE,CAR,0,0,0,0,0,0,0,0,0,0,,,0,0,0,0,0,,0,0,0,0,0,0,0,,,0,0,0,0,0,0,0,0,0,0,0
00-0040279,Ryan Fitzgerald,K,SPEC,2026,3,REG,CAR,CLE,0,0,0,0,0,0,0,0,0,0,,,0,0,0,0,0,,0,0,0,0,0,0,0,,,0,0,0,0,0,0,0,0,0,0,0
00-0040293,Michael Reid,SAF,DB,2026,3,REG,NO,LV,0,0,0,0,0,0,0,0,0,0,,,0,0,0,0,0,,0,0,0,0,0,0,0,,,0,0,0,0,0,0,0,0,0,0,0
00-0040318,Ale Kaho,LB,LB,2026,3,REG,WAS,SEA,0,0,0,0,0,0,0,0,0,0,,,0,0,0,0,0,,0,0,0,0,0,0,0,,,0,0,0,0,0,0,0,0,0,0,0
00-0040326,Branson Combs,LB,LB,2026,3,REG,JAX,NE,0,0,0,0,0,0,0,0,0,0,,,0,0,0,0,0,,0,0,0,0,0,0,0,,,0,0,0,0,0,0,0,0,0,0,0
00-0040341,Doneiko Slaughter,DB,DB,2026,3,REG,PIT,CIN,0,0,0,0,0,0,0,0,0,0,,,0,0,0,0,0,,0,0,0,0,0,0,0,,,0,0,0,0,0,0,0,0,0,0,0
00-0040342,Danny Striggow,DE,DL,2026,3,REG,JAX,NE,0,0,0,0,0,0,0,0,0,0,,,0,0,0,0,0,,0,0,0,0,0,0,0,,,0,0,0,0,0,0,0,0,0,0,0
00-0040384,Elijah Simmons,DL,DL,2026,3,REG,TB,MIN,0,0,0,0,0,0,0,0,0,0,,,0,0,0,0,0,,0,0,0,0,0,0,0,,,0,0,0,0,0,0,0,0,0,0,0
00-0040390,Jackson Meeks,WR,WR,2026,3,REG,DET,NYJ,0,0,0,0,0,0,0,0,0,0,,,0,0,0,0,0,,1,1,8,0,5,3,0,0.580364216584712,1.6,0.032258064516129,0.0259067357512953,0.0665218118001003,0,0,0,0,0,0,0.8,1.8
00-0040394,Anthony Tyus III,RB,RB,2026,3,REG,CAR,CLE,0,0,0,0,0,0,0,0,0,0,,,0,0,0,0,0,,0,0,0,0,0,0,0,,,0,0,0,0,0,0,0,0,0,0,0
00-0040405,Jamaal Pritchett,WR,WR,2026,3,REG,NYJ,DET,0,0,0,0,0,0,0,0,0,0,,,0,0,0,0,0,,0,0,0,0,0,0,0,,,0,0,0,0,0,0,0,0,0,0,0
00-0040458,TeRah Edwards,DT,DL,2026,3,REG,CAR,CLE,0,0,0,0,0,0,0,0,0,0,,,0,0,0,0,0,,0,0,0,0,0,0,0,,,0,0,0,0,0,0,0,0,0,0,0
00-0040466,Raheim Sanders,RB,RB,2026,3,REG,CLE,CAR,0,0,0,0,0,0,0,0,0,0,,,1,17,0,1,1,1.68578250907012,4,5,34,0,4,29,1,-0.346342337667011,8.5,0.166666666666667,0.0232558139534884,0.266279069767442,0,0,0,0,0,0,5.1,9.1
00-0040471,Nikko Reed,DB,DB,2026,3,REG,NYG,TEN,0,0,0,0,0,0,0,0,0,0,,,0,0,0,0,0,,0,0,0,0,0,0,0,,,0,0,0,0,0,0,0,0,0,0,0
00-0040496,Chaz Chambliss,LB,LB,2026,3,REG,MIN,TB,0,0,0,0,0,0,0,0,0,0,,,0,0,0,0,0,,0,0,0,0,0,0,0,,,0,0,0,0,0,0,0,0,0,0,0
00-0040506,Myles Price,WR,WR,2026,3,REG,MIN,TB,0,0,0,0,0,0,0,0,0,0,,,0,0,0,0,0,,0,0,0,0,0,0,0,,,0,0,0,0,0,0,0,0,0,6,6
00-0040534,Ke'Shawn Williams,WR,WR,2026,3,REG,CIN,PIT,0,0,0,0,0,0,0,0,0,0,,,0,0,0,0,0,,0,0,0,0,0,0,0,,,0,0,0,0,0,0,0,0,0,0,0
00-0040556,Corey Kiner,RB,RB,2026,3,REG,NE,JAX,0,0,0,0,0,0,0,0,0,0,,,6,18,0,1,0,-1.67480768880341,1,1,9,0,-3,12,1,1.03788033261662,-3,0.0333333333333333,-0.00828729281767956,0.0441988950276243,0,0,0,0,0,0,2.7,3.7
00-0040560,Sebastian Valdez,DT,DL,2026,3,REG,SF,ARI,0,0,0,0,0,0,0,0,0,0,,,0,0,0,0,0,,0,0,0,0,0,0,0,,,0,0,0,0,0,0,0,0,0,0,0
00-0040563,Efton Chism III,WR,WR,2026,3,REG,NE,JAX,1,1,16,0,0,0,0,11,5,0,0.792526712291874,52.3845195770264,0,0,0,0,0,,1,2,1,0,3,0,0,-4.689876529912,0.333333333333333,0.0666666666666667,0.00828729281767956,0.105801104972376,0,0,0,0,0,0,0.74,1.74
00-0040574,Elijah Ponder,LB,LB,2026,3,REG,NE,JAX,0,0,0,0,0,0,0,0,0,0,,,0,0,0,0,0,,0,0,0,0,0,0,0,,,0,0,0,0,0,0,0,0,0,0,0
00-0040579,Carson Schwesinger,LB,LB,2026,3,REG,CLE,CAR,0,0,0,0,0,0,0,0,0,0,,,0,0,0,0,0,,0,0,0,0,0,0,0,,,0,0,0,0,0,0,0,0,0,0,0
00-0040580,Josaiah Stewart,LB,LB,2026,3,REG,LA,DEN,0,0,0,0,0,0,0,0,0,0,,,0,0,0,0,0,,0,0,0,0,0,0,0,,,0,0,0,0,0,0,0,0,0,0,0
00-0040583,Woody Marks,RB,RB,2026,3,REG,HOU,IND,0,0,0,0,0,0,0,0,0,0,,,5,15,1,2,0,1.35598439769819,1,1,6,0,-4,10,0,-0.00775949936360121,-1.5,0.04,-0.0119402985074627,0.0516417910447761,0,0,0,0,0,0,8.1,9.1
00-0040584,Gunnar Helm,TE,TE,2026,3,REG,TEN,NYG,0,0,0,0,0,0,0,0,0,0,,,0,0,0,0,0,,2,4,14,0,29,3,2,-1.90643241826277,0.482758620689655,0.114285714285714,0.12719298245614,0.26046365914787,0,0,0,0,0,0,1.4,3.4
00-0040585,Ty Hamilton,DT,DL,2026,3,REG,LA,DEN,0,0,0,0,0,0,0,0,0,0,,,0,0,0,0,0,,0,0,0,0,0,0,0,,,0,0,0,0,0,0,0,0,0,0,0
00-0040587,Drew Kendall,C,OL,2026,3,REG,PHI,CHI,0,0,0,0,0,0,0,0,0,0,,,0,0,0,0,0,,0,0,0,0,0,0,0,,,0,0,0,0,0,0,0,0,0,0,0
00-0040590,Konata Mumpfield,WR,WR,2026,3,REG,LA,DEN,0,0,0,0,0,0,0,0,0,0,,,0,0,0,0,0,,4,8,93,1,144,21,3,7.08421766652183,0.645833333333333,0.163265306122449,0.282907662082515,0.442933322641434,0,0,0,0,0,0,15.3,19.3
00-0040613,Shaun Dolac,LB,LB,2026,3,REG,LA,DEN,0,0,0,0,0,0,0,0,0,0,,,0,0,0,0,0,,0,0,0,0,0,0,0,,,0,0,0,0,0,0,0,0,0,0,0
00-0040634,Jordan Turner,LB,LB,2026,3,REG,DEN,LA,0,0,0,0,0,0,0,0,0,0,,,0,0,0,0,0,,0,0,0,0,0,0,0,,,0,0,0,0,0,0,0,0,0,0,0
00-0040640,Ashton Gillotte,DE,DL,2026,3,REG,KC,MIA,0,0,0,0,0,0,0,0,0,0,,,0,0,0,0,0,,0,0,0,0,0,0,0,,,0,0,0,0,0,0,0,0,0,0,0
00-0040641,Darien Porter,CB,DB,2026,3,REG,LV,NO,0,0,0,0,0,0,0,0,0,0,,,0,0,0,0,0,,0,0,0,0,0,0,0,,,0,0,0,0,0,0,0,0,0,0,0
00-0040642,Vernon Broughton,DT,DL,2026,3,REG,NO,LV,0,0,0,0,0,0,0,0,0,0,,,0,0,0,0,0,,0,0,0,0,0,0,0,,,0,0,0,0,0,0,0,0,0,0,0
00-0040643,Jonas Sanker,SAF,DB,2026,3,REG,NO,LV,0,0,0,0,0,0,0,0,0,0,,,0,0,0,0,0,,0,0,0,0,0,0,0,,,0,0,0,0,0,0,0,0,0,0,0
00-0040645,Cody Simon,LB,LB,2026,3,REG,ARI,SF,0,0,0,0,0,0,0,0,0,0,,,0,0,0,0,0,,0,0,0,0,0,0,0,,,0,0,0,0,0,0,0,0,0,0,0
00-0040646,Jalen Royals,WR,WR,2026,3,REG,KC,MIA,0,0,0,0,0,0,0,0,0,0,,,0,0,0,0,0,,1,1,11,0,2,9,1,0.76694819284603,5.5,0.0434782608695652,0.0124223602484472,0.0739130434782609,0,0,0,0,0,0,1.1,2.1
00-0040648,Tory Horton,WR,WR,2026,3,REG,SEA,WAS,0,0,0,0,0,0,0,0,0,0,,,0,0,0,0,0,,3,3,48,0,44,4,3,3.58507381973323,1.09090909090909,0.0666666666666667,0.151724137931034,0.206206896551724,0,0,0,0,0,0,4.8,7.8
00-0040654,Kai Kroeger,P,SPEC,2026,3,REG,HOU,IND,0,0,0,0,0,0,0,0,0,0,,,0,0,0,0,0,,0,0,0,0,0,0,0,,,0,0,0,0,0,0,0,0,0,0,0
00-0040655,Keith Cooper Jr.,DE,DL,2026,3,REG,MIA,KC,0,0,0,0,0,0,0,0,0,0,,,0,0,0,0,0,,0,0,0,0,0,0,0,,,0,0,0,0,0,0,0,0,0,0,0
00-0040661,Donovan Jackson,G,OL,2026,3,REG,MIN,TB,0,0,0,0,0,0,0,0,0,0,,,0,0,0,0,0,,0,0,0,0,0,0,0,,,0,0,0,0,0,0,0,0,0,0,0
00-0040662,Ty Robinson,DT,DL,2026,3,REG,PHI,CHI,0,0,0,0,0,0,0,0,0,0,,,0,0,0,0,0,,0,0,0,0,0,0,0,,,0,0,0,0,0,0,0,0,0,0,0
00-0040663,Harold Fannin Jr.,TE,TE,2026,3,REG,CLE,CAR,0,0,0,0,0,0,0,0,0,0,,,0,0,0,0,0,,7,9,51,2,75,26,3,7.21693115489325,0.68,0.3,0.436046511627907,0.755232558139535,0,0,0,0,0,0,17.1,24.1
00-0040666,Omarion Hampton,RB,RB,2026,3,REG,LAC,BUF,0,0,0,0,0,0,0,0,0,0,,,15,56,0,2,1,-0.425974813464563,0,1,0,0,-9,0,0,-0.50248491531238,0,0.0303030303030303,-0.0308219178082192,0.023879202988792,0,0,0,0,0,0,5.6,5.6
00-0040667,Matthew Golden,WR,WR,2026,3,REG,GB,ATL,0,0,0,0,0,0,0,0,0,0,,,0,0,0,0,0,,5,12,100,1,199,30,4,4.61577165288306,0.50251256281407,0.235294117647059,0.50765306122449,0.708298319327731,0,0,0,0,0,0,16,21
00-0040668,Shedeur Sanders,QB,QB,2026,3,REG,CLE,CAR,1,1,0,0,0,0,0,-4,4,0,-0.404422362858895,13.082766532898,0,0,0,0,0,,0,0,0,0,0,0,0,,,0,0,0,0,0,0,0,0,0,0,0
00-0040669,Isaac TeSlaa,WR,WR,2026,3,REG,DET,NYJ,0,0,0,0,0,0,0,0,0,0,,,0,0,0,0,0,,3,3,66,0,27,39,3,6.29388905433007,2.44444444444444,0.0967741935483871,0.139896373056995,0.243088751462477,0,0,0,0,0,0,6.6,9.6
00-0040670,Nohl Williams,CB,DB,2026,3,REG,KC,MIA,0,0,0,0,0,0,0,0,0,0,,,0,0,0,0,0,,0,0,0,0,0,0,0,,,0,0,0,0,0,0,0,0,0,0,0
00-0040676,Cam Ward,QB,QB,2026,3,REG,TEN,NYG,23,36,181,1,1,0,0,228,90,11,-6.48832623060392,-0.116494042532785,1,2,0,1,0,0.656972337339539,0,0,0,0,0,0,0,,,0,0,0,0,0,0,0,0,0,9.44,9.44
00-0040677,Abdul Carter,LB,LB,2026,3,REG,NYG,TEN,0,0,0,0,0,0,0,0,0,0,,,0,0,0,0,0,,0,0,0,0,0,0,0,,,0,0,0,0,0,0,0,0,0,0,0
00-0040678,Derrick Harmon,DT,DL,2026,3,REG,PIT,CIN,0,0,0,0,0,0,0,0,0,0,,,0,0,0,0,0,,0,0,0,0,0,0,0,,,0,0,0,0,0,0,0,0,0,0,0
00-0040685,Mason Graham,DT,DL,2026,3,REG,CLE,CAR,0,0,0,0,0,0,0,0,0,0,,,0,0,0,0,0,,0,0,0,0,0,0,0,,,0,0,0,0,0,0,0,0,0,0,0
00-0040686,Josh Conerly Jr.,OT,OL,2026,3,REG,WAS,SEA,0,0,0,0,0,0,0,0,0,0,,,0,0,0,0,0,,0,0,0,0,0,0,0,,,0,0,0,0,0,0,0,0,0,0,0
00-0040688,Malaki Starks,SAF,DB,2026,3,REG,BAL,DAL,0,0,0,0,0,0,0,0,0,0,,,0,0,0,0,0,,0,0,0,0,0,0,0,,,0,0,0,0,0,0,0,0,0,0,0
00-0040705,Chimere Dike,WR,WR,2026,3,REG,TEN,NYG,0,0,0,0,0,0,0,0,0,0,,,0,0,0,0,0,,1,1,3,0,3,0,0,-0.209386733593419,1,0.0285714285714286,0.0131578947368421,0.0520676691729323,0,0,0,0,0,0,0.3,1.3
00-0040706,Walter Nolen,DT,DL,2026,3,REG,ARI,SF,0,0,0,0,0,0,0,0,0,0,,,0,0,0,0,0,,0,0,0,0,0,0,0,,,0,0,0,0,0,0,0,0,0,0,0
00-0040708,Jihaad Campbell,LB,LB,2026,3,REG,PHI,CHI,0,0,0,0,0,0,0,0,0,0,,,0,0,0,0,0,,0,0,0,0,0,0,0,,,0,0,0,0,0,0,0,0,0,0,0
00-0040709,Maxwell Hairston,CB,DB,2026,3,REG,BUF,LAC,0,0,0,0,0,0,0,0,0,0,,,0,0,0,0,0,,0,0,0,0,0,0,0,,,0,0,0,0,0,0,0,0,0,0,0
00-0040710,Deone Walker,DT,DL,2026,3,REG,BUF,LAC,0,0,0,0,0,0,0,0,0,0,,,0,0,0,0,0,,0,0,0,0,0,0,0,,,0,0,0,0,0,0,0,0,0,0,0
00-0040715,Cam Skattebo,RB,RB,2026,3,REG,NYG,TEN,0,0,0,0,0,0,0,0,0,0,,,20,60,0,3,2,-5.27469797320947,3,4,40,0,34,10,1,2.33383915689774,1.17647058823529,0.19047619047619,0.25,0.460714285714286,0,0,0,0,0,0,10,13
00-0040718,Travis Hunter,CB,DB,2026,3,REG,JAX,NE,0,0,0,0,0,0,0,0,0,0,,,0,0,0,0,0,,0,0,0,0,0,0,0,,,0,0,0,0,0,0,0,0,0,0,0
00-0040719,Bhayshul Tuten,RB,RB,2026,3,REG,JAX,NE,0,0,0,0,0,0,0,0,0,0,,,15,73,1,5,1,2.5535539148259,2,2,17,0,-7,24,1,0.921728952322155,-2.42857142857143,0.0740740740740741,-0.0388888888888889,0.0838888888888889,0,0,0,0,0,0,15,17
00-0040720,Jahdae Barron,CB,DB,2026,3,REG,DEN,LA,0,0,0,0,0,0,0,0,0,0,,,0,0,0,0,0,,0,0,0,0,0,0,0,,,0,0,0,0,0,0,0,0,0,0,0
00-0040722,Mike Green,LB,LB,2026,3,REG,BAL,DAL,0,0,0,0,0,0,0,0,0,0,,,0,0,0,0,0,,0,0,0,0,0,0,0,,,0,0,0,0,0,0,0,0,0,0,0
00-0040725,Donovan Ezeiruaku,LB,LB,2026,3,REG,DAL,BAL,0,0,0,0,0,0,0,0,0,0,,,0,0,0,0,0,,0,0,0,0,0,0,0,,,0,0,0,0,0,0,0,0,0,0,0
00-0040727,Tre Harris,WR,WR,2026,3,REG,LAC,BUF,0,0,0,0,0,0,0,0,0,0,,,0,0,0,0,0,,6,7,76,0,59,30,3,2.99623483573627,1.28813559322034,0.212121212121212,0.202054794520548,0.459620174346202,0,0,0,0,0,0,7.6,13.6
00-0040730,RJ Harvey,RB,RB,2026,3,REG,DEN,LA,0,0,0,0,0,0,0,0,0,0,,,2,6,0,0,0,-0.841389643959701,6,7,41,0,-11,54,1,0.175881798786577,-3.72727272727273,0.225806451612903,-0.0594594594594595,0.297088055797733,0,0,0,0,0,0,4.7,10.7
00-0040733,Nick Emmanwori,SAF,DB,2026,3,REG,SEA,WAS,0,0,0,0,0,0,0,0,0,0,,,0,0,0,0,0,,0,0,0,0,0,0,0,,,0,0,0,0,0,0,0,0,0,0,0
00-0040734,TreVeyon Henderson,RB,RB,2026,3,REG,NE,JAX,0,0,0,0,0,0,0,0,0,0,,,8,23,0,0,0,-2.37237346940674,1,1,6,0,4,2,0,0.257351893465966,1.5,0.0333333333333333,0.0110497237569061,0.0577348066298343,0,0,0,0,0,0,2.9,3.9
00-0040735,Luther Burden III,WR,WR,2026,3,REG,CHI,PHI,0,0,0,0,0,0,0,0,0,0,,,1,7,0,0,0,0.247792859619949,7,11,61,1,56,29,3,-1.06802625972714,1.08928571428571,0.323529411764706,0.267942583732057,0.672853926259499,0,0,0,0,0,0,12.8,19.8
00-0040737,Terrance Ferguson,TE,TE,2026,3,REG,LA,DEN,0,0,0,0,0,0,0,0,0,0,,,0,0,0,0,0,,1,2,9,0,1,14,1,0.682954250252806,9,0.0408163265306122,0.00196463654223969,0.0625997353754862,0,0,0,0,0,0,0.9,1.9
00-0040738,Demetrius Knight Jr.,LB,LB,2026,3,REG,CIN,PIT,0,0,0,0,0,0,0,0,0,0,,,0,0,0,0,0,,0,0,0,0,0,0,0,,,0,0,0,0,0,0,0,0,0,0,0
00-0040743,Tyler Shough,QB,QB,2026,3,REG,NO,LV,29,42,255,4,1,2,-22,311,123,18,-3.62710097496165,4.3605937063694,1,36,0,1,1,2.06868326978292,0,0,0,0,0,0,0,,,0,0,0,0,0,2,0,0,0,23.8,23.8
00-0040744,Jaylahn Tuimoloau,DE,DL,2026,3,REG,IND,HOU,0,0,0,0,0,0,0,0,0,0,,,0,0,0,0,0,,0,0,0,0,0,0,0,,,0,0,0,0,0,0,0,0,0,0,0
00-0040749,Andrew Mukuba,SAF,DB,2026,3,REG,PHI,CHI,0,0,0,0,0,0,0,0,0,0,,,0,0,0,0,0,,0,0,0,0,0,0,0,,,0,0,0,0,0,0,0,0,0,0,0
00-0040752,Oluwafemi Oladejo,DE,DL,2026,3,REG,TEN,NYG,0,0,0,0,0,0,0,0,0,0,,,0,0,0,0,0,,0,0,0,0,0,0,0,,,0,0,0,0,0,0,0,0,0,0,0
00-0040784,Quinshon Judkins,RB,RB,2026,3,REG,CLE,CAR,0,0,0,0,0,0,0,0,0,0,,,18,70,0,2,2,-3.89179239424993,2,2,9,0,-6,15,0,0.361476672522258,-1.5,0.0666666666666667,-0.0348837209302326,0.0755813953488372,0,0,0,0,0,0,7.9,9.9
00-0040785,Dohnte Meyers,WR,WR,2026,3,REG,CIN,PIT,0,0,0,0,0,0,0,0,0,0,,,0,0,0,0,0,,3,5,29,0,18,18,2,0.599814294953831,1.61111111111111,0.135135135135135,0.0694980694980695,0.251351351351351,0,0,0,0,0,0,2.9,5.9
00-0040865,Caleb Downs,SAF,DB,2026,3,REG,DAL,BAL,0,0,0,0,0,0,0,0,0,0,,,0,0,0,0,0,,0,0,0,0,0,0,0,,,0,0,0,0,0,0,0,0,0,0,0
00-0040867,Makai Lemon,WR,WR,2026,3,REG,PHI,CHI,0,0,0,0,0,0,0,0,0,0,,,0,0,0,0,0,,3,4,29,0,46,17,2,-1.60334338189568,0.630434782608696,0.16,0.296774193548387,0.447741935483871,0,0,0,0,0,0,2.9,5.9
00-0040869,Chris McClellan,DT,DL,2026,3,REG,GB,ATL,0,0,0,0,0,0,0,0,0,0,,,0,0,0,0,0,,0,0,0,0,0,0,0,,,0,0,0,0,0,0,0,0,0,0,0
00-0040872,Jaishawn Barham,LB,LB,2026,3,REG,DAL,BAL,0,0,0,0,0,0,0,0,0,0,,,0,0,0,0,0,,0,0,0,0,0,0,0,,,0,0,0,0,0,0,0,0,0,0,0
00-0040873,Julian Neal,CB,DB,2026,3,REG,SEA,WAS,0,0,0,0,0,0,0,0,0,0,,,0,0,0,0,0,,0,0,0,0,0,0,0,,,0,0,0,0,0,0,0,0,0,0,0
00-0040877,Dani Dennis-Sutton,LB,LB,2026,3,REG,GB,ATL,0,0,0,0,0,0,0,0,0,0,,,0,0,0,0,0,,0,0,0,0,0,0,0,,,0,0,0,0,0,0,0,0,0,0,0
00-0040878,Mike Washington Jr.,RB,RB,2026,3,REG,LV,NO,0,0,0,0,0,0,0,0,0,0,,,5,54,1,3,1,4.29077702970244,0,0,0,0,0,0,0,,,0,0,0,0,0,0,0,0,0,11.4,11.4
00-0040879,Matthew Hibner,TE,TE,2026,3,REG,BAL,DAL,0,0,0,0,0,0,0,0,0,0,,,0,0,0,0,0,,2,2,23,1,5,18,2,3.2965441813576,4.6,0.1,0.0276243093922652,0.169337016574586,0,0,0,0,0,0,8.3,10.3
00-0040880,LT Overton,DT,DL,2026,3,REG,DAL,BAL,0,0,0,0,0,0,0,0,0,0,,,0,0,0,0,0,,0,0,0,0,0,0,0,,,0,0,0,0,0,0,0,0,0,0,0
00-0040884,Jager Burton,G,OL,2026,3,REG,GB,ATL,0,0,0,0,0,0,0,0,0,0,,,0,0,0,0,0,,0,0,0,0,0,0,0,,,0,0,0,0,0,0,0,0,0,0,0
00-0040885,Chandler Rivers,CB,DB,2026,3,REG,BAL,DAL,0,0,0,0,0,0,0,0,0,0,,,0,0,0,0,0,,0,0,0,0,0,0,0,,,0,0,0,0,0,0,0,0,0,0,0
00-0040887,Josh Cuevas,TE,TE,2026,3,REG,BAL,DAL,0,0,0,0,0,0,0,0,0,0,,,0,0,0,0,0,,1,1,14,0,3,11,1,1.18769985373365,4.66666666666667,0.05,0.0165745856353591,0.0866022099447514,0,0,0,0,0,0,1.4,2.4
00-0040889,Hezekiah Masses,CB,DB,2026,3,REG,LV,NO,0,0,0,0,0,0,0,0,0,0,,,0,0,0,0,0,,0,0,0,0,0,0,0,,,0,0,0,0,0,0,0,0,0,0,0
00-0040894,Malik Benson,WR,WR,2026,3,REG,LV,NO,0,0,0,0,0,0,0,0,0,0,,,0,0,0,0,0,,0,1,0,0,40,0,0,-1.26575400680304,0,0.0333333333333333,0.146520146520147,0.152564102564103,0,0,0,0,0,0,0,0
00-0040898,Ryan Eckley,P,SPEC,2026,3,REG,BAL,DAL,0,0,0,0,0,0,0,0,0,0,,,0,0,0,0,0,,0,0,0,0,0,0,0,,,0,0,0,0,0,0,0,0,0,0,0
00-0040899,Trey Smack,K,SPEC,2026,3,REG,GB,ATL,0,0,0,0,0,0,0,0,0,0,,,0,0,0,0,0,,0,0,0,0,0,0,0,,,0,0,0,0,0,0,0,0,0,0,0
00-0040928,Kapena Gushiken,CB,DB,2026,3,REG,IND,HOU,0,0,0,0,0,0,0,0,0,0,,,0,0,0,0,0,,0,0,0,0,0,0,0,,,0,0,0,0,0,0,0,0,0,0,0
00-0040948,J. Michael Sturdivant,WR,WR,2026,3,REG,GB,ATL,0,0,0,0,0,0,0,0,0,0,,,0,0,0,0,0,,3,3,22,0,22,0,2,3.18962677806849,1,0.0588235294117647,0.0561224489795918,0.127521008403361,0,0,0,0,0,0,2.2,5.2
00-0040957,Xavier Nwankpa,SAF,DB,2026,3,REG,KC,MIA,0,0,0,0,0,0,0,0,0,0,,,0,0,0,0,0,,0,0,0,0,0,0,0,,,0,0,0,0,0,0,0,0,0,0,0
00-0041013,Emmett Johnson,RB,RB,2026,3,REG,KC,MIA,0,0,0,0,0,0,0,0,0,0,,,6,17,0,1,0,-0.635693075247831,0,0,0,0,0,0,0,,,0,0,0,0,0,0,0,0,0,1.7,1.7
00-0041026,David Bailey,LB,LB,2026,3,REG,NYJ,DET,0,0,0,0,0,0,0,0,0,0,,,0,0,0,0,0,,0,0,0,0,0,0,0,,,0,0,0,0,0,0,0,0,0,0,0
00-0041027,Jeremiyah Love,RB,RB,2026,3,REG,ARI,SF,0,0,0,0,0,0,0,0,0,0,,,21,90,0,3,0,1.81509344797814,5,5,19,1,9,10,2,0.717992390852025,2.11111111111111,0.1,0.0283018867924528,0.169811320754717,0,0,0,0,0,0,16.9,21.9
00-0041028,Sonny Styles,LB,LB,2026,3,REG,WAS,SEA,0,0,0,0,0,0,0,0,0,0,,,0,0,0,0,0,,0,0,0,0,0,0,0,,,0,0,0,0,0,0,0,0,0,0,0
00-0041030,Spencer Fano,OT,OL,2026,3,REG,CLE,CAR,0,0,0,0,0,0,0,0,0,0,,,0,0,0,0,0,,0,0,0,0,0,0,0,,,0,0,0,0,0,0,0,0,0,0,0
00-0041032,Kenyon Sadiq,TE,TE,2026,3,REG,NYJ,DET,0,0,0,0,0,0,0,0,0,0,,,0,0,0,0,0,,7,8,105,1,78,46,4,6.49136984365759,1.34615384615385,0.222222222222222,0.242236024844721,0.502898550724638,0,0,0,0,0,0,16.5,23.5
00-0041033,Caleb Banks,DT,DL,2026,3,REG,MIN,TB,0,0,0,0,0,0,0,0,0,0,,,0,0,0,0,0,,0,0,0,0,0,0,0,,,0,0,0,0,0,0,0,0,0,0,0
00-0041034,Monroe Freeling,OT,OL,2026,3,REG,CAR,CLE,0,0,0,0,0,0,0,0,0,0,,,0,0,0,0,0,,0,0,0,0,0,0,0,,,0,0,0,0,0,0,0,0,0,0,0
00-0041037,Denzel Boston,WR,WR,2026,3,REG,CLE,CAR,0,0,0,0,0,0,0,0,0,0,,,0,0,0,0,0,,2,4,41,0,51,17,2,1.57021701509086,0.803921568627451,0.133333333333333,0.296511627906977,0.407558139534884,0,0,0,0,1,0,6.1,8.1
00-0041040,Antonio Williams,WR,WR,2026,3,REG,WAS,SEA,0,0,0,0,0,0,0,0,0,0,,,0,0,0,0,0,,2,4,15,0,52,6,0,-1.59902416932164,0.288461538461538,0.133333333333333,0.209677419354839,0.346774193548387,0,0,0,0,0,0,1.5,3.5
00-0041042,Malachi Fields,WR,WR,2026,3,REG,NYG,TEN,0,0,0,0,0,0,0,0,0,0,,,0,0,0,0,0,,2,2,19,0,11,8,1,0.538687345688231,1.72727272727273,0.0952380952380952,0.0808823529411765,0.199474789915966,0,0,0,0,0,0,1.9,3.9
00-0041043,A.J. Haulcy,SAF,DB,2026,3,REG,IND,HOU,0,0,0,0,0,0,0,0,0,0,,,0,0,0,0,0,,0,0,0,0,0,0,0,,,0,0,0,0,0,0,0,0,0,0,0
00-0041044,Zachariah Branch,WR,WR,2026,3,REG,ATL,GB,0,0,0,0,0,0,0,0,0,0,,,0,0,0,0,0,,1,2,7,0,13,11,0,-0.858339980710298,0.538461538461538,0.0869565217391304,0.087248322147651,0.191508608112051,0,0,0,0,0,0,0.7,1.7
00-0041048,Ted Hurst III,WR,WR,2026,3,REG,TB,MIN,0,0,0,0,0,0,0,0,0,0,,,0,0,0,0,0,,1,3,40,1,71,19,1,2.4850997068279,0.563380281690141,0.0857142857142857,0.180203045685279,0.254713560551124,0,0,0,0,0,0,10,11
00-0041049,Austin Barber,OT,OL,2026,3,REG,CLE,CAR,0,0,0,0,0,0,0,0,0,0,,,0,0,0,0,0,,0,0,0,0,0,0,0,,,0,0,0,0,0,0,0,0,0,0,0
00-0041050,Emmanuel Pregnon,G,OL,2026,3,REG,JAX,NE,0,0,0,0,0,0,0,0,0,0,,,0,0,0,0,0,,0,0,0,0,0,0,0,,,0,0,0,0,0,0,0,0,0,0,0
00-0041051,Zavion Thomas,WR,WR,2026,3,REG,CHI,PHI,0,0,0,0,0,0,0,0,0,0,,,0,0,0,0,0,,1,1,1,0,-4,5,0,-0.755200956016779,0,0.0294117647058824,-0.0191387559808612,0.0307205178722207,0,0,0,0,0,0,0.1,1.1
00-0041052,Kaelon Black,RB,RB,2026,3,REG,SF,ARI,0,0,0,0,0,0,0,0,0,0,,,4,17,0,1,0,-0.580806656682398,0,1,0,0,-5,0,0,-0.517994641559199,0,0.0384615384615385,-0.0170068027210884,0.0457875457875458,0,0,0,0,0,0,1.7,1.7
00-0041057,Keionte Scott,CB,DB,2026,3,REG,TB,MIN,0,0,0,0,0,0,0,0,0,0,,,0,0,0,0,0,,0,0,0,0,0,0,0,,,0,0,0,0,0,0,0,0,0,0,0
00-0041060,Malik Muhammad,CB,DB,2026,3,REG,CHI,PHI,0,0,0,0,0,0,0,0,0,0,,,0,0,0,0,0,,0,0,0,0,0,0,0,,,0,0,0,0,0,0,0,0,0,0,0
00-0041063,Will Lee III,CB,DB,2026,3,REG,CAR,CLE,0,0,0,0,0,0,0,0,0,0,,,0,0,0,0,0,,0,0,0,0,0,0,0,,,0,0,0,0,0,0,0,0,0,0,0
00-0041064,Genesis Smith,SAF,DB,2026,3,REG,LAC,BUF,0,0,0,0,0,0,0,0,0,0,,,0,0,0,0,0,,0,0,0,0,0,0,0,,,0,0,0,0,0,0,0,0,0,0,0
00-0041066,Kendal Daniels,LB,LB,2026,3,REG,ATL,GB,0,0,0,0,0,0,0,0,0,0,,,0,0,0,0,0,,0,0,0,0,0,0,0,,,0,0,0,0,0,0,0,0,0,0,0
00-0041067,Bryce Lance,WR,WR,2026,3,REG,NO,LV,0,0,0,0,0,0,0,0,0,0,,,0,0,0,0,0,,0,3,0,0,58,0,0,-8.06817765696906,0,0.075,0.186495176848875,0.243046623794212,0,0,0,0,0,0,0,0
00-0041069,Colbie Young,WR,WR,2026,3,REG,CIN,PIT,0,0,0,0,0,0,0,0,0,0,,,0,0,0,0,0,,1,1,2,0,1,1,0,-0.535833467263728,2,0.027027027027027,0.00386100386100386,0.0432432432432432,0,0,0,0,0,0,0.2,1.2
00-0041072,Nick Barrett,DT,DL,2026,3,REG,LAC,BUF,0,0,0,0,0,0,0,0,0,0,,,0,0,0,0,0,,0,0,0,0,0,0,0,,,0,0,0,0,0,0,0,0,0,0,0
00-0041074,Joshua Josephs,LB,LB,2026,3,REG,WAS,SEA,0,0,0,0,0,0,0,0,0,0,,,0,0,0,0,0,,0,0,0,0,0,0,0,,,0,0,0,0,0,0,0,0,0,0,0
00-0041076,Zakee Wheatley,SAF,DB,2026,3,REG,CAR,CLE,0,0,0,0,0,0,0,0,0,0,,,0,0,0,0,0,,0,0,0,0,0,0,0,,,0,0,0,0,0,0,0,0,0,0,0
00-0041078,Jaden Dugger,LB,LB,2026,3,REG,SF,ARI,0,0,0,0,0,0,0,0,0,0,,,0,0,0,0,0,,0,0,0,0,0,0,0,,,0,0,0,0,0,0,0,0,0,0,0
00-0041081,Max Bredeson,RB,RB,2026,3,REG,MIN,TB,0,0,0,0,0,0,0,0,0,0,,,0,0,0,0,0,,0,0,0,0,0,0,0,,,0,0,0,0,0,0,0,0,0,0,0
00-0041093,Karson Sharar,LB,LB,2026,3,REG,ARI,SF,0,0,0,0,0,0,0,0,0,0,,,0,0,0,0,0,,0,0,0,0,0,0,0,,,0,0,0,0,0,0,0,0,0,0,0
00-0041094,Bauer Sharp,TE,TE,2026,3,REG,TB,MIN,0,0,0,0,0,0,0,0,0,0,,,0,0,0,0,0,,0,0,0,0,0,0,0,,,0,0,0,0,0,0,0,0,0,0,0
00-0041100,Josh Cameron,WR,WR,2026,3,REG,JAX,NE,0,0,0,0,0,0,0,0,0,0,,,0,0,0,0,0,,1,2,12,1,20,4,1,1.60287856240757,0.6,0.0740740740740741,0.111111111111111,0.188888888888889,0,0,0,0,0,0,7.2,8.2
00-0041104,Demond Claiborne,RB,RB,2026,3,REG,MIN,TB,0,0,0,0,0,0,0,0,0,0,,,3,1,0,0,0,-2.1003015995957,0,0,0,0,0,0,0,,,0,0,0,0,0,0,0,0,0,0.1,0.1
00-0041111,Caden Curry,DE,DL,2026,3,REG,IND,HOU,0,0,0,0,0,0,0,0,0,0,,,0,0,0,0,0,,0,0,0,0,0,0,0,,,0,0,0,0,0,0,0,0,0,0,0
00-0041112,Harold Perkins Jr.,LB,LB,2026,3,REG,ATL,GB,0,0,0,0,0,0,0,0,0,0,,,0,0,0,0,0,,0,0,0,0,0,0,0,,,0,0,0,0,0,0,0,0,0,0,0
00-0041115,Toriano Pride Jr.,CB,DB,2026,3,REG,CLE,CAR,0,0,0,0,0,0,0,0,0,0,,,0,0,0,0,0,,0,0,0,0,0,0,0,,,0,0,0,0,0,0,0,0,0,0,0
00-0041119,Jackson Kuwatch,LB,LB,2026,3,REG,CAR,CLE,0,0,0,0,0,0,0,0,0,0,,,0,0,0,0,0,,0,0,0,0,0,0,0,,,0,0,0,0,0,0,0,0,0,0,0
00-0041125,Seth McGowan,RB,RB,2026,3,REG,IND,HOU,0,0,0,0,0,0,0,0,0,0,,,4,14,0,1,0,-0.162318924616557,0,0,0,0,0,0,0,,,0,0,0,0,0,0,0,0,0,1.4,1.4
00-0041126,Tommy Doman Jr.,P,SPEC,2026,3,REG,BUF,LAC,0,0,0,0,0,0,0,0,0,0,,,0,0,0,0,0,,0,0,0,0,0,0,0,,,0,0,0,0,0,0,0,0,0,0,0
00-0041131,Carsen Ryan,TE,TE,2026,3,REG,CLE,CAR,0,0,0,0,0,0,0,0,0,0,,,0,0,0,0,0,,0,0,0,0,0,0,0,,,0,0,0,0,0,0,0,0,0,0,0
00-0041143,Ben Mann,LS,SPEC,2026,3,REG,NYG,TEN,0,0,0,0,0,0,0,0,0,0,,,0,0,0,0,0,,0,0,0,0,0,0,0,,,0,0,0,0,0,0,0,0,0,0,0
00-0041145,Dominic Zvada,K,SPEC,2026,3,REG,NYG,TEN,0,0,0,0,0,0,0,0,0,0,,,0,0,0,0,0,,0,0,0,0,0,0,0,,,0,0,0,0,0,0,0,0,0,0,0
00-0041148,Aaron Hall,DT,DL,2026,3,REG,CAR,CLE,0,0,0,0,0,0,0,0,0,0,,,0,0,0,0,0,,0,0,0,0,0,0,0,,,0,0,0,0,0,0,0,0,0,0,0
00-0041182,Drew Stevens,K,SPEC,2026,3,REG,WAS,SEA,0,0,0,0,0,0,0,0,0,0,,,0,0,0,0,0,,0,0,0,0,0,0,0,,,0,0,0,0,0,0,0,0,0,0,0
00-0041218,Bryan Thomas Jr.,DE,DL,2026,3,REG,JAX,NE,0,0,0,0,0,0,0,0,0,0,,,0,0,0,0,0,,0,0,0,0,0,0,0,,,0,0,0,0,0,0,0,0,0,0,0
00-0041251,Jalon Daniels,QB,QB,2026,3,REG,TB,MIN,0,3,0,0,1,0,0,106,0,0,-0.456718421221012,-51.4232680201531,1,9,0,0,0,0.133840939815855,0,0,0,0,0,0,0,,,0,0,0,0,0,0,0,0,0,-1.1,-1.1
00-0041267,Malik McClain,WR,WR,2026,3,REG,NYJ,DET,0,0,0,0,0,0,0,0,0,0,,,0,0,0,0,0,,0,0,0,0,0,0,0,,,0,0,0,0,0,0,0,0,0,0,0
00-0041292,Kolbe Katsis,WR,WR,2026,3,REG,DEN,LA,0,0,0,0,0,0,0,0,0,0,,,0,0,0,0,0,,0,0,0,0,0,0,0,,,0,0,0,0,0,0,0,0,0,0,0
00-0041305,Sabastian Harsh,DE,DL,2026,3,REG,HOU,IND,0,0,0,0,0,0,0,0,0,0,,,0,0,0,0,0,,0,0,0,0,0,0,0,,,0,0,0,0,0,0,0,0,0,0,0
00-0041316,Channing Canada,CB,DB,2026,3,REG,NE,JAX,0,0,0,0,0,0,0,0,0,0,,,0,0,0,0,0,,0,0,0,0,0,0,0,,,0,0,0,0,0,0,0,0,0,0,0
00-0041326,CJ Donaldson,RB,RB,2026,3,REG,NO,LV,0,0,0,0,0,0,0,0,0,0,,,1,5,0,0,0,0.457697664562147,0,0,0,0,0,0,0,,,0,0,0,0,0,0,0,0,0,0.5,0.5
00-0041354,Jacob Thomas,SAF,DB,2026,3,REG,MIN,TB,0,0,0,0,0,0,0,0,0,0,,,0,0,0,0,0,,0,0,0,0,0,0,0,,,0,0,0,0,0,0,0,0,0,0,0
00-0041358,Bryson Eason,DT,DL,2026,3,REG,KC,MIA,0,0,0,0,0,0,0,0,0,0,,,0,0,0,0,0,,0,0,0,0,0,0,0,,,0,0,0,0,0,0,0,0,0,0,0
00-0041370,Wydett Williams Jr.,SAF,DB,2026,3,REG,ARI,SF,0,0,0,0,0,0,0,0,0,0,,,0,0,0,0,0,,0,0,0,0,0,0,0,,,0,0,0,0,0,0,0,0,0,0,0
00-0041381,Rodney Shelley,DB,DB,2026,3,REG,LAC,BUF,0,0,0,0,0,0,0,0,0,0,,,0,0,0,0,0,,0,0,0,0,0,0,0,,,0,0,0,0,0,0,0,0,0,0,0
00-0041391,Davison Igbinosun,CB,DB,2026,3,REG,BUF,LAC,0,0,0,0,0,0,0,0,0,0,,,0,0,0,0,0,,0,0,0,0,0,0,0,,,0,0,0,0,0,0,0,0,0,0,0
00-0041393,Daylen Everette,CB,DB,2026,3,REG,PIT,CIN,0,0,0,0,0,0,0,0,0,0,,,0,0,0,0,0,,0,0,0,0,0,0,0,,,0,0,0,0,0,0,0,0,0,0,0
00-0041397,Kaden Wetjen,WR,WR,2026,3,REG,PIT,CIN,0,0,0,0,0,0,0,0,0,0,,,0,0,0,0,0,,0,0,0,0,0,0,0,,,0,0,0,0,0,0,0,0,0,0,0
00-0041401,Robert Spears-Jennings,SAF,DB,2026,3,REG,PIT,CIN,0,0,0,0,0,0,0,0,0,0,,,0,0,0,0,0,,0,0,0,0,0,0,0,,,0,0,0,0,0,0,0,0,0,0,0
00-0041404,Wesley Bailey,LB,LB,2026,3,REG,LA,DEN,0,0,0,0,0,0,0,0,0,0,,,0,0,0,0,0,,0,0,0,0,0,0,0,,,0,0,0,0,0,0,0,0,0,0,0
00-0041415,Dean Connors,RB,RB,2026,3,REG,LA,DEN,0,0,0,0,0,0,0,0,0,0,,,0,0,0,0,0,,0,0,0,0,0,0,0,,,0,0,0,0,0,0,0,0,0,0,0
00-0041436,DJ Herman,RB,RB,2026,3,REG,MIA,KC,0,0,0,0,0,0,0,0,0,0,,,0,0,0,0,0,,0,0,0,0,0,0,0,,,0,0,0,0,0,0,0,0,0,0,0
00-0041438,Carnell Tate,WR,WR,2026,3,REG,TEN,NYG,0,0,0,0,0,0,0,0,0,0,,,0,0,0,0,0,,6,9,58,0,102,15,3,1.6728613745654,0.568627450980392,0.257142857142857,0.447368421052632,0.698872180451128,0,0,0,0,0,0,5.8,11.8
00-0041439,Blake Miller,OT,OL,2026,3,REG,DET,NYJ,0,0,0,0,0,0,0,0,0,0,,,0,0,0,0,0,,0,0,0,0,0,0,0,,,0,0,0,0,0,0,0,0,0,0,0
00-0041442,Jimmy Rolder,LB,LB,2026,3,REG,DET,NYJ,0,0,0,0,0,0,0,0,0,0,,,0,0,0,0,0,,0,0,0,0,0,0,0,,,0,0,0,0,0,0,0,0,0,0,0
00-0041444,Kaleb Elarms-Orr,LB,LB,2026,3,REG,BUF,LAC,0,0,0,0,0,0,0,0,0,0,,,0,0,0,0,0,,0,0,0,0,0,0,0,,,0,0,0,0,0,0,0,0,0,0,0
00-0041447,Skyler Gill-Howard,DT,DL,2026,3,REG,DET,NYJ,0,0,0,0,0,0,0,0,0,0,,,0,0,0,0,0,,0,0,0,0,0,0,0,,,0,0,0,0,0,0,0,0,0,0,0
00-0041455,Erick Hunter,LB,LB,2026,3,REG,NE,JAX,0,0,0,0,0,0,0,0,0,0,,,0,0,0,0,0,,0,0,0,0,0,0,0,,,0,0,0,0,0,0,0,0,0,0,0
00-0041459,Eric O'Neill,DE,DL,2026,3,REG,DET,NYJ,0,0,0,0,0,0,0,0,0,0,,,0,0,0,0,0,,0,0,0,0,0,0,0,,,0,0,0,0,0,0,0,0,0,0,0
00-0041462,Colton Hood,CB,DB,2026,3,REG,NYG,TEN,0,0,0,0,0,0,0,0,0,0,,,0,0,0,0,0,,0,0,0,0,0,0,0,,,0,0,0,0,0,0,0,0,0,0,0
00-0041464,Tacario Davis,CB,DB,2026,3,REG,CIN,PIT,0,0,0,0,0,0,0,0,0,0,,,0,0,0,0,0,,0,0,0,0,0,0,0,,,0,0,0,0,0,0,0,0,0,0,0
00-0041465,Wade Woodaz,LB,LB,2026,3,REG,HOU,IND,0,0,0,0,0,0,0,0,0,0,,,0,0,0,0,0,,0,0,0,0,0,0,0,,,0,0,0,0,0,0,0,0,0,0,0
00-0041466,Kamari Ramsey,SAF,DB,2026,3,REG,HOU,IND,0,0,0,0,0,0,0,0,0,0,,,0,0,0,0,0,,0,0,0,0,0,0,0,,,0,0,0,0,0,0,0,0,0,0,0
00-0041467,Lewis Bond,WR,WR,2026,3,REG,HOU,IND,0,0,0,0,0,0,0,0,0,0,,,0,0,0,0,0,,0,1,0,0,10,0,0,-0.831068004947156,0,0.04,0.0298507462686567,0.0808955223880597,0,0,0,0,0,0,0,0
00-0041469,Avieon Terrell,CB,DB,2026,3,REG,ATL,GB,0,0,0,0,0,0,0,0,0,0,,,0,0,0,0,0,,0,0,0,0,0,0,0,,,0,0,0,0,0,0,0,0,0,0,0
00-0041470,Brandon Cisse,CB,DB,2026,3,REG,GB,ATL,0,0,0,0,0,0,0,0,0,0,,,0,0,0,0,0,,0,0,0,0,0,0,0,,,0,0,0,0,0,0,0,0,0,0,0
00-0041471,Emmanuel McNeil-Warren,SAF,DB,2026,3,REG,CLE,CAR,0,0,0,0,0,0,0,0,0,0,,,0,0,0,0,0,,0,0,0,0,0,0,0,,,0,0,0,0,0,0,0,0,0,0,0
00-0041478,Lee Hunter,DT,DL,2026,3,REG,CAR,CLE,0,0,0,0,0,0,0,0,0,0,,,0,0,0,0,0,,0,0,0,0,0,0,0,,,0,0,0,0,0,0,0,0,0,0,0
00-0041479,Anthony Hill Jr.,LB,LB,2026,3,REG,TEN,NYG,0,0,0,0,0,0,0,0,0,0,,,0,0,0,0,0,,0,0,0,0,0,0,0,,,0,0,0,0,0,0,0,0,0,0,0
00-0041489,Germie Bernard,WR,WR,2026,3,REG,PIT,CIN,0,0,0,0,0,0,0,0,0,0,,,0,0,0,0,0,,1,1,14,0,14,0,1,0.845388255489525,1,0.032258064516129,0.0356234096692112,0.0733234835426414,0,0,0,0,0,0,1.4,2.4
00-0041494,Zion Young,LB,LB,2026,3,REG,BAL,DAL,0,0,0,0,0,0,0,0,0,0,,,0,0,0,0,0,,0,0,0,0,0,0,0,,,0,0,0,0,0,0,0,0,0,0,0
00-0041495,Jake Golday,LB,LB,2026,3,REG,MIN,TB,0,0,0,0,0,0,0,0,0,0,,,0,0,0,0,0,,0,0,0,0,0,0,0,,,0,0,0,0,0,0,0,0,0,0,0
00-0041501,R Mason Thomas,DE,DL,2026,3,REG,KC,MIA,0,0,0,0,0,0,0,0,0,0,,,0,0,0,0,0,,0,0,0,0,0,0,0,,,0,0,0,0,0,0,0,0,0,0,0
00-0041503,Nate Boerkircher,TE,TE,2026,3,REG,JAX,NE,0,0,0,0,0,0,0,0,0,0,,,0,0,0,0,0,,0,1,0,0,4,0,0,-0.440556480374653,0,0.037037037037037,0.0222222222222222,0.0711111111111111,0,0,0,0,0,0,0,0
00-0041508,Keldric Faulk,DE,DL,2026,3,REG,TEN,NYG,0,0,0,0,0,0,0,0,0,0,,,0,0,0,0,0,,0,0,0,0,0,0,0,,,0,0,0,0,0,0,0,0,0,0,0
00-0041509,Arvell Reese,LB,LB,2026,3,REG,NYG,TEN,0,0,0,0,0,0,0,0,0,0,,,0,0,0,0,0,,0,0,0,0,0,0,0,,,0,0,0,0,0,0,0,0,0,0,0
00-0041512,Jadarian Price,RB,RB,2026,3,REG,SEA,WAS,0,0,0,0,0,0,0,0,0,0,,,5,15,0,2,1,-6.01089065265842,1,3,7,0,26,5,0,-0.371154221647885,0.269230769230769,0.0666666666666667,0.0896551724137931,0.162758620689655,1,0,0,0,0,0,0.2,1.2
00-0041518,Bryce Boettcher,LB,LB,2026,3,REG,IND,HOU,0,0,0,0,0,0,0,0,0,0,,,0,0,0,0,0,,0,0,0,0,0,0,0,,,0,0,0,0,0,0,0,0,0,0,0
00-0041522,Jacob Rodriguez,LB,LB,2026,3,REG,MIA,KC,0,0,0,0,0,0,0,0,0,0,,,0,0,0,0,0,,0,0,0,0,0,0,0,,,0,0,0,0,0,0,0,0,0,0,0
00-0041524,Will Kacmarek,TE,TE,2026,3,REG,MIA,KC,0,0,0,0,0,0,0,0,0,0,,,0,0,0,0,0,,0,0,0,0,0,0,0,,,0,0,0,0,0,0,0,0,0,0,0
00-0041525,Chris Bell,WR,WR,2026,3,REG,MIA,KC,0,0,0,0,0,0,0,0,0,0,,,0,0,0,0,0,,4,7,67,0,126,34,3,3.4924627696164,0.531746031746032,0.2,0.320610687022901,0.524427480916031,0,0,0,0,0,0,6.7,10.7
00-0041528,Michael Taaffe,SAF,DB,2026,3,REG,MIA,KC,0,0,0,0,0,0,0,0,0,0,,,0,0,0,0,0,,0,0,0,0,0,0,0,,,0,0,0,0,0,0,0,0,0,0,0
00-0041529,Kevin Coleman Jr.,WR,WR,2026,3,REG,MIA,KC,0,0,0,0,0,0,0,0,0,0,,,0,0,0,0,0,,1,4,3,0,75,-1,0,-3.58336034050444,0.04,0.114285714285714,0.190839694656489,0.305016357688113,0,0,0,0,0,0,0.3,1.3
00-0041533,Chris Johnson,CB,DB,2026,3,REG,MIA,KC,0,0,0,0,0,0,0,0,0,0,,,0,0,0,0,0,,0,0,0,0,0,0,0,,,0,0,0,0,0,0,0,0,0,0,0
00-0041537,Malachi Lawrence,LB,LB,2026,3,REG,DAL,BAL,0,0,0,0,0,0,0,0,0,0,,,0,0,0,0,0,,0,0,0,0,0,0,0,,,0,0,0,0,0,0,0,0,0,0,0
00-0041538,Dillon Thieneman,SAF,DB,2026,3,REG,CHI,PHI,0,0,0,0,0,0,0,0,0,0,,,0,0,0,0,0,,0,0,0,0,0,0,0,,,0,0,0,0,0,0,0,0,0,0,0
00-0041543,Mansoor Delane,CB,DB,2026,3,REG,KC,MIA,0,0,0,0,0,0,0,0,0,0,,,0,0,0,0,0,,0,0,0,0,0,0,0,,,0,0,0,0,0,0,0,0,0,0,0
00-0041544,Akheem Mesidor,LB,LB,2026,3,REG,LAC,BUF,0,0,0,0,0,0,0,0,0,0,,,0,0,0,0,0,,0,0,0,0,0,0,0,,,0,0,0,0,0,0,0,0,0,0,0
00-0041545,Peter Woods,DT,DL,2026,3,REG,KC,MIA,0,0,0,0,0,0,0,0,0,0,,,0,0,0,0,0,,0,0,0,0,0,0,0,,,0,0,0,0,0,0,0,0,0,0,0
00-0041546,Cashius Howell,DE,DL,2026,3,REG,CIN,PIT,0,0,0,0,0,0,0,0,0,0,,,0,0,0,0,0,,0,0,0,0,0,0,0,,,0,0,0,0,0,0,0,0,0,0,0
00-0041547,KC Concepcion,WR,WR,2026,3,REG,CLE,CAR,0,0,0,0,0,0,0,0,0,0,,,0,0,0,0,0,,2,9,9,0,36,0,1,-1.90489792171866,0.25,0.3,0.209302325581395,0.596511627906977,0,0,0,0,0,0,0.9,2.9
00-0041549,Darrell Jackson Jr.,DT,DL,2026,3,REG,NYJ,DET,0,0,0,0,0,0,0,0,0,0,,,0,0,0,0,0,,0,0,0,0,0,0,0,,,0,0,0,0,0,0,0,0,0,0,0
00-0041557,Gracen Halton,DT,DL,2026,3,REG,SF,ARI,0,0,0,0,0,0,0,0,0,0,,,0,0,0,0,0,,0,0,0,0,0,0,0,,,0,0,0,0,0,0,0,0,0,0,0
00-0041558,Sam Roush,TE,TE,2026,3,REG,CHI,PHI,0,0,0,0,0,0,0,0,0,0,,,0,0,0,0,0,,1,1,16,0,3,13,1,2.63821781578008,5.33333333333333,0.0294117647058824,0.0143540669856459,0.0541654939487757,0,0,0,0,0,0,1.6,2.6
00-0041569,Gabe Jacas,LB,LB,2026,3,REG,NE,JAX,0,0,0,0,0,0,0,0,0,0,,,0,0,0,0,0,,0,0,0,0,0,0,0,,,0,0,0,0,0,0,0,0,0,0,0
,,,,2026,3,REG,ATL,GB,0,0,0,0,0,0,0,0,0,0,,,0,0,0,0,0,,0,0,0,0,0,0,0,,,0,0,0,0,0,0,0,0,0,0,0
00-0023459,Aaron Rodgers,QB,QB,2026,4,REG,PIT,CLE,22,40,299,3,2,5,-30,424,135,11,2.42329685487317,-6.39808067144492,0,0,0,0,0,1.053,0,0,0,0,0,0,0,,,0,0,0,0,0,0,1,0,0,21.96,21.96
00-0025565,Nick Folk,K,SPEC,2026,4,REG,ATL,NO,0,0,0,0,0,0,0,0,0,0,,,0,0,0,0,0,,0,0,0,0,0,0,0,,,0,0,0,0,0,0,0,0,0,0,0
00-0026190,Calais Campbell,DE,DL,2026,4,REG,BAL,TEN,0,0,0,0,0,0,0,0,0,0,,,0,0,0,0,0,,0,0,0,0,0,0,0,,,0,0,0,0,0,0,0,0,0,0,0
00-0026498,Matthew Stafford,QB,QB,2026,4,REG,LA,PHI,32,51,317,0,2,1,-8,453,108,16,1.09658532272849,-2.52726006507874,3,10,0,0,0,-2.05992315657204,0,0,0,0,0,0,0,,,0,0,0,0,0,0,0,0,0,9.68,9.68
00-0027962,Cameron Jordan,LB,LB,2026,4,REG,NO,ATL,0,0,0,0,0,0,0,0,0,0,,,0,0,0,0,0,,0,0,0,0,0,0,0,,,0,0,0,0,0,0,0,0,0,0,0
00-0027969,Cameron Heyward,DE,DL,2026,4,REG,PIT,CLE,0,0,0,0,0,0,0,0,0,0,,,0,0,0,0,0,,0,0,0,0,0,0,0,,,0,0,0,0,0,0,0,0,0,0,0
00-0028872,Johnny Hekker,P,SPEC,2026,4,REG,MIN,MIA,0,0,0,0,0,0,0,0,0,0,,,0,0,0,0,0,,0,0,0,0,0,0,0,,,0,0,0,0,0,0,0,0,0,0,0
00-0029604,Kirk Cousins,QB,QB,2026,4,REG,LV,KC,31,52,365,2,1,0,0,456,146,19,9.77802896978517,-3.03024568905433,0,0,0,0,0,,0,0,0,0,0,0,0,,,0,0,0,0,0,0,0,0,1,22.6,22.6
00-0029606,Harrison Smith,FS,DB,2026,4,REG,MIN,MIA,0,0,0,0,0,0,0,0,0,0,,,0,0,0,0,0,,0,0,0,0,0,0,0,,,0,0,0,0,0,0,0,0,0,0,0
00-0029607,Demario Davis,OLB,LB,2026,4,REG,NYJ,CHI,0,0,0,0,0,0,0,0,0,0,,,0,0,0,0,0,,0,0,0,0,0,0,0,,,0,0,0,0,0,0,0,0,0,0,0
00-0029692,Bryan Anger,P,SPEC,2026,4,REG,DAL,HOU,0,0,0,0,0,0,0,0,0,0,,,0,0,0,0,0,,0,0,0,0,0,0,0,,,0,0,0,0,0,0,0,0,0,0,0
00-0029892,Kyle Juszczyk,FB,RB,2026,4,REG,SF,DEN,0,0,0,0,0,0,0,0,0,0,,,0,0,0,0,0,,2,2,28,0,17,11,2,2.03953158127842,1.64705882352941,0.0689655172413793,0.0669291338582677,0.150298669562856,0,0,0,0,0,0,2.8,4.8
00-0030061,Zach Ertz,TE,TE,2026,4,REG,PHI,LA,0,0,0,0,0,0,0,0,0,0,,,0,0,0,0,0,,2,4,13,0,31,3,0,-1.50715384905925,0.419354838709677,0.16,0.142857142857143,0.34,0,0,0,0,0,0,1.3,3.3
00-0030070,John Jenkins,DT,DL,2026,4,REG,BAL,TEN,0,0,0,0,0,0,0,0,0,0,,,0,0,0,0,0,,0,0,0,0,0,0,0,,,0,0,0,0,0,0,0,0,0,0,0
00-0030092,Sam Martin,P,SPEC,2026,4,REG,CAR,DET,0,0,0,0,0,0,0,0,0,0,,,0,0,0,0,0,,0,0,0,0,0,0,0,,,0,0,0,0,0,0,0,0,0,0,0
00-0030140,Tress Way,P,SPEC,2026,4,REG,WAS,IND,0,0,0,0,0,0,0,0,0,0,,,0,0,0,0,0,,0,0,0,0,0,0,0,,,0,0,0,0,0,0,0,0,0,0,0
00-0030294,Tony Jefferson,S,DB,2026,4,REG,LAC,SEA,0,0,0,0,0,0,0,0,0,0,,,0,0,0,0,0,,0,0,0,0,0,0,0,,,0,0,0,0,0,0,0,0,0,0,0
00-0030506,Travis Kelce,TE,TE,2026,4,REG,KC,LV,0,0,0,0,0,0,0,0,0,0,,,0,0,0,0,0,,2,4,15,0,14,13,1,-0.228303344687447,1.07142857142857,0.148148148148148,0.0417910447761194,0.251475953565506,0,0,0,0,0,0,1.5,3.5
00-0030565,Geno Smith,QB,QB,2026,4,REG,NYJ,CHI,8,15,119,1,0,3,-21,93,47,4,-4.85552938449966,-11.4209687709808,0,0,0,0,0,,0,0,0,0,0,0,0,,,0,0,0,0,0,0,0,0,0,8.76,8.76
00-0031040,Khalil Mack,OLB,LB,2026,4,REG,LAC,SEA,0,0,0,0,0,0,0,0,0,0,,,0,0,0,0,0,,0,0,0,0,0,0,0,,,0,0,0,0,0,0,0,0,0,0,0
00-0031054,DaQuan Jones,DE,DL,2026,4,REG,NE,BUF,0,0,0,0,0,0,0,0,0,0,,,0,0,0,0,0,,0,0,0,0,0,0,0,,,0,0,0,0,0,0,0,0,0,0,0
00-0031136,Chris Boswell,K,SPEC,2026,4,REG,PIT,CLE,0,0,0,0,0,0,0,0,0,0,,,0,0,0,0,0,,0,0,0,0,0,0,0,,,0,0,0,0,0,0,0,0,0,0,0
00-0031203,Cairo Santos,K,SPEC,2026,4,REG,CHI,NYJ,0,0,0,0,0,0,0,0,0,0,,,0,0,0,0,0,,0,0,0,0,0,0,0,,,0,0,0,0,0,0,0,0,0,0,0
00-0031236,Brandin Cooks,WR,WR,2026,4,REG,SF,DEN,0,0,0,0,0,0,0,0,0,0,,,0,0,0,0,0,,0,1,0,0,12,0,0,-1.48121231235564,0,0.0344827586206897,0.047244094488189,0.0847950040727668,0,0,0,0,0,0,0,0
00-0031270,Shelby Harris,DE,DL,2026,4,REG,NYG,ARI,0,0,0,0,0,0,0,0,0,0,,,0,0,0,0,0,,0,0,0,0,0,0,0,,,0,0,0,0,0,0,0,0,0,0,0
00-0031360,Kyle Van Noy,MLB,LB,2026,4,REG,MIN,MIA,0,0,0,0,0,0,0,0,0,0,,,0,0,0,0,0,,0,0,0,0,0,0,0,,,0,0,0,0,0,0,0,0,0,0,0
00-0031364,Jadeveon Clowney,DE,DL,2026,4,REG,HOU,DAL,0,0,0,0,0,0,0,0,0,0,,,0,0,0,0,0,,0,0,0,0,0,0,0,,,0,0,0,0,0,0,0,0,0,0,0
00-0031381,Davante Adams,WR,WR,2026,4,REG,LA,PHI,0,0,0,0,0,0,0,0,0,0,,,0,0,0,0,0,,4,9,32,0,138,1,2,-0.17620952967721,0.231884057971015,0.18,0.304635761589404,0.483245033112583,0,0,0,0,0,0,3.2,7.2
00-0031408,Mike Evans,WR,WR,2026,4,REG,SF,DEN,0,0,0,0,0,0,0,0,0,0,,,0,0,0,0,0,,5,8,76,0,140,12,4,2.42831653458773,0.542857142857143,0.275862068965517,0.551181102362205,0.799619875101819,0,0,0,0,0,0,7.6,12.6
00-0031411,DeMarcus Lawrence,LB,LB,2026,4,REG,SEA,LAC,0,0,0,0,0,0,0,0,0,0,,,0,0,0,0,0,,0,0,0,0,0,0,0,,,0,0,0,0,0,0,0,0,0,0,0
00-0031484,Chris Manhertz,TE,TE,2026,4,REG,NYG,ARI,0,0,0,0,0,0,0,0,0,0,,,0,0,0,0,0,,0,0,0,0,0,0,0,-0.947,,0,0,0,0,0,0,0,0,0,0,0
00-0031492,Jason Myers,K,SPEC,2026,4,REG,SEA,LAC,0,0,0,0,0,0,0,0,0,0,,,0,0,0,0,0,,0,0,0,0,0,0,0,,,0,0,0,0,0,0,0,0,0,0,0
00-0031503,Jameis Winston,QB,QB,2026,4,REG,NYG,ARI,18,29,250,3,2,4,-18,332,45,11,3.88351085853486,1.34413550639975,0,0,0,0,0,,0,0,0,0,0,0,0,,,0,0,0,0,0,0,0,0,0,18,18
00-0031565,Danielle Hunter,DE,DL,2026,4,REG,HOU,DAL,0,0,0,0,0,0,0,0,0,0,,,0,0,0,0,0,,0,0,0,0,0,0,0,,,0,0,0,0,0,0,0,0,0,0,0
00-0031583,Grady Jarrett,DT,DL,2026,4,REG,CHI,NYJ,0,0,0,0,0,0,0,0,0,0,,,0,0,0,0,0,,0,0,0,0,0,0,0,,,0,0,0,0,0,0,0,0,0,0,0
00-0031588,Stefon Diggs,WR,WR,2026,4,REG,WAS,IND,0,0,0,0,0,0,0,0,0,0,,,0,0,0,0,0,,5,9,35,0,92,5,1,-3.65239201695549,0.380434782608696,0.25,0.222760290556901,0.53093220338983,0,0,0,0,0,0,3.5,8.5
00-0031610,Darren Waller,TE,TE,2026,4,REG,CAR,DET,0,0,0,0,0,0,0,0,0,0,,,0,0,0,0,0,,3,6,36,0,51,12,3,3.64796725990774,0.705882352941177,0.153846153846154,0.149122807017544,0.335155195681512,0,0,0,0,0,0,3.6,6.6
00-0031898,Alex Singleton,LB,LB,2026,4,REG,DEN,SF,0,0,0,0,0,0,0,0,0,0,,,0,0,0,0,0,,0,0,0,0,0,0,0,,,0,0,0,0,0,0,0,0,0,0,0
00-0031933,Leonard Williams,DE,DL,2026,4,REG,SEA,LAC,0,0,0,0,0,0,0,0,0,0,,,0,0,0,0,0,,0,0,0,0,0,0,0,,,0,0,0,0,0,0,0,0,0,0,0
00-0031957,Rakeem Nunez-Roches,DT,DL,2026,4,REG,TB,GB,0,0,0,0,0,0,0,0,0,0,,,0,0,0,0,0,,0,0,0,0,0,0,0,,,0,0,0,0,0,0,0,0,0,0,0
00-0032052,Dante Fowler Jr.,LB,LB,2026,4,REG,SEA,LAC,0,0,0,0,0,0,0,0,0,0,,,0,0,0,0,0,,0,0,0,0,0,0,0,,,0,0,0,0,0,0,0,0,0,0,0
00-0032065,Bradley Pinion,P,SPEC,2026,4,REG,MIA,MIN,0,0,0,0,0,0,0,0,0,0,,,0,0,0,0,0,,0,0,0,0,0,0,0,,,0,0,0,0,0,0,0,0,0,0,0
00-0032104,Ameer Abdullah,RB,RB,2026,4,REG,JAX,CIN,0,0,0,0,0,0,0,0,0,0,,,0,0,0,0,0,,0,0,0,0,0,0,0,,,0,0,0,0,0,0,0,0,0,0,0
00-0032164,Arik Armstead,DT,DL,2026,4,REG,JAX,CIN,0,0,0,0,0,0,0,0,0,0,,,0,0,0,0,0,,0,0,0,0,0,0,0,,,0,0,0,0,0,0,0,0,0,0,0
00-0032234,Laken Tomlinson,G,OL,2026,4,REG,GB,TB,0,0,0,0,0,0,0,0,0,0,,,0,0,0,0,0,,0,0,0,0,0,0,0,,,0,0,0,0,0,0,0,0,0,0,0
00-0032268,Marcus Mariota,QB,QB,2026,4,REG,WAS,IND,3,4,46,0,0,1,-6,17,36,1,0.74814530310285,10.4046612977982,1,35,0,1,1,2.43359149061143,0,0,0,0,0,0,0,,,0,0,0,0,0,0,0,0,0,5.34,5.34
00-0032378,DeForest Buckner,DT,DL,2026,4,REG,IND,WAS,0,0,0,0,0,0,0,0,0,0,,,0,0,0,0,0,,0,0,0,0,0,0,0,,,0,0,0,0,0,0,0,0,0,0,0
00-0032385,Sterling Shepard,WR,WR,2026,4,REG,NYJ,CHI,0,0,0,0,0,0,0,0,0,0,,,0,0,0,0,0,,0,1,0,0,2,0,0,-1.43513102922589,0,0.0666666666666667,0.021505376344086,0.11505376344086,0,0,0,0,0,0,0,0
00-0032387,Jarran Reed,DT,DL,2026,4,REG,SEA,LAC,0,0,0,0,0,0,0,0,0,0,,,0,0,0,0,0,,0,0,0,0,0,0,0,,,0,0,0,0,0,0,0,0,0,0,0
00-0032392,Austin Hooper,TE,TE,2026,4,REG,ATL,NO,0,0,0,0,0,0,0,0,0,0,,,0,0,0,0,0,,1,1,9,0,-2,11,0,0.748060834594071,0,0.05,-0.0153846153846154,0.0642307692307692,0,0,0,0,0,0,0.9,1.9
00-0032399,Miles Killebrew,SAF,DB,2026,4,REG,TB,GB,0,0,0,0,0,0,0,0,0,0,,,0,0,0,0,0,,0,0,0,0,0,0,0,,,0,0,0,0,0,0,0,0,0,0,0
00-0032415,Matthew Judon,OLB,LB,2026,4,REG,SF,DEN,0,0,0,0,0,0,0,0,0,0,,,0,0,0,0,0,,0,0,0,0,0,0,0,,,0,0,0,0,0,0,0,0,0,0,0
00-0032424,DJ Reader,DT,DL,2026,4,REG,NYG,ARI,0,0,0,0,0,0,0,0,0,0,,,0,0,0,0,0,,0,0,0,0,0,0,0,,,0,0,0,0,0,0,0,0,0,0,0
00-0032464,Kalif Raymond,WR,WR,2026,4,REG,CHI,NYJ,0,0,0,0,0,0,0,0,0,0,,,0,0,0,0,0,,2,2,6,0,0,6,0,-0.410001581243705,0,0.0645161290322581,0,0.0967741935483871,0,0,0,0,0,0,0.6,2.6
00-0032569,Wil Lutz,K,SPEC,2026,4,REG,DEN,SF,0,0,0,0,0,0,0,0,0,0,,,0,0,0,0,0,,0,0,0,0,0,0,0,,,0,0,0,0,0,0,0,0,0,0,0
00-0032580,Jonathan Jones,DB,DB,2026,4,REG,PHI,LA,0,0,0,0,0,0,0,0,0,0,,,0,0,0,0,0,,0,0,0,0,0,0,0,,,0,0,0,0,0,0,0,0,0,0,0
00-0032726,Ka'imi Fairbairn,K,SPEC,2026,4,REG,HOU,DAL,0,0,0,0,0,0,0,0,0,0,,,0,0,0,0,0,,0,0,0,0,0,0,0,,,0,0,0,0,0,0,0,0,0,0,0
00-0032759,Sheldon Rankins,DT,DL,2026,4,REG,HOU,DAL,0,0,0,0,0,0,0,0,0,0,,,0,0,0,0,0,,0,0,0,0,0,0,0,,,0,0,0,0,0,0,0,0,0,0,0
00-0032762,Chris Jones,DE,DL,2026,4,REG,KC,LV,0,0,0,0,0,0,0,0,0,0,,,0,0,0,0,0,,0,0,0,0,0,0,0,,,0,0,0,0,0,0,0,0,0,0,0
00-0032764,Derrick Henry,RB,RB,2026,4,REG,BAL,TEN,0,0,0,0,0,0,0,0,0,0,,,23,73,1,7,3,-3.29714918925215,2,2,6,0,-11,17,0,-0.568176620639861,-0.545454545454545,0.0689655172413793,-0.0536585365853659,0.0658873002523129,0,0,0,0,0,0,13.9,15.9
00-0032803,Jalen Mills,CB,DB,2026,4,REG,DET,CAR,0,0,0,0,0,0,0,0,0,0,,,0,0,0,0,0,,0,0,0,0,0,0,0,,,0,0,0,0,0,0,0,0,0,0,0
00-0032889,A'Shawn Robinson,DT,DL,2026,4,REG,TB,GB,0,0,0,0,0,0,0,0,0,0,,,0,0,0,0,0,,0,0,0,0,0,0,0,,,0,0,0,0,0,0,0,0,0,0,0
00-0032943,Riley Dixon,P,SPEC,2026,4,REG,TB,GB,0,0,0,0,0,0,0,0,0,0,,,0,0,0,0,0,,0,0,0,0,0,0,0,,,0,0,0,0,0,0,0,0,0,0,0
00-0032951,Laquon Treadwell,WR,WR,2026,4,REG,IND,WAS,0,0,0,0,0,0,0,0,0,0,,,0,0,0,0,0,,5,6,42,0,47,18,3,2.27012274798472,0.893617021276596,0.206896551724138,0.3671875,0.567376077586207,0,0,0,0,0,0,4.2,9.2
00-0032954,Isaac Seumalo,G,OL,2026,4,REG,ARI,NYG,0,0,0,0,0,0,0,0,0,0,,,0,0,0,0,0,,0,0,0,0,0,0,0,,,0,0,0,0,0,0,0,0,0,0,0
00-0033038,Eric Murray,S,DB,2026,4,REG,JAX,CIN,0,0,0,0,0,0,0,0,0,0,,,0,0,0,0,0,,0,0,0,0,0,0,0,,,0,0,0,0,0,0,0,0,0,0,0
00-0033055,Jalen Ramsey,CB,DB,2026,4,REG,PIT,CLE,0,0,0,0,0,0,0,0,0,0,,,0,0,0,0,0,,0,0,0,0,0,0,0,,,0,0,0,0,0,0,0,0,0,0,0
00-0033066,Andrew Billings,DT,DL,2026,4,REG,ARI,NYG,0,0,0,0,0,0,0,0,0,0,,,0,0,0,0,0,,0,0,0,0,0,0,0,,,0,0,0,0,0,0,0,0,0,0,0
00-0033077,Dak Prescott,QB,QB,2026,4,REG,DAL,HOU,32,45,335,1,0,3,-11,260,130,17,9.82973987016217,3.27847967314166,2,7,0,0,0,-1.2669378410792,0,0,0,0,0,0,0,,,0,0,0,0,0,0,0,0,0,18.1,18.1
00-0033090,Hunter Henry,TE,TE,2026,4,REG,NE,BUF,0,0,0,0,0,0,0,0,0,0,,,0,0,0,0,0,,5,5,62,0,35,27,4,4.23495795211056,1.77142857142857,0.138888888888889,0.0956284153005464,0.275273224043716,0,0,0,0,0,0,6.2,11.2
00-0033106,Jared Goff,QB,QB,2026,4,REG,DET,CAR,32,52,412,1,0,1,-6,494,106,19,12.324567372406,-1.80453173085755,0,0,0,0,0,,0,0,0,0,0,0,0,,,0,0,0,0,0,0,0,0,0,20.48,20.48
00-0033109,Javon Hargrave,NT,DL,2026,4,REG,GB,TB,0,0,0,0,0,0,0,0,0,0,,,0,0,0,0,0,,0,0,0,0,0,0,0,,,0,0,0,0,0,0,0,0,0,0,0
00-0033110,Tyler Higbee,TE,TE,2026,4,REG,LA,PHI,0,0,0,0,0,0,0,0,0,0,,,0,0,0,0,0,,5,6,67,0,64,11,5,5.14970299051493,1.046875,0.12,0.141280353200883,0.278896247240618,0,0,0,0,0,0,6.7,11.7
00-0033119,Jacoby Brissett,QB,QB,2026,4,REG,ARI,NYG,21,35,166,2,3,2,-19,234,71,10,-18.162342578607,-2.43975575481142,4,18,0,2,0,1.25273125746753,0,0,0,0,0,0,0,,,0,0,0,0,0,0,0,0,0,10.44,10.44
00-0033120,Kenny Clark,NT,DL,2026,4,REG,DAL,HOU,0,0,0,0,0,0,0,0,0,0,,,0,0,0,0,0,,0,0,0,0,0,0,0,,,0,0,0,0,0,0,0,0,0,0,0
00-0033131,Maliek Collins,DT,DL,2026,4,REG,CLE,PIT,0,0,0,0,0,0,0,0,0,0,,,0,0,0,0,0,,0,0,0,0,0,0,0,,,0,0,0,0,0,0,0,0,0,0,0
00-0033132,Kevin Byard,FS,DB,2026,4,REG,NE,BUF,0,0,0,0,0,0,0,0,0,0,,,0,0,0,0,0,,0,0,0,0,0,0,0,,,0,0,0,0,0,0,0,0,0,0,0
00-0033246,Johnny Mundt,TE,TE,2026,4,REG,PHI,LA,0,0,0,0,0,0,0,0,0,0,,,0,0,0,0,0,,0,0,0,0,0,0,0,,,0,0,0,0,0,0,0,0,0,0,0
00-0033269,Rigoberto Sanchez,P,SPEC,2026,4,REG,IND,WAS,0,0,0,0,0,0,0,0,0,0,,,0,0,0,0,0,,0,0,0,0,0,0,0,,,0,0,0,0,0,0,0,0,0,0,0
00-0033280,Christian McCaffrey,RB,RB,2026,4,REG,SF,DEN,0,0,0,0,0,0,0,0,0,0,,,15,52,1,4,3,-2.56527070730226,3,5,18,0,15,6,0,-0.329442737973295,1.2,0.172413793103448,0.0590551181102362,0.299959272332338,0,0,0,0,0,0,13,16
00-0033281,Marlon Humphrey,CB,DB,2026,4,REG,BAL,TEN,0,0,0,0,0,0,0,0,0,0,,,0,0,0,0,0,,0,0,0,0,0,0,0,,,0,0,0,0,0,0,0,0,0,0,0
00-0033288,George Kittle,TE,TE,2026,4,REG,SF,DEN,0,0,0,0,0,0,0,0,0,0,,,0,0,0,0,0,,4,6,70,1,42,65,1,4.58446559187723,1.66666666666667,0.206896551724138,0.165354330708661,0.42609285908227,0,0,0,0,0,0,13,17
00-0033290,Jermaine Eluemunor,G,OL,2026,4,REG,NYG,ARI,0,0,0,0,0,0,0,0,0,0,,,0,0,0,0,0,,0,0,0,0,0,0,0,,,0,0,0,0,0,0,0,0,0,0,0
00-0033293,Aaron Jones,RB,RB,2026,4,REG,MIN,MIA,0,0,0,0,0,0,0,0,0,0,,,20,94,0,5,3,-0.92709306452889,4,8,34,0,6,30,2,-1.30566089071569,5.66666666666667,0.242424242424242,0.0337078651685393,0.387231869254341,0,0,0,0,0,0,12.8,16.8
00-0033294,Chuck Clark,SAF,DB,2026,4,REG,DET,CAR,0,0,0,0,0,0,0,0,0,0,,,0,0,0,0,0,,0,0,0,0,0,0,0,,,0,0,0,0,0,0,0,0,0,0,0
00-0033297,D.J. Jones,DT,DL,2026,4,REG,DEN,SF,0,0,0,0,0,0,0,0,0,0,,,0,0,0,0,0,,0,0,0,0,0,0,0,,,0,0,0,0,0,0,0,0,0,0,0
00-0033303,Harrison Butker,K,SPEC,2026,4,REG,KC,LV,0,0,0,0,0,0,0,0,0,0,,,0,0,0,0,0,,0,0,0,0,0,0,0,,,0,0,0,0,0,0,0,0,0,0,0
00-0033336,Eric Wilson,LB,LB,2026,4,REG,MIN,MIA,0,0,0,0,0,0,0,0,0,0,,,0,0,0,0,0,,0,0,0,0,0,0,0,,,0,0,0,0,0,0,0,0,0,0,0
00-0033376,Patrick Ricard,RB,RB,2026,4,REG,NYG,ARI,0,0,0,0,0,0,0,0,0,0,,,0,0,0,0,0,,1,2,1,0,3,0,0,-1.31774321966805,0.333333333333333,0.0689655172413793,0.00903614457831325,0.109773577066888,0,0,0,0,0,0,0.1,1.1
00-0033381,Adam Butler,DT,DL,2026,4,REG,LV,KC,0,0,0,0,0,0,0,0,0,0,,,0,0,0,0,0,,0,0,0,0,0,0,0,,,0,0,0,0,0,0,0,0,0,0,0
00-0033523,Jonathan Allen,DT,DL,2026,4,REG,CIN,JAX,0,0,0,0,0,0,0,0,0,0,,,0,0,0,0,0,,0,0,0,0,0,0,0,,,0,0,0,0,0,0,0,0,0,0,0
00-0033526,Samaje Perine,RB,RB,2026,4,REG,CIN,JAX,0,0,0,0,0,0,0,0,0,0,,,3,7,0,0,0,-2.08580734417774,0,1,0,0,0,0,0,-0.519613044336438,,0.0188679245283019,0,0.0283018867924528,0,0,0,0,0,0,0.7,0.7
00-0033537,Deshaun Watson,QB,QB,2026,4,REG,CLE,PIT,24,33,268,1,1,2,-8,251,177,14,9.18304566547597,3.771485433434,7,22,0,1,1,-3.8033482081356,0,0,0,0,0,0,0,,,0,0,0,1,0,0,0,0,0,12.92,12.92
00-0033538,Garett Bolles,OT,OL,2026,4,REG,DEN,SF,0,0,0,0,0,0,0,0,0,0,,,0,0,0,0,0,,0,0,0,0,0,0,0,,,0,0,0,0,0,0,0,0,0,0,0
00-0033548,Chidobe Awuzie,CB,DB,2026,4,REG,BAL,TEN,0,0,0,0,0,0,0,0,0,0,,,0,0,0,0,0,,0,0,0,0,0,0,0,,,0,0,0,0,0,0,0,0,0,0,0
00-0033551,Rasul Douglas,CB,DB,2026,4,REG,WAS,IND,0,0,0,0,0,0,0,0,0,0,,,0,0,0,0,0,,0,0,0,0,0,0,0,,,0,0,0,0,0,0,0,0,0,0,0
00-0033555,Mack Hollins,WR,WR,2026,4,REG,NE,BUF,0,0,0,0,0,0,0,0,0,0,,,0,0,0,0,0,,3,4,53,0,103,4,2,4.02358177740825,0.514563106796117,0.111111111111111,0.281420765027322,0.363661202185792,0,0,0,0,0,0,5.3,8.3
00-0033576,Eric Saubert,TE,TE,2026,4,REG,SEA,LAC,0,0,0,0,0,0,0,0,0,0,,,0,0,0,0,0,,0,0,0,0,0,0,0,,,0,0,0,0,0,0,0,0,0,0,0
00-0033579,Xavier Woods,FS,DB,2026,4,REG,CHI,NYJ,0,0,0,0,0,0,0,0,0,0,,,0,0,0,0,0,,0,0,0,0,0,0,0,,,0,0,0,0,0,0,0,0,0,0,0
00-0033589,David Moore,WR,WR,2026,4,REG,CAR,DET,0,0,0,0,0,0,0,0,0,0,,,0,0,0,0,0,,0,0,0,0,0,0,0,,,0,0,0,0,0,0,0,0,0,0,0
00-0033699,Austin Ekeler,RB,RB,2026,4,REG,WAS,IND,0,0,0,0,0,0,0,0,0,0,,,4,29,0,2,1,1.69162221823353,1,2,11,0,-4,11,1,0.748598217149265,-2.75,0.0555555555555556,-0.00968523002421307,0.0765536723163842,0,0,0,0,0,0,4,5
00-0033729,Cameron Johnston,P,SPEC,2026,4,REG,PIT,CLE,0,0,0,0,0,0,0,0,0,0,,,0,0,0,0,0,,0,0,0,0,0,0,0,,,0,0,0,0,0,0,0,0,0,0,0
00-0033787,Jake Elliott,K,SPEC,2026,4,REG,PHI,LA,0,0,0,0,0,0,0,0,0,0,,,0,0,0,0,0,,0,0,0,0,0,0,0,,,0,0,0,0,0,0,0,0,0,0,0
00-0033858,Jonnu Smith,TE,TE,2026,4,REG,GB,TB,0,0,0,0,0,0,0,0,0,0,,,0,0,0,0,0,,1,1,19,0,13,6,0,1.87020705221221,1.46153846153846,0.0333333333333333,0.0604651162790698,0.0923255813953488,0,0,0,0,0,0,1.9,2.9
00-0033860,Davon Godchaux,DT,DL,2026,4,REG,NO,ATL,0,0,0,0,0,0,0,0,0,0,,,0,0,0,0,0,,0,0,0,0,0,0,0,,,0,0,0,0,0,0,0,0,0,0,0
00-0033870,Solomon Thomas,DT,DL,2026,4,REG,TEN,BAL,0,0,0,0,0,0,0,0,0,0,,,0,0,0,0,0,,0,0,0,0,0,0,0,,,0,0,0,0,0,0,0,0,0,0,0
00-0033873,Patrick Mahomes,QB,QB,2026,4,REG,KC,LV,15,30,225,2,0,2,-15,335,114,9,1.73868243938772,-7.30056663354238,2,0,0,1,0,0.475441502174363,0,0,0,0,0,0,0,,,0,0,0,0,0,0,0,0,0,17,17
00-0033876,Derek Barnett,DE,DL,2026,4,REG,CLE,PIT,0,0,0,0,0,0,0,0,0,0,,,0,0,0,0,0,,0,0,0,0,0,0,0,,,0,0,0,0,0,0,0,0,0,0,0
00-0033877,Malik Hooker,FS,DB,2026,4,REG,DAL,HOU,0,0,0,0,0,0,0,0,0,0,,,0,0,0,0,0,,0,0,0,0,0,0,0,,,0,0,0,0,0,0,0,0,0,0,0
00-0033881,Evan Engram,TE,TE,2026,4,REG,DEN,SF,0,0,0,0,0,0,0,0,0,0,,,0,0,0,0,0,,1,5,6,0,25,0,1,-1.60252817167202,0.24,0.131578947368421,0.133689839572193,0.290951308753166,0,0,0,0,0,0,0.6,1.6
00-0033886,T.J. Watt,OLB,LB,2026,4,REG,PIT,CLE,0,0,0,0,0,0,0,0,0,0,,,0,0,0,0,0,,0,0,0,0,0,0,0,,,0,0,0,0,0,0,0,0,0,0,0
00-0033890,Budda Baker,S,DB,2026,4,REG,ARI,NYG,0,0,0,0,0,0,0,0,0,0,,,0,0,0,0,0,,0,0,0,0,0,0,0,,,0,0,0,0,0,0,0,0,0,0,0
00-0033904,Dion Dawkins,OT,OL,2026,4,REG,BUF,NE,0,0,0,0,0,0,0,0,0,0,,,0,0,0,0,0,,0,0,0,0,0,0,0,,,0,0,0,0,0,0,0,0,0,0,0
00-0033906,Alvin Kamara,RB,RB,2026,4,REG,NO,ATL,0,0,0,0,0,0,0,0,0,0,,,7,23,2,3,0,3.07926097785821,5,7,35,0,12,37,1,-0.266407659742981,2.91666666666667,0.148936170212766,0.0253164556962025,0.241125774306491,0,0,0,0,0,0,17.8,22.8
00-0033908,Cooper Kupp,WR,WR,2026,4,REG,SEA,LAC,0,0,0,0,0,0,0,0,0,0,,,0,0,0,0,0,,1,2,13,0,17,5,1,0.29699229716789,0.764705882352941,0.1,0.10828025477707,0.225796178343949,0,0,0,0,0,0,1.3,2.3
00-0033914,Alex Anzalone,MLB,LB,2026,4,REG,TB,GB,0,0,0,0,0,0,0,0,0,0,,,0,0,0,0,0,,0,0,0,0,0,0,0,,,0,0,0,0,0,0,0,0,0,0,0
00-0033918,Fabian Moreau,CB,DB,2026,4,REG,WAS,IND,0,0,0,0,0,0,0,0,0,0,,,0,0,0,0,0,,0,0,0,0,0,0,0,,,0,0,0,0,0,0,0,0,0,0,0
00-0033921,Chris Godwin Jr.,WR,WR,2026,4,REG,TB,GB,0,0,0,0,0,0,0,0,0,0,,,0,0,0,0,0,,6,7,31,0,16,29,2,0.687853349721991,1.9375,0.269230769230769,0.141592920353982,0.502961198093941,0,0,0,0,0,0,3.1,9.1
00-0033928,Jourdan Lewis,CB,DB,2026,4,REG,JAX,CIN,0,0,0,0,0,0,0,0,0,0,,,0,0,0,0,0,,0,0,0,0,0,0,0,,,0,0,0,0,0,0,0,0,0,0,0
00-0033945,Samson Ebukam,DE,DL,2026,4,REG,ATL,NO,0,0,0,0,0,0,0,0,0,0,,,0,0,0,0,0,,0,0,0,0,0,0,0,,,0,0,0,0,0,0,0,0,0,0,0
00-0033952,Grover Stewart,DT,DL,2026,4,REG,IND,WAS,0,0,0,0,0,0,0,0,0,0,,,0,0,0,0,0,,0,0,0,0,0,0,0,,,0,0,0,0,0,0,0,0,0,0,0
00-0033964,Al-Quadin Muhammad,LB,LB,2026,4,REG,TB,GB,0,0,0,0,0,0,0,0,0,0,,,0,0,0,0,0,,0,0,0,0,0,0,0,,,0,0,0,0,0,0,0,0,0,0,0
00-0034112,Austin Schlottmann,C,OL,2026,4,REG,TEN,BAL,0,0,0,0,0,0,0,0,0,0,,,0,0,0,0,0,,0,0,0,0,0,0,0,,,0,0,0,0,0,0,0,0,0,0,0
00-0034158,Brian O'Neill,OT,OL,2026,4,REG,MIN,MIA,0,0,0,0,0,0,0,0,0,0,,,0,0,0,0,0,,0,0,0,0,0,0,0,,,0,0,0,0,0,0,0,0,0,0,0
00-0034160,Michael Dickson,P,SPEC,2026,4,REG,SEA,LAC,0,0,0,0,0,0,0,0,0,0,,,0,0,0,0,0,,0,0,0,0,0,0,0,,,0,0,0,0,0,0,0,0,0,0,0
00-0034161,Daniel Carlson,K,SPEC,2026,4,REG,NO,ATL,0,0,0,0,0,0,0,0,0,0,,,0,0,0,0,0,,0,0,0,0,0,0,0,,,0,0,0,0,0,0,0,0,0,0,0
00-0034162,J.K. Scott,P,SPEC,2026,4,REG,LAC,SEA,0,0,0,0,0,0,0,0,0,0,,,0,0,0,0,0,,0,0,0,0,0,0,0,,,0,0,0,0,0,0,0,0,0,0,0
00-0034163,Jacob Martin,DE,DL,2026,4,REG,TEN,BAL,0,0,0,0,0,0,0,0,0,0,,,0,0,0,0,0,,0,0,0,0,0,0,0,,,0,0,0,0,0,0,0,0,0,0,0
00-0034173,Eddy Pineiro,K,SPEC,2026,4,REG,SF,DEN,0,0,0,0,0,0,0,0,0,0,,,0,0,0,0,0,,0,0,0,0,0,0,0,,,0,0,0,0,0,0,0,0,0,0,0
00-0034234,Poona Ford,DT,DL,2026,4,REG,LA,PHI,0,0,0,0,0,0,0,0,0,0,,,0,0,0,0,0,,0,0,0,0,0,0,0,,,0,0,0,0,0,0,0,0,0,0,0
00-0034272,Marquez Valdes-Scantling,WR,WR,2026,4,REG,LAC,SEA,0,0,0,0,0,0,0,0,0,0,,,0,0,0,0,0,,0,1,0,0,9,0,0,-0.196616354340222,0,0.032258064516129,0.0401785714285714,0.0765120967741935,0,0,0,0,0,0,0,0
00-0034275,Foley Fatukasi,DT,DL,2026,4,REG,LV,KC,0,0,0,0,0,0,0,0,0,0,,,0,0,0,0,0,,0,0,0,0,0,0,0,,,0,0,0,0,0,0,0,0,0,0,0
00-0034278,Tremon Smith,CB,DB,2026,4,REG,HOU,DAL,0,0,0,0,0,0,0,0,0,0,,,0,0,0,0,0,,0,0,0,0,0,0,0,,,0,0,0,0,0,0,0,0,0,0,0
00-0034285,Zach Sieler,DE,DL,2026,4,REG,MIA,MIN,0,0,0,0,0,0,0,0,0,0,,,0,0,0,0,0,,0,0,0,0,0,0,0,,,0,0,0,0,0,0,0,0,0,0,0
00-0034302,Frankie Luvu,LB,LB,2026,4,REG,WAS,IND,0,0,0,0,0,0,0,0,0,0,,,0,0,0,0,0,,0,0,0,0,0,0,0,,,0,0,0,0,0,0,0,0,0,0,0
00-0034320,Kentavius Street,DE,DL,2026,4,REG,CHI,NYJ,0,0,0,0,0,0,0,0,0,0,,,0,0,0,0,0,,0,0,0,0,0,0,0,,,0,0,0,0,0,0,0,0,0,0,0
00-0034333,Daron Payne,NT,DL,2026,4,REG,WAS,IND,0,0,0,0,0,0,0,0,0,0,,,0,0,0,0,0,,0,0,0,0,0,0,0,,,0,0,0,0,0,0,0,0,0,0,0
00-0034344,Marcus Davenport,DE,DL,2026,4,REG,CHI,NYJ,0,0,0,0,0,0,0,0,0,0,,,0,0,0,0,0,,0,0,0,0,0,0,0,,,0,0,0,0,0,0,0,0,0,0,0
00-0034348,Courtland Sutton,WR,WR,2026,4,REG,DEN,SF,0,0,0,0,0,0,0,0,0,0,,,0,0,0,0,0,,1,6,4,0,98,0,1,-2.45567361416761,0.0408163265306122,0.157894736842105,0.524064171122995,0.603687025049254,0,0,0,0,0,0,0.4,1.4
00-0034350,Uchenna Nwosu,LB,LB,2026,4,REG,SEA,LAC,0,0,0,0,0,0,0,0,0,0,,,0,0,0,0,0,,0,0,0,0,0,0,0,,,0,0,0,0,0,0,0,0,0,0,0
00-0034356,Donte Jackson,CB,DB,2026,4,REG,LAC,SEA,0,0,0,0,0,0,0,0,0,0,,,0,0,0,0,0,,0,0,0,0,0,0,0,,,0,0,0,0,0,0,0,0,0,0,0
00-0034361,Justin Reid,S,DB,2026,4,REG,NO,ATL,0,0,0,0,0,0,0,0,0,0,,,0,0,0,0,0,,0,0,0,0,0,0,0,,,0,0,0,0,0,0,0,0,0,0,0
00-0034365,Ian Thomas,TE,TE,2026,4,REG,LV,KC,0,0,0,0,0,0,0,0,0,0,,,0,0,0,0,0,,2,2,32,1,25,7,2,3.56991343991831,1.28,0.0416666666666667,0.0548245614035088,0.100877192982456,0,0,0,0,0,0,9.2,11.2
00-0034373,Dorance Armstrong,DE,DL,2026,4,REG,WAS,IND,0,0,0,0,0,0,0,0,0,0,,,0,0,0,0,0,,0,0,0,0,0,0,0,,,0,0,0,0,0,0,0,0,0,0,0
00-0034376,Taron Johnson,CB,DB,2026,4,REG,LV,KC,0,0,0,0,0,0,0,0,0,0,,,0,0,0,0,0,,0,0,0,0,0,0,0,,,0,0,0,0,0,0,0,0,0,0,0
00-0034381,Josh Sweat,LB,LB,2026,4,REG,ARI,NYG,0,0,0,0,0,0,0,0,0,0,,,0,0,0,0,0,,0,0,0,0,0,0,0,,,0,0,0,0,0,0,0,0,0,0,0
00-0034383,Dalton Schultz,TE,TE,2026,4,REG,HOU,DAL,0,0,0,0,0,0,0,0,0,0,,,0,0,0,0,0,,2,2,9,0,4,5,1,3.1319596018584,2.25,0.0769230769230769,0.0103896103896104,0.122657342657343,0,0,0,0,0,0,0.9,2.9
00-0034384,D.J. Reed,CB,DB,2026,4,REG,DET,CAR,0,0,0,0,0,0,0,0,0,0,,,0,0,0,0,0,,0,0,0,0,0,0,0,,,0,0,0,0,0,0,0,0,0,0,0
00-0034391,Siran Neal,DB,DB,2026,4,REG,SF,DEN,0,0,0,0,0,0,0,0,0,0,,,0,0,0,0,0,,0,0,0,0,0,0,0,,,0,0,0,0,0,0,0,0,0,0,0
00-0034397,Tim Settle,DT,DL,2026,4,REG,WAS,IND,0,0,0,0,0,0,0,0,0,0,,,0,0,0,0,0,,0,0,0,0,0,0,0,,,0,0,0,0,0,0,0,0,0,0,0
00-0034413,Foyesade Oluokun,LB,LB,2026,4,REG,JAX,CIN,0,0,0,0,0,0,0,0,0,0,,,0,0,0,0,0,,0,0,0,0,0,0,0,,,0,0,0,0,0,0,0,0,0,0,0
00-0034419,Braxton Berrios,WR,WR,2026,4,REG,NYG,ARI,0,0,0,0,0,0,0,0,0,0,,,0,0,0,0,0,,0,1,0,0,3,0,0,-1.4339902033098,0,0.0344827586206897,0.00903614457831325,0.0580494391358538,0,0,0,0,0,0,0,0
00-0034431,Zaire Franklin,OLB,LB,2026,4,REG,GB,TB,0,0,0,0,0,0,0,0,0,0,,,0,0,0,0,0,,0,0,0,0,0,0,0,,,0,0,0,0,0,0,0,0,0,0,0
00-0034437,Logan Cooke,P,SPEC,2026,4,REG,JAX,CIN,0,0,0,0,0,0,0,0,0,0,,,0,0,0,0,0,,0,0,0,0,0,0,0,,,0,0,0,0,0,0,0,0,0,0,0
00-0034465,Jeremy Reaves,DB,DB,2026,4,REG,WAS,IND,0,0,0,0,0,0,0,0,0,0,,,0,0,0,0,0,,0,0,0,0,0,0,0,,,0,0,0,0,0,0,0,0,0,0,0
00-0034473,Dennis Gardeck,LB,LB,2026,4,REG,JAX,CIN,0,0,0,0,0,0,0,0,0,0,,,0,0,0,0,0,,0,0,0,0,0,0,0,,,0,0,0,0,0,0,0,0,0,0,0
00-0034485,Jonathan Owens,SAF,DB,2026,4,REG,IND,WAS,0,0,0,0,0,0,0,0,0,0,,,0,0,0,0,0,,0,0,0,0,0,0,0,,,0,0,0,0,0,0,0,0,0,0,0
00-0034573,Charvarius Ward,CB,DB,2026,4,REG,IND,WAS,0,0,0,0,0,0,0,0,0,0,,,0,0,0,0,0,,0,0,0,0,0,0,0,,,0,0,0,0,0,0,0,0,0,0,0
00-0034613,Tanner Hudson,TE,TE,2026,4,REG,CIN,JAX,0,0,0,0,0,0,0,0,0,0,,,0,0,0,0,0,,1,1,2,0,2,0,0,-0.451829717902001,1,0.0188679245283019,0.00431034482758621,0.0313191281717632,0,0,0,0,0,0,0.2,1.2
00-0034639,Mike Ford,DB,DB,2026,4,REG,ATL,NO,0,0,0,0,0,0,0,0,0,0,,,0,0,0,0,0,,0,0,0,0,0,0,0,,,0,0,0,0,0,0,0,0,0,0,0
00-0034673,Tremaine Edmunds,MLB,LB,2026,4,REG,NYG,ARI,0,0,0,0,0,0,0,0,0,0,,,0,0,0,0,0,,0,0,0,0,0,0,0,,,0,0,0,0,0,0,0,0,0,0,0
00-0034675,Jessie Bates,FS,DB,2026,4,REG,ATL,NO,0,0,0,0,0,0,0,0,0,0,,,0,0,0,0,0,,0,0,0,0,0,0,0,,,0,0,0,0,0,0,0,0,0,0,0
00-0034720,Robert Spillane,LB,LB,2026,4,REG,NE,BUF,0,0,0,0,0,0,0,0,0,0,,,0,0,0,0,0,,0,0,0,0,0,0,0,,,0,0,0,0,0,0,0,0,0,0,0
00-0034721,Corey Bojorquez,P,SPEC,2026,4,REG,CLE,PIT,0,0,0,0,0,0,0,0,0,0,,,0,0,0,0,0,,0,0,0,0,0,0,0,,,0,0,0,0,0,0,0,0,0,0,0
00-0034752,Orlando Brown,OT,OL,2026,4,REG,CIN,JAX,0,0,0,0,0,0,0,0,0,0,,,0,0,0,0,0,,0,0,0,0,0,0,0,,,0,0,0,0,0,0,0,0,0,0,0
00-0034753,Mark Andrews,TE,TE,2026,4,REG,BAL,TEN,0,0,0,0,0,0,0,0,0,0,,,0,0,0,0,0,,5,6,27,1,40,1,2,1.80191729569924,0.675,0.206896551724138,0.195121951219512,0.446930193439865,0,0,0,0,0,0,8.7,13.7
00-0034754,Oren Burks,ILB,LB,2026,4,REG,CIN,JAX,0,0,0,0,0,0,0,0,0,0,,,0,0,0,0,0,,0,0,0,0,0,0,0,,,0,0,0,0,0,0,0,0,0,0,0
00-0034760,Nathan Shepherd,DE,DL,2026,4,REG,NO,ATL,0,0,0,0,0,0,0,0,0,0,,,0,0,0,0,0,,0,0,0,0,0,0,0,,,0,0,0,0,0,0,0,0,0,0,0
00-0034773,Vita Vea,DT,DL,2026,4,REG,TB,GB,0,0,0,0,0,0,0,0,0,0,,,0,0,0,0,0,,0,0,0,0,0,0,0,,,0,0,0,0,0,0,0,0,0,0,0
00-0034778,Carlton Davis III,CB,DB,2026,4,REG,NE,BUF,0,0,0,0,0,0,0,0,0,0,,,0,0,0,0,0,,0,0,0,0,0,0,0,,,0,0,0,0,0,0,0,0,0,0,0
00-0034782,Harrison Phillips,DT,DL,2026,4,REG,NYJ,CHI,0,0,0,0,0,0,0,0,0,0,,,0,0,0,0,0,,0,0,0,0,0,0,0,,,0,0,0,0,0,0,0,0,0,0,0
00-0034789,Minkah Fitzpatrick,FS,DB,2026,4,REG,NYJ,CHI,0,0,0,0,0,0,0,0,0,0,,,0,0,0,0,0,,0,0,0,0,0,0,0,,,0,0,0,0,0,0,0,0,0,0,0
00-0034794,Jason Sanders,K,SPEC,2026,4,REG,NYJ,CHI,0,0,0,0,0,0,0,0,0,0,,,0,0,0,0,0,,0,0,0,0,0,0,0,,,0,0,0,0,0,0,0,0,0,0,0
00-0034796,Lamar Jackson,QB,QB,2026,4,REG,BAL,TEN,15,20,222,2,0,2,-13,201,82,10,11.7523878481031,11.2917762994766,2,20,0,0,1,-0.0712554345373064,0,0,0,0,0,0,0,,,0,0,0,0,0,0,0,0,0,18.88,18.88
00-0034798,Durham Smythe,TE,TE,2026,4,REG,BAL,TEN,0,0,0,0,0,0,0,0,0,0,,,0,0,0,0,0,,0,0,0,0,0,0,0,,,0,0,0,0,0,0,0,0,0,0,0
00-0034801,Josh Woods,LB,LB,2026,4,REG,ATL,NO,0,0,0,0,0,0,0,0,0,0,,,0,0,0,0,0,,0,0,0,0,0,0,0,,,0,0,0,0,0,0,0,0,0,0,0
00-0034805,John Franklin-Myers,DE,DL,2026,4,REG,TEN,BAL,0,0,0,0,0,0,0,0,0,0,,,0,0,0,0,0,,0,0,0,0,0,0,0,,,0,0,0,0,0,0,0,0,0,0,0
00-0034807,Ogbo Okoronkwo,DE,DL,2026,4,REG,SF,DEN,0,0,0,0,0,0,0,0,0,0,,,0,0,0,0,0,,0,0,0,0,0,0,0,,,0,0,0,0,0,0,0,0,0,0,0
00-0034810,Sebastian Joseph-Day,DT,DL,2026,4,REG,PIT,CLE,0,0,0,0,0,0,0,0,0,0,,,0,0,0,0,0,,0,0,0,0,0,0,0,,,0,0,0,0,0,0,0,0,0,0,0
00-0034815,Fred Warner,MLB,LB,2026,4,REG,SF,DEN,0,0,0,0,0,0,0,0,0,0,,,0,0,0,0,0,,0,0,0,0,0,0,0,,,0,0,0,0,0,0,0,0,0,0,0
00-0034825,Arden Key,DE,DL,2026,4,REG,IND,WAS,0,0,0,0,0,0,0,0,0,0,,,0,0,0,0,0,,0,0,0,0,0,0,0,,,0,0,0,0,0,0,0,0,0,0,0
00-0034827,DJ Moore,WR,WR,2026,4,REG,BUF,NE,0,0,0,0,0,0,0,0,0,0,,,1,6,0,0,0,-0.557344620348886,1,2,11,0,18,0,1,1.43835543846944,0.611111111111111,0.0666666666666667,0.0642857142857143,0.145,0,0,0,0,0,0,1.7,2.7
00-0034829,Mike Gesicki,TE,TE,2026,4,REG,CIN,JAX,0,0,0,0,0,0,0,0,0,0,,,0,0,0,0,0,,3,5,40,1,61,2,2,3.29474787748768,0.655737704918033,0.0943396226415094,0.131465517241379,0.23353529603123,0,0,0,0,0,0,10,13
00-0034832,Bradley Chubb,OLB,LB,2026,4,REG,BUF,NE,0,0,0,0,0,0,0,0,0,0,,,0,0,0,0,0,,0,0,0,0,0,0,0,,,0,0,0,0,0,0,0,0,0,0,0
00-0034837,Calvin Ridley,WR,WR,2026,4,REG,TEN,BAL,0,0,0,0,0,0,0,0,0,0,,,0,0,0,0,0,,1,2,13,0,10,9,1,0.302041990682483,1.3,0.0714285714285714,0.043859649122807,0.137844611528822,0,0,0,0,0,0,1.3,2.3
00-0034843,Mike Hughes,CB,DB,2026,4,REG,ATL,NO,0,0,0,0,0,0,0,0,0,0,,,0,0,0,0,0,,0,0,0,0,0,0,0,,,0,0,0,0,0,0,0,0,0,0,0
00-0034844,Saquon Barkley,RB,RB,2026,4,REG,PHI,LA,0,0,0,0,0,0,0,0,0,0,,,2,8,0,0,0,-0.17641307937447,1,1,2,0,1,1,0,-0.41831891098991,2,0.04,0.00460829493087558,0.0632258064516129,0,0,0,0,0,0,1,2
00-0034847,Mike McGlinchey,OT,OL,2026,4,REG,DEN,SF,0,0,0,0,0,0,0,0,0,0,,,0,0,0,0,0,,0,0,0,0,0,0,0,,,0,0,0,0,0,0,0,0,0,0,0
00-0034856,Denzel Ward,CB,DB,2026,4,REG,CLE,PIT,0,0,0,0,0,0,0,0,0,0,,,0,0,0,0,0,,0,0,0,0,0,0,0,,,0,0,0,0,0,0,0,0,0,0,0
00-0034857,Josh Allen,QB,QB,2026,4,REG,BUF,NE,23,33,253,1,1,1,-4,280,129,9,4.77851638374369,10.3050316373507,5,4,1,2,0,-0.0838947018492036,0,0,0,0,0,0,0,,,0,0,0,0,0,0,0,0,0,18.52,18.52
00-0034869,Sam Darnold,QB,QB,2026,4,REG,SEA,LAC,13,22,168,2,1,3,-20,157,92,9,-5.17506614249006,0.25297537446022,3,6,0,1,0,-2.85657704406185,0,0,0,0,0,0,0,,,0,0,0,0,0,0,0,0,0,13.32,13.32
00-0034874,Roquan Smith,ILB,LB,2026,4,REG,BAL,TEN,0,0,0,0,0,0,0,0,0,0,,,0,0,0,0,0,,0,0,0,0,0,0,0,,,0,0,0,0,0,0,0,0,0,0,0
00-0034941,Mitch Wishnowsky,P,SPEC,2026,4,REG,NE,BUF,0,0,0,0,0,0,0,0,0,0,,,0,0,0,0,0,,0,0,0,0,0,0,0,,,0,0,0,0,0,0,0,0,0,0,0
00-0034959,Andrew Beck,FB,RB,2026,4,REG,NYJ,CHI,0,0,0,0,0,0,0,0,0,0,,,0,0,0,0,0,,0,0,0,0,0,0,0,,,0,0,0,0,0,0,0,0,0,0,0
00-0034960,Jakobi Meyers,WR,WR,2026,4,REG,JAX,CIN,0,0,0,0,0,0,0,0,0,0,,,0,0,0,0,0,,3,4,33,0,35,8,2,2.03848669793304,0.942857142857143,0.173913043478261,0.216049382716049,0.412104133118626,0,0,0,0,0,0,3.3,6.3
00-0034967,Rashan Gary,LB,LB,2026,4,REG,DAL,HOU,0,0,0,0,0,0,0,0,0,0,,,0,0,0,0,0,,0,0,0,0,0,0,0,,,0,0,0,0,0,0,0,0,0,0,0
00-0034973,Maxx Crosby,DE,DL,2026,4,REG,LV,KC,0,0,0,0,0,0,0,0,0,0,,,0,0,0,0,0,,0,0,0,0,0,0,0,,,0,0,0,0,0,0,0,0,0,0,0
00-0034974,Julian Love,SAF,DB,2026,4,REG,SEA,LAC,0,0,0,0,0,0,0,0,0,0,,,0,0,0,0,0,,0,0,0,0,0,0,0,,,0,0,0,0,0,0,0,0,0,0,0
00-0034975,Justice Hill,RB,RB,2026,4,REG,BAL,TEN,0,0,0,0,0,0,0,0,0,0,,,1,3,0,0,0,-0.212069733301178,2,3,22,0,-5,33,1,0.436977409059182,-4.4,0.103448275862069,-0.024390243902439,0.138099243061396,0,0,0,0,0,0,2.5,4.5
00-0034981,Foster Moreau,TE,TE,2026,4,REG,HOU,DAL,0,0,0,0,0,0,0,0,0,0,,,0,0,0,0,0,,1,1,1,0,-4,5,0,-0.456039345997851,0,0.0384615384615385,-0.0103896103896104,0.0504195804195804,0,0,0,0,0,0,0.1,1.1
00-0034982,Dre Greenlaw,LB,LB,2026,4,REG,SF,DEN,0,0,0,0,0,0,0,0,0,0,,,0,0,0,0,0,,0,0,0,0,0,0,0,,,0,0,0,0,0,0,0,0,0,0,0
00-0035021,Ashton Dulin,WR,WR,2026,4,REG,IND,WAS,0,0,0,0,0,0,0,0,0,0,,,0,0,0,0,0,,3,6,29,0,38,12,1,-4.98801544983871,0.763157894736842,0.206896551724138,0.296875,0.518157327586207,0,0,0,0,0,0,2.9,5.9
00-0035133,Keisean Nixon,DB,DB,2026,4,REG,GB,TB,0,0,0,0,0,0,0,0,0,0,,,0,0,0,0,0,,0,0,0,0,0,0,0,,,0,0,0,0,0,0,0,0,0,0,0
00-0035144,Mack Wilson,LB,LB,2026,4,REG,ARI,NYG,0,0,0,0,0,0,0,0,0,0,,,0,0,0,0,0,,0,0,0,0,0,0,0,,,0,0,0,0,0,0,0,0,0,0,0
00-0035156,Jack Fox,P,SPEC,2026,4,REG,DET,CAR,0,0,0,0,0,0,0,0,0,0,,,0,0,0,0,0,,0,0,0,0,0,0,0,,,0,0,0,0,0,0,0,0,0,0,0
00-0035190,AJ Cole,P,SPEC,2026,4,REG,LV,KC,0,0,0,0,0,0,0,0,0,0,,,0,0,0,0,0,,0,0,0,0,0,0,0,,,0,0,0,0,0,0,0,0,0,0,0
00-0035192,Joey Slye,K,SPEC,2026,4,REG,TEN,BAL,0,0,0,0,0,0,0,0,0,0,,,0,0,0,0,0,,0,0,0,0,0,0,0,,,0,0,0,0,0,0,0,0,0,0,0
00-0035202,Del'Shawn Phillips,LB,LB,2026,4,REG,LAC,SEA,0,0,0,0,0,0,0,0,0,0,,,0,0,0,0,0,,0,0,0,0,0,0,0,,,0,0,0,0,0,0,0,0,0,0,0
00-0035208,Olamide Zaccheaus,WR,WR,2026,4,REG,ATL,NO,0,0,0,0,0,0,0,0,0,0,,,0,0,0,0,0,,0,1,0,0,3,0,0,-0.94160782047812,0,0.05,0.0230769230769231,0.0911538461538462,0,0,0,0,0,0,0,0
00-0035228,Kyler Murray,QB,QB,2026,4,REG,MIN,MIA,27,37,247,0,0,4,-34,178,126,13,-0.664391491911737,7.57239516824484,6,16,0,1,0,-5.64766880280403,0,0,0,0,0,0,0,,,0,0,0,0,0,0,0,0,0,11.48,11.48
00-0035229,T.J. Hockenson,TE,TE,2026,4,REG,MIN,MIA,0,0,0,0,0,0,0,0,0,0,,,0,0,0,0,0,,13,13,119,0,83,36,8,11.2398972574156,1.43373493975904,0.393939393939394,0.466292134831461,0.917313585291113,0,0,0,0,0,0,11.9,24.9
00-0035230,Ed Oliver,DT,DL,2026,4,REG,BUF,NE,0,0,0,0,0,0,0,0,0,0,,,0,0,0,0,0,,0,0,0,0,0,0,0,,,0,0,0,0,0,0,0,0,0,0,0
00-0035236,Byron Murphy,CB,DB,2026,4,REG,MIN,MIA,0,0,0,0,0,0,0,0,0,0,,,0,0,0,0,0,,0,0,0,0,0,0,0,,,0,0,0,0,0,0,0,0,0,0,0
00-0035248,Zach Allen,DE,DL,2026,4,REG,DEN,SF,0,0,0,0,0,0,0,0,0,0,,,0,0,0,0,0,,0,0,0,0,0,0,0,,,0,0,0,0,0,0,0,0,0,0,0
00-0035253,C.J. Gardner-Johnson,SAF,DB,2026,4,REG,BUF,NE,0,0,0,0,0,0,0,0,0,0,,,0,0,0,0,0,,0,0,0,0,0,0,0,,,0,0,0,0,0,0,0,0,0,0,0
00-0035254,Anthony Nelson,LB,LB,2026,4,REG,TB,GB,0,0,0,0,0,0,0,0,0,0,,,0,0,0,0,0,,0,0,0,0,0,0,0,,,0,0,0,0,0,0,0,0,0,0,0
00-0035261,Tony Pollard,RB,RB,2026,4,REG,TEN,BAL,0,0,0,0,0,0,0,0,0,0,,,16,48,1,3,0,-1.95960735308472,2,4,2,0,-3,11,0,-8.4437415668508,-0.666666666666667,0.142857142857143,-0.0131578947368421,0.205075187969925,0,0,0,0,0,0,11,13
00-0035262,Drue Tranquill,LB,LB,2026,4,REG,KC,LV,0,0,0,0,0,0,0,0,0,0,,,0,0,0,0,0,,0,0,0,0,0,0,0,,,0,0,0,0,0,0,0,0,0,0,0
00-0035269,Matt Gay,K,SPEC,2026,4,REG,LV,KC,0,0,0,0,0,0,0,0,0,0,,,0,0,0,0,0,,0,0,0,0,0,0,0,,,0,0,0,0,0,0,0,0,0,0,0
00-0035272,Andrew Van Ginkel,OLB,LB,2026,4,REG,MIN,MIA,0,0,0,0,0,0,0,0,0,0,,,0,0,0,0,0,,0,0,0,0,0,0,0,,,0,0,0,0,0,0,0,0,0,0,0
00-0035276,Blake Cashman,LB,LB,2026,4,REG,MIN,MIA,0,0,0,0,0,0,0,0,0,0,,,0,0,0,0,0,,0,0,0,0,0,0,0,,,0,0,0,0,0,0,0,0,0,0,0
00-0035280,Jake Bailey,P,SPEC,2026,4,REG,ATL,NO,0,0,0,0,0,0,0,0,0,0,,,0,0,0,0,0,,0,0,0,0,0,0,0,,,0,0,0,0,0,0,0,0,0,0,0
00-0035286,Cole Holcomb,LB,LB,2026,4,REG,PIT,CLE,0,0,0,0,0,0,0,0,0,0,,,0,0,0,0,0,,0,0,0,0,0,0,0,,,0,0,0,0,0,0,0,0,0,0,0
00-0035352,Tyrel Dodson,LB,LB,2026,4,REG,CAR,DET,0,0,0,0,0,0,0,0,0,0,,,0,0,0,0,0,,0,0,0,0,0,0,0,,,0,0,0,0,0,0,0,0,0,0,0
00-0035358,Chase McLaughlin,K,SPEC,2026,4,REG,TB,GB,0,0,0,0,0,0,0,0,0,0,,,0,0,0,0,0,,0,0,0,0,0,0,0,,,0,0,0,0,0,0,0,0,0,0,0
00-0035363,Joe Giles-Harris,LB,LB,2026,4,REG,CIN,JAX,0,0,0,0,0,0,0,0,0,0,,,0,0,0,0,0,,0,0,0,0,0,0,0,,,0,0,0,0,0,0,0,0,0,0,0
00-0035378,Andrew Wingard,SAF,DB,2026,4,REG,ARI,NYG,0,0,0,0,0,0,0,0,0,0,,,0,0,0,0,0,,0,0,0,0,0,0,0,,,0,0,0,0,0,0,0,0,0,0,0
00-0035386,T.J. Edwards,LB,LB,2026,4,REG,CHI,NYJ,0,0,0,0,0,0,0,0,0,0,,,0,0,0,0,0,,0,0,0,0,0,0,0,,,0,0,0,0,0,0,0,0,0,0,0
00-0035413,Luke Gifford,LB,LB,2026,4,REG,SF,DEN,0,0,0,0,0,0,0,0,0,0,,,0,0,0,0,0,,0,0,0,0,0,0,0,,,0,0,0,0,0,0,0,0,0,0,0
00-0035500,Greg Dortch,WR,WR,2026,4,REG,BUF,NE,0,0,0,0,0,0,0,0,0,0,,,0,0,0,0,0,,0,0,0,0,0,0,0,,,0,0,0,0,0,0,0,0,0,0,0
00-0035525,Devin Bush,LB,LB,2026,4,REG,CHI,NYJ,0,0,0,0,0,0,0,0,0,0,,,0,0,0,0,0,,0,0,0,0,0,0,0,,,0,0,0,0,0,0,0,0,0,0,0
00-0035537,Ty Johnson,RB,RB,2026,4,REG,BUF,NE,0,0,0,0,0,0,0,0,0,0,,,1,3,0,0,0,-0.176338981720619,2,2,9,0,0,9,1,1.86232868204041,0,0.0666666666666667,0,0.1,0,0,0,0,0,0,1.2,3.2
00-0035544,Tom Kennedy,WR,WR,2026,4,REG,DET,CAR,0,0,0,0,0,0,0,0,0,0,,,0,0,0,0,0,,0,0,0,0,0,0,0,,,0,0,0,0,0,0,0,0,0,0,0
00-0035567,Craig Reynolds,RB,RB,2026,4,REG,WAS,IND,0,0,0,0,0,0,0,0,0,0,,,2,4,0,0,0,-3.0301200679969,0,0,0,0,0,0,0,,,0,0,0,0,0,0,0,0,0,0.4,0.4
00-0035594,Travis Homer,RB,RB,2026,4,REG,PIT,CLE,0,0,0,0,0,0,0,0,0,0,,,2,-1,0,1,0,-0.524627611972392,0,0,0,0,0,0,0,,,0,0,0,0,0,0,0,0,0,-0.1,-0.1
00-0035602,Alex Bachman,WR,WR,2026,4,REG,LA,PHI,0,0,0,0,0,0,0,0,0,0,,,0,0,0,0,0,,0,0,0,0,0,0,0,,,0,0,0,0,0,0,0,0,0,0,0
00-0035632,Amani Hooker,SAF,DB,2026,4,REG,TEN,BAL,0,0,0,0,0,0,0,0,0,0,,,0,0,0,0,0,,0,0,0,0,0,0,0,,,0,0,0,0,0,0,0,0,0,0,0
00-0035636,L.J. Collier,DE,DL,2026,4,REG,ARI,NYG,0,0,0,0,0,0,0,0,0,0,,,0,0,0,0,0,,0,0,0,0,0,0,0,,,0,0,0,0,0,0,0,0,0,0,0
00-0035640,DK Metcalf,WR,WR,2026,4,REG,PIT,CLE,0,0,0,0,0,0,0,0,0,0,,,0,0,0,0,0,,5,9,115,0,155,26,5,5.62473646237049,0.741935483870968,0.230769230769231,0.365566037735849,0.602050072568941,0,0,0,0,0,0,11.5,16.5
00-0035642,Josh Hines-Allen,DE,DL,2026,4,REG,JAX,CIN,0,0,0,0,0,0,0,0,0,0,,,0,0,0,0,0,,0,0,0,0,0,0,0,,,0,0,0,0,0,0,0,0,0,0,0
00-0035643,Jeffery Simmons,DT,DL,2026,4,REG,TEN,BAL,0,0,0,0,0,0,0,0,0,0,,,0,0,0,0,0,,0,0,0,0,0,0,0,,,0,0,0,0,0,0,0,0,0,0,0
00-0035647,Montez Sweat,DE,DL,2026,4,REG,CHI,NYJ,0,0,0,0,0,0,0,0,0,0,,,0,0,0,0,0,,0,0,0,0,0,0,0,,,0,0,0,0,0,0,0,0,0,0,0
00-0035667,Greg Gaines,DT,DL,2026,4,REG,BUF,NE,0,0,0,0,0,0,0,0,0,0,,,0,0,0,0,0,,0,0,0,0,0,0,0,,,0,0,0,0,0,0,0,0,0,0,0
00-0035669,Nick Scott,SAF,DB,2026,4,REG,CAR,DET,0,0,0,0,0,0,0,0,0,0,,,0,0,0,0,0,,0,0,0,0,0,0,0,,,0,0,0,0,0,0,0,0,0,0,0
00-0035672,Cody Barton,LB,LB,2026,4,REG,TEN,BAL,0,0,0,0,0,0,0,0,0,0,,,0,0,0,0,0,,0,0,0,0,0,0,0,,,0,0,0,0,0,0,0,0,0,0,0
00-0035674,Jerry Tillery,DT,DL,2026,4,REG,IND,WAS,0,0,0,0,0,0,0,0,0,0,,,0,0,0,0,0,,0,0,0,0,0,0,0,,,0,0,0,0,0,0,0,0,0,0,0
00-0035679,Connor McGovern,C,OL,2026,4,REG,BUF,NE,0,0,0,0,0,0,0,0,0,0,,,0,0,0,0,0,,0,0,0,0,0,0,0,,,0,0,0,0,0,0,0,0,0,0,0
00-0035680,Quincy Williams,LB,LB,2026,4,REG,CLE,PIT,0,0,0,0,0,0,0,0,0,0,,,0,0,0,0,0,,0,0,0,0,0,0,0,,,0,0,0,0,0,0,0,0,0,0,0
00-0035683,Dexter Lawrence,DT,DL,2026,4,REG,CIN,JAX,0,0,0,0,0,0,0,0,0,0,,,0,0,0,0,0,,0,0,0,0,0,0,0,,,0,0,0,0,0,0,0,0,0,0,0
00-0035685,David Montgomery,RB,RB,2026,4,REG,HOU,DAL,0,0,0,0,0,0,0,0,0,0,,,10,24,0,0,0,-3.55157187418081,0,0,19,0,0,19,0,,0,0,0,0,0,0,0,0,0,0,4.3,4.3
00-0035687,Bobby Okereke,ILB,LB,2026,4,REG,CAR,DET,0,0,0,0,0,0,0,0,0,0,,,0,0,0,0,0,,0,0,0,0,0,0,0,,,0,0,0,0,0,0,0,0,0,0,0
00-0035689,Dawson Knox,TE,TE,2026,4,REG,BUF,NE,0,0,0,0,0,0,0,0,0,0,,,0,0,0,0,0,,2,2,13,0,3,10,0,0.572131161869038,4.33333333333333,0.0666666666666667,0.0107142857142857,0.1075,0,0,0,0,0,0,1.3,3.3
00-0035699,Jamel Dean,CB,DB,2026,4,REG,PIT,CLE,0,0,0,0,0,0,0,0,0,0,,,0,0,0,0,0,,0,0,0,0,0,0,0,,,0,0,0,0,0,0,0,0,0,0,0
00-0035710,Daniel Jones,QB,QB,2026,4,REG,IND,WAS,19,34,143,0,1,2,-14,128,72,6,-13.3554379075041,-5.17129682261368,4,2,1,2,0,2.69240266090492,0,0,0,0,0,0,0,,,0,0,0,0,0,1,0,0,0,7.92,7.92
00-0035718,Quinnen Williams,DT,DL,2026,4,REG,DAL,HOU,0,0,0,0,0,0,0,0,0,0,,,0,0,0,0,0,,0,0,0,0,0,0,0,,,0,0,0,0,0,0,0,0,0,0,0
00-0035719,Deebo Samuel Sr.,WR,WR,2026,4,REG,SF,DEN,0,0,0,0,0,0,0,0,0,0,,,3,44,0,2,2,2.95965099375462,5,6,26,1,14,26,1,2.20231280470034,1.85714285714286,0.206896551724138,0.0551181102362205,0.348927504751561,0,0,0,0,0,0,13,18
00-0035763,Malcolm Roach,DT,DL,2026,4,REG,DEN,SF,0,0,0,0,0,0,0,0,0,0,,,0,0,0,0,0,,0,0,0,0,0,0,0,,,0,0,0,0,0,0,0,0,0,0,0
00-0035821,Corliss Waitman,P,SPEC,2026,4,REG,SF,DEN,0,0,0,0,0,0,0,0,0,0,,,0,0,0,0,0,,0,0,0,0,0,0,0,,,0,0,0,0,0,0,0,0,0,0,0
00-0035859,Blake Gillikin,P,SPEC,2026,4,REG,ARI,NYG,0,0,0,0,0,0,0,0,0,0,,,0,0,0,0,0,,0,0,0,0,0,0,0,,,0,0,0,0,0,0,0,0,0,0,0
00-0035889,Tommy Townsend,P,SPEC,2026,4,REG,TEN,BAL,0,0,0,0,0,0,0,0,0,0,,,0,0,0,0,0,,0,0,0,0,0,0,0,,,0,0,0,0,0,0,0,0,0,0,0
00-0035891,Cody White,WR,WR,2026,4,REG,LV,KC,0,0,0,0,0,0,0,0,0,0,,,0,0,0,0,0,,2,4,36,0,55,7,2,3.71279375434108,0.654545454545455,0.0833333333333333,0.120614035087719,0.209429824561404,0,0,0,0,1,0,5.6,7.6
00-0035900,Cole Christiansen,LB,LB,2026,4,REG,KC,LV,0,0,0,0,0,0,0,0,0,0,,,0,0,0,0,0,,0,0,0,0,0,0,0,,,0,0,0,0,0,0,0,0,0,0,0
00-0035933,Michael Hoecht,LB,LB,2026,4,REG,BUF,NE,0,0,0,0,0,0,0,0,0,0,,,0,0,0,0,0,,0,0,0,0,0,0,0,,,0,0,0,0,0,0,0,0,0,0,0
00-0035942,Christian Rozeboom,LB,LB,2026,4,REG,TB,GB,0,0,0,0,0,0,0,0,0,0,,,0,0,0,0,0,,0,0,0,0,0,0,0,,,0,0,0,0,0,0,0,0,0,0,0
00-0035993,Tyler Huntley,QB,QB,2026,4,REG,BAL,TEN,8,9,63,0,0,0,0,4,62,2,0.247702690947335,8.44822857115004,4,16,0,0,0,-0.0655619443859905,0,0,0,0,0,0,0,,,0,0,0,0,0,0,0,0,0,4.12,4.12
00-0036037,Sam Franklin Jr.,SAF,DB,2026,4,REG,BUF,NE,0,0,0,0,0,0,0,0,0,0,,,0,0,0,0,0,,0,0,0,0,0,0,0,,,0,0,0,0,0,0,0,0,0,0,0
00-0036040,Juwan Johnson,TE,TE,2026,4,REG,NO,ATL,0,0,0,0,0,0,0,0,0,0,,,0,0,0,0,0,,6,8,59,0,59,19,3,2.1565023881901,1,0.170212765957447,0.124472573839662,0.342449950623934,0,0,0,0,0,0,5.9,11.9
00-0036081,Broderick Washington,DT,DL,2026,4,REG,BAL,TEN,0,0,0,0,0,0,0,0,0,0,,,0,0,0,0,0,,0,0,0,0,0,0,0,,,0,0,0,0,0,0,0,0,0,0,0
00-0036124,Khalil Dorsey,CB,DB,2026,4,REG,DET,CAR,0,0,0,0,0,0,0,0,0,0,,,0,0,0,0,0,,0,0,0,0,0,0,0,,,0,0,0,0,0,0,0,0,0,0,0
00-0036130,Nnamdi Madubuike,DT,DL,2026,4,REG,BAL,TEN,0,0,0,0,0,0,0,0,0,0,,,0,0,0,0,0,,0,0,0,0,0,0,0,,,0,0,0,0,0,0,0,0,0,0,0
00-0036158,J.K. Dobbins,RB,RB,2026,4,REG,DEN,SF,0,0,0,0,0,0,0,0,0,0,,,11,40,0,2,0,-1.28714701946592,2,2,12,0,3,9,1,0.762468634755351,4,0.0526315789473684,0.0160427807486631,0.0901773149451168,0,0,0,0,0,0,5.2,7.2
00-0036159,Joshua Uche,LB,LB,2026,4,REG,MIA,MIN,0,0,0,0,0,0,0,0,0,0,,,0,0,0,0,0,,0,0,0,0,0,0,0,,,0,0,0,0,0,0,0,0,0,0,0
00-0036162,Tyler Bass,K,SPEC,2026,4,REG,BUF,NE,0,0,0,0,0,0,0,0,0,0,,,0,0,0,0,0,,0,0,0,0,0,0,0,,,0,0,0,0,0,0,0,0,0,0,0
00-0036181,Teair Tart,DT,DL,2026,4,REG,LAC,SEA,0,0,0,0,0,0,0,0,0,0,,,0,0,0,0,0,,0,0,0,0,0,0,0,,,0,0,0,0,0,0,0,0,0,0,0
00-0036182,Nick Westbrook-Ikhine,WR,WR,2026,4,REG,IND,WAS,0,0,0,0,0,0,0,0,0,0,,,0,0,0,0,0,,0,0,0,0,0,0,0,,,0,0,0,0,0,0,0,0,0,0,0
00-0036192,A.J. Epenesa,LB,LB,2026,4,REG,PHI,LA,0,0,0,0,0,0,0,0,0,0,,,0,0,0,0,0,,0,0,0,0,0,0,0,,,0,0,0,0,0,0,0,0,0,0,0
00-0036204,LaCale London,DE,DL,2026,4,REG,ATL,NO,0,0,0,0,0,0,0,0,0,0,,,0,0,0,0,0,,0,0,0,0,0,0,0,,,0,0,0,0,0,0,0,0,0,0,0
00-0036220,Derrick Brown,DT,DL,2026,4,REG,CAR,DET,0,0,0,0,0,0,0,0,0,0,,,0,0,0,0,0,,0,0,0,0,0,0,0,,,0,0,0,0,0,0,0,0,0,0,0
00-0036221,Brandon Jones,SAF,DB,2026,4,REG,DEN,SF,0,0,0,0,0,0,0,0,0,0,,,0,0,0,0,0,,0,0,0,0,0,0,0,,,0,0,0,0,0,0,0,0,0,0,0
00-0036222,Isaiah Rodgers,CB,DB,2026,4,REG,MIN,MIA,0,0,0,0,0,0,0,0,0,0,,,0,0,0,0,0,,0,0,0,0,0,0,0,,,0,0,0,0,0,0,0,0,0,0,0
00-0036223,Jonathan Taylor,RB,RB,2026,4,REG,IND,WAS,0,0,0,0,0,0,0,0,0,0,,,20,95,2,6,3,3.60046251121056,1,4,2,0,-12,1,0,-2.09627418243326,-0.166666666666667,0.137931034482759,-0.09375,0.141271551724138,0,0,0,0,0,0,21.7,22.7
00-0036224,Jonathan Greenard,LB,LB,2026,4,REG,PHI,LA,0,0,0,0,0,0,0,0,0,0,,,0,0,0,0,0,,0,0,0,0,0,0,0,,,0,0,0,0,0,0,0,0,0,0,0
00-0036237,Larrell Murchison,DT,DL,2026,4,REG,LA,PHI,0,0,0,0,0,0,0,0,0,0,,,0,0,0,0,0,,0,0,0,0,0,0,0,,,0,0,0,0,0,0,0,0,0,0,0
00-0036246,Jon Runyan,G,OL,2026,4,REG,NYG,ARI,0,0,0,0,0,0,0,0,0,0,,,0,0,0,0,0,,0,0,0,0,0,0,0,,,0,0,0,0,0,0,0,0,0,0,0
00-0036252,Michael Pittman,WR,WR,2026,4,REG,PIT,CLE,0,0,0,0,0,0,0,0,0,0,,,0,0,0,0,0,,2,4,15,0,40,7,0,-0.250014627759811,0.375,0.102564102564103,0.0943396226415094,0.21988388969521,0,0,0,0,0,0,1.5,3.5
00-0036253,Julian Blackmon,SAF,DB,2026,4,REG,NO,ATL,0,0,0,0,0,0,0,0,0,0,,,0,0,0,0,0,,0,0,0,0,0,0,0,,,0,0,0,0,0,0,0,0,0,0,0
00-0036256,Colton McKivitz,OT,OL,2026,4,REG,SF,DEN,0,0,0,0,0,0,0,0,0,0,,,0,0,0,0,0,,0,0,0,0,0,0,0,,,0,0,0,0,0,0,0,0,0,0,0
00-0036259,Jauan Jennings,WR,WR,2026,4,REG,MIN,MIA,0,0,0,0,0,0,0,0,0,0,,,0,0,0,0,0,,1,1,8,0,4,4,0,-0.0736868146341294,2,0.0303030303030303,0.0224719101123596,0.0611848825331971,0,0,0,0,0,0,0.8,1.8
00-0036260,Javon Kinlaw,DT,DL,2026,4,REG,WAS,IND,0,0,0,0,0,0,0,0,0,0,,,0,0,0,0,0,,0,0,0,0,0,0,0,,,0,0,0,0,0,0,0,0,0,0,0
00-0036262,DaVon Hamilton,DT,DL,2026,4,REG,JAX,CIN,0,0,0,0,0,0,0,0,0,0,,,0,0,0,0,0,,0,0,0,0,0,0,0,,,0,0,0,0,0,0,0,0,0,0,0
00-0036264,Jordan Love,QB,QB,2026,4,REG,GB,TB,22,30,197,2,1,0,0,215,140,9,6.9105259974391,5.29488777120908,4,-8,0,0,0,0.0376249040127732,0,0,0,0,0,0,0,,,0,0,0,0,0,0,0,0,0,13.08,13.08
00-0036265,AJ Dillon,RB,RB,2026,4,REG,CAR,DET,0,0,0,0,0,0,0,0,0,0,,,5,2,0,1,0,-4.31360401364509,1,1,5,0,5,0,0,-0.333191029028967,1,0.0256410256410256,0.0146198830409357,0.0486954565901934,0,0,0,0,0,0,0.7,1.7
00-0036266,Jordan Elliott,DT,DL,2026,4,REG,TEN,BAL,0,0,0,0,0,0,0,0,0,0,,,0,0,0,0,0,,0,0,0,0,0,0,0,,,0,0,0,0,0,0,0,0,0,0,0
00-0036275,D'Andre Swift,RB,RB,2026,4,REG,CHI,NYJ,0,0,0,0,0,0,0,0,0,0,,,15,58,0,2,1,-7.39313648160176,2,2,16,0,-12,28,1,0.245271013060119,-1.33333333333333,0.0645161290322581,-0.0563380281690141,0.0573375738300772,1,0,0,0,0,0,5.4,7.4
00-0036281,C.J. Henderson,CB,DB,2026,4,REG,ATL,NO,0,0,0,0,0,0,0,0,0,0,,,0,0,0,0,0,,0,0,0,0,0,0,0,,,0,0,0,0,0,0,0,0,0,0,0
00-0036282,Grant Delpit,SAF,DB,2026,4,REG,CLE,PIT,0,0,0,0,0,0,0,0,0,0,,,0,0,0,0,0,,0,0,0,0,0,0,0,,,0,0,0,0,0,0,0,0,0,0,0
00-0036286,K'Lavon Chaisson,LB,LB,2026,4,REG,WAS,IND,0,0,0,0,0,0,0,0,0,0,,,0,0,0,0,0,,0,0,0,0,0,0,0,,,0,0,0,0,0,0,0,0,0,0,0
00-0036290,Cole Kmet,TE,TE,2026,4,REG,CHI,NYJ,0,0,0,0,0,0,0,0,0,0,,,0,0,0,0,0,,2,2,13,0,9,4,1,1.74584691389464,1.44444444444444,0.0645161290322581,0.0422535211267606,0.126351658337119,0,0,0,0,0,0,1.3,3.3
00-0036293,Jeremy Chinn,SAF,DB,2026,4,REG,LV,KC,0,0,0,0,0,0,0,0,0,0,,,0,0,0,0,0,,0,0,0,0,0,0,0,,,0,0,0,0,0,0,0,0,0,0,0
00-0036298,Akeem Davis-Gaither,LB,LB,2026,4,REG,IND,WAS,0,0,0,0,0,0,0,0,0,0,,,0,0,0,0,0,,0,0,0,0,0,0,0,,,0,0,0,0,0,0,0,0,0,0,0
00-0036302,Jaylinn Hawkins,SAF,DB,2026,4,REG,BAL,TEN,0,0,0,0,0,0,0,0,0,0,,,0,0,0,0,0,,0,0,0,0,0,0,0,,,0,0,0,0,0,0,0,0,0,0,0
00-0036305,Trevis Gipson,LB,LB,2026,4,REG,CAR,DET,0,0,0,0,0,0,0,0,0,0,,,0,0,0,0,0,,0,0,0,0,0,0,0,,,0,0,0,0,0,0,0,0,0,0,0
00-0036306,Daniel Thomas,SAF,DB,2026,4,REG,CLE,PIT,0,0,0,0,0,0,0,0,0,0,,,0,0,0,0,0,,0,0,0,0,0,0,0,,,0,0,0,0,0,0,0,0,0,0,0
00-0036307,Kindle Vildor,CB,DB,2026,4,REG,NE,BUF,0,0,0,0,0,0,0,0,0,0,,,0,0,0,0,0,,0,0,0,0,0,0,0,,,0,0,0,0,0,0,0,0,0,0,0
00-0036309,Darnell Mooney,WR,WR,2026,4,REG,NYG,ARI,0,0,0,0,0,0,0,0,0,0,,,0,0,0,0,0,,0,2,0,0,25,0,0,-2.2884075997863,0,0.0689655172413793,0.0753012048192771,0.156159119235563,0,0,0,0,0,0,0,0
00-0036313,Braden Mann,P,SPEC,2026,4,REG,PHI,LA,0,0,0,0,0,0,0,0,0,0,,,0,0,0,0,0,,0,0,0,0,0,0,0,,,0,0,0,0,0,0,0,0,0,0,0
00-0036321,Chase Young,DE,DL,2026,4,REG,NO,ATL,0,0,0,0,0,0,0,0,0,0,,,0,0,0,0,0,,0,0,0,0,0,0,0,,,0,0,0,0,0,0,0,0,0,0,0
00-0036323,Patrick Queen,LB,LB,2026,4,REG,PIT,CLE,0,0,0,0,0,0,0,0,0,0,,,0,0,0,0,0,,0,0,0,0,0,0,0,,,0,0,0,0,0,0,0,0,0,0,0
00-0036325,Robert Hunt,G,OL,2026,4,REG,CAR,DET,0,0,0,0,0,0,0,0,0,0,,,0,0,0,0,0,,0,0,0,0,0,0,0,,,0,0,0,0,0,0,0,0,0,0,0
00-0036327,Ezra Cleveland,G,OL,2026,4,REG,JAX,CIN,0,0,0,0,0,0,0,0,0,0,,,0,0,0,0,0,,0,0,0,0,0,0,0,,,0,0,0,0,0,0,0,0,0,0,0
00-0036331,Devin Duvernay,WR,WR,2026,4,REG,ARI,NYG,0,0,0,0,0,0,0,0,0,0,,,0,0,0,0,0,,0,0,0,0,0,0,0,,,0,0,0,0,0,0,0,0,0,0,0
00-0036333,Alex Highsmith,LB,LB,2026,4,REG,PIT,CLE,0,0,0,0,0,0,0,0,0,0,,,0,0,0,0,0,,0,0,0,0,0,0,0,,,0,0,0,0,0,0,0,0,0,0,0
00-0036335,D.J. Wonnum,DE,DL,2026,4,REG,DET,CAR,0,0,0,0,0,0,0,0,0,0,,,0,0,0,0,0,,0,0,0,0,0,0,0,,,0,0,0,0,0,0,0,0,0,0,0
00-0036338,Troy Dye,LB,LB,2026,4,REG,LAC,SEA,0,0,0,0,0,0,0,0,0,0,,,0,0,0,0,0,,0,0,0,0,0,0,0,,,0,0,0,0,0,0,0,0,0,0,0
00-0036341,Khalid Kareem,DE,DL,2026,4,REG,SF,DEN,0,0,0,0,0,0,0,0,0,0,,,0,0,0,0,0,,0,0,0,0,0,0,0,,,0,0,0,0,0,0,0,0,0,0,0
00-0036348,Josh Metellus,SAF,DB,2026,4,REG,MIN,MIA,0,0,0,0,0,0,0,0,0,0,,,0,0,0,0,0,,0,0,0,0,0,0,0,,,0,0,0,0,0,0,0,0,0,0,0
00-0036349,Kam Curl,SAF,DB,2026,4,REG,LA,PHI,0,0,0,0,0,0,0,0,0,0,,,0,0,0,0,0,,0,0,0,0,0,0,0,,,0,0,0,0,0,0,0,0,0,0,0
00-0036355,Justin Herbert,QB,QB,2026,4,REG,LAC,SEA,19,31,189,1,2,4,-35,215,67,9,-8.03212953574093,-3.92744561036428,6,40,0,1,1,0.199858336476609,0,1,0,0,9,0,0,-0.567394386511296,0,0.032258064516129,0.0401785714285714,0.0765120967741935,0,0,1,0,0,0,9.56,9.56
00-0036356,Isaiah Simmons,SAF,DB,2026,4,REG,CAR,DET,0,0,0,0,0,0,0,0,0,0,,,0,0,0,0,0,,0,0,0,0,0,0,0,,,0,0,0,0,0,0,0,0,0,0,0
00-0036358,CeeDee Lamb,WR,WR,2026,4,REG,DAL,HOU,0,0,0,0,0,0,0,0,0,0,,,1,-6,0,0,0,-1.30659670149907,17,21,189,1,159,70,11,13.6136451654271,1.18867924528302,0.488372093023256,0.611538461538462,1.16063506261181,0,0,0,0,0,0,24.3,41.3
00-0036362,Willie Gay Jr.,LB,LB,2026,4,REG,MIA,MIN,0,0,0,0,0,0,0,0,0,0,,,0,0,0,0,0,,0,0,0,0,0,0,0,,,0,0,0,0,0,0,0,0,0,0,0
00-0036363,Josh Jones,OT,OL,2026,4,REG,SEA,LAC,0,0,0,0,0,0,0,0,0,0,,,0,0,0,0,0,,0,0,0,0,0,0,0,,,0,0,0,0,0,0,0,0,0,0,0
00-0036366,Neville Gallimore,DT,DL,2026,4,REG,CHI,NYJ,0,0,0,0,0,0,0,0,0,0,,,0,0,0,0,0,,0,0,0,0,0,0,0,,,0,0,0,0,0,0,0,0,0,0,0
00-0036374,L'Jarius Sneed,CB,DB,2026,4,REG,KC,LV,0,0,0,0,0,0,0,0,0,0,,,0,0,0,0,0,,0,0,0,0,0,0,0,,,0,0,0,0,0,0,0,0,0,0,0
00-0036375,Amik Robertson,CB,DB,2026,4,REG,WAS,IND,0,0,0,0,0,0,0,0,0,0,,,0,0,0,0,0,,0,0,0,0,0,0,0,,,0,0,0,0,0,0,0,0,0,0,0
00-0036380,Alohi Gilman,SAF,DB,2026,4,REG,KC,LV,0,0,0,0,0,0,0,0,0,0,,,0,0,0,0,0,,0,0,0,0,0,0,0,,,0,0,0,0,0,0,0,0,0,0,0
00-0036388,Xavier McKinney,SAF,DB,2026,4,REG,GB,TB,0,0,0,0,0,0,0,0,0,0,,,0,0,0,0,0,,0,0,0,0,0,0,0,,,0,0,0,0,0,0,0,0,0,0,0
00-0036389,Jalen Hurts,QB,QB,2026,4,REG,PHI,LA,12,27,93,2,0,4,-25,217,22,5,-8.15350848587348,-18.5416100621223,5,18,0,1,1,-4.6606823928887,0,0,0,0,0,0,0,,,0,0,0,0,0,0,0,0,0,13.52,13.52
00-0036407,Jerry Jeudy,WR,WR,2026,4,REG,CLE,PIT,0,0,0,0,0,0,0,0,0,0,,,0,0,0,0,0,,3,3,36,0,23,13,3,2.06889976534876,1.56521739130435,0.0909090909090909,0.0916334661354582,0.200507062658457,0,0,0,0,0,0,3.6,6.6
00-0036409,Jordyn Brooks,LB,LB,2026,4,REG,MIA,MIN,0,0,0,0,0,0,0,0,0,0,,,0,0,0,0,0,,0,0,0,0,0,0,0,,,0,0,0,0,0,0,0,0,0,0,0
00-0036410,Tee Higgins,WR,WR,2026,4,REG,CIN,JAX,0,0,0,0,0,0,0,0,0,0,,,0,0,0,0,0,,11,16,157,0,219,30,8,6.95143354011816,0.71689497716895,0.30188679245283,0.47198275862069,0.783218119713728,0,0,0,0,0,0,15.7,26.7
00-0036411,Antoine Winfield Jr.,SAF,DB,2026,4,REG,TB,GB,0,0,0,0,0,0,0,0,0,0,,,0,0,0,0,0,,0,0,0,0,0,0,0,,,0,0,0,0,0,0,0,0,0,0,0
00-0036416,Kristian Fulton,CB,DB,2026,4,REG,KC,LV,0,0,0,0,0,0,0,0,0,0,,,0,0,0,0,0,,0,0,0,0,0,0,0,,,0,0,0,0,0,0,0,0,0,0,0
00-0036421,Terrell Burgess,SAF,DB,2026,4,REG,TEN,BAL,0,0,0,0,0,0,0,0,0,0,,,0,0,0,0,0,,0,0,0,0,0,0,0,,,0,0,0,0,0,0,0,0,0,0,0
00-0036422,Adam Trautman,TE,TE,2026,4,REG,DEN,SF,0,0,0,0,0,0,0,0,0,0,,,0,0,0,0,0,,0,1,0,0,0,0,0,-0.530327594373375,,0.0263157894736842,0,0.0394736842105263,0,0,0,0,0,0,0,0
00-0036425,DeeJay Dallas,RB,RB,2026,4,REG,MIN,MIA,0,0,0,0,0,0,0,0,0,0,,,0,0,0,0,0,,1,1,10,0,3,7,0,-0.56953490851447,3.33333333333333,0.0303030303030303,0.0168539325842697,0.0572522982635342,0,0,0,0,0,0,1,2
00-0036428,Justin Strnad,LB,LB,2026,4,REG,DEN,SF,0,0,0,0,0,0,0,0,0,0,,,0,0,0,0,0,,0,0,0,0,0,0,0,,,0,0,0,0,0,0,0,0,0,0,0
00-0036429,Charlie Woerner,TE,TE,2026,4,REG,ATL,NO,0,0,0,0,0,0,0,0,0,0,,,0,0,0,0,0,,0,1,0,0,-1,0,0,-0.735442242119461,0,0.05,-0.00769230769230769,0.0696153846153846,0,0,0,0,0,0,0,0
00-0036441,"Kenneth Murray, Jr.",LB,LB,2026,4,REG,HOU,DAL,0,0,0,0,0,0,0,0,0,0,,,0,0,0,0,0,,0,0,0,0,0,0,0,,,0,0,0,0,0,0,0,0,0,0,0
00-0036442,Joe Burrow,QB,QB,2026,4,REG,CIN,JAX,39,54,428,1,2,2,-14,464,149,21,7.38894768012688,9.79705301095855,3,6,1,2,0,0.546610399740211,0,0,0,0,0,0,0,,,0,0,0,0,0,0,0,0,0,23.72,23.72
00-0036463,Chris Blair,WR,WR,2026,4,REG,ATL,NO,0,0,0,0,0,0,0,0,0,0,,,0,0,0,0,0,,0,0,0,0,0,0,0,,,0,0,0,0,0,0,0,0,0,0,0
00-0036480,Dayo Odeyingbo,DE,DL,2026,4,REG,CHI,NYJ,0,0,0,0,0,0,0,0,0,0,,,0,0,0,0,0,,0,0,0,0,0,0,0,,,0,0,0,0,0,0,0,0,0,0,0
00-0036500,Jamien Sherwood,LB,LB,2026,4,REG,NYJ,CHI,0,0,0,0,0,0,0,0,0,0,,,0,0,0,0,0,,0,0,0,0,0,0,0,,,0,0,0,0,0,0,0,0,0,0,0
00-0036501,Michael Carter II,CB,DB,2026,4,REG,PHI,LA,0,0,0,0,0,0,0,0,0,0,,,0,0,0,0,0,,0,0,0,0,0,0,0,,,0,0,0,0,0,0,0,0,0,0,0
00-0036550,Rashod Bateman,WR,WR,2026,4,REG,BAL,TEN,0,0,0,0,0,0,0,0,0,0,,,0,0,0,0,0,,2,2,46,0,26,20,2,4.14727867225884,1.76923076923077,0.0689655172413793,0.126829268292683,0.192228763666947,0,0,0,0,0,0,4.6,6.6
00-0036554,Nico Collins,WR,WR,2026,4,REG,HOU,DAL,0,0,0,0,0,0,0,0,0,0,,,0,0,0,0,0,,7,8,118,2,112,38,5,9.42218770893656,1.05357142857143,0.307692307692308,0.290909090909091,0.665174825174825,0,0,0,0,0,0,23.8,30.8
00-0036555,Chuba Hubbard,RB,RB,2026,4,REG,CAR,DET,0,0,0,0,0,0,0,0,0,0,,,20,122,2,8,4,3.56740443484159,1,2,7,0,5,4,1,0.360484624397941,1.4,0.0512820512820513,0.0146198830409357,0.0871569950517319,0,0,0,0,0,0,24.9,25.9
00-0036556,Brevin Jordan,TE,TE,2026,4,REG,HOU,DAL,0,0,0,0,0,0,0,0,0,0,,,0,0,0,0,0,,1,1,13,0,8,5,1,1.27650085114874,1.625,0.0384615384615385,0.0207792207792208,0.0722377622377622,0,0,0,0,0,0,1.3,2.3
00-0036563,Deommodore Lenoir,CB,DB,2026,4,REG,SF,DEN,0,0,0,0,0,0,0,0,0,0,,,0,0,0,0,0,,0,0,0,0,0,0,0,,,0,0,0,0,0,0,0,0,0,0,0
00-0036564,Talanoa Hufanga,SAF,DB,2026,4,REG,DEN,SF,0,0,0,0,0,0,0,0,0,0,,,0,0,0,0,0,,0,0,0,0,0,0,0,,,0,0,0,0,0,0,0,0,0,0,0
00-0036568,Roy Lopez,DT,DL,2026,4,REG,ARI,NYG,0,0,0,0,0,0,0,0,0,0,,,0,0,0,0,0,,0,0,0,0,0,0,0,,,0,0,0,0,0,0,0,0,0,0,0
00-0036590,Quintin Morris,TE,TE,2026,4,REG,JAX,CIN,0,0,0,0,0,0,0,0,0,0,,,0,0,0,0,0,,0,0,0,0,0,0,0,,,0,0,0,0,0,0,0,0,0,0,0
00-0036603,Alaric Jackson,OT,OL,2026,4,REG,LA,PHI,0,0,0,0,0,0,0,0,0,0,,,0,0,0,0,0,,0,0,0,0,0,0,0,,,0,0,0,0,0,0,0,0,0,0,0
00-0036613,Jaylen Waddle,WR,WR,2026,4,REG,DEN,SF,0,0,0,0,0,0,0,0,0,0,,,0,0,0,0,0,,5,6,35,1,30,23,1,0.69656550739396,1.16666666666667,0.157894736842105,0.160427807486631,0.3491415705038,0,0,0,0,0,0,9.5,14.5
00-0036617,Asante Samuel Jr.,CB,DB,2026,4,REG,PIT,CLE,0,0,0,0,0,0,0,0,0,0,,,0,0,0,0,0,,0,0,0,0,0,0,0,,,0,0,0,0,0,0,0,0,0,0,0
00-0036621,Nick Bolton,LB,LB,2026,4,REG,KC,LV,0,0,0,0,0,0,0,0,0,0,,,0,0,0,0,0,,0,0,0,0,0,0,0,,,0,0,0,0,0,0,0,0,0,0,0
00-0036623,Creed Humphrey,C,OL,2026,4,REG,KC,LV,0,0,0,0,0,0,0,0,0,0,,,0,0,0,0,0,,0,0,0,0,0,0,0,,,0,0,0,0,0,0,0,0,0,0,0
00-0036624,Alim McNeill,DT,DL,2026,4,REG,DET,CAR,0,0,0,0,0,0,0,0,0,0,,,0,0,0,0,0,,0,0,0,0,0,0,0,,,0,0,0,0,0,0,0,0,0,0,0
00-0036626,Dyami Brown,WR,WR,2026,4,REG,WAS,IND,0,0,0,0,0,0,0,0,0,0,,,0,0,0,0,0,,3,4,65,0,103,3,2,5.98731797398068,0.631067961165049,0.111111111111111,0.249394673123487,0.341242937853107,0,0,0,0,0,0,6.5,9.5
00-0036629,Camryn Bynum,SAF,DB,2026,4,REG,IND,WAS,0,0,0,0,0,0,0,0,0,0,,,0,0,0,0,0,,0,0,0,0,0,0,0,,,0,0,0,0,0,0,0,0,0,0,0
00-0036637,Noah Gray,TE,TE,2026,4,REG,KC,LV,0,0,0,0,0,0,0,0,0,0,,,0,0,0,0,0,,2,3,17,0,13,9,1,-0.744302042704835,1.30769230769231,0.111111111111111,0.0388059701492537,0.193830845771144,0,0,0,0,0,0,1.7,3.7
00-0036642,Tedarrell Slaton,DT,DL,2026,4,REG,CIN,JAX,0,0,0,0,0,0,0,0,0,0,,,0,0,0,0,0,,0,0,0,0,0,0,0,,,0,0,0,0,0,0,0,0,0,0,0
00-0036646,Simi Fehoko,WR,WR,2026,4,REG,ARI,NYG,0,0,0,0,0,0,0,0,0,0,,,0,0,0,0,0,,0,0,0,0,0,0,0,,,0,0,0,0,0,0,0,0,0,0,0
00-0036653,Stone Forsythe,OT,OL,2026,4,REG,CAR,DET,0,0,0,0,0,0,0,0,0,0,,,0,0,0,0,0,,0,0,0,0,0,0,0,,,0,0,0,0,0,0,0,0,0,0,0
00-0036658,Isaiah McDuffie,LB,LB,2026,4,REG,GB,TB,0,0,0,0,0,0,0,0,0,0,,,0,0,0,0,0,,0,0,0,0,0,0,0,,,0,0,0,0,0,0,0,0,0,0,0
00-0036672,Grant Stuard,LB,LB,2026,4,REG,LA,PHI,0,0,0,0,0,0,0,0,0,0,,,0,0,0,0,0,,0,0,0,0,0,0,0,,,0,0,0,0,0,0,0,0,0,0,0
00-0036677,Zayne Anderson,SAF,DB,2026,4,REG,MIA,MIN,0,0,0,0,0,0,0,0,0,0,,,0,0,0,0,0,,0,0,0,0,0,0,0,,,0,0,0,0,0,0,0,0,0,0,0
00-0036682,Malik Herring,DE,DL,2026,4,REG,MIA,MIN,0,0,0,0,0,0,0,0,0,0,,,0,0,0,0,0,,0,0,0,0,0,0,0,,,0,0,0,0,0,0,0,0,0,0,0
00-0036683,Devon Key,SAF,DB,2026,4,REG,DEN,SF,0,0,0,0,0,0,0,0,0,0,,,0,0,0,0,0,,0,0,0,0,0,0,0,,,0,0,0,0,0,0,0,0,0,0,0
00-0036695,Naquan Jones,DT,DL,2026,4,REG,SF,DEN,0,0,0,0,0,0,0,0,0,0,,,0,0,0,0,0,,0,0,0,0,0,0,0,,,0,0,0,0,0,0,0,0,0,0,0
00-0036716,Amen Ogbongbemiga,LB,LB,2026,4,REG,DET,CAR,0,0,0,0,0,0,0,0,0,0,,,0,0,0,0,0,,0,0,0,0,0,0,0,,,0,0,0,0,0,0,0,0,0,0,0
00-0036727,Adam Prentice,FB,RB,2026,4,REG,DEN,SF,0,0,0,0,0,0,0,0,0,0,,,0,0,0,0,0,,0,0,0,0,0,0,0,,,0,0,0,0,0,0,0,0,0,0,0
00-0036754,Brock Wright,TE,TE,2026,4,REG,DET,CAR,0,0,0,0,0,0,0,0,0,0,,,0,0,0,0,0,,1,2,8,0,9,8,0,-0.445759495545644,0.888888888888889,0.0392156862745098,0.0182186234817814,0.0715765658490117,0,0,0,0,0,0,0.8,1.8
00-0036813,Christian Elliss,LB,LB,2026,4,REG,NE,BUF,0,0,0,0,0,0,0,0,0,0,,,0,0,0,0,0,,0,0,0,0,0,0,0,,,0,0,0,0,0,0,0,0,0,0,0
00-0036816,Riley Patterson,K,SPEC,2026,4,REG,MIA,MIN,0,0,0,0,0,0,0,0,0,0,,,0,0,0,0,0,,0,0,0,0,0,0,0,,,0,0,0,0,0,0,0,0,0,0,0
00-0036825,Feleipe Franks,TE,TE,2026,4,REG,CAR,DET,0,0,0,0,0,0,0,0,0,0,,,0,0,0,0,0,,0,0,0,0,0,0,0,,,0,0,0,0,0,0,0,0,0,0,0
00-0036842,Kene Nwangwu,RB,RB,2026,4,REG,NYJ,CHI,0,0,0,0,0,0,0,0,0,0,,,0,0,0,0,0,,0,0,0,0,0,0,0,,,0,0,0,0,0,0,0,0,0,0,0
00-0036849,Tutu Atwell,WR,WR,2026,4,REG,LA,PHI,0,0,0,0,0,0,0,0,0,0,,,0,0,0,0,0,,1,1,8,0,3,5,0,0.588641791720875,2.66666666666667,0.02,0.00662251655629139,0.034635761589404,0,0,0,0,0,0,0.8,1.8
00-0036854,Evan McPherson,K,SPEC,2026,4,REG,CIN,JAX,0,0,0,0,0,0,0,0,0,0,,,0,0,0,0,0,,0,0,0,0,0,0,0,,,0,0,0,0,0,0,0,0,0,0,0
00-0036862,Ben Skowronek,WR,WR,2026,4,REG,PIT,CLE,0,0,0,0,0,0,0,0,0,0,,,0,0,0,0,0,,1,2,7,0,5,1,0,-0.249509010347538,1.4,0.0512820512820513,0.0117924528301887,0.085177793904209,0,0,0,0,0,0,0.7,1.7
00-0036874,Pat Surtain II,CB,DB,2026,4,REG,DEN,SF,0,0,0,0,0,0,0,0,0,0,,,0,0,0,0,0,,0,0,0,0,0,0,0,,,0,0,0,0,0,0,0,0,0,0,0
00-0036875,Rhamondre Stevenson,RB,RB,2026,4,REG,NE,BUF,0,0,0,0,0,0,0,0,0,0,,,13,47,1,4,1,-0.157287345384248,3,5,27,0,-4,34,0,-0.000432509128470038,-6.75,0.138888888888889,-0.0109289617486339,0.20068306010929,0,0,0,0,1,0,15.4,18.4
00-0036883,Tommy Togiai,DT,DL,2026,4,REG,HOU,DAL,0,0,0,0,0,0,0,0,0,0,,,0,0,0,0,0,,0,0,0,0,0,0,0,,,0,0,0,0,0,0,0,0,0,0,0
00-0036887,Luke Farrell,TE,TE,2026,4,REG,SF,DEN,0,0,0,0,0,0,0,0,0,0,,,0,0,0,0,0,,0,0,0,0,0,0,0,,,0,0,0,0,0,0,0,0,0,0,0
00-0036888,Damar Hamlin,SAF,DB,2026,4,REG,BUF,NE,0,0,0,0,0,0,0,0,0,0,,,0,0,0,0,0,,0,0,0,0,0,0,0,,,0,0,0,0,0,0,0,0,0,0,0
00-0036893,Najee Harris,RB,RB,2026,4,REG,NYG,ARI,0,0,0,0,0,0,0,0,0,0,,,9,30,0,0,0,-4.61141592754563,0,0,0,0,0,0,0,,,0,0,0,1,0,0,1,0,0,3,3
00-0036894,Pat Freiermuth,TE,TE,2026,4,REG,PIT,CLE,0,0,0,0,0,0,0,0,0,0,,,0,0,0,0,0,,3,5,17,1,37,5,1,0.435946959129069,0.45945945945946,0.128205128205128,0.0872641509433962,0.25339259796807,0,0,0,0,0,0,7.7,10.7
00-0036900,Ja'Marr Chase,WR,WR,2026,4,REG,CIN,JAX,0,0,0,0,0,0,0,0,0,0,,,0,0,0,0,0,,3,3,27,0,12,15,1,5.0656542457873,2.25,0.0566037735849057,0.0258620689655172,0.103009108653221,0,0,0,0,0,0,2.7,5.7
00-0036901,Eric Stokes,CB,DB,2026,4,REG,LV,KC,0,0,0,0,0,0,0,0,0,0,,,0,0,0,0,0,,0,0,0,0,0,0,0,,,0,0,0,0,0,0,0,0,0,0,0
00-0036902,Joseph Ossai,DE,DL,2026,4,REG,NYJ,CHI,0,0,0,0,0,0,0,0,0,0,,,0,0,0,0,0,,0,0,0,0,0,0,0,,,0,0,0,0,0,0,0,0,0,0,0
00-0036903,Bobby Brown III,DT,DL,2026,4,REG,CAR,DET,0,0,0,0,0,0,0,0,0,0,,,0,0,0,0,0,,0,0,0,0,0,0,0,,,0,0,0,0,0,0,0,0,0,0,0
00-0036904,Robert Rochell,CB,DB,2026,4,REG,CAR,DET,0,0,0,0,0,0,0,0,0,0,,,0,0,0,0,0,,0,0,0,0,0,0,0,,,0,0,0,0,0,0,0,0,0,0,0
00-0036909,Khyiris Tonga,DT,DL,2026,4,REG,KC,LV,0,0,0,0,0,0,0,0,0,0,,,1,0,0,0,0,-1.99905483308248,0,0,0,0,0,0,0,,,0,0,0,0,0,0,0,0,0,0,0
00-0036914,Greg Rousseau,LB,LB,2026,4,REG,BUF,NE,0,0,0,0,0,0,0,0,0,0,,,0,0,0,0,0,,0,0,0,0,0,0,0,,,0,0,0,0,0,0,0,0,0,0,0
00-0036916,Milton Williams,DT,DL,2026,4,REG,NE,BUF,0,0,0,0,0,0,0,0,0,0,,,0,0,0,0,0,,0,0,0,0,0,0,0,,,0,0,0,0,0,0,0,0,0,0,0
00-0036919,Kenny Gainwell,RB,RB,2026,4,REG,TB,GB,0,0,0,0,0,0,0,0,0,0,,,3,5,0,0,0,-1.5344724683091,2,2,22,1,-1,23,1,4.05470015795436,-22,0.0769230769230769,-0.00884955752212389,0.109189925119129,0,0,0,0,0,0,8.7,10.7
00-0036922,Patrick Johnson,DE,DL,2026,4,REG,LV,KC,0,0,0,0,0,0,0,0,0,0,,,0,0,0,0,0,,0,0,0,0,0,0,0,,,0,0,0,0,0,0,0,0,0,0,0
00-0036927,Pete Werner,LB,LB,2026,4,REG,NO,ATL,0,0,0,0,0,0,0,0,0,0,,,0,0,0,0,0,,0,0,0,0,0,0,0,,,0,0,0,0,0,0,0,0,0,0,0
00-0036933,Zaven Collins,LB,LB,2026,4,REG,ARI,NYG,0,0,0,0,0,0,0,0,0,0,,,0,0,0,0,0,,0,0,0,0,0,0,0,,,0,0,0,0,0,0,0,0,0,0,0
00-0036934,Jaelan Phillips,LB,LB,2026,4,REG,CAR,DET,0,0,0,0,0,0,0,0,0,0,,,0,0,0,0,0,,0,0,0,0,0,0,0,,,0,0,0,0,0,0,0,0,0,0,0
00-0036940,Odafe Oweh,LB,LB,2026,4,REG,WAS,IND,0,0,0,0,0,0,0,0,0,0,,,0,0,0,0,0,,0,0,0,0,0,0,0,,,0,0,0,0,0,0,0,0,0,0,0
00-0036941,Andre Cisco,SAF,DB,2026,4,REG,NYJ,CHI,0,0,0,0,0,0,0,0,0,0,,,0,0,0,0,0,,0,0,0,0,0,0,0,,,0,0,0,0,0,0,0,0,0,0,0
00-0036942,Osa Odighizuwa,DT,DL,2026,4,REG,SF,DEN,0,0,0,0,0,0,0,0,0,0,,,0,0,0,0,0,,0,0,0,0,0,0,0,,,0,0,0,0,0,0,0,0,0,0,0
00-0036954,Levi Onwuzurike,DT,DL,2026,4,REG,DET,CAR,0,0,0,0,0,0,0,0,0,0,,,0,0,0,0,0,,0,0,0,0,0,0,0,,,0,0,0,0,0,0,0,0,0,0,0
00-0036962,Tre'von Moehrig,SAF,DB,2026,4,REG,CAR,DET,0,0,0,0,0,0,0,0,0,0,,,0,0,0,0,0,,0,0,0,0,0,0,0,,,0,0,0,0,0,0,0,0,0,0,0
00-0036963,Amon-Ra St. Brown,WR,WR,2026,4,REG,DET,CAR,0,0,0,0,0,0,0,0,0,0,,,0,0,0,0,0,,8,11,75,0,98,8,4,-2.04568889399525,0.76530612244898,0.215686274509804,0.198380566801619,0.46239580852584,0,0,0,0,0,0,7.5,15.5
00-0036964,Derrick Barnes,LB,LB,2026,4,REG,DET,CAR,0,0,0,0,0,0,0,0,0,0,,,0,0,0,0,0,,0,0,0,0,0,0,0,,,0,0,0,0,0,0,0,0,0,0,0
00-0036970,Kyle Pitts,TE,TE,2026,4,REG,ATL,NO,0,0,0,0,0,0,0,0,0,0,,,0,0,0,0,0,,3,3,47,0,8,39,2,3.68798502354184,5.875,0.15,0.0615384615384615,0.268076923076923,0,0,0,0,0,0,4.7,7.7
00-0036971,Trevor Lawrence,QB,QB,2026,4,REG,JAX,CIN,18,23,227,1,0,4,-15,162,139,11,9.28368869392707,12.3194933585499,3,0,0,1,0,0.3582387145143,0,0,0,0,0,0,0,,,0,0,0,0,0,0,0,0,0,13.08,13.08
00-0036974,Tyson Campbell,CB,DB,2026,4,REG,CLE,PIT,0,0,0,0,0,0,0,0,0,0,,,0,0,0,0,0,,0,0,0,0,0,0,0,,,0,0,0,0,0,0,0,0,0,0,0
00-0036982,Chauncey Golston,DE,DL,2026,4,REG,NYG,ARI,0,0,0,0,0,0,0,0,0,0,,,0,0,0,0,0,,0,0,0,0,0,0,0,,,0,0,0,0,0,0,0,0,0,0,0
00-0036985,Robert Hainsey,C,OL,2026,4,REG,JAX,CIN,0,0,0,0,0,0,0,0,0,0,,,0,0,0,0,0,,0,0,0,0,0,0,0,,,0,0,0,0,0,0,0,0,0,0,0
00-0036987,Brandon Stephens,CB,DB,2026,4,REG,NYJ,CHI,0,0,0,0,0,0,0,0,0,0,,,0,0,0,0,0,,0,0,0,0,0,0,0,,,0,0,0,0,0,0,0,0,0,0,0
00-0036988,Josh Palmer,WR,WR,2026,4,REG,BUF,NE,0,0,0,0,0,0,0,0,0,0,,,0,0,0,0,0,,1,4,3,0,110,0,0,-5.33502783249412,0.0272727272727273,0.133333333333333,0.392857142857143,0.475,0,0,0,0,0,0,0.3,1.3
00-0036990,Divine Deablo,LB,LB,2026,4,REG,ATL,NO,0,0,0,0,0,0,0,0,0,0,,,0,0,0,0,0,,0,0,0,0,0,0,0,,,0,0,0,0,0,0,0,0,0,0,0
00-0036992,Elijah Molden,CB,DB,2026,4,REG,LAC,SEA,0,0,0,0,0,0,0,0,0,0,,,0,0,0,0,0,,0,0,0,0,0,0,0,,,0,0,0,0,0,0,0,0,0,0,0
00-0036994,Ernest Jones,LB,LB,2026,4,REG,SEA,LAC,0,0,0,0,0,0,0,0,0,0,,,0,0,0,0,0,,0,0,0,0,0,0,0,,,0,0,0,0,0,0,0,0,0,0,0
00-0036995,Baron Browning,LB,LB,2026,4,REG,ARI,NYG,0,0,0,0,0,0,0,0,0,0,,,0,0,0,0,0,,0,0,0,0,0,0,0,,,0,0,0,0,0,0,0,0,0,0,0
00-0036996,Greg Newsome II,CB,DB,2026,4,REG,NYG,ARI,0,0,0,0,0,0,0,0,0,0,,,0,0,0,0,0,,0,0,0,0,0,0,0,,,0,0,0,0,0,0,0,0,0,0,0
00-0036997,Javonte Williams,RB,RB,2026,4,REG,DAL,HOU,0,0,0,0,0,0,0,0,0,0,,,19,62,3,5,1,2.81304020961397,5,5,21,0,1,20,1,-1.78597384569048,21,0.116279069767442,0.00384615384615385,0.17711091234347,0,0,0,0,0,0,26.3,31.3
00-0036998,Jevon Holland,SAF,DB,2026,4,REG,NYG,ARI,0,0,0,0,0,0,0,0,0,0,,,0,0,0,0,0,,0,0,0,0,0,0,0,,,0,0,0,0,0,0,0,0,0,0,0
00-0037001,Quinn Meinerz,G,OL,2026,4,REG,DEN,SF,0,0,0,0,0,0,0,0,0,0,,,0,0,0,0,0,,0,0,0,0,0,0,0,,,0,0,0,0,0,0,0,0,0,0,0
00-0037004,Hunter Long,TE,TE,2026,4,REG,ARI,NYG,0,0,0,0,0,0,0,0,0,0,,,0,0,0,0,0,,1,1,10,0,9,1,1,1.282555853948,1.11111111111111,0.0285714285714286,0.0384615384615385,0.0697802197802198,0,0,0,0,0,0,1,2
00-0037005,Tommy Tremble,TE,TE,2026,4,REG,CAR,DET,0,0,0,0,0,0,0,0,0,0,,,0,0,0,0,0,,4,4,12,0,3,9,0,-1.08539474022109,4,0.102564102564103,0.0087719298245614,0.159986504723347,0,0,0,0,0,0,1.2,5.2
00-0037007,Patrick Jones II,LB,LB,2026,4,REG,CAR,DET,0,0,0,0,0,0,0,0,0,0,,,0,0,0,0,0,,0,0,0,0,0,0,0,,,0,0,0,0,0,0,0,0,0,0,0
00-0037009,Rashawn Slater,OT,OL,2026,4,REG,LAC,SEA,0,0,0,0,0,0,0,0,0,0,,,0,0,0,0,0,,0,0,0,0,0,0,0,,,0,0,0,0,0,0,0,0,0,0,0
00-0037034,Dee Alford,CB,DB,2026,4,REG,BUF,NE,0,0,0,0,0,0,0,0,0,0,,,0,0,0,0,0,,0,0,0,0,0,0,0,,,0,0,0,0,0,0,0,0,0,0,0
00-0037051,Elijah Garcia,DE,DL,2026,4,REG,DAL,HOU,0,0,0,0,0,0,0,0,0,0,,,0,0,0,0,0,,0,0,0,0,0,0,0,,,0,0,0,0,0,0,0,0,0,0,0
00-0037073,Jordan Davis,DT,DL,2026,4,REG,PHI,LA,0,0,0,0,0,0,0,0,0,0,,,0,0,0,0,0,,0,0,0,0,0,0,0,,,0,0,0,0,0,0,0,0,0,0,0
00-0037074,Quay Walker,LB,LB,2026,4,REG,LV,KC,0,0,0,0,0,0,0,0,0,0,,,0,0,0,0,0,,0,0,0,0,0,0,0,,,0,0,0,0,0,0,0,0,0,0,0
00-0037075,Devonte Wyatt,DT,DL,2026,4,REG,GB,TB,0,0,0,0,0,0,0,0,0,0,,,0,0,0,0,0,,0,0,0,0,0,0,0,,,0,0,0,0,0,0,0,0,0,0,0
00-0037079,Riq Woolen,CB,DB,2026,4,REG,PHI,LA,0,0,0,0,0,0,0,0,0,0,,,0,0,0,0,0,,0,0,0,0,0,0,0,,,0,0,0,0,0,0,0,0,0,0,0
00-0037082,Dominique Robinson,DE,DL,2026,4,REG,HOU,DAL,0,0,0,0,0,0,0,0,0,0,,,0,0,0,0,0,,0,0,0,0,0,0,0,,,0,0,0,0,0,0,0,0,0,0,0
00-0037085,Tyler Badie,RB,RB,2026,4,REG,DEN,SF,0,0,0,0,0,0,0,0,0,0,,,2,7,0,2,0,2.80222011746094,2,2,32,0,8,24,1,3.02850384509657,4,0.0526315789473684,0.0427807486631016,0.108893892485224,0,0,0,1,0,0,5.9,7.9
00-0037091,Bo Melton,WR,WR,2026,4,REG,GB,TB,0,0,0,0,0,0,0,0,0,0,,,0,0,0,0,0,,0,1,0,0,26,0,0,-1.90990202687681,0,0.0333333333333333,0.12093023255814,0.134651162790698,0,0,0,0,0,0,0,0
00-0037092,Chris Paul,G,OL,2026,4,REG,WAS,IND,0,0,0,0,0,0,0,0,0,0,,,0,0,0,0,0,,0,0,0,0,0,0,0,,,0,0,0,0,0,0,0,0,0,0,0
00-0037093,Dareke Young,WR,WR,2026,4,REG,LV,KC,0,0,0,0,0,0,0,0,0,0,,,0,0,0,0,0,,1,2,9,0,12,0,0,-0.211351364618167,0.75,0.0416666666666667,0.0263157894736842,0.080921052631579,0,0,0,0,0,0,0.9,1.9
00-0037096,Elijah Hicks,SAF,DB,2026,4,REG,CHI,NYJ,0,0,0,0,0,0,0,0,0,0,,,0,0,0,0,0,,0,0,0,0,0,0,0,,,0,0,0,0,0,0,0,0,0,0,0
00-0037120,Tyler Goodson,RB,RB,2026,4,REG,DAL,HOU,0,0,0,0,0,0,0,0,0,0,,,3,12,0,2,1,0.41448966274038,0,1,0,0,-1,0,0,-0.502483596792445,0,0.0232558139534884,-0.00384615384615385,0.0321914132379249,0,0,0,0,0,0,1.2,1.2
00-0037130,Reed Blankenship,SAF,DB,2026,4,REG,HOU,DAL,0,0,0,0,0,0,0,0,0,0,,,0,0,0,0,0,,0,0,0,0,0,0,0,,,0,0,0,0,0,0,0,0,0,0,0
00-0037132,Britain Covey,WR,WR,2026,4,REG,PHI,LA,0,0,0,0,0,0,0,0,0,0,,,0,0,0,0,0,,0,0,0,0,0,0,0,,,0,0,0,0,0,0,0,0,0,0,0
00-0037137,Josh Jobe,CB,DB,2026,4,REG,SEA,LAC,0,0,0,0,0,0,0,0,0,0,,,0,0,0,0,0,,0,0,0,0,0,0,0,,,0,0,0,0,0,0,0,0,0,0,0
00-0037155,Tony Adams,SAF,DB,2026,4,REG,TEN,BAL,0,0,0,0,0,0,0,0,0,0,,,0,0,0,0,0,,0,0,0,0,0,0,0,,,0,0,0,0,0,0,0,0,0,0,0
00-0037190,Sauce Gardner,CB,DB,2026,4,REG,IND,WAS,0,0,0,0,0,0,0,0,0,0,,,0,0,0,0,0,,0,0,0,0,0,0,0,,,0,0,0,0,0,0,0,0,0,0,0
00-0037191,Trent McDuffie,CB,DB,2026,4,REG,LA,PHI,0,0,0,0,0,0,0,0,0,0,,,0,0,0,0,0,,0,0,0,0,0,0,0,,,0,0,0,0,0,0,0,0,0,0,0
00-0037192,George Karlaftis,DE,DL,2026,4,REG,KC,LV,0,0,0,0,0,0,0,0,0,0,,,0,0,0,0,0,,0,0,0,0,0,0,0,,,0,0,0,0,0,0,0,0,0,0,0
00-0037208,Jack Cochrane,LB,LB,2026,4,REG,KC,LV,0,0,0,0,0,0,0,0,0,0,,,0,0,0,0,0,,0,0,0,0,0,0,0,,,0,0,0,0,0,0,0,0,0,0,0
00-0037224,Cameron Dicker,K,SPEC,2026,4,REG,LAC,SEA,0,0,0,0,0,0,0,0,0,0,,,0,0,0,0,0,,0,0,0,0,0,0,0,,,0,0,0,0,0,0,0,0,0,0,0
00-0037228,Jaylen Warren,RB,RB,2026,4,REG,PIT,CLE,0,0,0,0,0,0,0,0,0,0,,,17,93,0,7,2,1.71597162226681,3,6,33,0,4,40,1,-0.15222783184424,8.25,0.153846153846154,0.00943396226415094,0.237373004354136,0,0,0,0,0,0,12.6,15.6
00-0037235,Travon Walker,DE,DL,2026,4,REG,JAX,CIN,0,0,0,0,0,0,0,0,0,0,,,0,0,0,0,0,,0,0,0,0,0,0,0,,,0,0,0,0,0,0,0,0,0,0,0
00-0037236,Aidan Hutchinson,DE,DL,2026,4,REG,DET,CAR,0,0,0,0,0,0,0,0,0,0,,,0,0,0,0,0,,0,0,0,0,0,0,0,,,0,0,0,0,0,0,0,0,0,0,0
00-0037237,Derek Stingley Jr.,CB,DB,2026,4,REG,HOU,DAL,0,0,0,0,0,0,0,0,0,0,,,0,0,0,0,0,,0,0,0,0,0,0,0,,,0,0,0,0,0,0,0,0,0,0,0
00-0037238,Drake London,WR,WR,2026,4,REG,ATL,NO,0,0,0,0,0,0,0,0,0,0,,,0,0,0,0,0,,5,6,96,0,66,47,5,6.85355539026205,1.45454545454545,0.3,0.507692307692308,0.805384615384615,0,0,0,0,0,0,9.6,14.6
00-0037239,Chris Olave,WR,WR,2026,4,REG,NO,ATL,0,0,0,0,0,0,0,0,0,0,,,0,0,0,0,0,,8,12,116,0,176,25,5,7.17862750595668,0.659090909090909,0.25531914893617,0.371308016877637,0.642894335218601,0,0,0,0,0,0,11.6,19.6
00-0037240,Jameson Williams,WR,WR,2026,4,REG,DET,CAR,0,0,0,0,0,0,0,0,0,0,,,0,0,0,0,0,,6,8,102,0,136,19,6,7.1044253417931,0.75,0.156862745098039,0.275303643724696,0.428006668254346,0,0,0,0,0,0,10.2,16.2
00-0037241,Trevor Penning,OT,OL,2026,4,REG,LAC,SEA,0,0,0,0,0,0,0,0,0,0,,,0,0,0,0,0,,0,0,0,0,0,0,0,,,0,0,0,0,0,0,0,0,0,0,0
00-0037244,Devin Lloyd,LB,LB,2026,4,REG,CAR,DET,0,0,0,0,0,0,0,0,0,0,,,0,0,0,0,0,,0,0,0,0,0,0,0,,,0,0,0,0,0,0,0,0,0,0,0
00-0037246,Jalen Pitre,SAF,DB,2026,4,REG,HOU,DAL,0,0,0,0,0,0,0,0,0,0,,,0,0,0,0,0,,0,0,0,0,0,0,0,,,0,0,0,0,0,0,0,0,0,0,0
00-0037247,George Pickens,WR,WR,2026,4,REG,DAL,HOU,0,0,0,0,0,0,0,0,0,0,,,0,0,0,0,0,,2,3,75,0,73,5,2,3.93356500700918,1.02739726027397,0.0697674418604651,0.280769230769231,0.301189624329159,0,0,0,0,0,0,7.5,9.5
00-0037248,James Cook,RB,RB,2026,4,REG,BUF,NE,0,0,0,0,0,0,0,0,0,0,,,12,75,1,4,3,3.72929897351423,2,2,8,0,-3,11,0,-0.47603370109573,-2.66666666666667,0.0666666666666667,-0.0107142857142857,0.0925,0,0,0,0,0,0,14.3,16.3
00-0037249,Nik Bonitto,LB,LB,2026,4,REG,DEN,SF,0,0,0,0,0,0,0,0,0,0,,,0,0,0,0,0,,0,0,0,0,0,0,0,,,0,0,0,0,0,0,0,0,0,0,0
00-0037253,Marcus Jones,CB,DB,2026,4,REG,NE,BUF,0,0,0,0,0,0,0,0,0,0,,,0,0,0,0,0,,0,0,0,0,0,0,0,,,0,0,0,0,0,0,0,0,0,0,0
00-0037254,Terrel Bernard,LB,LB,2026,4,REG,BUF,NE,0,0,0,0,0,0,0,0,0,0,,,0,0,0,0,0,,0,0,0,0,0,0,0,,,0,0,0,0,0,0,0,0,0,0,0
00-0037259,Micah McFadden,LB,LB,2026,4,REG,NYG,ARI,0,0,0,0,0,0,0,0,0,0,,,0,0,0,0,0,,0,0,0,0,0,0,0,,,0,0,0,0,0,0,0,0,0,0,0
00-0037261,Khalil Shakir,WR,WR,2026,4,REG,BUF,NE,0,0,0,0,0,0,0,0,0,0,,,0,0,0,0,0,,7,8,82,0,29,57,2,0.50946923068841,2.82758620689655,0.266666666666667,0.103571428571429,0.4725,0,1,0,0,0,0,6.2,13.2
00-0037262,Thomas Booker,DT,DL,2026,4,REG,LV,KC,0,0,0,0,0,0,0,0,0,0,,,0,0,0,0,0,,0,0,0,0,0,0,0,,,0,0,0,0,0,0,0,0,0,0,0
00-0037263,Tyler Allgeier,RB,RB,2026,4,REG,ARI,NYG,0,0,0,0,0,0,0,0,0,0,,,8,42,1,2,1,1.44463833759073,2,2,7,0,-6,13,0,-1.77779451059178,-1.16666666666667,0.0571428571428571,-0.0256410256410256,0.0677655677655678,0,0,0,0,0,0,10.9,12.9
00-0037268,Zyon McCollum,CB,DB,2026,4,REG,TB,GB,0,0,0,0,0,0,0,0,0,0,,,0,0,0,0,0,,0,0,0,0,0,0,0,,,0,0,0,0,0,0,0,0,0,0,0
00-0037270,Otito Ogbonnia,DT,DL,2026,4,REG,DAL,HOU,0,0,0,0,0,0,0,0,0,0,,,0,0,0,0,0,,0,0,0,0,0,0,0,,,0,0,0,0,0,0,0,0,0,0,0
00-0037271,D'Marco Jackson,LB,LB,2026,4,REG,CHI,NYJ,0,0,0,0,0,0,0,0,0,0,,,0,0,0,0,0,,0,0,0,0,0,0,0,,,0,0,0,0,0,0,0,0,0,0,0
00-0037275,DaRon Bland,CB,DB,2026,4,REG,DAL,HOU,0,0,0,0,0,0,0,0,0,0,,,0,0,0,0,0,,0,0,0,0,0,0,0,,,0,0,0,0,0,0,0,0,0,0,0
00-0037283,John Ridgeway,DT,DL,2026,4,REG,NO,ATL,0,0,0,0,0,0,0,0,0,0,,,0,0,0,0,0,,0,0,0,0,0,0,0,,,0,0,0,0,0,0,0,0,0,0,0
00-0037284,Matt Araiza,P,SPEC,2026,4,REG,KC,LV,0,0,0,0,0,0,0,0,0,0,,,1,12,0,1,1,3.63274024659768,0,0,0,0,0,0,0,,,0,0,0,0,0,0,0,0,0,1.2,1.2
00-0037289,Malcolm Rodriguez,LB,LB,2026,4,REG,DET,CAR,0,0,0,0,0,0,0,0,0,0,,,0,0,0,0,0,,0,0,0,0,0,0,0,,,0,0,0,0,0,0,0,0,0,0,0
00-0037292,Andrew Ogletree,TE,TE,2026,4,REG,IND,WAS,0,0,0,0,0,0,0,0,0,0,,,0,0,0,0,0,,0,0,0,0,0,0,0,,,0,0,0,0,0,0,0,0,0,0,0
00-0037294,Jordan Jackson,DT,DL,2026,4,REG,DEN,SF,0,0,0,0,0,0,0,0,0,0,,,0,0,0,0,0,,0,0,0,0,0,0,0,,,0,0,0,0,0,0,0,0,0,0,0
00-0037301,Theo Jackson,DB,DB,2026,4,REG,MIN,MIA,0,0,0,0,0,0,0,0,0,0,,,0,0,0,0,0,,0,0,0,0,0,0,0,,,0,0,0,0,0,0,0,0,0,0,0
00-0037304,Connor Heyward,FB,RB,2026,4,REG,LV,KC,0,0,0,0,0,0,0,0,0,0,,,2,-4,0,1,0,0.834585950593464,1,1,9,0,1,8,0,0.690151183633134,9,0.0208333333333333,0.00219298245614035,0.0327850877192982,0,0,0,0,0,0,0.5,1.5
00-0037320,Deane Leonard,CB,DB,2026,4,REG,LAC,SEA,0,0,0,0,0,0,0,0,0,0,,,0,0,0,0,0,,0,0,0,0,0,0,0,,,0,0,0,0,0,0,0,0,0,0,0
00-0037323,Rodney Thomas,SAF,DB,2026,4,REG,SEA,LAC,0,0,0,0,0,0,0,0,0,0,,,0,0,0,0,0,,0,0,0,0,0,0,0,,,0,0,0,0,0,0,0,0,0,0,0
00-0037384,Ja'Quan McMillian,CB,DB,2026,4,REG,DEN,SF,0,0,0,0,0,0,0,0,0,0,,,0,0,0,0,0,,0,0,0,0,0,0,0,,,0,0,0,0,0,0,0,0,0,0,0
00-0037412,Cal Adomitis,LS,SPEC,2026,4,REG,NO,ATL,0,0,0,0,0,0,0,0,0,0,,,0,0,0,0,0,,0,0,0,0,0,0,0,,,0,0,0,0,0,0,0,0,0,0,0
00-0037457,Jake Hansen,LB,LB,2026,4,REG,HOU,DAL,0,0,0,0,0,0,0,0,0,0,,,0,0,0,0,0,,0,0,0,0,0,0,0,,,0,0,0,0,0,0,0,0,0,0,0
00-0037493,Mike Brown,SAF,DB,2026,4,REG,NE,BUF,0,0,0,0,0,0,0,0,0,0,,,0,0,0,0,0,,0,0,0,0,0,0,0,,,0,0,0,0,0,0,0,0,0,0,0
00-0037500,Ryan Wright,P,SPEC,2026,4,REG,NO,ATL,0,0,0,0,0,0,0,0,0,0,,,0,0,0,0,0,,0,0,0,0,0,0,0,,,0,0,0,0,0,0,0,0,0,0,0
00-0037524,Tay Martin,WR,WR,2026,4,REG,DET,CAR,0,0,0,0,0,0,0,0,0,0,,,0,0,0,0,0,,0,0,0,0,0,0,0,,,0,0,0,0,0,0,0,0,0,0,0
00-0037527,Segun Olubi,LB,LB,2026,4,REG,LV,KC,0,0,0,0,0,0,0,0,0,0,,,0,0,0,0,0,,0,0,0,0,0,0,0,,,0,0,0,0,0,0,0,0,0,0,0
00-0037545,Rashid Shaheed,WR,WR,2026,4,REG,SEA,LAC,0,0,0,0,0,0,0,0,0,0,,,2,33,1,1,1,3.11365395394387,1,3,20,0,65,1,1,-1.03631773451343,0.307692307692308,0.15,0.414012738853503,0.514808917197452,0,0,0,0,0,0,11.3,12.3
00-0037547,Daniel Whelan,P,SPEC,2026,4,REG,GB,TB,0,0,0,0,0,0,0,0,0,0,,,0,0,0,0,0,,0,0,0,0,0,0,0,,,0,0,0,0,0,0,0,0,0,0,0
00-0037561,Markquese Bell,SAF,DB,2026,4,REG,DAL,HOU,0,0,0,0,0,0,0,0,0,0,,,0,0,0,0,0,,0,0,0,0,0,0,0,,,0,0,0,0,0,0,0,0,0,0,0
00-0037587,Nate Landman,LB,LB,2026,4,REG,LA,PHI,0,0,0,0,0,0,0,0,0,0,,,0,0,0,0,0,,0,0,0,0,0,0,0,,,0,0,0,0,0,0,0,0,0,0,0
00-0037594,Julius Chestnut,RB,RB,2026,4,REG,TEN,BAL,0,0,0,0,0,0,0,0,0,0,,,0,0,0,0,0,,0,0,0,0,0,0,0,,,0,0,0,0,0,0,0,0,0,0,0
00-0037596,Jack Gibbens,LB,LB,2026,4,REG,ARI,NYG,0,0,0,0,0,0,0,0,0,0,,,0,0,0,0,0,,0,0,0,0,0,0,0,,,0,0,0,0,0,0,0,0,0,0,0
00-0037611,Kayvon Thibodeaux,LB,LB,2026,4,REG,NYG,ARI,0,0,0,0,0,0,0,0,0,0,,,0,0,0,0,0,,0,0,0,0,0,0,0,,,0,0,0,0,0,0,0,0,0,0,0
00-0037614,John Metchie III,WR,WR,2026,4,REG,CAR,DET,0,0,0,0,0,0,0,0,0,0,,,0,0,0,0,0,,3,5,37,0,42,15,3,5.16967949534719,0.880952380952381,0.128205128205128,0.12280701754386,0.278272604588394,0,0,0,0,0,0,3.7,6.7
00-0037615,Nakobe Dean,LB,LB,2026,4,REG,LV,KC,0,0,0,0,0,0,0,0,0,0,,,0,0,0,0,0,,0,0,0,0,0,0,0,,,0,0,0,0,0,0,0,0,0,0,0
00-0037663,Jermaine Johnson II,DE,DL,2026,4,REG,TEN,BAL,0,0,0,0,0,0,0,0,0,0,,,0,0,0,0,0,,0,0,0,0,0,0,0,,,0,0,0,0,0,0,0,0,0,0,0
00-0037665,Sam Williams,DE,DL,2026,4,REG,CLE,PIT,0,0,0,0,0,0,0,0,0,0,,,0,0,0,0,0,,0,0,0,0,0,0,0,,,0,0,0,0,0,0,0,0,0,0,0
00-0037666,Jalen Tolbert,WR,WR,2026,4,REG,MIA,MIN,0,0,0,0,0,0,0,0,0,0,,,0,0,0,0,0,,0,1,0,0,-2,0,0,-0.71880100062117,0,0.0588235294117647,-0.0129032258064516,0.0792030360531309,0,0,0,0,0,0,0,0
00-0037692,Brandon Aubrey,K,SPEC,2026,4,REG,DAL,HOU,0,0,0,0,0,0,0,0,0,0,,,0,0,0,0,0,,0,0,0,0,0,0,0,,,0,0,0,0,0,0,0,0,0,0,0
00-0037740,Garrett Wilson,WR,WR,2026,4,REG,NYJ,CHI,0,0,0,0,0,0,0,0,0,0,,,0,0,0,0,0,,3,4,27,0,31,2,1,-1.1700229570719,0.870967741935484,0.266666666666667,0.333333333333333,0.633333333333333,0,0,0,0,0,0,2.7,5.7
00-0037741,Jahan Dotson,WR,WR,2026,4,REG,ATL,NO,0,0,0,0,0,0,0,0,0,0,,,0,0,0,0,0,,2,3,54,1,62,8,2,3.56742936722003,0.870967741935484,0.15,0.476923076923077,0.558846153846154,0,0,0,0,0,0,11.4,13.4
00-0037742,Treylon Burks,WR,WR,2026,4,REG,WAS,IND,0,0,0,0,0,0,0,0,0,0,,,0,0,0,0,0,,1,3,47,1,89,5,1,1.67291776835918,0.528089887640449,0.0833333333333333,0.215496368038741,0.275847457627119,0,0,0,0,0,0,10.7,11.7
00-0037743,Daxton Hill,DB,DB,2026,4,REG,CIN,JAX,0,0,0,0,0,0,0,0,0,0,,,0,0,0,0,0,,0,0,0,0,0,0,0,,,0,0,0,0,0,0,0,0,0,0,0
00-0037744,Trey McBride,TE,TE,2026,4,REG,ARI,NYG,0,0,0,0,0,0,0,0,0,0,,,0,0,0,0,0,,7,12,31,0,70,15,0,-5.14934702884057,0.442857142857143,0.342857142857143,0.299145299145299,0.723687423687424,0,0,0,0,0,0,3.1,10.1
00-0037746,Brian Robinson,RB,RB,2026,4,REG,ATL,NO,0,0,0,0,0,0,0,0,0,0,,,14,62,3,7,1,5.64164302183781,1,1,5,0,-4,9,0,0.142343945859466,-1.25,0.05,-0.0307692307692308,0.0534615384615385,0,0,0,0,0,0,24.7,25.7
00-0037753,Cam Taylor-Britt,CB,DB,2026,4,REG,IND,WAS,0,0,0,0,0,0,0,0,0,0,,,0,0,0,0,0,,0,0,0,0,0,0,0,,,0,0,0,0,0,0,0,0,0,0,0
00-0037755,Jelani Woods,TE,TE,2026,4,REG,NYJ,CHI,0,0,0,0,0,0,0,0,0,0,,,0,0,0,0,0,,1,1,11,0,2,9,0,0.933837845106609,5.5,0.0666666666666667,0.021505376344086,0.11505376344086,0,0,0,0,0,0,1.1,2.1
00-0037758,Cordale Flott,CB,DB,2026,4,REG,TEN,BAL,0,0,0,0,0,0,0,0,0,0,,,0,0,0,0,0,,0,0,0,0,0,0,0,,,0,0,0,0,0,0,0,0,0,0,0
00-0037801,KaVontae Turpin,WR,WR,2026,4,REG,DAL,HOU,0,0,0,0,0,0,0,0,0,0,,,0,0,0,0,0,,0,0,0,0,0,0,0,,,0,0,0,0,0,0,0,0,0,0,0
00-0037809,Chig Okonkwo,TE,TE,2026,4,REG,WAS,IND,0,0,0,0,0,0,0,0,0,0,,,0,0,0,0,0,,2,4,5,0,21,0,0,-2.38784485217184,0.238095238095238,0.111111111111111,0.0508474576271187,0.20225988700565,0,0,0,0,0,0,0.5,2.5
00-0037814,Luke Fortner,C,OL,2026,4,REG,CAR,DET,0,0,0,0,0,0,0,0,0,0,,,0,0,0,0,0,,0,0,0,0,0,0,0,,,0,0,0,0,0,0,0,0,0,0,0
00-0037815,Cameron Thomas,DE,DL,2026,4,REG,ATL,NO,0,0,0,0,0,0,0,0,0,0,,,0,0,0,0,0,,0,0,0,0,0,0,0,,,0,0,0,0,0,0,0,0,0,0,0
00-0037816,Romeo Doubs,WR,WR,2026,4,REG,NE,BUF,0,0,0,0,0,0,0,0,0,0,,,0,0,0,0,0,,6,9,58,2,120,0,5,5.74720168591775,0.483333333333333,0.25,0.327868852459016,0.604508196721312,0,0,0,0,0,0,17.8,23.8
00-0037818,Zion Johnson,G,OL,2026,4,REG,CLE,PIT,0,0,0,0,0,0,0,0,0,0,,,0,0,0,0,0,,0,0,0,0,0,0,0,,,0,0,0,0,0,0,0,0,0,0,0
00-0037829,Spencer Burford,G,OL,2026,4,REG,LV,KC,0,0,0,0,0,0,0,0,0,0,,,0,0,0,0,0,,0,0,0,0,0,0,0,,,0,0,0,0,0,0,0,0,0,0,0
00-0037834,Brock Purdy,QB,QB,2026,4,REG,SF,DEN,19,30,218,2,0,0,0,254,120,8,8.49943937124642,-0.370088322409268,10,29,0,3,1,-1.33363677101443,0,0,0,0,0,0,0,,,0,0,0,0,0,0,0,0,0,19.62,19.62
00-0037838,Isaiah Likely,TE,TE,2026,4,REG,NYG,ARI,0,0,0,0,0,0,0,0,0,0,,,0,0,0,0,0,,7,12,66,0,112,28,3,-3.88631467442491,0.589285714285714,0.413793103448276,0.337349397590361,0.856834233485667,0,0,0,0,0,0,6.6,13.6
00-0037840,Kyren Williams,RB,RB,2026,4,REG,LA,PHI,0,0,0,0,0,0,0,0,0,0,,,16,80,2,6,1,3.57573437810061,10,13,67,0,46,41,3,3.15700201236177,1.45652173913043,0.26,0.101545253863135,0.461081677704194,0,0,0,0,0,0,26.7,36.7
00-0037841,Quentin Lake,SAF,DB,2026,4,REG,LA,PHI,0,0,0,0,0,0,0,0,0,0,,,0,0,0,0,0,,0,0,0,0,0,0,0,,,0,0,0,0,0,0,0,0,0,0,0
00-0037843,Daniel Hardy,DE,DL,2026,4,REG,CHI,NYJ,0,0,0,0,0,0,0,0,0,0,,,0,0,0,0,0,,0,0,0,0,0,0,0,,,0,0,0,0,0,0,0,0,0,0,0
00-0037844,Russ Yeast,SAF,DB,2026,4,REG,CIN,JAX,0,0,0,0,0,0,0,0,0,0,,,0,0,0,0,0,,0,0,0,0,0,0,0,,,0,0,0,0,0,0,0,0,0,0,0
00-0038038,Kyle Hamilton,SAF,DB,2026,4,REG,BAL,TEN,0,0,0,0,0,0,0,0,0,0,,,0,0,0,0,0,,0,0,0,0,0,0,0,,,0,0,0,0,0,0,0,0,0,0,0
00-0038039,Jack Jones,CB,DB,2026,4,REG,SF,DEN,0,0,0,0,0,0,0,0,0,0,,,0,0,0,0,0,,0,0,0,0,0,0,0,,,0,0,0,0,0,0,0,0,0,0,0
00-0038041,Jake Ferguson,TE,TE,2026,4,REG,DAL,HOU,0,0,0,0,0,0,0,0,0,0,,,0,0,0,0,0,,3,4,11,0,18,6,1,-0.11231253715232,0.611111111111111,0.0930232558139535,0.0692307692307692,0.187996422182469,0,0,0,0,0,0,1.1,4.1
00-0038090,Skyy Moore,WR,WR,2026,4,REG,GB,TB,0,0,0,0,0,0,0,0,0,0,,,0,0,0,0,0,,1,2,-2,0,-7,2,0,-1.21070277562831,0,0.0666666666666667,-0.0325581395348837,0.0772093023255814,0,0,0,0,0,0,-0.2,0.8
00-0038094,Jordan Stout,P,SPEC,2026,4,REG,NYG,ARI,0,0,0,0,0,0,0,0,0,0,,,0,0,0,0,0,,0,0,0,0,0,0,0,,,0,0,0,0,0,0,0,0,0,0,0
00-0038100,Percy Butler,SAF,DB,2026,4,REG,WAS,IND,0,0,0,0,0,0,0,0,0,0,,,0,0,0,0,0,,0,0,0,0,0,0,0,,,0,0,0,0,0,0,0,0,0,0,0
00-0038101,Akayleb Evans,CB,DB,2026,4,REG,CAR,DET,0,0,0,0,0,0,0,0,0,0,,,0,0,0,0,0,,0,0,0,0,0,0,0,,,0,0,0,0,0,0,0,0,0,0,0
00-0038103,Cole Strange,G,OL,2026,4,REG,LAC,SEA,0,0,0,0,0,0,0,0,0,0,,,0,0,0,0,0,,0,0,0,0,0,0,0,,,0,0,0,0,0,0,0,0,0,0,0
00-0038104,Tyquan Thornton,WR,WR,2026,4,REG,KC,LV,0,0,0,0,0,0,0,0,0,0,,,0,0,0,0,0,,5,8,111,2,140,45,4,9.11431028158404,0.792857142857143,0.296296296296296,0.417910447761194,0.73698175787728,0,0,0,0,0,0,23.1,28.1
00-0038106,Eyioma Uwazurike,DT,DL,2026,4,REG,DEN,SF,0,0,0,0,0,0,0,0,0,0,,,0,0,0,0,0,,0,0,0,0,0,0,0,,,0,0,0,0,0,0,0,0,0,0,0
00-0038112,Cam Jurgens,G,OL,2026,4,REG,PHI,LA,0,0,0,0,0,0,0,0,0,0,,,0,0,0,0,0,,0,0,0,0,0,0,0,,,0,0,0,0,0,0,0,0,0,0,0
00-0038115,Daniel Bellinger,TE,TE,2026,4,REG,TEN,BAL,0,0,0,0,0,0,0,0,0,0,,,0,0,0,0,0,,1,1,2,0,-3,5,0,-0.536627808585763,0,0.0357142857142857,-0.0131578947368421,0.0443609022556391,0,0,0,0,0,0,0.2,1.2
00-0038116,Arnold Ebiketie,LB,LB,2026,4,REG,PHI,LA,0,0,0,0,0,0,0,0,0,0,,,0,0,0,0,0,,0,0,0,0,0,0,0,,,0,0,0,0,0,0,0,0,0,0,0
00-0038117,Wan'Dale Robinson,WR,WR,2026,4,REG,TEN,BAL,0,0,0,0,0,0,0,0,0,0,,,1,1,0,0,0,-0.389639265369624,3,5,19,1,38,16,2,-0.140635347430361,0.5,0.178571428571429,0.166666666666667,0.38452380952381,0,0,0,0,0,0,8,11
00-0038121,Alontae Taylor,CB,DB,2026,4,REG,TEN,BAL,0,0,0,0,0,0,0,0,0,0,,,0,0,0,0,0,,0,0,0,0,0,0,0,,,0,0,0,0,0,0,0,0,0,0,0
00-0038123,Dane Belton,SAF,DB,2026,4,REG,NYJ,CHI,0,0,0,0,0,0,0,0,0,0,,,0,0,0,0,0,,0,0,0,0,0,0,0,,,0,0,0,0,0,0,0,0,0,0,0
00-0038124,Christian Watson,WR,WR,2026,4,REG,GB,TB,0,0,0,0,0,0,0,0,0,0,,,0,0,0,0,0,,3,3,47,0,23,24,2,4.8727827880648,2.04347826086957,0.1,0.106976744186047,0.224883720930233,0,0,0,0,0,0,4.7,7.7
00-0038125,Roger McCreary,CB,DB,2026,4,REG,DET,CAR,0,0,0,0,0,0,0,0,0,0,,,0,0,0,0,0,,0,0,0,0,0,0,0,,,0,0,0,0,0,0,0,0,0,0,0
00-0038127,Logan Hall,DE,DL,2026,4,REG,HOU,DAL,0,0,0,0,0,0,0,0,0,0,,,0,0,0,0,0,,0,0,0,0,0,0,0,,,0,0,0,0,0,0,0,0,0,0,0
00-0038128,Malik Willis,QB,QB,2026,4,REG,MIA,MIN,9,17,85,0,0,2,-8,155,53,3,-12.4120745286864,-12.2778427951476,2,11,0,1,0,2.99537427769974,0,0,0,0,0,0,0,,,0,0,0,0,0,1,0,0,0,2.5,2.5
00-0038129,Cade Otton,TE,TE,2026,4,REG,TB,GB,0,0,0,0,0,0,0,0,0,0,,,0,0,0,0,0,,4,6,37,0,23,37,3,1.0726616824395,1.60869565217391,0.230769230769231,0.20353982300885,0.488631722260041,0,0,0,0,0,0,3.7,7.7
00-0038131,Ed Ingram,G,OL,2026,4,REG,HOU,DAL,0,0,0,0,0,0,0,0,0,0,,,0,0,0,0,0,,0,0,0,0,0,0,0,,,0,0,0,0,0,0,0,0,0,0,0
00-0038133,Boye Mafe,DE,DL,2026,4,REG,CIN,JAX,0,0,0,0,0,0,0,0,0,0,,,0,0,0,0,0,,0,0,0,0,0,0,0,,,0,0,0,0,0,0,0,0,0,0,0
00-0038134,Kenneth Walker III,RB,RB,2026,4,REG,KC,LV,0,0,0,0,0,0,0,0,0,0,,,22,177,2,6,4,3.71354697700008,1,1,2,0,-5,7,0,-1.46961244971305,-0.4,0.037037037037037,-0.0149253731343284,0.0451077943615257,0,0,0,0,0,0,29.9,30.9
00-0038135,Jaquan Brisker,SAF,DB,2026,4,REG,PIT,CLE,0,0,0,0,0,0,0,0,0,0,,,0,0,0,0,0,,0,0,0,0,0,0,0,,,0,0,0,0,0,0,0,0,0,0,0
00-0038386,Jalen Carter,DT,DL,2026,4,REG,PHI,LA,0,0,0,0,0,0,0,0,0,0,,,0,0,0,0,0,,0,0,0,0,0,0,0,,,0,0,0,0,0,0,0,0,0,0,0
00-0038387,Colby Wooden,DE,DL,2026,4,REG,NO,ATL,0,0,0,0,0,0,0,0,0,0,,,0,0,0,0,0,,0,0,0,0,0,0,0,,,0,0,0,0,0,0,0,0,0,0,0
00-0038393,Dontayvion Wicks,WR,WR,2026,4,REG,PHI,LA,0,0,0,0,0,0,0,0,0,0,,,0,0,0,0,0,,3,5,18,0,46,13,1,0.134008756198455,0.391304347826087,0.2,0.211981566820277,0.448387096774194,0,0,0,0,0,0,1.8,4.8
00-0038398,Karl Brooks,DT,DL,2026,4,REG,GB,TB,0,0,0,0,0,0,0,0,0,0,,,0,0,0,0,0,,0,0,0,0,0,0,0,,,0,0,0,0,0,0,0,0,0,0,0
00-0038399,Zaire Barnes,LB,LB,2026,4,REG,NYG,ARI,0,0,0,0,0,0,0,0,0,0,,,0,0,0,0,0,,0,0,0,0,0,0,0,,,0,0,0,0,0,0,0,0,0,0,0
00-0038408,Carrington Valentine,DB,DB,2026,4,REG,GB,TB,0,0,0,0,0,0,0,0,0,0,,,0,0,0,0,0,,0,0,0,0,0,0,0,,,0,0,0,0,0,0,0,0,0,0,0
00-0038409,Lew Nichols III,RB,RB,2026,4,REG,PIT,CLE,0,0,0,0,0,0,0,0,0,0,,,0,0,0,0,0,,0,0,0,0,0,0,0,,,0,0,0,0,0,0,0,0,0,0,0
00-0038412,Moro Ojomo,DT,DL,2026,4,REG,PHI,LA,0,0,0,0,0,0,0,0,0,0,,,0,0,0,0,0,,0,0,0,0,0,0,0,,,0,0,0,0,0,0,0,0,0,0,0
00-0038414,Kendall Williamson,SAF,DB,2026,4,REG,LAC,SEA,0,0,0,0,0,0,0,0,0,0,,,0,0,0,0,0,,0,0,0,0,0,0,0,,,0,0,0,0,0,0,0,0,0,0,0
00-0038416,Tyson Bagent,QB,QB,2026,4,REG,CHI,NYJ,25,34,268,0,1,1,-8,213,135,14,7.93558666289033,7.95484242900725,4,1,0,0,0,-3.85768550535431,0,0,0,0,0,0,0,,,0,0,0,0,0,0,0,0,0,8.82,8.82
00-0038428,Andre Szmyt,K,SPEC,2026,4,REG,CLE,PIT,0,0,0,0,0,0,0,0,0,0,,,0,0,0,0,0,,0,0,0,0,0,0,0,,,0,0,0,0,0,0,0,0,0,0,0
00-0038454,Keaton Mitchell,RB,RB,2026,4,REG,LAC,SEA,0,0,0,0,0,0,0,0,0,0,,,10,39,0,1,1,-0.47469659592025,5,6,24,0,-7,26,2,3.65383024944458,-3.42857142857143,0.193548387096774,-0.03125,0.268447580645161,0,0,0,0,0,0,6.3,11.3
00-0038463,Brenton Cox Jr.,DE,DL,2026,4,REG,GB,TB,0,0,0,0,0,0,0,0,0,0,,,0,0,0,0,0,,0,0,0,0,0,0,0,,,0,0,0,0,0,0,0,0,0,0,0
00-0038488,Brady Russell,RB,RB,2026,4,REG,SEA,LAC,0,0,0,0,0,0,0,0,0,0,,,0,0,0,0,0,,0,0,0,0,0,0,0,,,0,0,0,0,0,0,0,0,0,0,0
00-0038498,E.J. Jenkins,TE,TE,2026,4,REG,PHI,LA,0,0,0,0,0,0,0,0,0,0,,,0,0,0,0,0,,0,0,0,0,0,0,0,,,0,0,0,0,0,0,0,0,0,0,0
00-0038504,Trenton Simpson,LB,LB,2026,4,REG,BAL,TEN,0,0,0,0,0,0,0,0,0,0,,,0,0,0,0,0,,0,0,0,0,0,0,0,,,0,0,0,0,0,0,0,0,0,0,0
00-0038505,Tavius Robinson,LB,LB,2026,4,REG,BAL,TEN,0,0,0,0,0,0,0,0,0,0,,,0,0,0,0,0,,0,0,0,0,0,0,0,,,0,0,0,0,0,0,0,0,0,0,0
00-0038514,Truman Jones,DE,DL,2026,4,REG,TEN,BAL,0,0,0,0,0,0,0,0,0,0,,,0,0,0,0,0,,0,0,0,0,0,0,0,,,0,0,0,0,0,0,0,0,0,0,0
00-0038519,Nikko Remigio,WR,WR,2026,4,REG,KC,LV,0,0,0,0,0,0,0,0,0,0,,,0,0,0,0,0,,0,0,0,0,0,0,0,,,0,0,0,0,0,0,0,0,0,0,0
00-0038521,Reese Taylor,DB,DB,2026,4,REG,MIA,MIN,0,0,0,0,0,0,0,0,0,0,,,0,0,0,0,0,,0,0,0,0,0,0,0,,,0,0,0,0,0,0,0,0,0,0,0
00-0038541,Tyree Wilson,DE,DL,2026,4,REG,NO,ATL,0,0,0,0,0,0,0,0,0,0,,,0,0,0,0,0,,0,0,0,0,0,0,0,,,0,0,0,0,0,0,0,0,0,0,0
00-0038542,Bijan Robinson,RB,RB,2026,4,REG,ATL,NO,0,0,0,0,0,0,0,0,0,0,,,19,145,2,6,3,6.4405571158859,1,2,2,0,-5,1,0,-0.637992538977414,-0.4,0.1,-0.0384615384615385,0.123076923076923,0,0,0,0,0,0,26.7,27.7
00-0038543,Jaxon Smith-Njigba,WR,WR,2026,4,REG,SEA,LAC,0,0,0,0,0,0,0,0,0,0,,,0,0,0,0,0,,5,6,76,0,66,23,3,3.52296839430191,1.15151515151515,0.3,0.420382165605096,0.744267515923567,0,0,0,0,0,0,7.6,12.6
00-0038544,Quentin Johnston,WR,WR,2026,4,REG,LAC,SEA,0,0,0,0,0,0,0,0,0,0,,,1,-4,0,0,0,-1.19522389955819,1,2,44,0,66,0,1,3.068718389225,0.666666666666667,0.0645161290322581,0.294642857142857,0.303024193548387,0,0,0,0,0,0,4,5
00-0038546,Myles Murphy,DE,DL,2026,4,REG,CIN,JAX,0,0,0,0,0,0,0,0,0,0,,,0,0,0,0,0,,0,0,0,0,0,0,0,,,0,0,0,0,0,0,0,0,0,0,0
00-0038549,DJ Turner II,CB,DB,2026,4,REG,CIN,JAX,0,0,0,0,0,0,0,0,0,0,,,0,0,0,0,0,,0,0,0,0,0,0,0,,,0,0,0,0,0,0,0,0,0,0,0
00-0038551,Kendre Miller,RB,RB,2026,4,REG,NO,ATL,0,0,0,0,0,0,0,0,0,0,,,6,9,0,1,0,-8.16167938278522,2,3,10,0,6,6,0,-1.2842598190764,1.66666666666667,0.0638297872340426,0.0126582278481013,0.104605440344735,1,0,0,0,0,0,-0.0999999999999999,1.9
00-0038552,Riley Moss,CB,DB,2026,4,REG,DEN,SF,0,0,0,0,0,0,0,0,0,0,,,0,0,0,0,0,,0,0,0,0,0,0,0,,,0,0,0,0,0,0,0,0,0,0,0
00-0038553,Daiyan Henley,LB,LB,2026,4,REG,LAC,SEA,0,0,0,0,0,0,0,0,0,0,,,0,0,0,0,0,,0,0,0,0,0,0,0,,,0,0,0,0,0,0,0,0,0,0,0
00-0038554,Ji'Ayir Brown,SAF,DB,2026,4,REG,SF,DEN,0,0,0,0,0,0,0,0,0,0,,,0,0,0,0,0,,0,0,0,0,0,0,0,,,0,0,0,0,0,0,0,0,0,0,0
00-0038555,Tank Bigsby,RB,RB,2026,4,REG,PHI,LA,0,0,0,0,0,0,0,0,0,0,,,14,55,0,3,1,-2.74973931189426,0,1,0,0,0,0,0,-0.756469828542322,,0.04,0,0.06,0,0,0,0,0,0,5.5,5.5
00-0038557,Dorian Williams,LB,LB,2026,4,REG,BUF,NE,0,0,0,0,0,0,0,0,0,0,,,0,0,0,0,0,,0,0,0,0,0,0,0,,,0,0,0,0,0,0,0,0,0,0,0
00-0038558,Darnell Washington,TE,TE,2026,4,REG,PIT,CLE,0,0,0,0,0,0,0,0,0,0,,,0,0,0,0,0,,3,5,27,1,40,9,1,0.355355925450567,0.675,0.128205128205128,0.0943396226415094,0.258345428156749,0,0,0,0,0,0,8.7,11.7
00-0038559,Michael Wilson,WR,WR,2026,4,REG,ARI,NYG,0,0,0,0,0,0,0,0,0,0,,,0,0,0,0,0,,7,13,95,0,123,26,6,-9.35452602518265,0.772357723577236,0.371428571428571,0.525641025641026,0.925091575091575,0,0,0,0,0,0,9.5,16.5
00-0038560,Jordan Battle,SAF,DB,2026,4,REG,CIN,JAX,0,0,0,0,0,0,0,0,0,0,,,0,0,0,0,0,,0,0,0,0,0,0,0,,,0,0,0,0,0,0,0,0,0,0,0
00-0038563,Tre Tucker,WR,WR,2026,4,REG,LV,KC,0,0,0,0,0,0,0,0,0,0,,,0,0,0,0,0,,4,8,44,0,129,10,2,-1.56544596357891,0.341085271317829,0.166666666666667,0.282894736842105,0.448026315789474,0,0,0,0,0,0,4.4,8.4
00-0038564,Cameron Latu,TE,TE,2026,4,REG,NE,BUF,0,0,0,0,0,0,0,0,0,0,,,0,0,0,0,0,,0,0,0,0,0,0,0,,,0,0,0,0,0,0,0,0,0,0,0
00-0038565,Mekhi Blackmon,DB,DB,2026,4,REG,CLE,PIT,0,0,0,0,0,0,0,0,0,0,,,0,0,0,0,0,,0,0,0,0,0,0,0,,,0,0,0,0,0,0,0,0,0,0,0
00-0038567,Chad Ryland,K,SPEC,2026,4,REG,ARI,NYG,0,0,0,0,0,0,0,0,0,0,,,0,0,0,0,0,,0,0,0,0,0,0,0,,,0,0,0,0,0,0,0,0,0,0,0
00-0038570,Ventrell Miller,LB,LB,2026,4,REG,JAX,CIN,0,0,0,0,0,0,0,0,0,0,,,0,0,0,0,0,,0,0,0,0,0,0,0,,,0,0,0,0,0,0,0,0,0,0,0
00-0038573,Derius Davis,WR,WR,2026,4,REG,LAC,SEA,0,0,0,0,0,0,0,0,0,0,,,0,0,0,0,0,,1,1,6,0,6,0,0,0.125821378838737,1,0.032258064516129,0.0267857142857143,0.0671370967741936,0,0,0,0,0,0,0.6,1.6
00-0038574,Isaiah McGuire,DE,DL,2026,4,REG,CLE,PIT,0,0,0,0,0,0,0,0,0,0,,,0,0,0,0,0,,0,0,0,0,0,0,0,,,0,0,0,0,0,0,0,0,0,0,0
00-0038576,Charlie Jones,WR,WR,2026,4,REG,NYG,ARI,0,0,0,0,0,0,0,0,0,0,,,0,0,0,0,0,,0,0,0,0,0,0,0,,,0,0,0,0,0,0,0,0,0,0,0
00-0038577,Nick Herbig,LB,LB,2026,4,REG,PIT,CLE,0,0,0,0,0,0,0,0,0,0,,,0,0,0,0,0,,0,0,0,0,0,0,0,,,0,0,0,0,0,0,0,0,0,0,0
00-0038578,Jay Ward,SAF,DB,2026,4,REG,MIN,MIA,0,0,0,0,0,0,0,0,0,0,,,0,0,0,0,0,,0,0,0,0,0,0,0,,,0,0,0,0,0,0,0,0,0,0,0
00-0038580,Yasir Abdullah,LB,LB,2026,4,REG,ATL,NO,0,0,0,0,0,0,0,0,0,0,,,0,0,0,0,0,,0,0,0,0,0,0,0,,,0,0,0,0,0,0,0,0,0,0,0
00-0038587,Jammie Robinson,SAF,DB,2026,4,REG,ATL,NO,0,0,0,0,0,0,0,0,0,0,,,0,0,0,0,0,,0,0,0,0,0,0,0,,,0,0,0,0,0,0,0,0,0,0,0
00-0038591,Mike Morris,DE,DL,2026,4,REG,SEA,LAC,0,0,0,0,0,0,0,0,0,0,,,0,0,0,0,0,,0,0,0,0,0,0,0,,,0,0,0,0,0,0,0,0,0,0,0
00-0038596,Antonio Johnson,SAF,DB,2026,4,REG,JAX,CIN,0,0,0,0,0,0,0,0,0,0,,,0,0,0,0,0,,0,0,0,0,0,0,0,,,0,0,0,0,0,0,0,0,0,0,0
00-0038597,Chase Brown,RB,RB,2026,4,REG,CIN,JAX,0,0,0,0,0,0,0,0,0,0,,,9,10,0,0,0,-2.58115557424026,11,11,71,0,8,63,2,-0.689501441695029,8.875,0.207547169811321,0.0172413793103448,0.323389720234223,0,0,0,0,0,0,8.1,19.1
00-0038601,Asim Richards,OT,OL,2026,4,REG,NO,ATL,0,0,0,0,0,0,0,0,0,0,,,0,0,0,0,0,,0,0,0,0,0,0,0,,,0,0,0,0,0,0,0,0,0,0,0
00-0038606,Parker Washington,WR,WR,2026,4,REG,JAX,CIN,0,0,0,0,0,0,0,0,0,0,,,1,3,0,0,0,-0.238088806858286,1,3,7,0,38,7,0,-2.07064988460958,0.184210526315789,0.130434782608696,0.234567901234568,0.359849704777241,0,0,0,0,0,0,1,2
00-0038608,Kayshon Boutte,WR,WR,2026,4,REG,HOU,DAL,0,0,0,0,0,0,0,0,0,0,,,0,0,0,0,0,,3,4,36,0,47,1,1,1.83948652946856,0.765957446808511,0.153846153846154,0.122077922077922,0.316223776223776,0,0,0,0,0,0,3.6,6.6
00-0038609,Luke Wypler,C,OL,2026,4,REG,CLE,PIT,0,0,0,0,0,0,0,0,0,0,,,0,0,0,0,0,,0,0,0,0,0,0,0,,,0,0,0,0,0,0,0,0,0,0,0
00-0038611,Chris Rodriguez Jr.,RB,RB,2026,4,REG,JAX,CIN,0,0,0,0,0,0,0,0,0,0,,,6,35,1,2,1,1.17872577591334,0,0,0,0,0,0,0,,,0,0,0,0,0,0,0,0,0,9.5,9.5
00-0038618,Xavier Hutchinson,WR,WR,2026,4,REG,HOU,DAL,0,0,0,0,0,0,0,0,0,0,,,0,0,0,0,0,,3,5,46,0,71,28,2,2.17229572683573,0.647887323943662,0.192307692307692,0.184415584415584,0.417552447552448,0,0,0,0,0,0,4.6,7.6
00-0038620,Erick Hallett,SAF,DB,2026,4,REG,TEN,BAL,0,0,0,0,0,0,0,0,0,0,,,0,0,0,0,0,,0,0,0,0,0,0,0,,,0,0,0,0,0,0,0,0,0,0,0
00-0038621,DeMario Douglas,WR,WR,2026,4,REG,NE,BUF,0,0,0,0,0,0,0,0,0,0,,,0,0,0,0,0,,2,3,15,0,32,0,1,0.134231565229129,0.46875,0.0833333333333333,0.0874316939890711,0.18620218579235,0,0,0,0,0,0,1.5,3.5
00-0038623,Dante Stills,DT,DL,2026,4,REG,ARI,NYG,0,0,0,0,0,0,0,0,0,0,,,0,0,0,0,0,,0,0,0,0,0,0,0,,,0,0,0,0,0,0,0,0,0,0,0
00-0038624,Ameer Speed,CB,DB,2026,4,REG,DAL,HOU,0,0,0,0,0,0,0,0,0,0,,,0,0,0,0,0,,0,0,0,0,0,0,0,,,0,0,0,0,0,0,0,0,0,0,0
00-0038625,Dee Winters,LB,LB,2026,4,REG,DAL,HOU,0,0,0,0,0,0,0,0,0,0,,,0,0,0,0,0,,0,0,0,0,0,0,0,,,0,0,0,0,0,0,0,0,0,0,0
00-0038628,DeMarcco Hellams,SAF,DB,2026,4,REG,ATL,NO,0,0,0,0,0,0,0,0,0,0,,,0,0,0,0,0,,0,0,0,0,0,0,0,,,0,0,0,0,0,0,0,0,0,0,0
00-0038640,Jalen Brooks,WR,WR,2026,4,REG,ARI,NYG,0,0,0,0,0,0,0,0,0,0,,,0,0,0,0,0,,0,0,0,0,0,0,0,,,0,0,0,0,0,0,0,0,0,0,0
00-0038642,D.J. Ivey,CB,DB,2026,4,REG,CIN,JAX,0,0,0,0,0,0,0,0,0,0,,,0,0,0,0,0,,0,0,0,0,0,0,0,,,0,0,0,0,0,0,0,0,0,0,0
00-0038643,Brayden Willis,TE,TE,2026,4,REG,SF,DEN,0,0,0,0,0,0,0,0,0,0,,,0,0,0,0,0,,0,0,0,0,0,0,0,,,0,0,0,0,0,0,0,0,0,0,0
00-0038653,Cory Durden,DT,DL,2026,4,REG,NE,BUF,0,0,0,0,0,0,0,0,0,0,,,0,0,0,0,0,,0,0,0,0,0,0,0,,,0,0,0,0,0,0,0,0,0,0,0
00-0038660,Trevor Nowaske,LB,LB,2026,4,REG,DET,CAR,0,0,0,0,0,0,0,0,0,0,,,0,0,0,0,0,,0,0,0,0,0,0,0,,,0,0,0,0,0,0,0,0,0,0,0
00-0038685,Chris Brooks,RB,RB,2026,4,REG,GB,TB,0,0,0,0,0,0,0,0,0,0,,,4,30,0,1,1,0.895714221260278,1,1,5,0,2,3,0,-0.243220502277836,2.5,0.0333333333333333,0.00930232558139535,0.0565116279069768,0,0,0,0,0,0,3.5,4.5
00-0038710,Blake Whiteheart,TE,TE,2026,4,REG,CLE,PIT,0,0,0,0,0,0,0,0,0,0,,,0,0,0,0,0,,0,0,0,0,0,0,0,,,0,0,0,0,0,0,0,0,0,0,0
00-0038715,Ronnie Hickman Jr.,SAF,DB,2026,4,REG,CLE,PIT,0,0,0,0,0,0,0,0,0,0,,,0,0,0,0,0,,0,0,0,0,0,0,0,,,0,0,0,0,0,0,0,0,0,0,0
00-0038731,TJ Bass,G,OL,2026,4,REG,DAL,HOU,0,0,0,0,0,0,0,0,0,0,,,0,0,0,0,0,,0,0,0,0,0,0,0,,,0,0,0,0,0,0,0,0,0,0,0
00-0038738,Hunter Luepke,RB,RB,2026,4,REG,DAL,HOU,0,0,0,0,0,0,0,0,0,0,,,0,0,0,0,0,,1,1,2,0,2,0,0,-1.14987204410136,1,0.0232558139534884,0.00769230769230769,0.0402683363148479,0,0,0,0,0,0,0.2,1.2
00-0038764,Patrick O'Connell,LB,LB,2026,4,REG,SEA,LAC,0,0,0,0,0,0,0,0,0,0,,,0,0,0,0,0,,0,0,0,0,0,0,0,,,0,0,0,0,0,0,0,0,0,0,0
00-0038778,Jalen Redmond,DL,DL,2026,4,REG,MIN,MIA,0,0,0,0,0,0,0,0,0,0,,,0,0,0,0,0,,0,0,0,0,0,0,0,,,0,0,0,0,0,0,0,0,0,0,0
00-0038782,Eku Leota,LB,LB,2026,4,REG,ARI,NYG,0,0,0,0,0,0,0,0,0,0,,,0,0,0,0,0,,0,0,0,0,0,0,0,,,0,0,0,0,0,0,0,0,0,0,0
00-0038791,Thomas Incoom,LB,LB,2026,4,REG,CAR,DET,0,0,0,0,0,0,0,0,0,0,,,0,0,0,0,0,,0,0,0,0,0,0,0,,,0,0,0,0,0,0,0,0,0,0,0
00-0038794,Jaleel McLaughlin,RB,RB,2026,4,REG,CLE,PIT,0,0,0,0,0,0,0,0,0,0,,,1,28,1,1,1,2.88647243275773,0,0,0,0,0,0,0,,,0,0,0,0,0,0,0,0,0,8.8,8.8
00-0038797,Emanuel Wilson,RB,RB,2026,4,REG,SEA,LAC,0,0,0,0,0,0,0,0,0,0,,,21,81,1,3,2,0.222811599494889,3,4,39,1,-14,54,2,-2.86845743749291,-2.78571428571429,0.2,-0.089171974522293,0.237579617834395,0,0,0,0,0,0,24,27
00-0038807,Ivan Pace Jr.,LB,LB,2026,4,REG,MIN,MIA,0,0,0,0,0,0,0,0,0,0,,,0,0,0,0,0,,0,0,0,0,0,0,0,,,0,0,0,0,0,0,0,0,0,0,0
00-0038820,Christian Izien,SAF,DB,2026,4,REG,DET,CAR,0,0,0,0,0,0,0,0,0,0,,,0,0,0,0,0,,0,0,0,0,0,0,0,,,0,0,0,0,0,0,0,0,0,0,0
00-0038824,Ryan Miller,WR,WR,2026,4,REG,MIA,MIN,0,0,0,0,0,0,0,0,0,0,,,0,0,0,0,0,,0,0,0,0,0,0,0,,,0,0,0,0,0,0,0,0,0,0,0
00-0038839,Mitchell Tinsley,WR,WR,2026,4,REG,CIN,JAX,0,0,0,0,0,0,0,0,0,0,,,0,0,0,0,0,,3,7,49,0,99,4,3,-3.9475564127788,0.494949494949495,0.132075471698113,0.213362068965517,0.347466655823032,0,0,0,0,0,0,4.9,7.9
00-0038840,Brycen Tremayne,WR,WR,2026,4,REG,CAR,DET,0,0,0,0,0,0,0,0,0,0,,,0,0,0,0,0,,2,3,32,0,37,7,2,1.71569024398923,0.864864864864865,0.0769230769230769,0.108187134502924,0.191115609536662,0,0,0,0,0,0,3.2,5.2
00-0038866,AJ Finley,SAF,DB,2026,4,REG,SEA,LAC,0,0,0,0,0,0,0,0,0,0,,,0,0,0,0,0,,0,0,0,0,0,0,0,,,0,0,0,0,0,0,0,0,0,0,0
00-0038896,Jacob Saylors,RB,RB,2026,4,REG,DET,CAR,0,0,0,0,0,0,0,0,0,0,,,0,0,0,0,0,,0,0,0,0,0,0,0,,,0,0,0,0,0,0,0,0,0,0,0
00-0038922,Drake Thomas,LB,LB,2026,4,REG,SEA,LAC,0,0,0,0,0,0,0,0,0,0,,,0,0,0,0,0,,0,0,0,0,0,0,0,,,0,0,0,0,0,0,0,0,0,0,0
00-0038933,Dalton Kincaid,TE,TE,2026,4,REG,BUF,NE,0,0,0,0,0,0,0,0,0,0,,,0,0,0,0,0,,1,2,7,0,21,3,0,-1.36697629257105,0.333333333333333,0.0666666666666667,0.075,0.1525,0,0,0,0,0,0,0.7,1.7
00-0038934,Anton Harrison,OT,OL,2026,4,REG,JAX,CIN,0,0,0,0,0,0,0,0,0,0,,,0,0,0,0,0,,0,0,0,0,0,0,0,,,0,0,0,0,0,0,0,0,0,0,0
00-0038935,Brenton Strange,TE,TE,2026,4,REG,JAX,CIN,0,0,0,0,0,0,0,0,0,0,,,0,0,0,0,0,,7,8,95,0,58,56,5,5.95402477361718,1.63793103448276,0.347826086956522,0.358024691358025,0.7723564143854,0,0,0,0,0,0,9.5,16.5
00-0038936,Juice Scruggs,C,OL,2026,4,REG,DET,CAR,0,0,0,0,0,0,0,0,0,0,,,0,0,0,0,0,,0,0,0,0,0,0,0,,,0,0,0,0,0,0,0,0,0,0,0
00-0038940,Tyler Lacy,DE,DL,2026,4,REG,DET,CAR,0,0,0,0,0,0,0,0,0,0,,,0,0,0,0,0,,0,0,0,0,0,0,0,,,0,0,0,0,0,0,0,0,0,0,0
00-0038951,Sean Tucker,RB,RB,2026,4,REG,TB,GB,0,0,0,0,0,0,0,0,0,0,,,3,10,1,2,0,1.84044202946825,0,0,0,0,0,0,0,,,0,0,0,0,0,0,0,0,0,7,7
00-0038976,Marvin Mims Jr.,WR,WR,2026,4,REG,DEN,SF,0,0,0,0,0,0,0,0,0,0,,,0,0,0,0,0,,1,3,10,0,18,14,1,-0.0983279428910464,0.555555555555556,0.0789473684210526,0.0962566844919786,0.185800731775964,0,0,0,0,0,0,1,2
00-0038980,Zach Harrison,DE,DL,2026,4,REG,ATL,NO,0,0,0,0,0,0,0,0,0,0,,,0,0,0,0,0,,0,0,0,0,0,0,0,,,0,0,0,0,0,0,0,0,0,0,0
00-0038982,Chamarri Conner,DB,DB,2026,4,REG,KC,LV,0,0,0,0,0,0,0,0,0,0,,,0,0,0,0,0,,0,0,0,0,0,0,0,,,0,0,0,0,0,0,0,0,0,0,0
00-0038984,Kei'Trel Clark,CB,DB,2026,4,REG,ARI,NYG,0,0,0,0,0,0,0,0,0,0,,,0,0,0,0,0,,0,0,0,0,0,0,0,,,0,0,0,0,0,0,0,0,0,0,0
00-0038986,Nic Jones,CB,DB,2026,4,REG,NYG,ARI,0,0,0,0,0,0,0,0,0,0,,,0,0,0,0,0,,0,0,0,0,0,0,0,,,0,0,0,0,0,0,0,0,0,0,0
00-0038994,Jordan Addison,WR,WR,2026,4,REG,MIN,MIA,0,0,0,0,0,0,0,0,0,0,,,1,-1,0,0,0,-0.735363519168459,4,6,52,0,51,39,3,1.10953969851835,1.01960784313725,0.181818181818182,0.286516853932584,0.473289070480082,0,0,0,0,0,0,5.1,9.1
00-0038996,Tucker Kraft,TE,TE,2026,4,REG,GB,TB,0,0,0,0,0,0,0,0,0,0,,,1,3,0,1,0,1.90553174016532,6,7,42,1,3,42,3,4.02623534965096,14,0.233333333333333,0.013953488372093,0.359767441860465,0,0,0,0,0,0,10.5,16.5
00-0038997,Josh Downs,WR,WR,2026,4,REG,IND,WAS,0,0,0,0,0,0,0,0,0,0,,,0,0,0,0,0,,3,4,16,0,-2,14,0,0.526406800257973,0,0.137931034482759,-0.015625,0.195959051724138,0,0,0,0,0,0,1.6,4.6
00-0039000,Deonte Banks,CB,DB,2026,4,REG,NYG,ARI,0,0,0,0,0,0,0,0,0,0,,,0,0,0,0,0,,0,0,0,0,0,0,0,,,0,0,0,0,0,0,0,0,0,0,0
00-0039002,Sydney Brown,SAF,DB,2026,4,REG,ATL,NO,0,0,0,0,0,0,0,0,0,0,,,0,0,0,0,0,,0,0,0,0,0,0,0,,,0,0,0,0,0,0,0,0,0,0,0
00-0039006,Felix Anudike-Uzomah,DE,DL,2026,4,REG,KC,LV,0,0,0,0,0,0,0,0,0,0,,,0,0,0,0,0,,0,0,0,0,0,0,0,,,0,0,0,0,0,0,0,0,0,0,0
00-0039007,Garrett Williams,CB,DB,2026,4,REG,ARI,NYG,0,0,0,0,0,0,0,0,0,0,,,0,0,0,0,0,,0,0,0,0,0,0,0,,,0,0,0,0,0,0,0,0,0,0,0
00-0039013,Nolan Smith,LB,LB,2026,4,REG,PHI,LA,0,0,0,0,0,0,0,0,0,0,,,0,0,0,0,0,,0,0,0,0,0,0,0,,,0,0,0,0,0,0,0,0,0,0,0
00-0039018,Jack Campbell,LB,LB,2026,4,REG,DET,CAR,0,0,0,0,0,0,0,0,0,0,,,0,0,0,0,0,,0,0,0,0,0,0,0,,,0,0,0,0,0,0,0,0,0,0,0
00-0039021,Roschon Johnson,RB,RB,2026,4,REG,CHI,NYJ,0,0,0,0,0,0,0,0,0,0,,,4,16,0,1,1,0.538802724389825,1,1,7,0,5,2,1,1.39075583027443,1.4,0.032258064516129,0.0234741784037559,0.0648190216568227,0,0,0,0,0,0,2.3,3.3
00-0039031,Adetomiwa Adebawore,DT,DL,2026,4,REG,IND,WAS,0,0,0,0,0,0,0,0,0,0,,,0,0,0,0,0,,0,0,0,0,0,0,0,,,0,0,0,0,0,0,0,0,0,0,0
00-0039032,Tyjae Spears,RB,RB,2026,4,REG,TEN,BAL,0,0,0,0,0,0,0,0,0,0,,,2,7,0,0,0,-0.206377849041019,1,1,-1,0,-3,2,0,-1.29158854810521,0.333333333333333,0.0357142857142857,-0.0131578947368421,0.0443609022556391,0,0,0,0,0,0,0.6,1.6
00-0039041,Elijah Higgins,TE,TE,2026,4,REG,ARI,NYG,0,0,0,0,0,0,0,0,0,0,,,0,0,0,0,0,,2,2,19,1,2,17,2,2.30059162696125,9.5,0.0571428571428571,0.00854700854700855,0.0916971916971917,0,0,0,0,0,0,7.9,9.9
00-0039047,Derick Hall,LB,LB,2026,4,REG,SEA,LAC,0,0,0,0,0,0,0,0,0,0,,,0,0,0,0,0,,0,0,0,0,0,0,0,,,0,0,0,0,0,0,0,0,0,0,0
00-0039059,Ethan Evans,P,SPEC,2026,4,REG,LA,PHI,0,0,0,0,0,0,0,0,0,0,,,0,0,0,0,0,,0,0,0,0,0,0,0,,,0,0,0,0,0,0,0,0,0,0,0
00-0039062,Jonathan Mingo,WR,WR,2026,4,REG,DAL,HOU,0,0,0,0,0,0,0,0,0,0,,,0,0,0,0,0,,0,2,0,0,16,0,0,-1.67414925061166,0,0.0465116279069768,0.0615384615384615,0.112844364937388,0,0,0,0,0,0,0,0
00-0039064,Zay Flowers,WR,WR,2026,4,REG,BAL,TEN,0,0,0,0,0,0,0,0,0,0,,,0,0,0,0,0,,8,10,118,1,78,48,4,4.31464605065412,1.51282051282051,0.344827586206897,0.380487804878049,0.783582842724979,0,0,0,0,0,0,17.8,25.8
00-0039065,Sam LaPorta,TE,TE,2026,4,REG,DET,CAR,0,0,0,0,0,0,0,0,0,0,,,0,0,0,0,0,,8,13,84,1,119,24,5,8.89012011027646,0.705882352941177,0.254901960784314,0.240890688259109,0.550976422957847,0,0,0,0,0,0,14.4,22.4
00-0039066,Michael Mayer,TE,TE,2026,4,REG,LV,KC,0,0,0,0,0,0,0,0,0,0,,,0,0,0,0,0,,8,10,82,0,58,38,5,1.70940694835735,1.41379310344828,0.208333333333333,0.12719298245614,0.401535087719298,0,0,0,0,0,0,8.2,16.2
00-0039068,Yaya Diaby,LB,LB,2026,4,REG,TB,GB,0,0,0,0,0,0,0,0,0,0,,,0,0,0,0,0,,0,0,0,0,0,0,0,,,0,0,0,0,0,0,0,0,0,0,0
00-0039070,Gervon Dexter Sr.,DT,DL,2026,4,REG,ATL,NO,0,0,0,0,0,0,0,0,0,0,,,0,0,0,0,0,,0,0,0,0,0,0,0,,,0,0,0,0,0,0,0,0,0,0,0
00-0039071,Tyrique Stevenson,CB,DB,2026,4,REG,CHI,NYJ,0,0,0,0,0,0,0,0,0,0,,,0,0,0,0,0,,0,0,0,0,0,0,0,,,0,0,0,0,0,0,0,0,0,0,0
00-0039074,Davis Allen,TE,TE,2026,4,REG,LA,PHI,0,0,0,0,0,0,0,0,0,0,,,0,0,0,0,0,,0,2,0,0,9,0,0,-0.946650814381428,0,0.04,0.0198675496688742,0.0739072847682119,0,0,0,0,0,0,0,0
00-0039075,Puka Nacua,WR,WR,2026,4,REG,LA,PHI,0,0,0,0,0,0,0,0,0,0,,,1,2,1,1,0,0.888570908718975,9,12,125,0,136,41,5,3.71646579360232,0.919117647058824,0.24,0.300220750551876,0.570154525386313,0,0,0,0,0,0,18.7,27.7
00-0039108,Will Anderson Jr.,DE,DL,2026,4,REG,HOU,DAL,0,0,0,0,0,0,0,0,0,0,,,0,0,0,0,0,,0,0,0,0,0,0,0,,,0,0,0,0,0,0,0,0,0,0,0
00-0039110,Keeanu Benton,DT,DL,2026,4,REG,PIT,CLE,0,0,0,0,0,0,0,0,0,0,,,0,0,0,0,0,,0,0,0,0,0,0,0,,,0,0,0,0,0,0,0,0,0,0,0
00-0039111,Tuli Tuipulotu,LB,LB,2026,4,REG,LAC,SEA,0,0,0,0,0,0,0,0,0,0,,,0,0,0,0,0,,0,0,0,0,0,0,0,,,0,0,0,0,0,0,0,0,0,0,0
00-0039112,Lukas Van Ness,LB,LB,2026,4,REG,GB,TB,0,0,0,0,0,0,0,0,0,0,,,0,0,0,0,0,,0,0,0,0,0,0,0,,,0,0,0,0,0,0,0,0,0,0,0
00-0039137,Byron Young,LB,LB,2026,4,REG,LA,PHI,0,0,0,0,0,0,0,0,0,0,,,0,0,0,0,0,,0,0,0,0,0,0,0,,,0,0,0,0,0,0,0,0,0,0,0
00-0039138,Kobie Turner,DE,DL,2026,4,REG,LA,PHI,0,0,0,0,0,0,0,0,0,0,,,0,0,0,0,0,,0,0,0,0,0,0,0,,,0,0,0,0,0,0,0,0,0,0,0
00-0039139,Jahmyr Gibbs,RB,RB,2026,4,REG,DET,CAR,0,0,0,0,0,0,0,0,0,0,,,15,46,1,3,1,-0.349739215860609,4,7,31,0,22,20,0,-2.58098096981221,1.40909090909091,0.137254901960784,0.0445344129554656,0.237056442010002,0,0,0,0,0,0,13.7,17.7
00-0039140,Kelee Ringo,CB,DB,2026,4,REG,PHI,LA,0,0,0,0,0,0,0,0,0,0,,,0,0,0,0,0,,0,0,0,0,0,0,0,,,0,0,0,0,0,0,0,0,0,0,0
00-0039142,Will McDonald IV,DE,DL,2026,4,REG,NYJ,CHI,0,0,0,0,0,0,0,0,0,0,,,0,0,0,0,0,,0,0,0,0,0,0,0,,,0,0,0,0,0,0,0,0,0,0,0
00-0039148,Keion White,DE,DL,2026,4,REG,SF,DEN,0,0,0,0,0,0,0,0,0,0,,,0,0,0,0,0,,0,0,0,0,0,0,0,,,0,0,0,0,0,0,0,0,0,0,0
00-0039149,Quan Martin,SAF,DB,2026,4,REG,WAS,IND,0,0,0,0,0,0,0,0,0,0,,,0,0,0,0,0,,0,0,0,0,0,0,0,,,0,0,0,0,0,0,0,0,0,0,0
00-0039150,Bryce Young,QB,QB,2026,4,REG,CAR,DET,29,41,329,2,0,3,-11,342,112,17,20.5257028650959,8.99102668731641,3,3,0,1,0,-2.50872902909759,0,0,0,0,0,0,0,,,0,0,0,0,0,0,0,0,0,21.46,21.46
00-0039151,Emmanuel Forbes,CB,DB,2026,4,REG,LA,PHI,0,0,0,0,0,0,0,0,0,0,,,0,0,0,0,0,,0,0,0,0,0,0,0,,,0,0,0,0,0,0,0,0,0,0,0
00-0039156,Julius Brents,CB,DB,2026,4,REG,MIA,MIN,0,0,0,0,0,0,0,0,0,0,,,0,0,0,0,0,,0,0,0,0,0,0,0,,,0,0,0,0,0,0,0,0,0,0,0
00-0039163,C.J. Stroud,QB,QB,2026,4,REG,HOU,DAL,21,31,347,2,0,2,-12,385,135,14,15.1820470077548,15.1404716647588,2,12,0,1,0,0.911515567218885,0,0,0,0,0,0,0,,,0,0,0,0,0,0,0,0,0,23.08,23.08
00-0039169,Devon Witherspoon,CB,DB,2026,4,REG,SEA,LAC,0,0,0,0,0,0,0,0,0,0,,,0,0,0,0,0,,0,0,0,0,0,0,0,,,0,0,0,0,0,0,0,0,0,0,0
00-0039172,Jake Bates,K,SPEC,2026,4,REG,DET,CAR,0,0,0,0,0,0,0,0,0,0,,,0,0,0,0,0,,0,0,0,0,0,0,0,,,0,0,0,0,0,0,0,0,0,0,0
00-0039176,Basil Okoye,DT,DL,2026,4,REG,NYG,ARI,0,0,0,0,0,0,0,0,0,0,,,0,0,0,0,0,,0,0,0,0,0,0,0,,,0,0,0,0,0,0,0,0,0,0,0
00-0039178,Austin Ajiake,LB,LB,2026,4,REG,IND,WAS,0,0,0,0,0,0,0,0,0,0,,,0,0,0,0,0,,0,0,0,0,0,0,0,,,0,0,0,0,0,0,0,0,0,0,0
00-0039232,Nate Wiggins,CB,DB,2026,4,REG,BAL,TEN,0,0,0,0,0,0,0,0,0,0,,,0,0,0,0,0,,0,0,0,0,0,0,0,,,0,0,0,0,0,0,0,0,0,0,0
00-0039233,Roger Rosengarten,OT,OL,2026,4,REG,BAL,TEN,0,0,0,0,0,0,0,0,0,0,,,0,0,0,0,0,,0,0,0,0,0,0,0,,,0,0,0,0,0,0,0,0,0,0,0
00-0039284,Braiden McGregor,DE,DL,2026,4,REG,NYJ,CHI,0,0,0,0,0,0,0,0,0,0,,,0,0,0,0,0,,0,0,0,0,0,0,0,,,0,0,0,0,0,0,0,0,0,0,0
00-0039299,George Holani,RB,RB,2026,4,REG,SEA,LAC,0,0,0,0,0,0,0,0,0,0,,,7,18,0,0,0,-4.02594565565232,1,1,2,0,2,0,0,-0.616461963392794,1,0.05,0.0127388535031847,0.0839171974522293,0,0,0,0,0,0,2,3
00-0039309,Byron Murphy II,DT,DL,2026,4,REG,SEA,LAC,0,0,0,0,0,0,0,0,0,0,,,0,0,0,0,0,,0,0,0,0,0,0,0,,,0,0,0,0,0,0,0,0,0,0,0
00-0039323,Ryan Rehkow,P,SPEC,2026,4,REG,CIN,JAX,0,0,0,0,0,0,0,0,0,0,,,0,0,0,0,0,,0,0,0,0,0,0,0,,,0,0,0,0,0,0,0,0,0,0,0
00-0039324,Christian Roland-Wallace,CB,DB,2026,4,REG,KC,LV,0,0,0,0,0,0,0,0,0,0,,,0,0,0,0,0,,0,0,0,0,0,0,0,,,0,0,0,0,0,0,0,0,0,0,0
00-0039337,Malik Nabers,WR,WR,2026,4,REG,NYG,ARI,0,0,0,0,0,0,0,0,0,0,,,0,0,0,0,0,,6,7,112,1,113,7,4,10.8994338725461,0.991150442477876,0.241379310344828,0.340361445783133,0.600321977565434,0,0,0,0,0,0,17.2,23.2
00-0039338,Brock Bowers,TE,TE,2026,4,REG,LV,KC,0,0,0,0,0,0,0,0,0,0,,,0,0,0,0,0,,6,11,86,1,148,13,5,5.04995223373408,0.581081081081081,0.229166666666667,0.324561403508772,0.57094298245614,0,0,0,0,0,0,14.6,20.6
00-0039339,Taliese Fuaga,OT,OL,2026,4,REG,NO,ATL,0,0,0,0,0,0,0,0,0,0,,,0,0,0,0,0,,0,0,0,0,0,0,0,,,0,0,0,0,0,0,0,0,0,0,0
00-0039340,Laiatu Latu,DE,DL,2026,4,REG,IND,WAS,0,0,0,0,0,0,0,0,0,0,,,0,0,0,0,0,,0,0,0,0,0,0,0,,,0,0,0,0,0,0,0,0,0,0,0
00-0039341,Tyler Guyton,OT,OL,2026,4,REG,DAL,HOU,0,0,0,0,0,0,0,0,0,0,,,0,0,0,0,0,,0,0,0,0,0,0,0,,,0,0,0,0,0,0,0,0,0,0,0
00-0039343,Kamari Lassiter,CB,DB,2026,4,REG,HOU,DAL,0,0,0,0,0,0,0,0,0,0,,,0,0,0,0,0,,0,0,0,0,0,0,0,,,0,0,0,0,0,0,0,0,0,0,0
00-0039345,Renardo Green,CB,DB,2026,4,REG,SF,DEN,0,0,0,0,0,0,0,0,0,0,,,0,0,0,0,0,,0,0,0,0,0,0,0,,,0,0,0,0,0,0,0,0,0,0,0
00-0039353,Jarrian Jones,CB,DB,2026,4,REG,JAX,CIN,0,0,0,0,0,0,0,0,0,0,,,0,0,0,0,0,,0,0,0,0,0,0,0,,,0,0,0,0,0,0,0,0,0,0,0
00-0039359,Cade Stover,TE,TE,2026,4,REG,HOU,DAL,0,0,0,0,0,0,0,0,0,0,,,0,0,0,0,0,,1,1,20,0,1,19,1,1.28662883164361,20,0.0384615384615385,0.0025974025974026,0.0595104895104895,0,0,0,0,0,0,2,3
00-0039360,Malik Mustapha,SAF,DB,2026,4,REG,SF,DEN,0,0,0,0,0,0,0,0,0,0,,,0,0,0,0,0,,0,0,0,0,0,0,0,,,0,0,0,0,0,0,0,0,0,0,0
00-0039361,Bucky Irving,RB,RB,2026,4,REG,TB,GB,0,0,0,0,0,0,0,0,0,0,,,16,61,0,3,0,-0.925633047532756,0,0,0,0,0,0,0,,,0,0,0,0,0,0,0,0,0,6.1,6.1
00-0039364,Sione Vaki,RB,RB,2026,4,REG,DET,CAR,0,0,0,0,0,0,0,0,0,0,,,0,0,0,0,0,,1,2,17,0,0,15,1,1.39069001562893,0,0.0392156862745098,0,0.0588235294117647,0,0,0,0,0,0,1.7,2.7
00-0039365,Jacob Cowing,WR,WR,2026,4,REG,SF,DEN,0,0,0,0,0,0,0,0,0,0,,,1,2,0,0,0,0.0161936450749636,0,1,0,0,15,0,0,-1.34005654323846,0,0.0344827586206897,0.0590551181102362,0.0930627206081998,0,0,0,0,0,0,0.2,0.2
00-0039366,Tarheeb Still,CB,DB,2026,4,REG,LAC,SEA,0,0,0,0,0,0,0,0,0,0,,,0,0,0,0,0,,0,0,0,0,0,0,0,,,0,0,0,0,0,0,0,0,0,0,0
00-0039369,Cam Hart,CB,DB,2026,4,REG,LAC,SEA,0,0,0,0,0,0,0,0,0,0,,,0,0,0,0,0,,0,0,0,0,0,0,0,,,0,0,0,0,0,0,0,0,0,0,0
00-0039371,Kris Abrams-Draine,CB,DB,2026,4,REG,DEN,SF,0,0,0,0,0,0,0,0,0,0,,,0,0,0,0,0,,0,0,0,0,0,0,0,,,0,0,0,0,0,0,0,0,0,0,0
00-0039374,Tommy Eichenberg,LB,LB,2026,4,REG,LV,KC,0,0,0,0,0,0,0,0,0,0,,,0,0,0,0,0,,0,0,0,0,0,0,0,,,0,0,0,0,0,0,0,0,0,0,0
00-0039377,Jaylon Carlies,LB,LB,2026,4,REG,IND,WAS,0,0,0,0,0,0,0,0,0,0,,,0,0,0,0,0,,0,0,0,0,0,0,0,,,0,0,0,0,0,0,0,0,0,0,0
00-0039380,Chau Smith-Wade,CB,DB,2026,4,REG,CAR,DET,0,0,0,0,0,0,0,0,0,0,,,0,0,0,0,0,,0,0,0,0,0,0,0,,,0,0,0,0,0,0,0,0,0,0,0
00-0039383,Jaylin Simpson,CB,DB,2026,4,REG,MIA,MIN,0,0,0,0,0,0,0,0,0,0,,,0,0,0,0,0,,0,0,0,0,0,0,0,,,0,0,0,0,0,0,0,0,0,0,0
00-0039384,Tyrone Tracy Jr.,RB,RB,2026,4,REG,NYG,ARI,0,0,0,0,0,0,0,0,0,0,,,1,-1,0,0,0,-1.03505208762363,0,0,0,0,0,0,0,,,0,0,0,0,0,0,0,0,0,-0.1,-0.1
00-0039391,Kimani Vidal,RB,RB,2026,4,REG,LAC,SEA,0,0,0,0,0,0,0,0,0,0,,,5,25,0,0,0,0.960512126878197,2,3,11,1,-9,17,1,1.2855983262416,-1.22222222222222,0.0967741935483871,-0.0401785714285714,0.117036290322581,0,0,0,0,0,0,9.6,11.6
00-0039395,Jamal Hill,LB,LB,2026,4,REG,HOU,DAL,0,0,0,0,0,0,0,0,0,0,,,0,0,0,0,0,,0,0,0,0,0,0,0,,,0,0,0,0,0,0,0,0,0,0,0
00-0039401,Khristian Boyd,DT,DL,2026,4,REG,NO,ATL,0,0,0,0,0,0,0,0,0,0,,,0,0,0,0,0,,0,0,0,0,0,0,0,,,0,0,0,0,0,0,0,0,0,0,0
00-0039402,Jaden Crumedy,DT,DL,2026,4,REG,HOU,DAL,0,0,0,0,0,0,0,0,0,0,,,0,0,0,0,0,,0,0,0,0,0,0,0,,,0,0,0,0,0,0,0,0,0,0,0
00-0039404,Will Reichard,K,SPEC,2026,4,REG,MIN,MIA,0,0,0,0,0,0,0,0,0,0,,,0,0,0,0,0,,0,0,0,0,0,0,0,,,0,0,0,0,0,0,0,0,0,0,0
00-0039407,Dylan Laube,RB,RB,2026,4,REG,LV,KC,0,0,0,0,0,0,0,0,0,0,,,0,0,0,0,0,,0,0,0,0,0,0,0,,,0,0,0,0,0,0,0,0,0,0,0
00-0039409,Cam Little,K,SPEC,2026,4,REG,JAX,CIN,0,0,0,0,0,0,0,0,0,0,,,0,0,0,0,0,,0,0,0,0,0,0,0,,,0,0,0,0,0,0,0,0,0,0,0
00-0039410,Ryan Flournoy,WR,WR,2026,4,REG,DAL,HOU,0,0,0,0,0,0,0,0,0,0,,,0,0,0,0,0,,4,5,37,0,5,29,2,3.68491040414665,7.4,0.116279069767442,0.0192307692307692,0.187880143112701,0,0,0,0,0,0,3.7,7.7
00-0039417,Myles Harden,CB,DB,2026,4,REG,CLE,PIT,0,0,0,0,0,0,0,0,0,0,,,0,0,0,0,0,,0,0,0,0,0,0,0,,,0,0,0,0,0,0,0,0,0,0,0
00-0039424,Devaughn Vele,WR,WR,2026,4,REG,NO,ATL,0,0,0,0,0,0,0,0,0,0,,,0,0,0,0,0,,6,9,54,1,90,7,3,3.96176401810911,0.6,0.191489361702128,0.189873417721519,0.420145434958255,0,0,0,0,0,0,11.4,17.4
00-0039431,Jowon Briggs,DE,DL,2026,4,REG,NYJ,CHI,0,0,0,0,0,0,0,0,0,0,,,0,0,0,0,0,,0,0,0,0,0,0,0,,,0,0,0,0,0,0,0,0,0,0,0
00-0039451,Isaiah Williams,WR,WR,2026,4,REG,NYJ,CHI,0,0,0,0,0,0,0,0,0,0,,,0,0,0,0,0,,2,3,73,1,47,28,2,5.3979693094152,1.5531914893617,0.2,0.505376344086022,0.653763440860215,0,0,0,0,0,0,13.3,15.3
00-0039459,Theo Benedet,OL,OL,2026,4,REG,CHI,NYJ,0,0,0,0,0,0,0,0,0,0,,,0,0,0,0,0,,0,0,0,0,0,0,0,,,0,0,0,0,0,0,0,0,0,0,0
00-0039465,Reddy Steward,DB,DB,2026,4,REG,DAL,HOU,0,0,0,0,0,0,0,0,0,0,,,0,0,0,0,0,,0,0,0,0,0,0,0,,,0,0,0,0,0,0,0,0,0,0,0
00-0039498,Harrison Mevis,K,SPEC,2026,4,REG,LA,PHI,0,0,0,0,0,0,0,0,0,0,,,0,0,0,0,0,,0,0,0,0,0,0,0,,,0,0,0,0,0,0,0,0,0,0,0
00-0039515,Winston Reid,LB,LB,2026,4,REG,CLE,PIT,0,0,0,0,0,0,0,0,0,0,,,0,0,0,0,0,,0,0,0,0,0,0,0,,,0,0,0,0,0,0,0,0,0,0,0
00-0039518,Treyton Welch,TE,TE,2026,4,REG,NO,ATL,0,0,0,0,0,0,0,0,0,0,,,0,0,0,0,0,,0,1,0,0,17,0,0,-0.577093763509765,0,0.0212765957446809,0.0358649789029536,0.0570203788490888,0,0,0,0,0,0,0,0
00-0039530,Brevyn Spann-Ford,TE,TE,2026,4,REG,DAL,HOU,0,0,0,0,0,0,0,0,0,0,,,0,0,0,0,0,,0,1,0,0,-2,0,0,-0.722164548002183,0,0.0232558139534884,-0.00769230769230769,0.0294991055456172,0,0,0,0,0,0,0,0
00-0039532,Julius Wood,DB,DB,2026,4,REG,MIA,MIN,0,0,0,0,0,0,0,0,0,0,,,0,0,0,0,0,,0,0,0,0,0,0,0,,,0,0,0,0,0,0,0,0,0,0,0
00-0039576,Spencer Shrader,K,SPEC,2026,4,REG,IND,WAS,0,0,0,0,0,0,0,0,0,0,,,0,0,0,0,0,,0,0,0,0,0,0,0,,,0,0,0,0,0,0,0,0,0,0,0
00-0039589,Kameron Johnson,WR,WR,2026,4,REG,TB,GB,0,0,0,0,0,0,0,0,0,0,,,0,0,0,0,0,,1,2,3,0,2,4,0,-4.13708818517625,1.5,0.0769230769230769,0.0176991150442478,0.127773995915589,0,0,0,0,0,0,0.3,1.3
00-0039622,Isaiah Stalbird,LB,LB,2026,4,REG,NO,ATL,0,0,0,0,0,0,0,0,0,0,,,0,0,0,0,0,,0,0,0,0,0,0,0,,,0,0,0,0,0,0,0,0,0,0,0
00-0039632,PJ Jules,SAF,DB,2026,4,REG,CIN,JAX,0,0,0,0,0,0,0,0,0,0,,,0,0,0,0,0,,0,0,0,0,0,0,0,,,0,0,0,0,0,0,0,0,0,0,0
00-0039634,Austin McNamara,P,SPEC,2026,4,REG,NYJ,CHI,0,0,0,0,0,0,0,0,0,0,,,0,0,0,0,0,,0,0,0,0,0,0,0,,,0,0,0,0,0,0,0,0,0,0,0
00-0039681,Tyler Owens,DB,DB,2026,4,REG,WAS,IND,0,0,0,0,0,0,0,0,0,0,,,0,0,0,0,0,,0,0,0,0,0,0,0,,,0,0,0,0,0,0,0,0,0,0,0
00-0039686,Colson Yankoff,TE,TE,2026,4,REG,WAS,IND,0,0,0,0,0,0,0,0,0,0,,,0,0,0,0,0,,0,1,0,0,20,0,0,-0.538583556306548,0,0.0277777777777778,0.0484261501210654,0.0755649717514124,0,0,0,0,0,0,0,0
00-0039710,Jeshaun Jones,WR,WR,2026,4,REG,MIN,MIA,0,0,0,0,0,0,0,0,0,0,,,0,0,0,0,0,,0,0,0,0,0,0,0,,,0,0,0,0,0,0,0,0,0,0,0
00-0039725,Jayden Price,CB,DB,2026,4,REG,NO,ATL,0,0,0,0,0,0,0,0,0,0,,,0,0,0,0,0,,0,0,0,0,0,0,0,,,0,0,0,0,0,0,0,0,0,0,0
00-0039732,Bo Nix,QB,QB,2026,4,REG,DEN,SF,25,42,214,1,0,0,0,187,180,10,4.71768412946058,-4.01125534584648,2,10,0,1,0,0.345218400703743,0,0,0,0,0,0,0,,,0,0,0,0,0,0,0,0,0,13.56,13.56
00-0039733,Ruke Orhorhoro,DT,DL,2026,4,REG,JAX,CIN,0,0,0,0,0,0,0,0,0,0,,,0,0,0,0,0,,0,0,0,0,0,0,0,,,0,0,0,0,0,0,0,0,0,0,0
00-0039734,Braden Fiske,DE,DL,2026,4,REG,LA,PHI,0,0,0,0,0,0,0,0,0,0,,,0,0,0,0,0,,0,0,0,0,0,0,0,,,0,0,0,0,0,0,0,0,0,0,0
00-0039738,Blake Corum,RB,RB,2026,4,REG,LA,PHI,0,0,0,0,0,0,0,0,0,0,,,5,14,0,0,0,-1.40026039071381,1,2,7,0,5,5,0,-0.638616637326777,1.4,0.04,0.011037527593819,0.0677262693156733,0,0,0,0,0,0,2.1,3.1
00-0039739,Roman Wilson,WR,WR,2026,4,REG,PIT,CLE,0,0,0,0,0,0,0,0,0,0,,,0,0,0,0,0,,3,6,74,1,121,45,3,5.46891147174756,0.611570247933884,0.153846153846154,0.285377358490566,0.430533381712627,0,0,0,0,0,0,13.4,16.4
00-0039740,Jalyx Hunt,LB,LB,2026,4,REG,PHI,LA,0,0,0,0,0,0,0,0,0,0,,,0,0,0,0,0,,0,0,0,0,0,0,0,,,0,0,0,0,0,0,0,0,0,0,0
00-0039741,Payton Wilson,LB,LB,2026,4,REG,PIT,CLE,0,0,0,0,0,0,0,0,0,0,,,0,0,0,0,0,,0,0,0,0,0,0,0,,,0,0,0,0,0,0,0,0,0,0,0
00-0039746,Will Shipley,RB,RB,2026,4,REG,PHI,LA,0,0,0,0,0,0,0,0,0,0,,,6,23,0,1,0,-0.907520000764634,0,1,0,0,-3,0,0,-0.737233837135136,0,0.04,-0.0138248847926267,0.0503225806451613,0,0,0,0,0,0,2.3,2.3
00-0039749,Tyler Davis,DE,DL,2026,4,REG,LA,PHI,0,0,0,0,0,0,0,0,0,0,,,0,0,0,0,0,,0,0,0,0,0,0,0,,,0,0,0,0,0,0,0,0,0,0,0
00-0039751,Jordan Whittington,WR,WR,2026,4,REG,LA,PHI,0,0,0,0,0,0,0,0,0,0,,,0,0,0,0,0,,1,2,4,0,6,0,0,-0.938678320380859,0.666666666666667,0.04,0.0132450331125828,0.0692715231788079,0,0,0,0,0,0,0.4,1.4
00-0039752,Cedric Johnson,DE,DL,2026,4,REG,CIN,JAX,0,0,0,0,0,0,0,0,0,0,,,0,0,0,0,0,,0,0,0,0,0,0,0,,,0,0,0,0,0,0,0,0,0,0,0
00-0039763,Joe Andreessen,LB,LB,2026,4,REG,BUF,NE,0,0,0,0,0,0,0,0,0,0,,,0,0,0,0,0,,0,0,0,0,0,0,0,,,0,0,0,0,0,0,0,0,0,0,0
00-0039770,Charles Woods,CB,DB,2026,4,REG,NE,BUF,0,0,0,0,0,0,0,0,0,0,,,0,0,0,0,0,,0,0,0,0,0,0,0,,,0,0,0,0,0,0,0,0,0,0,0
00-0039772,Josh Wallace,CB,DB,2026,4,REG,LA,PHI,0,0,0,0,0,0,0,0,0,0,,,0,0,0,0,0,,0,0,0,0,0,0,0,,,0,0,0,0,0,0,0,0,0,0,0
00-0039774,Omar Speights,LB,LB,2026,4,REG,LA,PHI,0,0,0,0,0,0,0,0,0,0,,,0,0,0,0,0,,0,0,0,0,0,0,0,,,0,0,0,0,0,0,0,0,0,0,0
00-0039789,Qwan'tez Stiggers,DB,DB,2026,4,REG,NYJ,CHI,0,0,0,0,0,0,0,0,0,0,,,0,0,0,0,0,,0,0,0,0,0,0,0,,,0,0,0,0,0,0,0,0,0,0,0
00-0039792,Devontez Walker,WR,WR,2026,4,REG,BAL,TEN,0,0,0,0,0,0,0,0,0,0,,,0,0,0,0,0,,1,2,19,0,37,6,1,1.68352277844679,0.513513513513514,0.0689655172413793,0.180487804878049,0.229789739276703,0,0,0,0,0,0,1.9,2.9
00-0039793,AJ Barner,TE,TE,2026,4,REG,SEA,LAC,0,0,0,0,0,0,0,0,0,0,,,0,0,0,0,0,,1,3,12,0,18,7,1,-0.993157159653492,0.666666666666667,0.15,0.114649681528662,0.305254777070064,0,0,0,0,0,0,1.2,2.2
00-0039794,Braelon Allen,RB,RB,2026,4,REG,NYJ,CHI,0,0,0,0,0,0,0,0,0,0,,,14,59,0,3,1,0.47261034976691,2,2,8,0,0,8,1,0.0731914843199775,0,0.133333333333333,0,0.2,0,0,0,0,0,0,6.7,8.7
00-0039795,Nehemiah Pritchett,CB,DB,2026,4,REG,SEA,LAC,0,0,0,0,0,0,0,0,0,0,,,0,0,0,0,0,,0,0,0,0,0,0,0,,,0,0,0,0,0,0,0,0,0,0,0
00-0039798,Isaiah Davis,RB,RB,2026,4,REG,NYJ,CHI,0,0,0,0,0,0,0,0,0,0,,,0,0,0,0,0,,0,0,0,0,0,0,0,,,0,0,0,0,0,0,0,0,0,0,0
00-0039807,Max Melton,CB,DB,2026,4,REG,ARI,NYG,0,0,0,0,0,0,0,0,0,0,,,0,0,0,0,0,,0,0,0,0,0,0,0,,,0,0,0,0,0,0,0,0,0,0,0
00-0039808,Isaiah Adams,G,OL,2026,4,REG,ARI,NYG,0,0,0,0,0,0,0,0,0,0,,,0,0,0,0,0,,0,0,0,0,0,0,0,,,0,0,0,0,0,0,0,0,0,0,0
00-0039809,Jonah Elliss,LB,LB,2026,4,REG,DEN,SF,0,0,0,0,0,0,0,0,0,0,,,0,0,0,0,0,,0,0,0,0,0,0,0,,,0,0,0,0,0,0,0,0,0,0,0
00-0039811,MarShawn Lloyd,RB,RB,2026,4,REG,GB,TB,0,0,0,0,0,0,0,0,0,0,,,7,13,0,1,0,-3.01735115307383,5,5,36,0,-11,47,2,0.257041556331957,-3.27272727272727,0.166666666666667,-0.0511627906976744,0.214186046511628,0,0,0,0,0,0,4.9,9.9
00-0039812,Ty'Ron Hopper,LB,LB,2026,4,REG,GB,TB,0,0,0,0,0,0,0,0,0,0,,,0,0,0,0,0,,0,0,0,0,0,0,0,,,0,0,0,0,0,0,0,0,0,0,0
00-0039813,Evan Williams,SAF,DB,2026,4,REG,GB,TB,0,0,0,0,0,0,0,0,0,0,,,0,0,0,0,0,,0,0,0,0,0,0,0,,,0,0,0,0,0,0,0,0,0,0,0
00-0039816,Anthony Gould,WR,WR,2026,4,REG,IND,WAS,0,0,0,0,0,0,0,0,0,0,,,0,0,0,0,0,,0,0,0,0,0,0,0,,,0,0,0,0,0,0,0,0,0,0,0
00-0039819,Travis Glover,OT,OL,2026,4,REG,GB,TB,0,0,0,0,0,0,0,0,0,0,,,0,0,0,0,0,,0,0,0,0,0,0,0,,,0,0,0,0,0,0,0,0,0,0,0
00-0039821,Andru Phillips,DB,DB,2026,4,REG,NYG,ARI,0,0,0,0,0,0,0,0,0,0,,,0,0,0,0,0,,0,0,0,0,0,0,0,,,0,0,0,0,0,0,0,0,0,0,0
00-0039825,Jaden Hicks,SAF,DB,2026,4,REG,KC,LV,0,0,0,0,0,0,0,0,0,0,,,0,0,0,0,0,,0,0,0,0,0,0,0,,,0,0,0,0,0,0,0,0,0,0,0
00-0039826,Jeremiah Trotter Jr.,LB,LB,2026,4,REG,PHI,LA,0,0,0,0,0,0,0,0,0,0,,,0,0,0,0,0,,0,0,0,0,0,0,0,,,0,0,0,0,0,0,0,0,0,0,0
00-0039829,Darius Muasau,LB,LB,2026,4,REG,NE,BUF,0,0,0,0,0,0,0,0,0,0,,,0,0,0,0,0,,0,0,0,0,0,0,0,,,0,0,0,0,0,0,0,0,0,0,0
00-0039834,Kamren Kinchens,SAF,DB,2026,4,REG,LA,PHI,0,0,0,0,0,0,0,0,0,0,,,0,0,0,0,0,,0,0,0,0,0,0,0,,,0,0,0,0,0,0,0,0,0,0,0
00-0039835,Justin Eboigbe,DT,DL,2026,4,REG,LAC,SEA,0,0,0,0,0,0,0,0,0,0,,,0,0,0,0,0,,0,0,0,0,0,0,0,,,0,0,0,0,0,0,0,0,0,0,0
00-0039838,Calen Bullock,SAF,DB,2026,4,REG,HOU,DAL,0,0,0,0,0,0,0,0,0,0,,,0,0,0,0,0,,0,0,0,0,0,0,0,,,0,0,0,0,0,0,0,0,0,0,0
00-0039840,Austin Booker,DE,DL,2026,4,REG,CHI,NYJ,0,0,0,0,0,0,0,0,0,0,,,0,0,0,0,0,,0,0,0,0,0,0,0,,,0,0,0,0,0,0,0,0,0,0,0
00-0039841,Cooper DeJean,CB,DB,2026,4,REG,PHI,LA,0,0,0,0,0,0,0,0,0,0,,,0,0,0,0,0,,0,0,0,0,0,0,0,,,0,0,0,0,0,0,0,0,0,0,0
00-0039846,Tykee Smith,SAF,DB,2026,4,REG,TB,GB,0,0,0,0,0,0,0,0,0,0,,,0,0,0,0,0,,0,0,0,0,0,0,0,,,0,0,0,0,0,0,0,0,0,0,0
00-0039847,Theo Johnson,TE,TE,2026,4,REG,NYG,ARI,0,0,0,0,0,0,0,0,0,0,,,0,0,0,0,0,,1,1,11,1,11,0,1,2.23206821782514,1,0.0344827586206897,0.0331325301204819,0.0749169090153718,0,0,0,0,0,0,7.1,8.1
00-0039849,Marvin Harrison Jr.,WR,WR,2026,4,REG,ARI,NYG,0,0,0,0,0,0,0,0,0,0,,,0,0,0,0,0,,1,4,12,1,43,0,1,-1.38855634018546,0.27906976744186,0.114285714285714,0.183760683760684,0.30006105006105,0,0,0,0,0,0,7.2,8.2
00-0039850,Edgerrin Cooper,LB,LB,2026,4,REG,GB,TB,0,0,0,0,0,0,0,0,0,0,,,0,0,0,0,0,,0,0,0,0,0,0,0,,,0,0,0,0,0,0,0,0,0,0,0
00-0039851,Drake Maye,QB,QB,2026,4,REG,NE,BUF,22,37,269,3,1,1,-7,366,65,15,11.0266030729913,1.0979063808918,8,54,0,4,3,4.78982961244765,0,0,0,0,0,0,0,,,0,0,0,0,0,1,0,0,1,26.16,26.16
00-0039852,Jared Verse,DE,DL,2026,4,REG,CLE,PIT,0,0,0,0,0,0,0,0,0,0,,,0,0,0,0,0,,0,0,0,0,0,0,0,,,0,0,0,0,0,0,0,0,0,0,0
00-0039854,Darius Robinson,DL,DL,2026,4,REG,ARI,NYG,0,0,0,0,0,0,0,0,0,0,,,0,0,0,0,0,,0,0,0,0,0,0,0,,,0,0,0,0,0,0,0,0,0,0,0
00-0039858,Cedric Gray,LB,LB,2026,4,REG,TEN,BAL,0,0,0,0,0,0,0,0,0,0,,,0,0,0,0,0,,0,0,0,0,0,0,0,,,0,0,0,0,0,0,0,0,0,0,0
00-0039859,Brandon Dorlus,DE,DL,2026,4,REG,ATL,NO,0,0,0,0,0,0,0,0,0,0,,,0,0,0,0,0,,0,0,0,0,0,0,0,,,0,0,0,0,0,0,0,0,0,0,0
00-0039860,Kool-Aid McKinstry,CB,DB,2026,4,REG,NO,ATL,0,0,0,0,0,0,0,0,0,0,,,0,0,0,0,0,,0,0,0,0,0,0,0,,,0,0,0,0,0,0,0,0,0,0,0
00-0039861,Tyler Nubin,SAF,DB,2026,4,REG,NYG,ARI,0,0,0,0,0,0,0,0,0,0,,,0,0,0,0,0,,0,0,0,0,0,0,0,,,0,0,0,0,0,0,0,0,0,0,0
00-0039862,Ennis Rakestraw Jr.,CB,DB,2026,4,REG,DET,CAR,0,0,0,0,0,0,0,0,0,0,,,0,0,0,0,0,,0,0,0,0,0,0,0,,,0,0,0,0,0,0,0,0,0,0,0
00-0039867,Javon Bullard,SAF,DB,2026,4,REG,GB,TB,0,0,0,0,0,0,0,0,0,0,,,0,0,0,0,0,,0,0,0,0,0,0,0,,,0,0,0,0,0,0,0,0,0,0,0
00-0039872,Cole Bishop,SAF,DB,2026,4,REG,BUF,NE,0,0,0,0,0,0,0,0,0,0,,,0,0,0,0,0,,0,0,0,0,0,0,0,,,0,0,0,0,0,0,0,0,0,0,0
00-0039873,DeWayne Carter,DT,DL,2026,4,REG,BUF,NE,0,0,0,0,0,0,0,0,0,0,,,0,0,0,0,0,,0,0,0,0,0,0,0,,,0,0,0,0,0,0,0,0,0,0,0
00-0039874,Jaylen Wright,RB,RB,2026,4,REG,MIA,MIN,0,0,0,0,0,0,0,0,0,0,,,5,7,0,0,0,-3.64569364045747,0,0,0,0,0,0,0,,,0,0,0,0,0,0,0,0,0,0.7,0.7
00-0039875,Ray Davis,RB,RB,2026,4,REG,BUF,NE,0,0,0,0,0,0,0,0,0,0,,,1,3,0,0,0,-0.164483630331233,1,1,4,0,-7,11,0,-0.254140774020925,-0.571428571428571,0.0333333333333333,-0.025,0.0325,0,0,0,0,0,0,0.7,1.7
00-0039880,Malik Washington,WR,WR,2026,4,REG,MIA,MIN,0,0,0,0,0,0,0,0,0,0,,,2,3,0,0,0,-1.12069538375363,5,5,67,0,37,30,2,3.62991941568907,1.81081081081081,0.294117647058824,0.238709677419355,0.608273244781784,0,0,0,0,0,0,7,12
00-0039886,T'Vondre Sweat,DT,DL,2026,4,REG,NYJ,CHI,0,0,0,0,0,0,0,0,0,0,,,0,0,0,0,0,,0,0,0,0,0,0,0,,,0,0,0,0,0,0,0,0,0,0,0
00-0039888,Quinyon Mitchell,CB,DB,2026,4,REG,PHI,LA,0,0,0,0,0,0,0,0,0,0,,,0,0,0,0,0,,0,0,0,0,0,0,0,,,0,0,0,0,0,0,0,0,0,0,0
00-0039889,Maason Smith,DT,DL,2026,4,REG,ATL,NO,0,0,0,0,0,0,0,0,0,0,,,0,0,0,0,0,,0,0,0,0,0,0,0,,,0,0,0,0,0,0,0,0,0,0,0
00-0039893,Brian Thomas Jr.,WR,WR,2026,4,REG,JAX,CIN,0,0,0,0,0,0,0,0,0,0,,,0,0,0,0,0,,2,2,17,1,17,0,1,2.76816872971552,1,0.0869565217391304,0.104938271604938,0.203891572732152,0,0,0,0,0,0,7.7,9.7
00-0039894,Xavier Worthy,WR,WR,2026,4,REG,KC,LV,0,0,0,0,0,0,0,0,0,0,,,0,0,0,0,0,,4,7,70,0,115,24,2,3.69115641724784,0.608695652173913,0.259259259259259,0.343283582089552,0.629187396351575,0,0,0,0,0,0,7,11
00-0039895,Mike Hall Jr.,DT,DL,2026,4,REG,CLE,PIT,0,0,0,0,0,0,0,0,0,0,,,0,0,0,0,0,,0,0,0,0,0,0,0,,,0,0,0,0,0,0,0,0,0,0,0
00-0039899,Patrick Paul,OT,OL,2026,4,REG,MIA,MIN,0,0,0,0,0,0,0,0,0,0,,,0,0,0,0,0,,0,0,0,0,0,0,0,,,0,0,0,0,0,0,0,0,0,0,0
00-0039901,Keon Coleman,WR,WR,2026,4,REG,BUF,NE,0,0,0,0,0,0,0,0,0,0,,,0,0,0,0,0,,6,7,116,1,90,28,5,8.94048891606508,1.28888888888889,0.233333333333333,0.321428571428571,0.575,0,0,0,0,0,0,17.6,23.6
00-0039905,Graham Barton,C,OL,2026,4,REG,TB,GB,0,0,0,0,0,0,0,0,0,0,,,0,0,0,0,0,,0,0,0,0,0,0,0,,,0,0,0,0,0,0,0,0,0,0,0
00-0039908,Kris Jenkins,DT,DL,2026,4,REG,CIN,JAX,0,0,0,0,0,0,0,0,0,0,,,0,0,0,0,0,,0,0,0,0,0,0,0,,,0,0,0,0,0,0,0,0,0,0,0
00-0039911,Chop Robinson,LB,LB,2026,4,REG,MIA,MIN,0,0,0,0,0,0,0,0,0,0,,,0,0,0,0,0,,0,0,0,0,0,0,0,,,0,0,0,0,0,0,0,0,0,0,0
00-0039913,Brandon Coleman,G,OL,2026,4,REG,WAS,IND,0,0,0,0,0,0,0,0,0,0,,,0,0,0,0,0,,1,1,13,0,0,13,1,0.807865507318638,0,0.0277777777777778,0,0.0416666666666667,0,0,0,0,0,0,1.3,2.3
00-0039915,Ladd McConkey,WR,WR,2026,4,REG,LAC,SEA,0,0,0,0,0,0,0,0,0,0,,,0,0,0,0,0,,0,2,0,0,20,0,0,-6.23347128037131,0,0.0645161290322581,0.0892857142857143,0.159274193548387,0,0,0,0,0,0,0,0
00-0039917,Michael Penix Jr.,QB,QB,2026,4,REG,ATL,NO,15,20,223,1,0,1,-8,130,122,9,10.6498557880727,1.75271466374397,2,-2,0,0,0,0,0,0,0,0,0,0,0,,,0,0,0,0,0,0,0,0,0,12.72,12.72
00-0039919,Rome Odunze,WR,WR,2026,4,REG,CHI,NYJ,0,0,0,0,0,0,0,0,0,0,,,0,0,0,0,0,,6,7,94,0,81,32,4,6.66239972301992,1.16049382716049,0.225806451612903,0.380281690140845,0.604906860517946,0,0,0,0,0,0,9.4,15.4
00-0039920,Malachi Corley,WR,WR,2026,4,REG,CLE,PIT,0,0,0,0,0,0,0,0,0,0,,,0,0,0,0,0,,0,0,0,0,0,0,0,,,0,0,0,0,0,0,0,0,0,0,0
00-0039924,Dallas Turner,LB,LB,2026,4,REG,MIN,MIA,0,0,0,0,0,0,0,0,0,0,,,0,0,0,0,0,,0,0,0,0,0,0,0,,,0,0,0,0,0,0,0,0,0,0,0
00-0039926,Jalen Sundell,C,OL,2026,4,REG,SEA,LAC,0,0,0,0,0,0,0,0,0,0,,,0,0,0,0,0,,0,0,0,0,0,0,0,,,0,0,0,0,0,0,0,0,0,0,0
00-0040010,Barryn Sorrell,DE,DL,2026,4,REG,GB,TB,0,0,0,0,0,0,0,0,0,0,,,0,0,0,0,0,,0,0,0,0,0,0,0,,,0,0,0,0,0,0,0,0,0,0,0
00-0040011,Shemar James,LB,LB,2026,4,REG,DAL,HOU,0,0,0,0,0,0,0,0,0,0,,,0,0,0,0,0,,0,0,0,0,0,0,0,,,0,0,0,0,0,0,0,0,0,0,0
00-0040013,Smael Mondon Jr.,LB,LB,2026,4,REG,PHI,LA,0,0,0,0,0,0,0,0,0,0,,,0,0,0,0,0,,0,0,0,0,0,0,0,,,0,0,0,0,0,0,0,0,0,0,0
00-0040020,Micah Robinson,CB,DB,2026,4,REG,TEN,BAL,0,0,0,0,0,0,0,0,0,0,,,0,0,0,0,0,,0,0,0,0,0,0,0,,,0,0,0,0,0,0,0,0,0,0,0
00-0040024,Darius Cooper,WR,WR,2026,4,REG,PHI,LA,0,0,0,0,0,0,0,0,0,0,,,0,0,0,0,0,,3,7,33,2,98,3,2,-0.769864339556079,0.336734693877551,0.28,0.451612903225806,0.736129032258065,0,0,0,0,0,0,15.3,18.3
00-0040041,Nazir Stackhouse,DT,DL,2026,4,REG,TEN,BAL,0,0,0,0,0,0,0,0,0,0,,,0,0,0,0,0,,0,0,0,0,0,0,0,,,0,0,0,0,0,0,0,0,0,0,0
00-0040043,Justin Barron,LB,LB,2026,4,REG,DAL,HOU,0,0,0,0,0,0,0,0,0,0,,,0,0,0,0,0,,0,0,0,0,0,0,0,,,0,0,0,0,0,0,0,0,0,0,0
00-0040045,Alijah Clark,DB,DB,2026,4,REG,DAL,HOU,0,0,0,0,0,0,0,0,0,0,,,0,0,0,0,0,,0,0,0,0,0,0,0,,,0,0,0,0,0,0,0,0,0,0,0
00-0040061,Connor O'Toole,LB,LB,2026,4,REG,SEA,LAC,0,0,0,0,0,0,0,0,0,0,,,0,0,0,0,0,,0,0,0,0,0,0,0,,,0,0,0,0,0,0,0,0,0,0,0
00-0040066,Jackson Woodard,LB,LB,2026,4,REG,MIA,MIN,0,0,0,0,0,0,0,0,0,0,,,0,0,0,0,0,,0,0,0,0,0,0,0,,,0,0,0,0,0,0,0,0,0,0,0
00-0040069,Teddye Buchanan,LB,LB,2026,4,REG,BAL,TEN,0,0,0,0,0,0,0,0,0,0,,,0,0,0,0,0,,0,0,0,0,0,0,0,,,0,0,0,0,0,0,0,0,0,0,0
00-0040071,Mac McWilliams,CB,DB,2026,4,REG,PHI,LA,0,0,0,0,0,0,0,0,0,0,,,0,0,0,0,0,,0,0,0,0,0,0,0,,,0,0,0,0,0,0,0,0,0,0,0
00-0040072,Jeffrey Bassa,LB,LB,2026,4,REG,KC,LV,0,0,0,0,0,0,0,0,0,0,,,0,0,0,0,0,,0,0,0,0,0,0,0,,,0,0,0,0,0,0,0,0,0,0,0
00-0040074,Tyler Loop,K,SPEC,2026,4,REG,BAL,TEN,0,0,0,0,0,0,0,0,0,0,,,0,0,0,0,0,,0,0,0,0,0,0,0,,,0,0,0,0,0,0,0,0,0,0,0
00-0040075,LaJohntay Wester,WR,WR,2026,4,REG,BAL,TEN,0,0,0,0,0,0,0,0,0,0,,,0,0,0,0,0,,0,0,0,0,0,0,0,,,0,0,0,0,0,0,0,0,0,0,0
00-0040081,Jake Briningstool,TE,TE,2026,4,REG,KC,LV,0,0,0,0,0,0,0,0,0,0,,,0,0,0,0,0,,0,0,0,0,0,0,0,,,0,0,0,0,0,0,0,0,0,0,0
00-0040089,Kevin Knowles,DB,DB,2026,4,REG,TB,GB,0,0,0,0,0,0,0,0,0,0,,,0,0,0,0,0,,0,0,0,0,0,0,0,,,0,0,0,0,0,0,0,0,0,0,0
00-0040104,Keondre Jackson,SAF,DB,2026,4,REG,BAL,TEN,0,0,0,0,0,0,0,0,0,0,,,0,0,0,0,0,,0,0,0,0,0,0,0,,,0,0,0,0,0,0,0,0,0,0,0
00-0040122,Ashton Jeanty,RB,RB,2026,4,REG,LV,KC,0,0,0,0,0,0,0,0,0,0,,,15,58,0,3,1,-2.85813367768887,6,8,68,0,10,60,3,-0.665394702497529,6.8,0.166666666666667,0.0219298245614035,0.265350877192982,0,0,0,0,0,0,12.6,18.6
00-0040124,Tetairoa McMillan,WR,WR,2026,4,REG,CAR,DET,0,0,0,0,0,0,0,0,0,0,,,0,0,0,0,0,,14,16,192,2,152,65,8,16.6622713787947,1.26315789473684,0.41025641025641,0.444444444444444,0.926495726495727,0,0,0,0,0,0,31.2,45.2
00-0040126,Colston Loveland,TE,TE,2026,4,REG,CHI,NYJ,0,0,0,0,0,0,0,0,0,0,,,0,0,0,0,0,,6,9,57,0,55,23,4,-4.08839848428033,1.03636363636364,0.290322580645161,0.258215962441315,0.616235044676662,0,0,0,0,0,0,5.7,11.7
00-0040128,Tyler Warren,TE,TE,2026,4,REG,IND,WAS,0,0,0,0,0,0,0,0,0,0,,,0,0,0,0,0,,5,5,41,0,21,20,2,2.32970310893143,1.95238095238095,0.172413793103448,0.1640625,0.373464439655172,0,0,0,0,0,0,4.1,9.1
00-0040129,Emeka Egbuka,WR,WR,2026,4,REG,TB,GB,0,0,0,0,0,0,0,0,0,0,,,0,0,0,0,0,,2,4,13,0,18,22,1,-4.2886931541143,0.722222222222222,0.153846153846154,0.15929203539823,0.342273655547992,0,0,0,0,0,0,1.3,3.3
00-0040131,Kyle Williams,WR,WR,2026,4,REG,NE,BUF,0,0,0,0,0,0,0,0,0,0,,,0,0,0,0,0,,0,2,0,0,18,0,0,-1.32956611493137,0,0.0555555555555556,0.0491803278688525,0.11775956284153,0,0,0,0,0,0,0,0
00-0040132,Landon Jackson,DE,DL,2026,4,REG,BUF,NE,0,0,0,0,0,0,0,0,0,0,,,0,0,0,0,0,,0,0,0,0,0,0,0,,,0,0,0,0,0,0,0,0,0,0,0
00-0040133,Azareye'h Thomas,CB,DB,2026,4,REG,NYJ,CHI,0,0,0,0,0,0,0,0,0,0,,,0,0,0,0,0,,0,0,0,0,0,0,0,,,0,0,0,0,0,0,0,0,0,0,0
00-0040134,Pat Bryant,WR,WR,2026,4,REG,DEN,SF,0,0,0,0,0,0,0,0,0,0,,,0,0,0,0,0,,3,3,47,0,31,16,2,5.2950322991237,1.51612903225806,0.0789473684210526,0.165775401069519,0.234463833380242,0,0,0,0,0,0,4.7,7.7
00-0040136,Princely Umanmielen,LB,LB,2026,4,REG,CAR,DET,0,0,0,0,0,0,0,0,0,0,,,0,0,0,0,0,,0,0,0,0,0,0,0,,,0,0,0,0,0,0,0,0,0,0,0
00-0040137,Jordan Burch,LB,LB,2026,4,REG,ARI,NYG,0,0,0,0,0,0,0,0,0,0,,,0,0,0,0,0,,0,0,0,0,0,0,0,,,0,0,0,0,0,0,0,0,0,0,0
00-0040138,Jaylin Noel,WR,WR,2026,4,REG,HOU,DAL,0,0,0,0,0,0,0,0,0,0,,,1,4,0,0,0,-0.139943856163882,3,3,85,0,70,15,3,4.66632663441123,1.21428571428571,0.115384615384615,0.181818181818182,0.30034965034965,0,0,0,0,0,0,8.9,11.9
00-0040139,Justin Walley,CB,DB,2026,4,REG,IND,WAS,0,0,0,0,0,0,0,0,0,0,,,0,0,0,0,0,,0,0,0,0,0,0,0,,,0,0,0,0,0,0,0,0,0,0,0
00-0040140,Dylan Fairchild,G,OL,2026,4,REG,CIN,JAX,0,0,0,0,0,0,0,0,0,0,,,0,0,0,0,0,,0,0,0,0,0,0,0,,,0,0,0,0,0,0,0,0,0,0,0
00-0040141,Kevin Winston Jr.,SAF,DB,2026,4,REG,TEN,BAL,0,0,0,0,0,0,0,0,0,0,,,0,0,0,0,0,,0,0,0,0,0,0,0,,,0,0,0,0,0,0,0,0,0,0,0
00-0040142,Kaleb Johnson,RB,RB,2026,4,REG,GB,TB,0,0,0,0,0,0,0,0,0,0,,,8,42,0,1,1,-5.88666371634463,0,0,0,0,0,0,0,,,0,0,0,1,0,0,0,0,0,2.2,2.2
00-0040143,Jacob Parrish,CB,DB,2026,4,REG,TB,GB,0,0,0,0,0,0,0,0,0,0,,,0,0,0,0,0,,0,0,0,0,0,0,0,,,0,0,0,0,0,0,0,0,0,0,0
00-0040144,Jamaree Caldwell,DT,DL,2026,4,REG,LAC,SEA,0,0,0,0,0,0,0,0,0,0,,,0,0,0,0,0,,0,0,0,0,0,0,0,,,0,0,0,0,0,0,0,0,0,0,0
00-0040147,Jared Wilson,C,OL,2026,4,REG,NE,BUF,0,0,0,0,0,0,0,0,0,0,,,0,0,0,0,0,,0,0,0,0,0,0,0,,,0,0,0,0,0,0,0,0,0,0,0
00-0040148,Xavier Watts,SAF,DB,2026,4,REG,ATL,NO,0,0,0,0,0,0,0,0,0,0,,,0,0,0,0,0,,0,0,0,0,0,0,0,,,0,0,0,0,0,0,0,0,0,0,0
00-0040150,Caleb Rogers,G,OL,2026,4,REG,LV,KC,0,0,0,0,0,0,0,0,0,0,,,0,0,0,0,0,,0,0,0,0,0,0,0,,,0,0,0,0,0,0,0,0,0,0,0
00-0040152,Upton Stout,CB,DB,2026,4,REG,SF,DEN,0,0,0,0,0,0,0,0,0,0,,,0,0,0,0,0,,0,0,0,0,0,0,0,,,0,0,0,0,0,0,0,0,0,0,0
00-0040154,Tai Felton,WR,WR,2026,4,REG,MIN,MIA,0,0,0,0,0,0,0,0,0,0,,,0,0,0,0,0,,1,1,14,0,8,6,0,0.46422861731844,1.75,0.0303030303030303,0.0449438202247191,0.0769152196118488,0,0,0,0,0,0,1.4,2.4
00-0040155,Danny Stutsman,LB,LB,2026,4,REG,NO,ATL,0,0,0,0,0,0,0,0,0,0,,,0,0,0,0,0,,0,0,0,0,0,0,0,,,0,0,0,0,0,0,0,0,0,0,0
00-0040156,Billy Bowman Jr.,CB,DB,2026,4,REG,ATL,NO,0,0,0,0,0,0,0,0,0,0,,,0,0,0,0,0,,0,0,0,0,0,0,0,,,0,0,0,0,0,0,0,0,0,0,0
00-0040157,Barrett Carter,LB,LB,2026,4,REG,CIN,JAX,0,0,0,0,0,0,0,0,0,0,,,0,0,0,0,0,,0,0,0,0,0,0,0,,,0,0,0,0,0,0,0,0,0,0,0
00-0040158,David Walker,LB,LB,2026,4,REG,TB,GB,0,0,0,0,0,0,0,0,0,0,,,0,0,0,0,0,,0,0,0,0,0,0,0,,,0,0,0,0,0,0,0,0,0,0,0
00-0040159,Lathan Ransom,SAF,DB,2026,4,REG,CAR,DET,0,0,0,0,0,0,0,0,0,0,,,0,0,0,0,0,,0,0,0,0,0,0,0,,,0,0,0,0,0,0,0,0,0,0,0
00-0040160,Jack Sawyer,LB,LB,2026,4,REG,PIT,CLE,0,0,0,0,0,0,0,0,0,0,,,0,0,0,0,0,,0,0,0,0,0,0,0,,,0,0,0,0,0,0,0,0,0,0,0
00-0040164,Jaylin Lane,WR,WR,2026,4,REG,WAS,IND,0,0,0,0,0,0,0,0,0,0,,,0,0,0,0,0,,0,0,0,0,0,0,0,,,0,0,0,0,0,0,0,0,0,0,0
00-0040165,Malachi Moore,SAF,DB,2026,4,REG,NYJ,CHI,0,0,0,0,0,0,0,0,0,0,,,0,0,0,0,0,,0,0,0,0,0,0,0,,,0,0,0,0,0,0,0,0,0,0,0
00-0040166,Quincy Riley,CB,DB,2026,4,REG,NO,ATL,0,0,0,0,0,0,0,0,0,0,,,0,0,0,0,0,,0,0,0,0,0,0,0,,,0,0,0,0,0,0,0,0,0,0,0
00-0040168,Que Robinson,LB,LB,2026,4,REG,DEN,SF,0,0,0,0,0,0,0,0,0,0,,,0,0,0,0,0,,0,0,0,0,0,0,0,,,0,0,0,0,0,0,0,0,0,0,0
00-0040169,Tonka Hemingway,DT,DL,2026,4,REG,LV,KC,0,0,0,0,0,0,0,0,0,0,,,0,0,0,0,0,,0,0,0,0,0,0,0,,,0,0,0,0,0,0,0,0,0,0,0
00-0040170,Elic Ayomanor,WR,WR,2026,4,REG,TEN,BAL,0,0,0,0,0,0,0,0,0,0,,,0,0,0,0,0,,1,1,22,0,20,2,1,1.91522503143642,1.1,0.0357142857142857,0.087719298245614,0.114974937343358,0,0,0,0,0,0,2.2,3.2
00-0040171,Joshua Farmer,DT,DL,2026,4,REG,NE,BUF,0,0,0,0,0,0,0,0,0,0,,,0,0,0,0,0,,0,0,0,0,0,0,0,,,0,0,0,0,0,0,0,0,0,0,0
00-0040173,Tyrion Ingram-Dawkins,DT,DL,2026,4,REG,MIN,MIA,0,0,0,0,0,0,0,0,0,0,,,0,0,0,0,0,,0,0,0,0,0,0,0,,,0,0,0,0,0,0,0,0,0,0,0
00-0040175,Jordan Phillips,DT,DL,2026,4,REG,MIA,MIN,0,0,0,0,0,0,0,0,0,0,,,0,0,0,0,0,,0,0,0,0,0,0,0,,,0,0,0,0,0,0,0,0,0,0,0
00-0040178,Jason Marshall Jr.,CB,DB,2026,4,REG,MIA,MIN,0,0,0,0,0,0,0,0,0,0,,,0,0,0,0,0,,0,0,0,0,0,0,0,,,0,0,0,0,0,0,0,0,0,0,0
00-0040182,Dante Trader Jr.,SAF,DB,2026,4,REG,MIA,MIN,0,0,0,0,0,0,0,0,0,0,,,0,0,0,0,0,,0,0,0,0,0,0,0,,,0,0,0,0,0,0,0,0,0,0,0
00-0040183,Elijah Roberts,DE,DL,2026,4,REG,TB,GB,0,0,0,0,0,0,0,0,0,0,,,0,0,0,0,0,,0,0,0,0,0,0,0,,,0,0,0,0,0,0,0,0,0,0,0
00-0040185,Marques Sigle,SAF,DB,2026,4,REG,SF,DEN,0,0,0,0,0,0,0,0,0,0,,,0,0,0,0,0,,0,0,0,0,0,0,0,,,0,0,0,0,0,0,0,0,0,0,0
00-0040187,Mitchell Evans,TE,TE,2026,4,REG,CAR,DET,0,0,0,0,0,0,0,0,0,0,,,0,0,0,0,0,,1,1,8,0,8,0,0,0.554635750653688,1,0.0256410256410256,0.0233918128654971,0.0548358074673864,0,0,0,0,0,0,0.8,1.8
00-0040188,Yahya Black,DE,DL,2026,4,REG,PIT,CLE,0,0,0,0,0,0,0,0,0,0,,,0,0,0,0,0,,0,0,0,0,0,0,0,,,0,0,0,0,0,0,0,0,0,0,0
00-0040189,Oronde Gadsden II,TE,TE,2026,4,REG,LAC,SEA,0,0,0,0,0,0,0,0,0,0,,,1,2,0,0,0,-0.0505055892281234,5,8,36,0,41,12,2,-4.88718949345639,0.878048780487805,0.258064516129032,0.183035714285714,0.515221774193548,0,0,0,0,0,0,3.8,8.8
00-0040195,Denzel Burke,CB,DB,2026,4,REG,ARI,NYG,0,0,0,0,0,0,0,0,0,0,,,0,0,0,0,0,,0,0,0,0,0,0,0,,,0,0,0,0,0,0,0,0,0,0,0
00-0040198,Ollie Gordon II,RB,RB,2026,4,REG,MIA,MIN,0,0,0,0,0,0,0,0,0,0,,,9,100,1,3,3,6.6383256400004,2,2,0,0,-12,12,0,-1.38636411912739,0,0.117647058823529,-0.0774193548387097,0.122277039848197,0,0,0,0,0,0,16,18
00-0040199,JJ Pegues,DT,DL,2026,4,REG,LV,KC,0,0,0,0,0,0,0,0,0,0,,,0,0,0,0,0,,0,0,0,0,0,0,0,,,0,0,0,0,0,0,0,0,0,0,0
00-0040200,Andy Borregales,K,SPEC,2026,4,REG,NE,BUF,0,0,0,0,0,0,0,0,0,0,,,0,0,0,0,0,,0,0,0,0,0,0,0,,,0,0,0,0,0,0,0,0,0,0,0
00-0040201,Marcus Harris,CB,DB,2026,4,REG,TEN,BAL,0,0,0,0,0,0,0,0,0,0,,,0,0,0,0,0,,0,0,0,0,0,0,0,,,0,0,0,0,0,0,0,0,0,0,0
00-0040209,Jalen McLeod,LB,LB,2026,4,REG,JAX,CIN,0,0,0,0,0,0,0,0,0,0,,,0,0,0,0,0,,0,0,0,0,0,0,0,,,0,0,0,0,0,0,0,0,0,0,0
00-0040213,Rayuan Lane III,SAF,DB,2026,4,REG,JAX,CIN,0,0,0,0,0,0,0,0,0,0,,,0,0,0,0,0,,0,0,0,0,0,0,0,,,0,0,0,0,0,0,0,0,0,0,0
00-0040215,Gavin Bartholomew,TE,TE,2026,4,REG,MIN,MIA,0,0,0,0,0,0,0,0,0,0,,,0,0,0,0,0,,1,1,4,0,4,0,0,0.124775347765535,1,0.0303030303030303,0.0224719101123596,0.0611848825331971,0,0,0,0,0,0,0.4,1.4
00-0040216,Kain Medrano,LB,LB,2026,4,REG,WAS,IND,0,0,0,0,0,0,0,0,0,0,,,0,0,0,0,0,,0,0,0,0,0,0,0,,,0,0,0,0,0,0,0,0,0,0,0
00-0040221,R.J. Mickens,SAF,DB,2026,4,REG,LAC,SEA,0,0,0,0,0,0,0,0,0,0,,,0,0,0,0,0,,0,0,0,0,0,0,0,,,0,0,0,0,0,0,0,0,0,0,0
00-0040223,Jeremy Crawshaw,P,SPEC,2026,4,REG,DEN,SF,0,0,0,0,0,0,0,0,0,0,,,0,0,0,0,0,,0,0,0,0,0,0,0,,,0,0,0,0,0,0,0,0,0,0,0
00-0040228,Cody Lindenberg,LB,LB,2026,4,REG,LV,KC,0,0,0,0,0,0,0,0,0,0,,,0,0,0,0,0,,0,0,0,0,0,0,0,,,0,0,0,0,0,0,0,0,0,0,0
00-0040236,Kyle Monangai,RB,RB,2026,4,REG,CHI,NYJ,0,0,0,0,0,0,0,0,0,0,,,30,146,2,8,3,3.41261835896728,1,1,4,0,-6,10,0,-0.303390121087432,-0.666666666666667,0.032258064516129,-0.028169014084507,0.0286687869150386,0,0,0,0,0,0,27,28
00-0040237,Tez Johnson,WR,WR,2026,4,REG,TB,GB,0,0,0,0,0,0,0,0,0,0,,,1,10,0,1,1,1.27334069064818,2,2,17,0,15,2,1,0.196157836355269,1.13333333333333,0.0769230769230769,0.132743362831858,0.208304969366916,0,0,0,0,0,0,2.7,4.7
00-0040238,LeQuint Allen Jr.,RB,RB,2026,4,REG,JAX,CIN,0,0,0,0,0,0,0,0,0,0,,,0,0,0,0,0,,0,0,0,0,0,0,0,,,0,0,0,0,0,0,0,0,0,0,0
00-0040242,Jacory Croskey-Merritt,RB,RB,2026,4,REG,WAS,IND,0,0,0,0,0,0,0,0,0,0,,,9,15,0,1,0,-3.67664974159561,2,4,35,0,7,39,1,-0.522347467020154,5,0.111111111111111,0.0169491525423729,0.178531073446328,0,0,0,0,0,0,5,7
00-0040248,Zeek Biggers,DT,DL,2026,4,REG,MIA,MIN,0,0,0,0,0,0,0,0,0,0,,,0,0,0,0,0,,0,0,0,0,0,0,0,,,0,0,0,0,0,0,0,0,0,0,0
00-0040249,Fadil Diggs,LB,LB,2026,4,REG,NO,ATL,0,0,0,0,0,0,0,0,0,0,,,0,0,0,0,0,,0,0,0,0,0,0,0,,,0,0,0,0,0,0,0,0,0,0,0
00-0040255,Adin Huntington,DE,DL,2026,4,REG,CLE,PIT,0,0,0,0,0,0,0,0,0,0,,,0,0,0,0,0,,0,0,0,0,0,0,0,,,0,0,0,0,0,0,0,0,0,0,0
00-0040261,Easton Mascarenas-Arnold,LB,LB,2026,4,REG,CLE,PIT,0,0,0,0,0,0,0,0,0,0,,,0,0,0,0,0,,0,0,0,0,0,0,0,,,0,0,0,0,0,0,0,0,0,0,0
00-0040263,Donovan McMillon,SAF,DB,2026,4,REG,CLE,PIT,0,0,0,0,0,0,0,0,0,0,,,0,0,0,0,0,,0,0,0,0,0,0,0,,,0,0,0,0,0,0,0,0,0,0,0
00-0040265,Ja'Seem Reed,WR,WR,2026,4,REG,CAR,DET,0,0,0,0,0,0,0,0,0,0,,,0,0,0,0,0,,0,1,0,0,12,0,0,-0.791458761668764,0,0.0256410256410256,0.0350877192982456,0.0630229419703104,0,0,0,0,0,0,0,0
00-0040279,Ryan Fitzgerald,K,SPEC,2026,4,REG,CAR,DET,0,0,0,0,0,0,0,0,0,0,,,0,0,0,0,0,,0,0,0,0,0,0,0,,,0,0,0,0,0,0,0,0,0,0,0
00-0040326,Branson Combs,LB,LB,2026,4,REG,JAX,CIN,0,0,0,0,0,0,0,0,0,0,,,0,0,0,0,0,,0,0,0,0,0,0,0,,,0,0,0,0,0,0,0,0,0,0,0
00-0040331,Patrick Herbert,TE,TE,2026,4,REG,LAC,SEA,0,0,0,0,0,0,0,0,0,0,,,0,0,0,0,0,,0,0,0,0,0,0,0,,,0,0,0,0,0,0,0,0,0,0,0
00-0040342,Danny Striggow,DE,DL,2026,4,REG,JAX,CIN,0,0,0,0,0,0,0,0,0,0,,,0,0,0,0,0,,0,0,0,0,0,0,0,,,0,0,0,0,0,0,0,0,0,0,0
00-0040363,Keleki Latu,TE,TE,2026,4,REG,BUF,NE,0,0,0,0,0,0,0,0,0,0,,,0,0,0,0,0,,0,0,0,0,0,0,0,,,0,0,0,0,0,0,0,0,0,0,0
00-0040379,William Wagner,LS,SPEC,2026,4,REG,CIN,JAX,0,0,0,0,0,0,0,0,0,0,,,0,0,0,0,0,,0,0,0,0,0,0,0,,,0,0,0,0,0,0,0,0,0,0,0
00-0040394,Anthony Tyus III,RB,RB,2026,4,REG,CAR,DET,0,0,0,0,0,0,0,0,0,0,,,0,0,0,0,0,,0,0,0,0,0,0,0,,,0,0,0,0,0,0,0,0,0,0,0
00-0040434,Trace Ford,LB,LB,2026,4,REG,NYG,ARI,0,0,0,0,0,0,0,0,0,0,,,0,0,0,0,0,,0,0,0,0,0,0,0,,,0,0,0,0,0,0,0,0,0,0,0
00-0040449,Karene Reid,LB,LB,2026,4,REG,DEN,SF,0,0,0,0,0,0,0,0,0,0,,,0,0,0,0,0,,0,0,0,0,0,0,0,,,0,0,0,0,0,0,0,0,0,0,0
00-0040460,Marlowe Wax,LB,LB,2026,4,REG,LAC,SEA,0,0,0,0,0,0,0,0,0,0,,,0,0,0,0,0,,0,0,0,0,0,0,0,,,0,0,0,0,0,0,0,0,0,0,0
00-0040466,Raheim Sanders,RB,RB,2026,4,REG,CLE,PIT,0,0,0,0,0,0,0,0,0,0,,,2,9,0,0,0,-0.207200269214809,2,2,7,0,-10,17,1,-0.09199736174196,-0.7,0.0606060606060606,-0.0398406374501992,0.0630206446939515,0,0,0,0,0,0,1.6,3.6
00-0040496,Chaz Chambliss,LB,LB,2026,4,REG,MIN,MIA,0,0,0,0,0,0,0,0,0,0,,,0,0,0,0,0,,0,0,0,0,0,0,0,,,0,0,0,0,0,0,0,0,0,0,0
00-0040500,Joe Huber,G,OL,2026,4,REG,MIN,MIA,0,0,0,0,0,0,0,0,0,0,,,0,0,0,0,0,,0,0,0,0,0,0,0,,,0,0,0,0,0,0,0,0,0,0,0
00-0040506,Myles Price,WR,WR,2026,4,REG,MIN,MIA,0,0,0,0,0,0,0,0,0,0,,,1,2,0,0,0,-0.487182071665302,2,2,6,0,2,4,0,-1.08610881814426,3,0.0606060606060606,0.0112359550561798,0.0987742594484168,0,0,0,0,0,0,0.8,2.8
00-0040507,Zemaiah Vaughn,CB,DB,2026,4,REG,MIN,MIA,0,0,0,0,0,0,0,0,0,0,,,0,0,0,0,0,,0,0,0,0,0,0,0,,,0,0,0,0,0,0,0,0,0,0,0
00-0040556,Corey Kiner,RB,RB,2026,4,REG,NE,BUF,0,0,0,0,0,0,0,0,0,0,,,0,0,0,0,0,,0,0,0,0,0,0,0,,,0,0,0,0,0,0,0,0,0,0,0
00-0040560,Sebastian Valdez,DT,DL,2026,4,REG,SF,DEN,0,0,0,0,0,0,0,0,0,0,,,0,0,0,0,0,,0,0,0,0,0,0,0,,,0,0,0,0,0,0,0,0,0,0,0
00-0040563,Efton Chism III,WR,WR,2026,4,REG,NE,BUF,0,0,0,0,0,0,0,0,0,0,,,0,0,0,0,0,,2,4,42,1,47,0,2,4.29711382085225,0.893617021276596,0.111111111111111,0.128415300546448,0.25655737704918,0,0,0,0,0,0,10.2,12.2
00-0040574,Elijah Ponder,LB,LB,2026,4,REG,NE,BUF,0,0,0,0,0,0,0,0,0,0,,,0,0,0,0,0,,0,0,0,0,0,0,0,,,0,0,0,0,0,0,0,0,0,0,0
00-0040579,Carson Schwesinger,LB,LB,2026,4,REG,CLE,PIT,0,0,0,0,0,0,0,0,0,0,,,0,0,0,0,0,,0,0,0,0,0,0,0,,,0,0,0,0,0,0,0,0,0,0,0
00-0040580,Josaiah Stewart,LB,LB,2026,4,REG,LA,PHI,0,0,0,0,0,0,0,0,0,0,,,0,0,0,0,0,,0,0,0,0,0,0,0,,,0,0,0,0,0,0,0,0,0,0,0
00-0040583,Woody Marks,RB,RB,2026,4,REG,HOU,DAL,0,0,0,0,0,0,0,0,0,0,,,6,22,1,1,0,-0.274181489396142,0,1,0,0,15,0,0,-0.640995150897652,0,0.0384615384615385,0.038961038961039,0.084965034965035,0,0,0,0,0,0,8.2,8.2
00-0040584,Gunnar Helm,TE,TE,2026,4,REG,TEN,BAL,0,0,0,0,0,0,0,0,0,0,,,0,0,0,0,0,,1,1,5,0,0,5,0,0.726192345770076,0,0.0357142857142857,0,0.0535714285714286,0,0,0,0,1,0,2.5,3.5
00-0040590,Konata Mumpfield,WR,WR,2026,4,REG,LA,PHI,0,0,0,0,0,0,0,0,0,0,,,0,0,0,0,0,,1,3,7,0,51,4,1,-6.28580931166653,0.137254901960784,0.06,0.112582781456954,0.168807947019868,0,0,0,0,0,0,0.7,1.7
00-0040598,Mark Redman,TE,TE,2026,4,REG,GB,TB,0,0,0,0,0,0,0,0,0,0,,,0,0,0,0,0,,2,2,29,0,22,7,1,1.69610970886424,1.31818181818182,0.0666666666666667,0.102325581395349,0.171627906976744,0,0,0,0,0,0,2.9,4.9
00-0040613,Shaun Dolac,LB,LB,2026,4,REG,LA,PHI,0,0,0,0,0,0,0,0,0,0,,,0,0,0,0,0,,0,0,0,0,0,0,0,,,0,0,0,0,0,0,0,0,0,0,0
00-0040634,Jordan Turner,LB,LB,2026,4,REG,DEN,SF,0,0,0,0,0,0,0,0,0,0,,,0,0,0,0,0,,0,0,0,0,0,0,0,,,0,0,0,0,0,0,0,0,0,0,0
00-0040640,Ashton Gillotte,DE,DL,2026,4,REG,KC,LV,0,0,0,0,0,0,0,0,0,0,,,0,0,0,0,0,,0,0,0,0,0,0,0,,,0,0,0,0,0,0,0,0,0,0,0
00-0040642,Vernon Broughton,DT,DL,2026,4,REG,NO,ATL,0,0,0,0,0,0,0,0,0,0,,,0,0,0,0,0,,0,0,0,0,0,0,0,,,0,0,0,0,0,0,0,0,0,0,0
00-0040643,Jonas Sanker,SAF,DB,2026,4,REG,NO,ATL,0,0,0,0,0,0,0,0,0,0,,,0,0,0,0,0,,0,0,0,0,0,0,0,,,0,0,0,0,0,0,0,0,0,0,0
00-0040645,Cody Simon,LB,LB,2026,4,REG,ARI,NYG,0,0,0,0,0,0,0,0,0,0,,,0,0,0,0,0,,0,0,0,0,0,0,0,,,0,0,0,0,0,0,0,0,0,0,0
00-0040646,Jalen Royals,WR,WR,2026,4,REG,KC,LV,0,0,0,0,0,0,0,0,0,0,,,0,0,0,0,0,,0,2,0,0,26,0,0,-2.4611924989149,0,0.0740740740740741,0.0776119402985075,0.165439469320066,0,0,0,0,0,0,0,0
00-0040648,Tory Horton,WR,WR,2026,4,REG,SEA,LAC,0,0,0,0,0,0,0,0,0,0,,,0,0,0,0,0,,1,1,6,1,4,2,1,1.62423631577985,1.5,0.05,0.0254777070063694,0.0928343949044586,0,0,0,0,0,0,6.6,7.6
00-0040654,Kai Kroeger,P,SPEC,2026,4,REG,HOU,DAL,0,0,0,0,0,0,0,0,0,0,,,0,0,0,0,0,,0,0,0,0,0,0,0,,,0,0,0,0,0,0,0,0,0,0,0
00-0040661,Donovan Jackson,G,OL,2026,4,REG,MIN,MIA,0,0,0,0,0,0,0,0,0,0,,,0,0,0,0,0,,0,0,0,0,0,0,0,,,0,0,0,0,0,0,0,0,0,0,0
00-0040663,Harold Fannin Jr.,TE,TE,2026,4,REG,CLE,PIT,0,0,0,0,0,0,0,0,0,0,,,0,0,0,0,0,,3,5,27,1,31,14,2,3.28451505425619,0.870967741935484,0.151515151515152,0.123505976095618,0.31372691053966,0,0,0,0,0,0,8.7,11.7
00-0040666,Omarion Hampton,RB,RB,2026,4,REG,LAC,SEA,0,0,0,0,0,0,0,0,0,0,,,9,45,1,4,2,3.36075621255441,2,2,8,0,2,6,0,2.99373483506497,4,0.0645161290322581,0.00892857142857143,0.103024193548387,0,0,0,0,0,0,11.3,13.3
00-0040667,Matthew Golden,WR,WR,2026,4,REG,GB,TB,0,0,0,0,0,0,0,0,0,0,,,1,6,0,0,0,0.230724670458585,3,7,21,1,89,9,1,-1.64984935557004,0.235955056179775,0.233333333333333,0.413953488372093,0.639767441860465,0,0,0,0,0,0,8.7,11.7
00-0040669,Isaac TeSlaa,WR,WR,2026,4,REG,DET,CAR,0,0,0,0,0,0,0,0,0,0,,,0,0,0,0,0,,4,8,95,0,107,12,3,1.16945533559192,0.88785046728972,0.156862745098039,0.216599190283401,0.386913550845439,0,0,0,0,0,0,9.5,13.5
00-0040670,Nohl Williams,CB,DB,2026,4,REG,KC,LV,0,0,0,0,0,0,0,0,0,0,,,0,0,0,0,0,,0,0,0,0,0,0,0,,,0,0,0,0,0,0,0,0,0,0,0
00-0040672,Tyleik Williams,DT,DL,2026,4,REG,DET,CAR,0,0,0,0,0,0,0,0,0,0,,,0,0,0,0,0,,0,0,0,0,0,0,0,,,0,0,0,0,0,0,0,0,0,0,0
00-0040676,Cam Ward,QB,QB,2026,4,REG,TEN,BAL,20,31,222,1,1,1,-10,228,102,11,0.418956883877516,6.83768625770296,4,27,0,1,1,-1.29823679591483,0,0,0,0,0,0,0,,,0,0,0,0,0,0,0,0,1,15.58,15.58
00-0040677,Abdul Carter,LB,LB,2026,4,REG,NYG,ARI,0,0,0,0,0,0,0,0,0,0,,,0,0,0,0,0,,0,0,0,0,0,0,0,,,0,0,0,0,0,0,0,0,0,0,0
00-0040686,Josh Conerly Jr.,OT,OL,2026,4,REG,WAS,IND,0,0,0,0,0,0,0,0,0,0,,,0,0,0,0,0,,0,0,0,0,0,0,0,,,0,0,0,0,0,0,0,0,0,0,0
00-0040688,Malaki Starks,SAF,DB,2026,4,REG,BAL,TEN,0,0,0,0,0,0,0,0,0,0,,,0,0,0,0,0,,0,0,0,0,0,0,0,,,0,0,0,0,0,0,0,0,0,0,0
00-0040694,Darius Alexander,DT,DL,2026,4,REG,NYG,ARI,0,0,0,0,0,0,0,0,0,0,,,0,0,0,0,0,,0,0,0,0,0,0,0,,,0,0,0,0,0,0,0,0,0,0,0
00-0040699,Will Campbell,OT,OL,2026,4,REG,NE,BUF,0,0,0,0,0,0,0,0,0,0,,,0,0,0,0,0,,0,0,0,0,0,0,0,,,0,0,0,0,0,0,0,0,0,0,0
00-0040705,Chimere Dike,WR,WR,2026,4,REG,TEN,BAL,0,0,0,0,0,0,0,0,0,0,,,0,0,0,0,0,,1,1,15,0,0,15,1,0.990259926766157,0,0.0357142857142857,0,0.0535714285714286,0,0,0,0,0,0,1.5,2.5
00-0040706,Walter Nolen,DT,DL,2026,4,REG,ARI,NYG,0,0,0,0,0,0,0,0,0,0,,,0,0,0,0,0,,0,0,0,0,0,0,0,,,0,0,0,0,0,0,0,0,0,0,0
00-0040708,Jihaad Campbell,LB,LB,2026,4,REG,PHI,LA,0,0,0,0,0,0,0,0,0,0,,,0,0,0,0,0,,0,0,0,0,0,0,0,,,0,0,0,0,0,0,0,0,0,0,0
00-0040709,Maxwell Hairston,CB,DB,2026,4,REG,BUF,NE,0,0,0,0,0,0,0,0,0,0,,,0,0,0,0,0,,0,0,0,0,0,0,0,,,0,0,0,0,0,0,0,0,0,0,0
00-0040710,Deone Walker,DT,DL,2026,4,REG,BUF,NE,0,0,0,0,0,0,0,0,0,0,,,0,0,0,0,0,,0,0,0,0,0,0,0,,,0,0,0,0,0,0,0,0,0,0,0
00-0040715,Cam Skattebo,RB,RB,2026,4,REG,NYG,ARI,0,0,0,0,0,0,0,0,0,0,,,18,58,0,3,0,-3.38313965584078,1,1,8,0,2,6,1,0.766161535284482,4,0.0344827586206897,0.00602409638554217,0.055941005400914,0,0,0,0,0,0,6.6,7.6
00-0040716,Craig Woodson,SAF,DB,2026,4,REG,NE,BUF,0,0,0,0,0,0,0,0,0,0,,,0,0,0,0,0,,0,0,0,0,0,0,0,,,0,0,0,0,0,0,0,0,0,0,0
00-0040718,Travis Hunter,CB,DB,2026,4,REG,JAX,CIN,0,0,0,0,0,0,0,0,0,0,,,0,0,0,0,0,,0,0,0,0,0,0,0,,,0,0,0,0,0,0,0,0,0,0,0
00-0040719,Bhayshul Tuten,RB,RB,2026,4,REG,JAX,CIN,0,0,0,0,0,0,0,0,0,0,,,17,73,0,2,2,-0.455181592522422,2,2,18,0,-2,20,0,0.769663087558001,-9,0.0869565217391304,-0.0123456790123457,0.121792807300054,0,0,0,0,0,0,9.1,11.1
00-0040720,Jahdae Barron,CB,DB,2026,4,REG,DEN,SF,0,0,0,0,0,0,0,0,0,0,,,0,0,0,0,0,,0,0,0,0,0,0,0,,,0,0,0,0,0,0,0,0,0,0,0
00-0040722,Mike Green,LB,LB,2026,4,REG,BAL,TEN,0,0,0,0,0,0,0,0,0,0,,,0,0,0,0,0,,0,0,0,0,0,0,0,,,0,0,0,0,0,0,0,0,0,0,0
00-0040725,Donovan Ezeiruaku,LB,LB,2026,4,REG,DAL,HOU,0,0,0,0,0,0,0,0,0,0,,,0,0,0,0,0,,0,0,0,0,0,0,0,,,0,0,0,0,0,0,0,0,0,0,0
00-0040726,Anthony Belton,OT,OL,2026,4,REG,GB,TB,0,0,0,0,0,0,0,0,0,0,,,0,0,0,0,0,,0,0,0,0,0,0,0,,,0,0,0,0,0,0,0,0,0,0,0
00-0040727,Tre Harris,WR,WR,2026,4,REG,LAC,SEA,0,1,0,0,0,0,0,9,0,0,-0.567394386511296,-27.216374874115,0,0,0,0,0,,3,5,60,0,91,6,3,2.36746506891257,0.659340659340659,0.161290322580645,0.40625,0.526310483870968,0,0,0,0,0,0,6,9
00-0040728,Tate Ratledge,G,OL,2026,4,REG,DET,CAR,0,0,0,0,0,0,0,0,0,0,,,0,0,0,0,0,,0,0,0,0,0,0,0,,,0,0,0,0,0,0,0,0,0,0,0
00-0040730,RJ Harvey,RB,RB,2026,4,REG,DEN,SF,0,0,0,0,0,0,0,0,0,0,,,7,25,0,1,0,-0.821647224540357,10,10,68,0,-26,94,2,0.946267570744432,-2.61538461538462,0.263157894736842,-0.13903743315508,0.297410638896707,0,0,0,0,0,0,9.3,19.3
00-0040733,Nick Emmanwori,SAF,DB,2026,4,REG,SEA,LAC,0,0,0,0,0,0,0,0,0,0,,,0,0,0,0,0,,0,0,0,0,0,0,0,,,0,0,0,0,0,0,0,0,0,0,0
00-0040734,TreVeyon Henderson,RB,RB,2026,4,REG,NE,BUF,0,0,0,0,0,0,0,0,0,0,,,14,42,0,2,1,-1.89924950635759,0,2,0,0,-4,0,0,-1.07004857412539,0,0.0555555555555556,-0.0109289617486339,0.0756830601092896,0,0,0,0,0,0,4.2,4.2
00-0040735,Luther Burden III,WR,WR,2026,4,REG,CHI,NYJ,0,0,0,0,0,0,0,0,0,0,,,1,11,0,1,1,0.70394776458852,4,6,63,0,59,18,3,3.25681979034562,1.06779661016949,0.193548387096774,0.276995305164319,0.484219294260185,0,0,0,0,0,0,7.4,11.4
00-0040738,Demetrius Knight Jr.,LB,LB,2026,4,REG,CIN,JAX,0,0,0,0,0,0,0,0,0,0,,,0,0,0,0,0,,0,0,0,0,0,0,0,,,0,0,0,0,0,0,0,0,0,0,0
00-0040743,Tyler Shough,QB,QB,2026,4,REG,NO,ATL,30,48,286,1,0,2,-16,474,96,13,0.667751538746662,-0.193956874786539,2,5,0,1,0,0.0440175232943147,0,0,0,0,0,0,0,,,0,0,0,0,0,0,0,0,0,15.94,15.94
00-0040744,Jaylahn Tuimoloau,DE,DL,2026,4,REG,IND,WAS,0,0,0,0,0,0,0,0,0,0,,,0,0,0,0,0,,0,0,0,0,0,0,0,,,0,0,0,0,0,0,0,0,0,0,0
00-0040745,Aireontae Ersery,OT,OL,2026,4,REG,HOU,DAL,0,0,0,0,0,0,0,0,0,0,,,0,0,0,0,0,,0,0,0,0,0,0,0,,,0,0,0,0,0,0,0,0,0,0,0
00-0040749,Andrew Mukuba,SAF,DB,2026,4,REG,PHI,LA,0,0,0,0,0,0,0,0,0,0,,,0,0,0,0,0,,0,0,0,0,0,0,0,,,0,0,0,0,0,0,0,0,0,0,0
00-0040752,Oluwafemi Oladejo,DE,DL,2026,4,REG,TEN,BAL,0,0,0,0,0,0,0,0,0,0,,,0,0,0,0,0,,0,0,0,0,0,0,0,,,0,0,0,0,0,0,0,0,0,0,0
00-0040782,Isaiah Bond,WR,WR,2026,4,REG,CLE,PIT,0,0,0,0,0,0,0,0,0,0,,,0,0,0,0,0,,1,1,2,0,2,0,0,-0.877525232266635,1,0.0303030303030303,0.00796812749003984,0.0510322346975733,0,0,0,0,0,0,0.2,1.2
00-0040784,Quinshon Judkins,RB,RB,2026,4,REG,CLE,PIT,0,0,0,0,0,0,0,0,0,0,,,17,53,1,4,0,-2.10443163776654,6,7,43,0,-15,55,3,2.79706576329772,-2.86666666666667,0.212121212121212,-0.0597609561752988,0.276349148859109,0,0,0,0,0,0,15.6,21.6
00-0040785,Dohnte Meyers,WR,WR,2026,4,REG,CIN,JAX,0,0,0,0,0,0,0,0,0,0,,,0,0,0,0,0,,7,9,82,0,68,35,5,1.02321201199084,1.20588235294118,0.169811320754717,0.146551724137931,0.357303188028627,0,0,0,0,0,0,8.2,15.2
00-0040865,Caleb Downs,SAF,DB,2026,4,REG,DAL,HOU,0,0,0,0,0,0,0,0,0,0,,,0,0,0,0,0,,0,0,0,0,0,0,0,,,0,0,0,0,0,0,0,0,0,0,0
00-0040867,Makai Lemon,WR,WR,2026,4,REG,PHI,LA,0,0,0,0,0,0,0,0,0,0,,,0,0,0,0,0,,3,6,27,0,31,2,2,1.55655949079664,0.870967741935484,0.24,0.142857142857143,0.46,0,0,0,0,0,0,2.7,5.7
00-0040868,Treydan Stukes,SAF,DB,2026,4,REG,LV,KC,0,0,0,0,0,0,0,0,0,0,,,0,0,0,0,0,,0,0,0,0,0,0,0,,,0,0,0,0,0,0,0,0,0,0,0
00-0040869,Chris McClellan,DT,DL,2026,4,REG,GB,TB,0,0,0,0,0,0,0,0,0,0,,,0,0,0,0,0,,0,0,0,0,0,0,0,,,0,0,0,0,0,0,0,0,0,0,0
00-0040872,Jaishawn Barham,LB,LB,2026,4,REG,DAL,HOU,0,0,0,0,0,0,0,0,0,0,,,0,0,0,0,0,,0,0,0,0,0,0,0,,,0,0,0,0,0,0,0,0,0,0,0
00-0040873,Julian Neal,CB,DB,2026,4,REG,SEA,LAC,0,0,0,0,0,0,0,0,0,0,,,0,0,0,0,0,,0,0,0,0,0,0,0,,,0,0,0,0,0,0,0,0,0,0,0
00-0040876,Elijah Sarratt,WR,WR,2026,4,REG,BAL,TEN,0,0,0,0,0,0,0,0,0,0,,,0,0,0,0,0,,1,2,13,0,21,4,1,0.282264831505017,0.619047619047619,0.0689655172413793,0.102439024390244,0.17515559293524,0,0,0,0,0,0,1.3,2.3
00-0040877,Dani Dennis-Sutton,LB,LB,2026,4,REG,GB,TB,0,0,0,0,0,0,0,0,0,0,,,0,0,0,0,0,,0,0,0,0,0,0,0,,,0,0,0,0,0,0,0,0,0,0,0
00-0040878,Mike Washington Jr.,RB,RB,2026,4,REG,LV,KC,0,0,0,0,0,0,0,0,0,0,,,9,18,0,1,1,-4.13281078974251,1,2,-1,0,-1,3,0,-2.00616129511036,1,0.0416666666666667,-0.00219298245614035,0.0609649122807018,0,0,0,0,0,0,1.7,2.7
00-0040879,Matthew Hibner,TE,TE,2026,4,REG,BAL,TEN,0,0,0,0,0,0,0,0,0,0,,,0,0,0,0,0,,2,2,34,0,19,15,1,2.53550386719871,1.78947368421053,0.0689655172413793,0.0926829268292683,0.168326324642557,0,0,0,0,0,0,3.4,5.4
00-0040880,LT Overton,DT,DL,2026,4,REG,DAL,HOU,0,0,0,0,0,0,0,0,0,0,,,0,0,0,0,0,,0,0,0,0,0,0,0,,,0,0,0,0,0,0,0,0,0,0,0
00-0040885,Chandler Rivers,CB,DB,2026,4,REG,BAL,TEN,0,0,0,0,0,0,0,0,0,0,,,0,0,0,0,0,,0,0,0,0,0,0,0,,,0,0,0,0,0,0,0,0,0,0,0
00-0040886,Nicholas Singleton,RB,RB,2026,4,REG,TEN,BAL,0,0,0,0,0,0,0,0,0,0,,,3,2,0,0,0,-1.37412562768441,0,0,0,0,0,0,0,,,0,0,0,0,0,0,0,0,0,0.2,0.2
00-0040887,Josh Cuevas,TE,TE,2026,4,REG,BAL,TEN,0,0,0,0,0,0,0,0,0,0,,,0,0,0,0,0,,0,0,0,0,0,0,0,,,0,0,0,0,0,0,0,0,0,0,0
00-0040889,Hezekiah Masses,CB,DB,2026,4,REG,LV,KC,0,0,0,0,0,0,0,0,0,0,,,0,0,0,0,0,,0,0,0,0,0,0,0,,,0,0,0,0,0,0,0,0,0,0,0
00-0040890,Cyrus Allen,WR,WR,2026,4,REG,KC,LV,0,0,0,0,0,0,0,0,0,0,,,0,0,0,0,0,,0,1,0,0,22,0,0,-0.917793048080057,0,0.037037037037037,0.0656716417910448,0.101525704809287,0,0,0,0,0,0,0,0
00-0040894,Malik Benson,WR,WR,2026,4,REG,LV,KC,0,0,0,0,0,0,0,0,0,0,,,0,0,0,0,0,,0,0,0,0,0,0,0,,,0,0,0,0,0,0,0,0,0,0,0
00-0040898,Ryan Eckley,P,SPEC,2026,4,REG,BAL,TEN,0,0,0,0,0,0,0,0,0,0,,,0,0,0,0,0,,0,0,0,0,0,0,0,,,0,0,0,0,0,0,0,0,0,0,0
00-0040899,Trey Smack,K,SPEC,2026,4,REG,GB,TB,0,0,0,0,0,0,0,0,0,0,,,0,0,0,0,0,,0,0,0,0,0,0,0,,,0,0,0,0,0,0,0,0,0,0,0
00-0040923,Maximus Pulley,SAF,DB,2026,4,REG,LA,PHI,0,0,0,0,0,0,0,0,0,0,,,0,0,0,0,0,,0,0,0,0,0,0,0,,,0,0,0,0,0,0,0,0,0,0,0
00-0040948,J. Michael Sturdivant,WR,WR,2026,4,REG,GB,TB,0,0,0,0,0,0,0,0,0,0,,,0,0,0,0,0,,0,1,0,0,55,0,0,-0.798175797332078,0,0.0333333333333333,0.255813953488372,0.22906976744186,0,0,0,0,0,0,0,0
00-0040957,Xavier Nwankpa,SAF,DB,2026,4,REG,KC,LV,0,0,0,0,0,0,0,0,0,0,,,0,0,0,0,0,,0,0,0,0,0,0,0,,,0,0,0,0,0,0,0,0,0,0,0
00-0040978,Ethan Burke,LB,LB,2026,4,REG,BAL,TEN,0,0,0,0,0,0,0,0,0,0,,,0,0,0,0,0,,0,0,0,0,0,0,0,,,0,0,0,0,0,0,0,0,0,0,0
00-0041013,Emmett Johnson,RB,RB,2026,4,REG,KC,LV,0,0,0,0,0,0,0,0,0,0,,,0,0,0,0,0,,1,1,10,0,-6,16,1,0.512293397914618,-1.66666666666667,0.037037037037037,-0.017910447761194,0.0430182421227197,0,0,0,0,0,0,1,2
00-0041026,David Bailey,LB,LB,2026,4,REG,NYJ,CHI,0,0,0,0,0,0,0,0,0,0,,,0,0,0,0,0,,0,0,0,0,0,0,0,,,0,0,0,0,0,0,0,0,0,0,0
00-0041027,Jeremiyah Love,RB,RB,2026,4,REG,ARI,NYG,0,0,0,0,0,0,0,0,0,0,,,14,63,0,3,1,-0.288442370132543,1,1,-8,0,-7,-1,0,-0.932431209133938,1.14285714285714,0.0285714285714286,-0.0299145299145299,0.0219169719169719,0,0,0,0,0,0,5.5,6.5
00-0041028,Sonny Styles,LB,LB,2026,4,REG,WAS,IND,0,0,0,0,0,0,0,0,0,0,,,0,0,0,0,0,,0,0,0,0,0,0,0,,,0,0,0,0,0,0,0,0,0,0,0
00-0041032,Kenyon Sadiq,TE,TE,2026,4,REG,NYJ,CHI,0,0,0,0,0,0,0,0,0,0,,,0,0,0,0,0,,0,4,0,0,11,0,0,-2.94935210363474,0,0.266666666666667,0.118279569892473,0.482795698924731,0,0,0,0,0,0,0,0
00-0041033,Caleb Banks,DT,DL,2026,4,REG,MIN,MIA,0,0,0,0,0,0,0,0,0,0,,,0,0,0,0,0,,0,0,0,0,0,0,0,,,0,0,0,0,0,0,0,0,0,0,0
00-0041036,TJ Parker,LB,LB,2026,4,REG,BUF,NE,0,0,0,0,0,0,0,0,0,0,,,0,0,0,0,0,,0,0,0,0,0,0,0,,,0,0,0,0,0,0,0,0,0,0,0
00-0041037,Denzel Boston,WR,WR,2026,4,REG,CLE,PIT,0,0,0,0,0,0,0,0,0,0,,,0,0,0,0,0,,4,7,89,0,158,40,3,1.53646667150315,0.563291139240506,0.212121212121212,0.629482071713147,0.758819268381021,0,0,0,0,0,0,8.9,12.9
00-0041038,D'Angelo Ponds,CB,DB,2026,4,REG,NYJ,CHI,0,0,0,0,0,0,0,0,0,0,,,0,0,0,0,0,,0,0,0,0,0,0,0,,,0,0,0,0,0,0,0,0,0,0,0
00-0041040,Antonio Williams,WR,WR,2026,4,REG,WAS,IND,0,0,0,0,0,0,0,0,0,0,,,0,0,0,0,0,,3,8,21,0,97,0,0,-6.6502411311958,0.216494845360825,0.222222222222222,0.234866828087167,0.49774011299435,0,0,0,0,0,0,2.1,5.1
00-0041041,Oscar Delp,TE,TE,2026,4,REG,NO,ATL,0,0,0,0,0,0,0,0,0,0,,,0,0,0,0,0,,0,0,0,0,0,0,0,,,0,0,0,0,0,0,0,0,0,0,0
00-0041042,Malachi Fields,WR,WR,2026,4,REG,NYG,ARI,0,0,0,0,0,0,0,0,0,0,,,0,0,0,0,0,,2,3,52,1,63,4,2,4.66202416585293,0.825396825396825,0.103448275862069,0.189759036144578,0.288003739094308,0,0,0,0,0,0,11.2,13.2
00-0041043,A.J. Haulcy,SAF,DB,2026,4,REG,IND,WAS,0,0,0,0,0,0,0,0,0,0,,,0,0,0,0,0,,0,0,0,0,0,0,0,,,0,0,0,0,0,0,0,0,0,0,0
00-0041044,Zachariah Branch,WR,WR,2026,4,REG,ATL,NO,0,0,0,0,0,0,0,0,0,0,,,0,0,0,0,0,,2,2,10,0,3,7,0,0.268929987796582,3.33333333333333,0.1,0.0230769230769231,0.166153846153846,0,0,0,0,0,0,1,3
00-0041046,Domonique Orange,DT,DL,2026,4,REG,MIN,MIA,0,0,0,0,0,0,0,0,0,0,,,0,0,0,0,0,,0,0,0,0,0,0,0,,,0,0,0,0,0,0,0,0,0,0,0
00-0041048,Ted Hurst III,WR,WR,2026,4,REG,TB,GB,0,0,0,0,0,0,0,0,0,0,,,0,0,0,0,0,,2,3,25,0,27,2,2,3.18957092106575,0.925925925925926,0.115384615384615,0.238938053097345,0.340333560245065,0,0,0,0,0,0,2.5,4.5
00-0041050,Emmanuel Pregnon,G,OL,2026,4,REG,JAX,CIN,0,0,0,0,0,0,0,0,0,0,,,0,0,0,0,0,,0,0,0,0,0,0,0,,,0,0,0,0,0,0,0,0,0,0,0
00-0041051,Zavion Thomas,WR,WR,2026,4,REG,CHI,NYJ,0,0,0,0,0,0,0,0,0,0,,,0,0,0,0,0,,0,0,0,0,0,0,0,,,0,0,0,0,0,0,0,0,0,0,0
00-0041052,Kaelon Black,RB,RB,2026,4,REG,SF,DEN,0,0,0,0,0,0,0,0,0,0,,,6,13,0,2,0,0.259310633467976,0,0,0,0,0,0,0,,,0,0,0,0,0,0,0,0,0,1.3,1.3
00-0041053,Caleb Tiernan,OT,OL,2026,4,REG,MIN,MIA,0,0,0,0,0,0,0,0,0,0,,,0,0,0,0,0,,0,0,0,0,0,0,0,,,0,0,0,0,0,0,0,0,0,0,0
00-0041057,Keionte Scott,CB,DB,2026,4,REG,TB,GB,0,0,0,0,0,0,0,0,0,0,,,0,0,0,0,0,,0,0,0,0,0,0,0,,,0,0,0,0,0,0,0,0,0,0,0
00-0041058,Travis Burke,OT,OL,2026,4,REG,LAC,SEA,0,0,0,0,0,0,0,0,0,0,,,0,0,0,0,0,,0,0,0,0,0,0,0,,,0,0,0,0,0,0,0,0,0,0,0
00-0041060,Malik Muhammad,CB,DB,2026,4,REG,CHI,NYJ,0,0,0,0,0,0,0,0,0,0,,,0,0,0,0,0,,0,0,0,0,0,0,0,,,0,0,0,0,0,0,0,0,0,0,0
00-0041063,Will Lee III,CB,DB,2026,4,REG,CAR,DET,0,0,0,0,0,0,0,0,0,0,,,0,0,0,0,0,,0,0,0,0,0,0,0,,,0,0,0,0,0,0,0,0,0,0,0
00-0041064,Genesis Smith,SAF,DB,2026,4,REG,LAC,SEA,0,0,0,0,0,0,0,0,0,0,,,0,0,0,0,0,,0,0,0,0,0,0,0,,,0,0,0,0,0,0,0,0,0,0,0
00-0041066,Kendal Daniels,LB,LB,2026,4,REG,ATL,NO,0,0,0,0,0,0,0,0,0,0,,,0,0,0,0,0,,0,0,0,0,0,0,0,,,0,0,0,0,0,0,0,0,0,0,0
00-0041067,Bryce Lance,WR,WR,2026,4,REG,NO,ATL,0,0,0,0,0,0,0,0,0,0,,,0,0,0,0,0,,1,5,7,0,108,0,0,-4.77303880179534,0.0648148148148148,0.106382978723404,0.227848101265823,0.319068138971182,0,0,0,0,0,0,0.7,1.7
00-0041072,Nick Barrett,DT,DL,2026,4,REG,LAC,SEA,0,0,0,0,0,0,0,0,0,0,,,0,0,0,0,0,,0,0,0,0,0,0,0,,,0,0,0,0,0,0,0,0,0,0,0
00-0041074,Joshua Josephs,LB,LB,2026,4,REG,WAS,IND,0,0,0,0,0,0,0,0,0,0,,,0,0,0,0,0,,0,0,0,0,0,0,0,,,0,0,0,0,0,0,0,0,0,0,0
00-0041076,Zakee Wheatley,SAF,DB,2026,4,REG,CAR,DET,0,0,0,0,0,0,0,0,0,0,,,0,0,0,0,0,,0,0,0,0,0,0,0,,,0,0,0,0,0,0,0,0,0,0,0
00-0041093,Karson Sharar,LB,LB,2026,4,REG,ARI,NYG,0,0,0,0,0,0,0,0,0,0,,,0,0,0,0,0,,0,0,0,0,0,0,0,,,0,0,0,0,0,0,0,0,0,0,0
00-0041094,Bauer Sharp,TE,TE,2026,4,REG,TB,GB,0,0,0,0,0,0,0,0,0,0,,,0,0,0,0,0,,0,0,0,0,0,0,0,,,0,0,0,0,0,0,0,0,0,0,0
00-0041096,Kaytron Allen,RB,RB,2026,4,REG,WAS,IND,0,0,0,0,0,0,0,0,0,0,,,3,1,0,0,0,-1.90333573444514,0,0,0,0,0,0,0,,,0,0,0,0,0,0,0,0,0,0.1,0.1
00-0041099,Barion Brown,WR,WR,2026,4,REG,NO,ATL,0,0,0,0,0,0,0,0,0,0,,,1,-5,0,0,0,-1.33825293427799,0,0,0,0,0,0,0,,,0,0,0,0,0,0,0,0,0,-0.5,-0.5
00-0041100,Josh Cameron,WR,WR,2026,4,REG,JAX,CIN,0,0,0,0,0,0,0,0,0,0,,,0,0,0,0,0,,2,2,42,0,7,35,2,3.66402578350971,6,0.0869565217391304,0.0432098765432099,0.160681696188943,0,0,0,0,0,0,4.2,6.2
00-0041102,Jack Kelly,LB,LB,2026,4,REG,NYG,ARI,0,0,0,0,0,0,0,0,0,0,,,0,0,0,0,0,,0,0,0,0,0,0,0,,,0,0,0,0,0,0,0,0,0,0,0
00-0041104,Demond Claiborne,RB,RB,2026,4,REG,MIN,MIA,0,0,0,0,0,0,0,0,0,0,,,3,12,0,0,0,-0.493981962266844,0,0,0,0,0,0,0,,,0,0,0,0,0,0,0,0,0,1.2,1.2
00-0041109,Namdi Obiazor,LB,LB,2026,4,REG,NE,BUF,0,0,0,0,0,0,0,0,0,0,,,0,0,0,0,0,,0,0,0,0,0,0,0,,,0,0,0,0,0,0,0,0,0,0,0
00-0041110,Jordan van den Berg,DT,DL,2026,4,REG,CHI,NYJ,0,0,0,0,0,0,0,0,0,0,,,0,0,0,0,0,,0,0,0,0,0,0,0,,,0,0,0,0,0,0,0,0,0,0,0
00-0041111,Caden Curry,DE,DL,2026,4,REG,IND,WAS,0,0,0,0,0,0,0,0,0,0,,,0,0,0,0,0,,0,0,0,0,0,0,0,,,0,0,0,0,0,0,0,0,0,0,0
00-0041112,Harold Perkins Jr.,LB,LB,2026,4,REG,ATL,NO,0,0,0,0,0,0,0,0,0,0,,,0,0,0,0,0,,0,0,0,0,0,0,0,,,0,0,0,0,0,0,0,0,0,0,0
00-0041117,Athan Kaliakmanis,QB,QB,2026,4,REG,WAS,IND,15,33,186,1,1,1,-9,396,40,6,-10.2009178308072,-11.8452711496502,3,16,0,0,0,-1.30218953196891,0,0,0,0,0,0,0,,,0,0,0,0,0,0,0,0,0,11.04,11.04
00-0041119,Jackson Kuwatch,LB,LB,2026,4,REG,CAR,DET,0,0,0,0,0,0,0,0,0,0,,,0,0,0,0,0,,0,0,0,0,0,0,0,,,0,0,0,0,0,0,0,0,0,0,0
00-0041125,Seth McGowan,RB,RB,2026,4,REG,IND,WAS,0,0,0,0,0,0,0,0,0,0,,,6,31,0,2,1,1.56798692280427,1,2,7,0,5,5,0,0.0159078885335475,1.4,0.0689655172413793,0.0390625,0.130792025862069,0,0,0,0,0,0,3.8,4.8
00-0041126,Tommy Doman Jr.,P,SPEC,2026,4,REG,BUF,NE,0,0,0,0,0,0,0,0,0,0,,,0,0,0,0,0,,0,0,0,0,0,0,0,,,0,0,0,0,0,0,0,0,0,0,0
00-0041132,Deion Burks,WR,WR,2026,4,REG,IND,WAS,0,0,0,0,0,0,0,0,0,0,,,0,0,0,0,0,,1,2,6,0,33,2,0,-1.85340430959796,0.181818181818182,0.0689655172413793,0.2578125,0.283917025862069,0,0,0,0,0,0,0.6,1.6
00-0041145,Dominic Zvada,K,SPEC,2026,4,REG,NYG,ARI,0,0,0,0,0,0,0,0,0,0,,,0,0,0,0,0,,0,0,0,0,0,0,0,,,0,0,0,0,0,0,0,0,0,0,0
00-0041148,Aaron Hall,DT,DL,2026,4,REG,CAR,DET,0,0,0,0,0,0,0,0,0,0,,,0,0,0,0,0,,0,0,0,0,0,0,0,,,0,0,0,0,0,0,0,0,0,0,0
00-0041159,Rodney McGraw,DE,DL,2026,4,REG,MIA,MIN,0,0,0,0,0,0,0,0,0,0,,,0,0,0,0,0,,0,0,0,0,0,0,0,,,0,0,0,0,0,0,0,0,0,0,0
00-0041175,Skyler Thomas,SAF,DB,2026,4,REG,CHI,NYJ,0,0,0,0,0,0,0,0,0,0,,,0,0,0,0,0,,0,0,0,0,0,0,0,,,0,0,0,0,0,0,0,0,0,0,0
00-0041182,Drew Stevens,K,SPEC,2026,4,REG,WAS,IND,0,0,0,0,0,0,0,0,0,0,,,0,0,0,0,0,,0,0,0,0,0,0,0,,,0,0,0,0,0,0,0,0,0,0,0
00-0041251,Jalon Daniels,QB,QB,2026,4,REG,TB,GB,19,27,148,1,2,3,-14,113,119,10,-4.32338310504565,1.20121997136336,8,55,0,2,2,1.36856365477433,0,0,0,0,0,0,0,,,0,0,0,0,0,0,0,0,0,11.42,11.42
00-0041275,Kani Walker,DB,DB,2026,4,REG,BUF,NE,0,0,0,0,0,0,0,0,0,0,,,0,0,0,0,0,,0,0,0,0,0,0,0,,,0,0,0,0,0,0,0,0,0,0,0
00-0041326,CJ Donaldson,RB,RB,2026,4,REG,NO,ATL,0,0,0,0,0,0,0,0,0,0,,,3,18,0,1,0,0.665487520047464,2,2,5,0,3,2,1,-0.373797002481297,1.66666666666667,0.0425531914893617,0.00632911392405063,0.068260166980878,0,0,0,0,0,0,2.3,4.3
00-0041370,Wydett Williams Jr.,SAF,DB,2026,4,REG,ARI,NYG,0,0,0,0,0,0,0,0,0,0,,,0,0,0,0,0,,0,0,0,0,0,0,0,,,0,0,0,0,0,0,0,0,0,0,0
00-0041381,Rodney Shelley,DB,DB,2026,4,REG,LAC,SEA,0,0,0,0,0,0,0,0,0,0,,,0,0,0,0,0,,0,0,0,0,0,0,0,,,0,0,0,0,0,0,0,0,0,0,0
00-0041391,Davison Igbinosun,CB,DB,2026,4,REG,BUF,NE,0,0,0,0,0,0,0,0,0,0,,,0,0,0,0,0,,0,0,0,0,0,0,0,,,0,0,0,0,0,0,0,0,0,0,0
00-0041393,Daylen Everette,CB,DB,2026,4,REG,PIT,CLE,0,0,0,0,0,0,0,0,0,0,,,0,0,0,0,0,,0,0,0,0,0,0,0,,,0,0,0,0,0,0,0,0,0,0,0
00-0041395,Eli Raridon,TE,TE,2026,4,REG,NE,BUF,0,0,0,0,0,0,0,0,0,0,,,0,0,0,0,0,,1,2,12,0,14,0,1,0.651520824991167,0.857142857142857,0.0555555555555556,0.0382513661202186,0.110109289617486,0,0,0,0,0,0,1.2,2.2
00-0041397,Kaden Wetjen,WR,WR,2026,4,REG,PIT,CLE,0,0,0,0,0,0,0,0,0,0,,,0,0,0,0,0,,0,0,0,0,0,0,0,,,0,0,0,0,0,0,0,0,0,0,0
00-0041401,Robert Spears-Jennings,SAF,DB,2026,4,REG,PIT,CLE,0,0,0,0,0,0,0,0,0,0,,,0,0,0,0,0,,0,0,0,0,0,0,0,,,0,0,0,0,0,0,0,0,0,0,0
00-0041404,Wesley Bailey,LB,LB,2026,4,REG,LA,PHI,0,0,0,0,0,0,0,0,0,0,,,0,0,0,0,0,,0,0,0,0,0,0,0,,,0,0,0,0,0,0,0,0,0,0,0
00-0041410,Jaden Keller,LB,LB,2026,4,REG,NYJ,CHI,0,0,0,0,0,0,0,0,0,0,,,0,0,0,0,0,,0,0,0,0,0,0,0,,,0,0,0,0,0,0,0,0,0,0,0
00-0041415,Dean Connors,RB,RB,2026,4,REG,LA,PHI,0,0,0,0,0,0,0,0,0,0,,,0,0,0,0,0,,0,0,0,0,0,0,0,,,0,0,0,0,0,0,0,0,0,0,0
00-0041438,Carnell Tate,WR,WR,2026,4,REG,TEN,BAL,0,0,0,0,0,0,0,0,0,0,,,0,0,0,0,0,,9,12,145,0,160,37,6,6.66167789840256,0.90625,0.428571428571429,0.701754385964912,1.13408521303258,0,1,0,0,0,0,12.5,21.5
00-0041439,Blake Miller,OT,OL,2026,4,REG,DET,CAR,0,0,0,0,0,0,0,0,0,0,,,0,0,0,0,0,,0,0,0,0,0,0,0,,,0,0,0,0,0,0,0,0,0,0,0
00-0041441,Derrick Moore,DE,DL,2026,4,REG,DET,CAR,0,0,0,0,0,0,0,0,0,0,,,0,0,0,0,0,,0,0,0,0,0,0,0,,,0,0,0,0,0,0,0,0,0,0,0
00-0041442,Jimmy Rolder,LB,LB,2026,4,REG,DET,CAR,0,0,0,0,0,0,0,0,0,0,,,0,0,0,0,0,,0,0,0,0,0,0,0,,,0,0,0,0,0,0,0,0,0,0,0
00-0041444,Kaleb Elarms-Orr,LB,LB,2026,4,REG,BUF,NE,0,0,0,0,0,0,0,0,0,0,,,0,0,0,0,0,,0,0,0,0,0,0,0,,,0,0,0,0,0,0,0,0,0,0,0
00-0041447,Skyler Gill-Howard,DT,DL,2026,4,REG,DET,CAR,0,0,0,0,0,0,0,0,0,0,,,0,0,0,0,0,,0,0,0,0,0,0,0,,,0,0,0,0,0,0,0,0,0,0,0
00-0041449,Aiden Fisher,LB,LB,2026,4,REG,HOU,DAL,0,0,0,0,0,0,0,0,0,0,,,0,0,0,0,0,,0,0,0,0,0,0,0,,,0,0,0,0,0,0,0,0,0,0,0
00-0041455,Erick Hunter,LB,LB,2026,4,REG,NE,BUF,0,0,0,0,0,0,0,0,0,0,,,0,0,0,0,0,,0,0,0,0,0,0,0,,,0,0,0,0,0,0,0,0,0,0,0
00-0041464,Tacario Davis,CB,DB,2026,4,REG,CIN,JAX,0,0,0,0,0,0,0,0,0,0,,,0,0,0,0,0,,0,0,0,0,0,0,0,,,0,0,0,0,0,0,0,0,0,0,0
00-0041465,Wade Woodaz,LB,LB,2026,4,REG,HOU,DAL,0,0,0,0,0,0,0,0,0,0,,,0,0,0,0,0,,0,0,0,0,0,0,0,,,0,0,0,0,0,0,0,0,0,0,0
00-0041466,Kamari Ramsey,SAF,DB,2026,4,REG,HOU,DAL,0,0,0,0,0,0,0,0,0,0,,,0,0,0,0,0,,0,0,0,0,0,0,0,,,0,0,0,0,0,0,0,0,0,0,0
00-0041469,Avieon Terrell,CB,DB,2026,4,REG,ATL,NO,0,0,0,0,0,0,0,0,0,0,,,0,0,0,0,0,,0,0,0,0,0,0,0,,,0,0,0,0,0,0,0,0,0,0,0
00-0041470,Brandon Cisse,CB,DB,2026,4,REG,GB,TB,0,0,0,0,0,0,0,0,0,0,,,0,0,0,0,0,,0,0,0,0,0,0,0,,,0,0,0,0,0,0,0,0,0,0,0
00-0041471,Emmanuel McNeil-Warren,SAF,DB,2026,4,REG,CLE,PIT,0,0,0,0,0,0,0,0,0,0,,,0,0,0,0,0,,0,0,0,0,0,0,0,,,0,0,0,0,0,0,0,0,0,0,0
00-0041478,Lee Hunter,DT,DL,2026,4,REG,CAR,DET,0,0,0,0,0,0,0,0,0,0,,,0,0,0,0,0,,0,0,0,0,0,0,0,,,0,0,0,0,0,0,0,0,0,0,0
00-0041479,Anthony Hill Jr.,LB,LB,2026,4,REG,TEN,BAL,0,0,0,0,0,0,0,0,0,0,,,0,0,0,0,0,,0,0,0,0,0,0,0,,,0,0,0,0,0,0,0,0,0,0,0
00-0041482,Max Iheanachor,OT,OL,2026,4,REG,PIT,CLE,0,0,0,0,0,0,0,0,0,0,,,0,0,0,0,0,,0,0,0,0,0,0,0,,,0,0,0,0,0,0,0,0,0,0,0
00-0041489,Germie Bernard,WR,WR,2026,4,REG,PIT,CLE,0,0,0,0,0,0,0,0,0,0,,,0,0,0,0,0,,2,2,11,0,9,2,0,0.449548642151058,1.22222222222222,0.0512820512820513,0.0212264150943396,0.0917815674891147,0,0,0,0,0,0,1.1,3.1
00-0041494,Zion Young,LB,LB,2026,4,REG,BAL,TEN,0,0,0,0,0,0,0,0,0,0,,,0,0,0,0,0,,0,0,0,0,0,0,0,,,0,0,0,0,0,0,0,0,0,0,0
00-0041495,Jake Golday,LB,LB,2026,4,REG,MIN,MIA,0,0,0,0,0,0,0,0,0,0,,,0,0,0,0,0,,0,0,0,0,0,0,0,,,0,0,0,0,0,0,0,0,0,0,0
00-0041501,R Mason Thomas,DE,DL,2026,4,REG,KC,LV,0,0,0,0,0,0,0,0,0,0,,,0,0,0,0,0,,0,0,0,0,0,0,0,,,0,0,0,0,0,0,0,0,0,0,0
00-0041502,Josiah Trotter,LB,LB,2026,4,REG,TB,GB,0,0,0,0,0,0,0,0,0,0,,,0,0,0,0,0,,0,0,0,0,0,0,0,,,0,0,0,0,0,0,0,0,0,0,0
00-0041503,Nate Boerkircher,TE,TE,2026,4,REG,JAX,CIN,0,0,0,0,0,0,0,0,0,0,,,0,0,0,0,0,,1,2,15,0,9,13,1,0.391172537580133,1.66666666666667,0.0869565217391304,0.0555555555555556,0.169323671497585,0,0,0,0,0,0,1.5,2.5
00-0041508,Keldric Faulk,DE,DL,2026,4,REG,TEN,BAL,0,0,0,0,0,0,0,0,0,0,,,0,0,0,0,0,,0,0,0,0,0,0,0,,,0,0,0,0,0,0,0,0,0,0,0
00-0041509,Arvell Reese,LB,LB,2026,4,REG,NYG,ARI,0,0,0,0,0,0,0,0,0,0,,,0,0,0,0,0,,0,0,0,0,0,0,0,,,0,0,0,0,0,0,0,0,0,0,0
00-0041518,Bryce Boettcher,LB,LB,2026,4,REG,IND,WAS,0,0,0,0,0,0,0,0,0,0,,,0,0,0,0,0,,0,0,0,0,0,0,0,,,0,0,0,0,0,0,0,0,0,0,0
00-0041522,Jacob Rodriguez,LB,LB,2026,4,REG,MIA,MIN,0,0,0,0,0,0,0,0,0,0,,,0,0,0,0,0,,0,0,0,0,0,0,0,,,0,0,0,0,0,0,0,0,0,0,0
00-0041524,Will Kacmarek,TE,TE,2026,4,REG,MIA,MIN,0,0,0,0,0,0,0,0,0,0,,,0,0,0,0,0,,1,2,15,0,19,8,1,0.508398202713579,0.789473684210526,0.117647058823529,0.12258064516129,0.262277039848197,0,0,0,0,0,0,1.5,2.5
00-0041525,Chris Bell,WR,WR,2026,4,REG,MIA,MIN,0,0,0,0,0,0,0,0,0,0,,,0,0,0,0,0,,0,3,0,0,70,0,0,-3.90825460152701,0,0.176470588235294,0.451612903225806,0.580834914611006,0,0,0,0,0,0,0,0
00-0041528,Michael Taaffe,SAF,DB,2026,4,REG,MIA,MIN,0,0,0,0,0,0,0,0,0,0,,,0,0,0,0,0,,0,0,0,0,0,0,0,,,0,0,0,0,0,0,0,0,0,0,0
00-0041529,Kevin Coleman Jr.,WR,WR,2026,4,REG,MIA,MIN,0,0,0,0,0,0,0,0,0,0,,,0,0,0,0,0,,1,4,3,0,43,3,0,-3.20916449272139,0.0697674418604651,0.235294117647059,0.27741935483871,0.547134724857685,0,0,0,0,0,0,0.3,1.3
00-0041532,Keylan Rutledge,G,OL,2026,4,REG,HOU,DAL,0,0,0,0,0,0,0,0,0,0,,,0,0,0,0,0,,0,0,0,0,0,0,0,,,0,0,0,0,0,0,0,0,0,0,0
00-0041533,Chris Johnson,CB,DB,2026,4,REG,MIA,MIN,0,0,0,0,0,0,0,0,0,0,,,0,0,0,0,0,,0,0,0,0,0,0,0,,,0,0,0,0,0,0,0,0,0,0,0
00-0041537,Malachi Lawrence,LB,LB,2026,4,REG,DAL,HOU,0,0,0,0,0,0,0,0,0,0,,,0,0,0,0,0,,0,0,0,0,0,0,0,,,0,0,0,0,0,0,0,0,0,0,0
00-0041538,Dillon Thieneman,SAF,DB,2026,4,REG,CHI,NYJ,0,0,0,0,0,0,0,0,0,0,,,0,0,0,0,0,,0,0,0,0,0,0,0,,,0,0,0,0,0,0,0,0,0,0,0
00-0041543,Mansoor Delane,CB,DB,2026,4,REG,KC,LV,0,0,0,0,0,0,0,0,0,0,,,0,0,0,0,0,,0,0,0,0,0,0,0,,,0,0,0,0,0,0,0,0,0,0,0
00-0041544,Akheem Mesidor,LB,LB,2026,4,REG,LAC,SEA,0,0,0,0,0,0,0,0,0,0,,,0,0,0,0,0,,0,0,0,0,0,0,0,,,0,0,0,0,0,0,0,0,0,0,0
00-0041545,Peter Woods,DT,DL,2026,4,REG,KC,LV,0,0,0,0,0,0,0,0,0,0,,,0,0,0,0,0,,0,0,0,0,0,0,0,,,0,0,0,0,0,0,0,0,0,0,0
00-0041547,KC Concepcion,WR,WR,2026,4,REG,CLE,PIT,0,0,0,0,0,0,0,0,0,0,,,0,0,0,0,0,,5,8,64,0,62,38,2,2.47881159463289,1.03225806451613,0.242424242424242,0.247011952191235,0.536544730170228,0,0,0,0,0,0,6.4,11.4
00-0041549,Darrell Jackson Jr.,DT,DL,2026,4,REG,NYJ,CHI,0,0,0,0,0,0,0,0,0,0,,,0,0,0,0,0,,0,0,0,0,0,0,0,,,0,0,0,0,0,0,0,0,0,0,0
00-0041554,Markel Bell,OT,OL,2026,4,REG,PHI,LA,0,0,0,0,0,0,0,0,0,0,,,0,0,0,0,0,,0,0,0,0,0,0,0,,,0,0,0,0,0,0,0,0,0,0,0
00-0041556,Romello Height,DE,DL,2026,4,REG,SF,DEN,0,0,0,0,0,0,0,0,0,0,,,0,0,0,0,0,,0,0,0,0,0,0,0,,,0,0,0,0,0,0,0,0,0,0,0
00-0041557,Gracen Halton,DT,DL,2026,4,REG,SF,DEN,0,0,0,0,0,0,0,0,0,0,,,0,0,0,0,0,,0,0,0,0,0,0,0,,,0,0,0,0,0,0,0,0,0,0,0
00-0041558,Sam Roush,TE,TE,2026,4,REG,CHI,NYJ,0,0,0,0,0,0,0,0,0,0,,,0,0,0,0,0,,1,1,8,0,-4,12,0,0.581118433969095,0,0.032258064516129,-0.0187793427230047,0.0352415568680903,0,0,0,0,0,0,0.8,1.8
00-0041569,Gabe Jacas,LB,LB,2026,4,REG,NE,BUF,0,0,0,0,0,0,0,0,0,0,,,0,0,0,0,0,,0,0,0,0,0,0,0,,,0,0,0,0,0,0,0,0,0,0,0
,,,,2026,4,REG,CLE,PIT,0,0,0,0,0,0,0,0,0,0,,,0,0,0,0,0,,0,0,0,0,0,0,0,,,0,0,0,0,0,0,0,0,0,0,0
00-0029692,Bryan Anger,P,SPEC,2026,5,REG,DAL,TB,0,0,0,0,0,0,0,0,0,0,,,0,0,0,0,0,,0,0,0,0,0,0,0,,,0,0,0,0,0,0,0,0,0,0,0
00-0032399,Miles Killebrew,SAF,DB,2026,5,REG,TB,DAL,0,0,0,0,0,0,0,0,0,0,,,0,0,0,0,0,,0,0,0,0,0,0,0,,,0,0,0,0,0,0,0,0,0,0,0
00-0032889,A'Shawn Robinson,DT,DL,2026,5,REG,TB,DAL,0,0,0,0,0,0,0,0,0,0,,,0,0,0,0,0,,0,0,0,0,0,0,0,,,0,0,0,0,0,0,0,0,0,0,0
00-0032943,Riley Dixon,P,SPEC,2026,5,REG,TB,DAL,0,0,0,0,0,0,0,0,0,0,,,0,0,0,0,0,,0,0,0,0,0,0,0,,,0,0,0,0,0,0,0,0,0,0,0
00-0033077,Dak Prescott,QB,QB,2026,5,REG,DAL,TB,24,42,316,1,2,0,0,356,129,12,-3.28676357530644,-9.99228954315186,0,0,0,0,0,,0,0,0,0,0,0,0,,,0,0,0,0,0,0,0,0,0,12.64,12.64
00-0033120,Kenny Clark,NT,DL,2026,5,REG,DAL,TB,0,0,0,0,0,0,0,0,0,0,,,0,0,0,0,0,,0,0,0,0,0,0,0,,,0,0,0,0,0,0,0,0,0,0,0
00-0033877,Malik Hooker,FS,DB,2026,5,REG,DAL,TB,0,0,0,0,0,0,0,0,0,0,,,0,0,0,0,0,,0,0,0,0,0,0,0,,,0,0,0,0,0,0,0,0,0,0,0
00-0033914,Alex Anzalone,MLB,LB,2026,5,REG,TB,DAL,0,0,0,0,0,0,0,0,0,0,,,0,0,0,0,0,,0,0,0,0,0,0,0,,,0,0,0,0,0,0,0,0,0,0,0
00-0033921,Chris Godwin Jr.,WR,WR,2026,5,REG,TB,DAL,0,0,0,0,0,0,0,0,0,0,,,1,3,0,0,0,-0.29375682445243,3,3,37,0,5,32,2,0.869502344139619,7.4,0.12,0.0458715596330275,0.212110091743119,0,0,0,0,0,0,4,7
00-0034773,Vita Vea,DT,DL,2026,5,REG,TB,DAL,0,0,0,0,0,0,0,0,0,0,,,0,0,0,0,0,,0,0,0,0,0,0,0,,,0,0,0,0,0,0,0,0,0,0,0
00-0034967,Rashan Gary,LB,LB,2026,5,REG,DAL,TB,0,0,0,0,0,0,0,0,0,0,,,0,0,0,0,0,,0,0,0,0,0,0,0,,,0,0,0,0,0,0,0,0,0,0,0
00-0035358,Chase McLaughlin,K,SPEC,2026,5,REG,TB,DAL,0,0,0,0,0,0,0,0,0,0,,,0,0,0,0,0,,0,0,0,0,0,0,0,,,0,0,0,0,0,0,0,0,0,0,0
00-0035718,Quinnen Williams,DT,DL,2026,5,REG,DAL,TB,0,0,0,0,0,0,0,0,0,0,,,0,0,0,0,0,,0,0,0,0,0,0,0,,,0,0,0,0,0,0,0,0,0,0,0
00-0035942,Christian Rozeboom,LB,LB,2026,5,REG,TB,DAL,0,0,0,0,0,0,0,0,0,0,,,0,0,0,0,0,,0,0,0,0,0,0,0,,,0,0,0,0,0,0,0,0,0,0,0
00-0036132,Ben Bredeson,G,OL,2026,5,REG,TB,DAL,0,0,0,0,0,0,0,0,0,0,,,0,0,0,0,0,,0,0,0,0,0,0,0,,,0,0,0,0,0,0,0,0,0,0,0
00-0036358,CeeDee Lamb,WR,WR,2026,5,REG,DAL,TB,0,0,0,0,0,0,0,0,0,0,,,0,0,0,0,0,,2,5,9,0,56,0,0,-2.83792580990121,0.160714285714286,0.119047619047619,0.157303370786517,0.28868378812199,0,0,0,0,0,0,0.9,2.9
00-0036406,Tristan Wirfs,OT,OL,2026,5,REG,TB,DAL,0,0,0,0,0,0,0,0,0,0,,,0,0,0,0,0,,0,0,0,0,0,0,0,,,0,0,0,0,0,0,0,0,0,0,0
00-0036919,Kenny Gainwell,RB,RB,2026,5,REG,TB,DAL,0,0,0,0,0,0,0,0,0,0,,,4,18,0,0,0,-0.514163137529977,3,4,10,0,-27,26,1,-2.50033005140944,-0.37037037037037,0.16,-0.247706422018349,0.0666055045871559,0,0,0,0,0,0,2.8,5.8
00-0036993,Ifeatu Melifonwu,SAF,DB,2026,5,REG,TB,DAL,0,0,0,0,0,0,0,0,0,0,,,0,0,0,0,0,,0,0,0,0,0,0,0,,,0,0,0,0,0,0,0,0,0,0,0
00-0036997,Javonte Williams,RB,RB,2026,5,REG,DAL,TB,0,0,0,0,0,0,0,0,0,0,,,12,45,1,4,1,-0.08043333835667,2,3,17,0,5,13,0,0.246200672074179,3.4,0.0714285714285714,0.0140449438202247,0.116974317817014,0,0,0,0,0,0,12.2,14.2
00-0037247,George Pickens,WR,WR,2026,5,REG,DAL,TB,0,0,0,0,0,0,0,0,0,0,,,0,0,0,0,0,,9,13,130,1,127,45,6,6.40266504316242,1.02362204724409,0.30952380952381,0.356741573033708,0.71400481540931,0,0,0,0,0,0,19,28
00-0037268,Zyon McCollum,CB,DB,2026,5,REG,TB,DAL,0,0,0,0,0,0,0,0,0,0,,,0,0,0,0,0,,0,0,0,0,0,0,0,,,0,0,0,0,0,0,0,0,0,0,0
00-0037270,Otito Ogbonnia,DT,DL,2026,5,REG,DAL,TB,0,0,0,0,0,0,0,0,0,0,,,0,0,0,0,0,,0,0,0,0,0,0,0,,,0,0,0,0,0,0,0,0,0,0,0
00-0037275,DaRon Bland,CB,DB,2026,5,REG,DAL,TB,0,0,0,0,0,0,0,0,0,0,,,0,0,0,0,0,,0,0,0,0,0,0,0,,,0,0,0,0,0,0,0,0,0,0,0
00-0037561,Markquese Bell,SAF,DB,2026,5,REG,DAL,TB,0,0,0,0,0,0,0,0,0,0,,,0,0,0,0,0,,0,0,0,0,0,0,0,,,0,0,0,0,0,0,0,0,0,0,0
00-0037578,Juanyeh Thomas,DB,DB,2026,5,REG,DAL,TB,0,0,0,0,0,0,0,0,0,0,,,0,0,0,0,0,,0,0,0,0,0,0,0,,,0,0,0,0,0,0,0,0,0,0,0
00-0037692,Brandon Aubrey,K,SPEC,2026,5,REG,DAL,TB,0,0,0,0,0,0,0,0,0,0,,,0,0,0,0,0,,0,0,0,0,0,0,0,,,0,0,0,0,0,0,0,0,0,0,0
00-0037801,KaVontae Turpin,WR,WR,2026,5,REG,DAL,TB,0,0,0,0,0,0,0,0,0,0,,,0,0,0,0,0,,2,4,22,0,27,6,2,0.290258412249386,0.814814814814815,0.0952380952380952,0.0758426966292135,0.195947030497592,0,0,0,0,0,0,2.2,4.2
00-0037835,Luke Goedeke,OT,OL,2026,5,REG,TB,DAL,0,0,0,0,0,0,0,0,0,0,,,0,0,0,0,0,,0,0,0,0,0,0,0,,,0,0,0,0,0,0,0,0,0,0,0
00-0038041,Jake Ferguson,TE,TE,2026,5,REG,DAL,TB,0,0,0,0,0,0,0,0,0,0,,,0,0,0,0,0,,3,6,19,0,29,16,1,-7.06923974287929,0.655172413793103,0.142857142857143,0.0814606741573034,0.271308186195827,0,0,0,0,0,0,1.9,4.9
00-0038129,Cade Otton,TE,TE,2026,5,REG,TB,DAL,0,0,0,0,0,0,0,0,0,0,,,0,0,0,0,0,,3,4,25,0,24,10,3,1.95771779754432,1.04166666666667,0.16,0.220183486238532,0.394128440366973,0,0,0,0,0,0,2.5,5.5
00-0038547,Luke Schoonmaker,TE,TE,2026,5,REG,DAL,TB,0,0,0,0,0,0,0,0,0,0,,,0,0,0,0,0,,1,1,9,0,5,4,0,0.443697924725711,1.8,0.0238095238095238,0.0140449438202247,0.045545746388443,0,0,0,0,0,0,0.9,1.9
00-0038624,Ameer Speed,CB,DB,2026,5,REG,DAL,TB,0,0,0,0,0,0,0,0,0,0,,,0,0,0,0,0,,0,0,0,0,0,0,0,,,0,0,0,0,0,0,0,0,0,0,0
00-0038625,Dee Winters,LB,LB,2026,5,REG,DAL,TB,0,0,0,0,0,0,0,0,0,0,,,0,0,0,0,0,,0,0,0,0,0,0,0,,,0,0,0,0,0,0,0,0,0,0,0
00-0038738,Hunter Luepke,RB,RB,2026,5,REG,DAL,TB,0,0,0,0,0,0,0,0,0,0,,,1,5,0,1,0,0.746316292323172,0,0,0,0,0,0,0,,,0,0,0,0,0,0,0,0,0,0.5,0.5
00-0038951,Sean Tucker,RB,RB,2026,5,REG,TB,DAL,0,0,0,0,0,0,0,0,0,0,,,5,18,0,1,0,-4.18207207595697,0,0,0,0,0,0,0,,,0,0,0,0,0,0,0,0,0,1.8,1.8
00-0039050,Payne Durham,TE,TE,2026,5,REG,TB,DAL,0,0,0,0,0,0,0,0,0,0,,,0,0,0,0,0,,1,1,5,0,2,3,0,0.0628458354622126,2.5,0.04,0.018348623853211,0.0728440366972477,0,0,0,0,0,0,0.5,1.5
00-0039062,Jonathan Mingo,WR,WR,2026,5,REG,DAL,TB,0,0,0,0,0,0,0,0,0,0,,,0,0,0,0,0,,2,4,20,0,65,2,0,0.657138805836439,0.307692307692308,0.0952380952380952,0.182584269662921,0.270666131621188,0,0,0,0,0,0,2,4
00-0039063,Calijah Kancey,DT,DL,2026,5,REG,TB,DAL,0,0,0,0,0,0,0,0,0,0,,,0,0,0,0,0,,0,0,0,0,0,0,0,,,0,0,0,0,0,0,0,0,0,0,0
00-0039068,Yaya Diaby,LB,LB,2026,5,REG,TB,DAL,0,0,0,0,0,0,0,0,0,0,,,0,0,0,0,0,,0,0,0,0,0,0,0,,,0,0,0,0,0,0,0,0,0,0,0
00-0039348,Cooper Beebe,C,OL,2026,5,REG,DAL,TB,0,0,0,0,0,0,0,0,0,0,,,0,0,0,0,0,,0,0,0,0,0,0,0,,,0,0,0,0,0,0,0,0,0,0,0
00-0039361,Bucky Irving,RB,RB,2026,5,REG,TB,DAL,0,0,0,0,0,0,0,0,0,0,,,21,165,1,6,4,6.31393874395872,2,3,10,1,1,14,1,1.32597546972102,10,0.12,0.0091743119266055,0.186422018348624,0,0,0,0,0,0,29.5,31.5
00-0039410,Ryan Flournoy,WR,WR,2026,5,REG,DAL,TB,0,0,0,0,0,0,0,0,0,0,,,0,0,0,0,0,,3,4,90,0,50,43,3,-0.401936543363146,1.8,0.0952380952380952,0.140449438202247,0.241171749598716,0,0,0,0,0,0,9,12
00-0039465,Reddy Steward,DB,DB,2026,5,REG,DAL,TB,0,0,0,0,0,0,0,0,0,0,,,0,0,0,0,0,,0,0,0,0,0,0,0,,,0,0,0,0,0,0,0,0,0,0,0
00-0039530,Brevyn Spann-Ford,TE,TE,2026,5,REG,DAL,TB,0,0,0,0,0,0,0,0,0,0,,,0,0,0,0,0,,0,2,0,0,-8,0,0,-1.01762233721092,0,0.0476190476190476,-0.0224719101123596,0.0556982343499197,0,0,0,0,0,0,0,0
00-0039589,Kameron Johnson,WR,WR,2026,5,REG,TB,DAL,0,0,0,0,0,0,0,0,0,0,,,0,0,0,0,0,,0,0,0,0,0,0,0,,,0,0,0,0,0,0,0,0,0,0,0
00-0039846,Tykee Smith,SAF,DB,2026,5,REG,TB,DAL,0,0,0,0,0,0,0,0,0,0,,,0,0,0,0,0,,0,0,0,0,0,0,0,,,0,0,0,0,0,0,0,0,0,0,0
00-0039905,Graham Barton,C,OL,2026,5,REG,TB,DAL,0,0,0,0,0,0,0,0,0,0,,,0,0,0,0,0,,0,0,0,0,0,0,0,,,0,0,0,0,0,0,0,0,0,0,0
00-0040007,Tyler Booker,G,OL,2026,5,REG,DAL,TB,0,0,0,0,0,0,0,0,0,0,,,0,0,0,0,0,,0,0,0,0,0,0,0,,,0,0,0,0,0,0,0,0,0,0,0
00-0040008,Shavon Revel Jr.,CB,DB,2026,5,REG,DAL,TB,0,0,0,0,0,0,0,0,0,0,,,0,0,0,0,0,,0,0,0,0,0,0,0,,,0,0,0,0,0,0,0,0,0,0,0
00-0040011,Shemar James,LB,LB,2026,5,REG,DAL,TB,0,0,0,0,0,0,0,0,0,0,,,0,0,0,0,0,,0,0,0,0,0,0,0,,,0,0,0,0,0,0,0,0,0,0,0
00-0040043,Justin Barron,LB,LB,2026,5,REG,DAL,TB,0,0,0,0,0,0,0,0,0,0,,,0,0,0,0,0,,0,0,0,0,0,0,0,,,0,0,0,0,0,0,0,0,0,0,0
00-0040089,Kevin Knowles,DB,DB,2026,5,REG,TB,DAL,0,0,0,0,0,0,0,0,0,0,,,0,0,0,0,0,,0,0,0,0,0,0,0,,,0,0,0,0,0,0,0,0,0,0,0
00-0040129,Emeka Egbuka,WR,WR,2026,5,REG,TB,DAL,0,0,0,0,0,0,0,0,0,0,,,1,14,1,1,1,2.00507146987366,6,9,38,0,71,16,2,0.506134246854344,0.535211267605634,0.36,0.651376146788991,0.995963302752294,0,0,0,0,0,0,11.2,17.2
00-0040143,Jacob Parrish,CB,DB,2026,5,REG,TB,DAL,0,0,0,0,0,0,0,0,0,0,,,0,0,0,0,0,,0,0,0,0,0,0,0,,,0,0,0,0,0,0,0,0,0,0,0
00-0040158,David Walker,LB,LB,2026,5,REG,TB,DAL,0,0,0,0,0,0,0,0,0,0,,,0,0,0,0,0,,0,0,0,0,0,0,0,,,0,0,0,0,0,0,0,0,0,0,0
00-0040237,Tez Johnson,WR,WR,2026,5,REG,TB,DAL,0,0,0,0,0,0,0,0,0,0,,,0,0,0,0,0,,1,1,64,0,33,31,1,5.43524817109574,1.93939393939394,0.04,0.302752293577982,0.271926605504587,0,0,0,0,0,0,6.4,7.4
00-0040725,Donovan Ezeiruaku,LB,LB,2026,5,REG,DAL,TB,0,0,0,0,0,0,0,0,0,0,,,0,0,0,0,0,,0,0,0,0,0,0,0,,,0,0,0,0,0,0,0,0,0,0,0
00-0040865,Caleb Downs,SAF,DB,2026,5,REG,DAL,TB,0,0,0,0,0,0,0,0,0,0,,,0,0,0,0,0,,0,0,0,0,0,0,0,,,0,0,0,0,0,0,0,0,0,0,0
00-0040872,Jaishawn Barham,LB,LB,2026,5,REG,DAL,TB,0,0,0,0,0,0,0,0,0,0,,,0,0,0,0,0,,0,0,0,0,0,0,0,,,0,0,0,0,0,0,0,0,0,0,0
00-0040880,LT Overton,DT,DL,2026,5,REG,DAL,TB,0,0,0,0,0,0,0,0,0,0,,,0,0,0,0,0,,0,0,0,0,0,0,0,,,0,0,0,0,0,0,0,0,0,0,0
00-0041031,Rueben Bain Jr.,LB,LB,2026,5,REG,TB,DAL,0,0,0,0,0,0,0,0,0,0,,,0,0,0,0,0,,0,0,0,0,0,0,0,,,0,0,0,0,0,0,0,0,0,0,0
00-0041057,Keionte Scott,CB,DB,2026,5,REG,TB,DAL,0,0,0,0,0,0,0,0,0,0,,,0,0,0,0,0,,0,0,0,0,0,0,0,,,0,0,0,0,0,0,0,0,0,0,0
00-0041094,Bauer Sharp,TE,TE,2026,5,REG,TB,DAL,0,0,0,0,0,0,0,0,0,0,,,0,0,0,0,0,,0,0,0,0,0,0,0,,,0,0,0,0,0,0,0,0,0,0,0
00-0041251,Jalon Daniels,QB,QB,2026,5,REG,TB,DAL,19,25,189,1,0,1,-11,109,132,10,5.87206977419333,2.79334127902985,7,23,0,2,0,0.979116025497206,0,0,0,0,0,0,0,,,0,0,0,0,0,0,0,0,0,13.86,13.86
00-0041502,Josiah Trotter,LB,LB,2026,5,REG,TB,DAL,0,0,0,0,0,0,0,0,0,0,,,0,0,0,0,0,,0,0,0,0,0,0,0,,,0,0,0,0,0,0,0,0,0,0,0
00-0041537,Malachi Lawrence,LB,LB,2026,5,REG,DAL,TB,0,0,0,0,0,0,0,0,0,0,,,0,0,0,0,0,,0,0,0,0,0,0,0,,,0,0,0,0,0,0,0,0,0,0,0
,,,,2026,5,REG,DAL,TB,0,0,0,0,0,0,0,0,0,0,,,0,0,0,0,0,,0,0,0,0,0,0,0,,,0,0,0,0,0,0,0,0,0,0,0
