pid,name,team,pos,date,opp,home,season,min,pts,reb,ast,fg3m,stl,blk,tov,fgm,fga,ftm,fta,event
4870562,Dominick Barlow,PHI,F,2025-10-02,NY,0,2025,30.0,6,10,2,0,1,0,1,2,5,2,2,401812480
5105637,Adem Bona,PHI,C,2025-10-02,NY,0,2025,14.0,4,2,1,0,0,1,2,2,3,0,0,401812480
3133603,Kelly Oubre Jr.,PHI,G,2025-10-02,NY,0,2025,23.0,8,4,3,1,1,2,1,2,8,3,4,401812480
4431678,Tyrese Maxey,PHI,G,2025-10-02,NY,0,2025,23.0,14,4,4,0,1,1,5,5,12,4,4,401812480
5124612,VJ Edgecombe,PHI,G,2025-10-02,NY,0,2025,31.0,14,6,3,1,0,0,1,4,13,5,5,401812480
4432446,Jabari Walker,PHI,F,2025-10-02,NY,0,2025,20.0,9,5,0,0,0,1,1,2,4,5,6,401812480
4433569,Johni Broome,PHI,F,2025-10-02,NY,0,2025,15.0,5,4,0,0,2,0,0,2,7,1,2,401812480
4711297,Justin Edwards,PHI,F,2025-10-02,NY,0,2025,16.0,0,4,0,0,0,0,3,0,8,0,0,401812480
6585,Andre Drummond,PHI,C,2025-10-02,NY,0,2025,8.0,2,3,0,0,0,0,0,1,1,0,0,401812480
3431,Eric Gordon,PHI,G,2025-10-02,NY,0,2025,13.0,2,0,1,0,0,0,0,0,4,2,3,401812480
3056245,Malcolm Hill,PHI,G,2025-10-02,NY,0,2025,5.0,2,0,0,0,1,0,0,1,2,0,0,401812480
4432646,Kennedy Chandler,PHI,G,2025-10-02,NY,0,2025,21.0,10,1,2,1,2,0,3,4,7,1,2,401812480
4433281,Hunter Sallis,PHI,G,2025-10-02,NY,0,2025,22.0,8,3,1,0,0,0,3,2,4,4,4,401812480
5211983,Pacome Dadiet,NY,F,2025-10-02,PHI,1,2025,15.0,4,2,0,0,0,0,3,1,6,2,3,401812480
3136195,Karl-Anthony Towns,NY,C,2025-10-02,PHI,1,2025,17.0,11,5,1,0,1,0,2,2,4,7,8,401812480
4351852,Mitchell Robinson,NY,C,2025-10-02,PHI,1,2025,18.0,7,16,1,0,1,1,1,3,6,1,2,401812480
3147657,Mikal Bridges,NY,G,2025-10-02,PHI,1,2025,17.0,10,1,0,2,2,0,1,4,10,0,2,401812480
3934672,Jalen Brunson,NY,G,2025-10-02,PHI,1,2025,17.0,6,0,4,0,0,0,1,2,8,2,4,401812480
3908336,Matt Ryan,NY,F,2025-10-02,PHI,1,2025,9.0,1,1,1,0,0,0,1,0,1,1,2,401812480
4017844,Guerschon Yabusele,NY,F,2025-10-02,PHI,1,2025,12.0,0,4,1,0,0,0,0,0,4,0,0,401812480
5289900,Mohamed Diawara,NY,F,2025-10-02,PHI,1,2025,10.0,0,3,0,0,0,0,1,0,3,0,0,401812480
2596107,Alex Len,NY,C,2025-10-02,PHI,1,2025,6.0,5,2,0,0,0,0,1,1,1,3,4,401812480
4395623,Trey Jemison III,NY,C,2025-10-02,PHI,1,2025,6.0,4,2,0,0,0,0,0,2,3,0,0,401812480
4871141,Ariel Hukporti,NY,C,2025-10-02,PHI,1,2025,6.0,6,6,0,0,0,0,0,3,4,0,0,401812480
2528426,Jordan Clarkson,NY,G,2025-10-02,PHI,1,2025,15.0,9,1,0,0,0,0,1,4,9,1,1,401812480
2566769,Malcolm Brogdon,NY,G,2025-10-02,PHI,1,2025,12.0,3,1,2,1,1,1,2,1,3,0,0,401812480
3062679,Josh Hart,NY,G,2025-10-02,PHI,1,2025,7.0,2,3,1,0,0,0,1,0,1,2,2,401812480
3913180,Garrison Mathews,NY,G,2025-10-02,PHI,1,2025,10.0,9,1,2,3,0,0,0,3,4,0,0,401812480
3914044,Landry Shamet,NY,G,2025-10-02,PHI,1,2025,17.0,2,0,2,0,1,0,0,1,4,0,0,401812480
4411057,Kevin McCullar Jr.,NY,G,2025-10-02,PHI,1,2025,12.0,2,5,1,0,3,0,0,0,6,2,4,401812480
4431823,Miles McBride,NY,G,2025-10-02,PHI,1,2025,21.0,12,5,2,2,3,0,1,5,7,0,0,401812480
4433225,Tyler Kolek,NY,G,2025-10-02,PHI,1,2025,11.0,6,0,1,0,1,0,1,3,7,0,0,401812480
4394655,Finn Delaney,MEL,F,2025-10-02,NO,0,2025,28.0,13,9,0,3,0,1,0,4,11,2,4,401812481
4431816,Jesse Edwards,MEL,C,2025-10-02,NO,0,2025,25.0,12,7,2,0,0,0,2,5,8,2,2,401812481
2992564,Milton Doyle,MEL,G,2025-10-02,NO,0,2025,38.0,25,3,4,3,1,0,7,9,21,4,4,401812481
4394963,Shea Ili,MEL,G,2025-10-02,NO,0,2025,12.0,2,2,3,0,0,0,2,1,5,0,0,401812481
4432129,Tyson Walker,MEL,G,2025-10-02,NO,0,2025,24.0,6,6,5,1,4,0,4,2,11,1,2,401812481
5090864,Fabijan Krslovic,MEL,F,2025-10-02,NO,0,2025,19.0,4,5,2,1,0,0,0,1,2,1,2,401812481
5090900,Malith Machar,MEL,F,2025-10-02,NO,0,2025,2.0,0,1,0,0,0,0,0,0,1,0,0,401812481
5091547,Kyle Bowen,MEL,F,2025-10-02,NO,0,2025,16.0,6,5,1,0,0,0,1,3,3,0,0,401812481
5091592,Nicholas Tata,MEL,F,2025-10-02,NO,0,2025,4.0,0,0,0,0,0,0,0,0,0,0,0,401812481
5091604,Tanner Krebs,MEL,F,2025-10-02,NO,0,2025,20.0,6,2,2,2,1,0,0,2,10,0,0,401812481
5162197,Tom Koppens,MEL,F,2025-10-02,NO,0,2025,5.0,0,1,1,0,0,0,0,0,0,0,0,401812481
5230864,Tom Wilson,MEL,F,2025-10-02,NO,0,2025,16.0,12,1,2,2,0,0,0,4,8,2,2,401812481
5091714,Campbell Blogg,MEL,G,2025-10-02,NO,0,2025,4.0,0,0,0,0,0,0,0,0,1,0,2,401812481
5308884,Dash Daniels,MEL,G,2025-10-02,NO,0,2025,27.0,11,6,1,0,1,0,1,5,10,1,2,401812481
5311498,Henry Sewell,MEL,G,2025-10-02,NO,0,2025,1.0,0,0,0,0,0,0,0,0,0,0,0,401812481
3155535,Kevon Looney,NO,F,2025-10-02,MEL,1,2025,18.0,3,3,2,0,0,1,0,1,2,1,2,401812481
4395628,Zion Williamson,NO,F,2025-10-02,MEL,1,2025,16.0,15,2,5,0,2,0,2,5,8,5,7,401812481
4397688,Trey Murphy III,NO,F,2025-10-02,MEL,1,2025,19.0,18,1,0,2,3,0,2,7,13,2,2,401812481
4277956,Jordan Poole,NO,G,2025-10-02,MEL,1,2025,20.0,11,4,4,1,0,1,3,3,9,4,5,401812481
4397136,Saddiq Bey,NO,G,2025-10-02,MEL,1,2025,21.0,0,2,1,0,1,1,0,0,3,0,0,401812481
4066731,Jalen McDaniels,NO,F,2025-10-02,MEL,1,2025,7.0,0,2,0,0,0,0,0,0,0,0,0,401812481
4701228,Christian Shumate,NO,F,2025-10-02,MEL,1,2025,4.0,2,4,0,0,0,0,0,1,1,0,0,401812481
4997538,Karlo Matkovic,NO,F,2025-10-02,MEL,1,2025,16.0,6,4,1,0,1,1,0,3,6,0,0,401812481
5061589,Yves Missi,NO,C,2025-10-02,MEL,1,2025,20.0,6,8,1,0,0,3,0,3,4,0,0,401812481
4277869,Jose Alvarado,NO,G,2025-10-02,MEL,1,2025,20.0,11,3,1,3,1,0,1,4,5,0,0,401812481
4432185,Micah Peavy,NO,G,2025-10-02,MEL,1,2025,21.0,7,1,0,1,3,0,3,3,5,0,0,401812481
4433268,Trey Alexander,NO,G,2025-10-02,MEL,1,2025,10.0,0,3,0,0,0,1,0,0,3,0,0,401812481
4576086,Bryce McGowens,NO,G,2025-10-02,MEL,1,2025,10.0,10,1,0,0,0,0,0,4,7,2,2,401812481
4683750,Jordan Hawkins,NO,G,2025-10-02,MEL,1,2025,16.0,11,5,2,1,0,0,0,3,9,4,4,401812481
5144091,Jeremiah Fears,NO,G,2025-10-02,MEL,1,2025,22.0,7,3,3,0,0,0,5,3,15,1,2,401812481
3155526,Dillon Brooks,PHX,F,2025-10-03,LAL,0,2025,25.0,10,2,3,3,1,0,0,3,5,1,2,401812482
4601023,Oso Ighodaro,PHX,F,2025-10-03,LAL,0,2025,26.0,5,9,2,0,1,0,1,2,4,1,6,401812482
4888725,Ryan Dunn,PHX,F,2025-10-03,LAL,0,2025,22.0,4,8,3,0,1,0,1,2,3,0,0,401812482
3135045,Grayson Allen,PHX,G,2025-10-03,LAL,0,2025,22.0,13,2,2,3,1,1,2,5,11,0,0,401812482
3136193,Devin Booker,PHX,G,2025-10-03,LAL,0,2025,25.0,24,2,7,2,0,1,1,8,19,6,8,401812482
2583632,Royce O'Neale,PHX,F,2025-10-03,LAL,0,2025,14.0,9,3,2,3,1,0,1,3,6,0,0,401812482
3059409,Nigel Hayes-Davis,PHX,F,2025-10-03,LAL,0,2025,18.0,3,6,1,1,0,0,0,1,6,0,0,401812482
5105977,Rasheer Fleming,PHX,F,2025-10-03,LAL,0,2025,12.0,2,0,0,0,0,1,0,1,3,0,0,401812482
4278076,Nick Richards,PHX,C,2025-10-03,LAL,0,2025,12.0,9,3,1,0,1,0,2,4,7,1,3,401812482
5203685,Khaman Maluach,PHX,C,2025-10-03,LAL,0,2025,10.0,4,6,0,0,0,0,1,1,2,2,4,401812482
4278402,Jordan Goodwin,PHX,G,2025-10-03,LAL,0,2025,10.0,0,1,1,0,2,0,0,0,2,0,0,401812482
4278585,Collin Gillespie,PHX,G,2025-10-03,LAL,0,2025,19.0,8,3,4,1,0,1,1,3,9,1,1,401812482
4395695,Jared Butler,PHX,G,2025-10-03,LAL,0,2025,16.0,12,2,1,0,1,1,5,5,10,2,2,401812482
4397107,David Duke Jr.,PHX,G,2025-10-03,LAL,0,2025,10.0,0,3,2,0,0,0,1,0,3,0,0,401812482
4066648,Rui Hachimura,LAL,F,2025-10-03,PHX,1,2025,23.0,11,3,0,1,2,0,0,3,12,4,7,401812482
4278077,Jarred Vanderbilt,LAL,F,2025-10-03,PHX,1,2025,21.0,1,2,0,0,1,1,0,0,4,1,2,401812482
4592691,Jake LaRavia,LAL,F,2025-10-03,PHX,1,2025,19.0,7,5,1,1,0,0,2,3,6,0,0,401812482
4278129,Deandre Ayton,LAL,C,2025-10-03,PHX,1,2025,18.0,1,8,1,0,1,2,4,0,2,1,2,401812482
4066457,Austin Reaves,LAL,G,2025-10-03,PHX,1,2025,21.0,20,3,2,1,0,0,2,6,11,7,7,401812482
4431705,Anton Watson,LAL,F,2025-10-03,PHX,1,2025,7.0,0,1,2,0,1,0,0,0,0,0,0,401812482
4897943,Dalton Knecht,LAL,F,2025-10-03,PHX,1,2025,26.0,6,6,0,1,0,0,2,2,10,1,2,401812482
4397077,Jaxson Hayes,LAL,C,2025-10-03,PHX,1,2025,17.0,7,5,1,0,1,2,2,1,2,5,6,401812482
4431778,Christian Koloko,LAL,C,2025-10-03,PHX,1,2025,10.0,0,5,0,0,1,1,4,0,1,0,0,401812482
4397821,Nate Williams,LAL,G,2025-10-03,PHX,1,2025,18.0,0,2,0,0,1,1,1,0,1,0,0,401812482
4433176,RJ Davis,LAL,G,2025-10-03,PHX,1,2025,18.0,14,0,0,1,1,0,2,5,8,3,3,401812482
4683686,Nick Smith Jr.,LAL,G,2025-10-03,PHX,1,2025,18.0,6,1,1,0,0,0,1,2,5,2,2,401812482
4683774,Bronny James,LAL,G,2025-10-03,PHX,1,2025,24.0,8,5,2,1,0,0,2,1,12,5,6,401812482
3934719,OG Anunoby,NY,F,2025-10-04,PHI,0,2025,17.0,13,2,1,3,1,0,1,4,7,2,2,401812483
3136195,Karl-Anthony Towns,NY,C,2025-10-04,PHI,0,2025,17.0,6,3,1,0,0,0,0,1,4,4,4,401812483
4351852,Mitchell Robinson,NY,C,2025-10-04,PHI,0,2025,13.0,6,8,0,0,0,0,1,3,5,0,2,401812483
3147657,Mikal Bridges,NY,G,2025-10-04,PHI,0,2025,17.0,10,2,1,0,0,2,2,4,4,2,2,401812483
3934672,Jalen Brunson,NY,G,2025-10-04,PHI,0,2025,17.0,14,1,2,1,2,0,0,5,10,3,4,401812483
3908336,Matt Ryan,NY,F,2025-10-04,PHI,0,2025,9.0,3,1,1,1,0,0,0,1,4,0,0,401812483
4017844,Guerschon Yabusele,NY,F,2025-10-04,PHI,0,2025,15.0,3,2,2,1,1,1,1,1,3,0,0,401812483
4597865,Tosan Evbuomwan,NY,F,2025-10-04,PHI,0,2025,9.0,7,2,3,1,1,0,1,3,3,0,0,401812483
5211983,Pacome Dadiet,NY,F,2025-10-04,PHI,0,2025,8.0,0,1,1,0,0,0,0,0,2,0,0,401812483
5289900,Mohamed Diawara,NY,F,2025-10-04,PHI,0,2025,9.0,3,2,0,1,0,0,1,1,2,0,0,401812483
4395623,Trey Jemison III,NY,C,2025-10-04,PHI,0,2025,9.0,7,3,0,0,0,0,0,3,5,1,2,401812483
4871141,Ariel Hukporti,NY,C,2025-10-04,PHI,0,2025,10.0,5,3,1,0,0,0,1,2,2,1,2,401812483
2528426,Jordan Clarkson,NY,G,2025-10-04,PHI,0,2025,14.0,7,1,2,1,0,0,2,2,5,2,4,401812483
2566769,Malcolm Brogdon,NY,G,2025-10-04,PHI,0,2025,12.0,5,4,1,0,2,0,1,1,3,3,3,401812483
3913180,Garrison Mathews,NY,G,2025-10-04,PHI,0,2025,14.0,6,0,1,1,0,0,0,1,5,3,3,401812483
3914044,Landry Shamet,NY,G,2025-10-04,PHI,0,2025,9.0,6,0,0,1,0,0,1,1,2,3,3,401812483
4411057,Kevin McCullar Jr.,NY,G,2025-10-04,PHI,0,2025,13.0,8,2,1,1,2,0,0,3,7,1,2,401812483
4431823,Miles McBride,NY,G,2025-10-04,PHI,0,2025,16.0,2,3,2,0,0,1,1,1,3,0,0,401812483
4433225,Tyler Kolek,NY,G,2025-10-04,PHI,0,2025,14.0,2,3,1,0,1,0,1,1,9,0,0,401812483
4870562,Dominick Barlow,PHI,F,2025-10-04,NY,1,2025,30.0,6,2,0,1,0,0,0,2,6,1,2,401812483
5105637,Adem Bona,PHI,C,2025-10-04,NY,1,2025,16.0,2,1,0,0,1,1,1,1,2,0,0,401812483
3133603,Kelly Oubre Jr.,PHI,G,2025-10-04,NY,1,2025,26.0,13,5,3,2,2,1,0,5,13,1,4,401812483
4431678,Tyrese Maxey,PHI,G,2025-10-04,NY,1,2025,18.0,16,2,2,3,1,0,1,4,10,5,6,401812483
5124612,VJ Edgecombe,PHI,G,2025-10-04,NY,1,2025,24.0,10,2,5,1,1,1,2,3,9,3,3,401812483
4432446,Jabari Walker,PHI,F,2025-10-04,NY,1,2025,19.0,10,2,2,0,1,1,2,3,5,4,4,401812483
4433569,Johni Broome,PHI,F,2025-10-04,NY,1,2025,15.0,6,4,0,0,0,1,0,3,3,0,0,401812483
4711297,Justin Edwards,PHI,F,2025-10-04,NY,1,2025,26.0,4,8,2,1,1,0,4,1,7,1,2,401812483
4897471,Saint Thomas,PHI,F,2025-10-04,NY,1,2025,2.0,0,0,0,0,0,0,0,0,0,0,0,401812483
6585,Andre Drummond,PHI,C,2025-10-04,NY,1,2025,16.0,7,11,1,1,2,0,2,3,4,0,0,401812483
3056245,Malcolm Hill,PHI,G,2025-10-04,NY,1,2025,14.0,15,1,1,3,1,0,2,5,9,2,3,401812483
4432646,Kennedy Chandler,PHI,G,2025-10-04,NY,1,2025,33.0,15,3,6,0,1,1,5,5,11,5,7,401812483
4066790,Anthony Lamb,HAPOEL,F,2025-10-04,BKN,0,2025,29.0,13,8,4,2,3,0,2,4,15,3,5,401812484
4423311,Yovel Zoosman,HAPOEL,F,2025-10-04,BKN,0,2025,24.0,6,1,0,2,2,0,3,2,7,0,0,401812484
4078506,Austin Wiley,HAPOEL,C,2025-10-04,BKN,0,2025,24.0,14,11,0,0,0,1,1,4,9,6,7,401812484
3136474,Khadeen Carrington,HAPOEL,G,2025-10-04,BKN,0,2025,24.0,13,2,2,0,0,0,2,3,10,7,8,401812484
4066248,Jared Harper,HAPOEL,G,2025-10-04,BKN,0,2025,23.0,9,1,4,1,0,0,1,3,5,2,4,401812484
4277943,Justin Smith,HAPOEL,F,2025-10-04,BKN,0,2025,21.0,16,7,2,0,3,0,1,7,9,2,3,401812484
4431685,Josiah-Jordan James,HAPOEL,F,2025-10-04,BKN,0,2025,30.0,0,2,0,0,1,1,0,0,4,0,0,401812484
5309854,Nimrod Levi,HAPOEL,F,2025-10-04,BKN,0,2025,22.0,7,3,1,0,0,0,1,2,10,3,4,401812484
4598307,Dmytro Skapintsev,HAPOEL,C,2025-10-04,BKN,0,2025,7.0,2,1,0,0,0,0,0,0,2,2,4,401812484
4277188,Roi Huber,HAPOEL,G,2025-10-04,BKN,0,2025,18.0,6,0,5,1,0,0,1,2,3,1,2,401812484
5309851,Roy Paretsky,HAPOEL,G,2025-10-04,BKN,0,2025,19.0,2,2,0,0,1,0,1,1,3,0,0,401812484
4278104,Michael Porter Jr.,BKN,F,2025-10-04,HAPOEL,1,2025,17.0,13,5,4,2,1,0,0,5,9,1,3,401812484
4278067,Nic Claxton,BKN,C,2025-10-04,HAPOEL,1,2025,15.0,11,8,0,1,0,0,0,5,7,0,1,401812484
3907823,Terance Mann,BKN,G,2025-10-04,HAPOEL,1,2025,19.0,15,3,0,2,0,0,0,6,7,1,2,401812484
4432174,Cam Thomas,BKN,G,2025-10-04,HAPOEL,1,2025,17.0,8,2,4,0,0,0,1,4,7,0,0,401812484
5242502,Ben Saraf,BKN,G,2025-10-04,HAPOEL,1,2025,18.0,9,0,6,1,0,0,1,4,6,0,0,401812484
4431695,Drew Timme,BKN,F,2025-10-04,HAPOEL,1,2025,12.0,4,5,1,0,0,0,1,2,6,0,0,401812484
4431714,Jalen Wilson,BKN,F,2025-10-04,HAPOEL,1,2025,15.0,8,2,1,2,0,0,0,3,5,0,1,401812484
4432735,Dariq Whitehead,BKN,F,2025-10-04,HAPOEL,1,2025,8.0,2,0,0,0,0,0,2,1,2,0,0,401812484
4432821,E.J. Liddell,BKN,F,2025-10-04,HAPOEL,1,2025,4.0,0,1,0,0,0,0,2,0,0,0,0,401812484
4433137,Ziaire Williams,BKN,F,2025-10-04,HAPOEL,1,2025,17.0,7,2,2,1,4,0,1,2,4,2,2,401812484
4712896,Noah Clowney,BKN,F,2025-10-04,HAPOEL,1,2025,16.0,13,4,2,2,1,1,0,5,5,1,3,401812484
5107173,Danny Wolf,BKN,F,2025-10-04,HAPOEL,1,2025,15.0,5,5,5,0,0,0,2,2,4,1,2,401812484
4432194,Day'Ron Sharpe,BKN,C,2025-10-04,HAPOEL,1,2025,14.0,7,5,1,1,0,2,1,3,5,0,0,401812484
4397179,Tyrese Martin,BKN,G,2025-10-04,HAPOEL,1,2025,16.0,3,3,2,1,1,1,1,1,5,0,0,401812484
4432887,Tyson Etienne,BKN,G,2025-10-04,HAPOEL,1,2025,8.0,3,1,0,1,0,0,0,1,3,0,0,401812484
4683736,Kobe Bufkin,BKN,G,2025-10-04,HAPOEL,1,2025,11.0,8,4,1,2,0,0,2,3,6,0,0,401812484
5279130,Nolan Traore,BKN,G,2025-10-04,HAPOEL,1,2025,18.0,7,2,2,1,0,0,1,2,6,2,2,401812484
4432573,Paolo Banchero,ORL,F,2025-10-04,MIA,0,2025,13.0,7,3,0,0,1,3,1,2,7,3,3,401812485
4702382,Tristan da Silva,ORL,F,2025-10-04,MIA,0,2025,15.0,12,3,1,2,0,0,1,5,9,0,0,401812485
4277847,Wendell Carter Jr.,ORL,C,2025-10-04,MIA,0,2025,13.0,10,5,0,1,0,2,1,4,7,1,1,401812485
3135046,Tyus Jones,ORL,G,2025-10-04,MIA,0,2025,13.0,3,2,1,1,1,0,1,1,3,0,0,401812485
4066320,Desmond Bane,ORL,G,2025-10-04,MIA,0,2025,13.0,9,6,3,1,0,0,1,3,7,2,2,401812485
4065654,Jonathan Isaac,ORL,F,2025-10-04,MIA,0,2025,15.0,4,4,0,0,0,0,0,0,4,4,6,401812485
4278572,Jamal Cain,ORL,F,2025-10-04,MIA,0,2025,16.0,10,2,1,0,0,1,0,5,8,0,1,401812485
5214637,Noah Penda,ORL,F,2025-10-04,MIA,0,2025,15.0,6,2,0,0,1,1,2,2,5,2,2,401812485
4348700,Goga Bitadze,ORL,C,2025-10-04,MIA,0,2025,16.0,6,8,0,1,0,2,4,2,4,1,1,401812485
4397204,Colin Castleton,ORL,C,2025-10-04,MIA,0,2025,5.0,5,4,0,0,0,0,2,2,2,1,2,401812485
4593049,Orlando Robinson,ORL,C,2025-10-04,MIA,0,2025,9.0,4,2,1,0,0,0,0,2,3,0,0,401812485
4431720,Lester Quinones,ORL,G,2025-10-04,MIA,0,2025,5.0,2,2,2,0,0,0,0,0,2,2,2,401812485
4432187,Reece Beekman,ORL,G,2025-10-04,MIA,0,2025,8.0,11,0,2,0,0,0,1,4,4,3,3,401812485
4593034,Alex Morales,ORL,G,2025-10-04,MIA,0,2025,18.0,9,6,3,1,1,0,0,3,7,2,4,401812485
4712849,Anthony Black,ORL,G,2025-10-04,MIA,0,2025,21.0,5,3,3,1,3,0,3,1,7,2,4,401812485
5105806,Jett Howard,ORL,G,2025-10-04,MIA,0,2025,19.0,10,2,2,2,2,0,1,4,8,0,0,401812485
5239561,Jase Richardson,ORL,G,2025-10-04,MIA,0,2025,24.0,13,4,2,3,1,0,0,5,11,0,0,401812485
3059319,Andrew Wiggins,MIA,F,2025-10-04,ORL,1,2025,12.0,11,0,2,2,1,0,0,4,6,1,2,401812485
4432848,Jaime Jaquez Jr.,MIA,F,2025-10-04,ORL,1,2025,20.0,6,4,3,1,1,0,2,2,7,1,2,401812485
4997528,Nikola Jovic,MIA,F,2025-10-04,ORL,1,2025,12.0,10,3,2,1,0,1,0,3,6,3,3,401812485
4066261,Bam Adebayo,MIA,C,2025-10-04,ORL,1,2025,13.0,7,5,1,0,0,0,0,0,5,7,8,401812485
2595516,Norman Powell,MIA,G,2025-10-04,ORL,1,2025,14.0,5,0,1,1,0,0,2,2,6,0,0,401812485
3899664,Simone Fontecchio,MIA,F,2025-10-04,ORL,1,2025,21.0,9,3,2,1,1,0,0,3,6,2,2,401812485
4431679,Precious Achiuwa,MIA,F,2025-10-04,ORL,1,2025,11.0,5,4,0,0,0,1,2,1,2,3,3,401812485
4431772,Myron Gardner,MIA,F,2025-10-04,ORL,1,2025,12.0,10,4,1,2,1,0,1,2,7,4,6,401812485
4431786,Keshad Johnson,MIA,F,2025-10-04,ORL,1,2025,22.0,8,1,3,0,0,1,1,4,6,0,2,401812485
4432189,Dain Dainja,MIA,F,2025-10-04,ORL,1,2025,7.0,4,1,0,0,0,0,2,1,1,2,4,401812485
4700818,Vladislav Goldin,MIA,C,2025-10-04,ORL,1,2025,8.0,2,0,0,0,1,0,1,1,1,0,0,401812485
5105623,Kel'el Ware,MIA,C,2025-10-04,ORL,1,2025,17.0,10,9,0,1,1,0,0,4,10,1,2,401812485
4066993,Dru Smith,MIA,G,2025-10-04,ORL,1,2025,10.0,7,1,0,1,1,2,2,3,5,0,0,401812485
4278516,Ethan Thompson,MIA,G,2025-10-04,ORL,1,2025,27.0,5,3,6,1,2,0,2,1,6,2,2,401812485
4432645,Trevor Keels,MIA,G,2025-10-04,ORL,1,2025,17.0,12,1,2,2,0,0,1,4,4,2,2,401812485
4433133,Jahmir Young,MIA,G,2025-10-04,ORL,1,2025,17.0,7,1,4,1,1,0,2,3,7,0,0,401812485
4431671,Jaden McDaniels,MIN,F,2025-10-04,DEN,0,2025,12.0,9,2,1,1,0,0,0,3,4,2,2,401812486
3032976,Rudy Gobert,MIN,C,2025-10-04,DEN,0,2025,12.0,6,3,3,0,2,0,0,3,4,0,0,401812486
4396971,Naz Reid,MIN,C,2025-10-04,DEN,0,2025,12.0,10,1,0,2,0,0,0,4,6,0,0,401812486
3934673,Donte DiVincenzo,MIN,G,2025-10-04,DEN,0,2025,12.0,8,1,6,2,1,1,0,3,5,0,0,401812486
4684275,Rob Dillingham,MIN,G,2025-10-04,DEN,0,2025,23.0,7,2,9,1,0,0,4,3,10,0,0,401812486
2968436,Joe Ingles,MIN,F,2025-10-04,DEN,0,2025,16.0,3,0,4,1,0,0,1,1,2,0,0,401812486
4067045,Alize Johnson,MIN,F,2025-10-04,DEN,0,2025,8.0,0,1,0,0,0,0,1,0,0,0,0,401812486
4592699,Enrique Freeman,MIN,F,2025-10-04,DEN,0,2025,8.0,9,2,0,2,0,0,1,3,3,1,1,401812486
5279133,Joan Beringer,MIN,F,2025-10-04,DEN,0,2025,23.0,14,4,0,0,0,1,0,6,8,2,3,401812486
5157587,Rocco Zikarsky,MIN,C,2025-10-04,DEN,0,2025,13.0,9,8,0,0,1,0,1,3,8,3,4,401812486
4397127,Jules Bernard,MIN,G,2025-10-04,DEN,0,2025,4.0,0,1,1,0,0,0,0,0,1,0,0,401812486
4432247,Jaylen Clark,MIN,G,2025-10-04,DEN,0,2025,20.0,2,2,0,0,1,1,0,1,4,0,0,401812486
4432817,Johnny Juzang,MIN,G,2025-10-04,DEN,0,2025,20.0,16,6,0,3,1,0,0,6,13,1,2,401812486
4432847,Terrence Shannon Jr.,MIN,G,2025-10-04,DEN,0,2025,21.0,11,4,4,0,0,0,1,2,9,7,8,401812486
4592492,Bones Hyland,MIN,G,2025-10-04,DEN,0,2025,22.0,18,3,3,3,1,0,1,5,8,5,6,401812486
4592965,Tristen Newton,MIN,G,2025-10-04,DEN,0,2025,3.0,2,0,0,0,0,0,0,1,1,0,0,401812486
4592979,Zyon Pullin,MIN,G,2025-10-04,DEN,0,2025,10.0,2,1,1,0,0,0,1,1,2,0,0,401812486
3064290,Aaron Gordon,DEN,F,2025-10-04,MIN,1,2025,15.0,14,3,1,1,0,0,1,4,4,5,6,401812486
3138196,Cameron Johnson,DEN,F,2025-10-04,MIN,1,2025,15.0,2,0,1,0,0,1,1,1,3,0,0,401812486
3112335,Nikola Jokic,DEN,C,2025-10-04,MIN,1,2025,19.0,14,5,2,0,1,0,1,4,5,6,6,401812486
3936299,Jamal Murray,DEN,G,2025-10-04,MIN,1,2025,16.0,12,1,5,1,0,1,2,3,6,5,5,401812486
4431767,Christian Braun,DEN,G,2025-10-04,MIN,1,2025,15.0,7,3,0,1,0,0,1,2,2,2,4,401812486
4395620,Hunter Tyson,DEN,F,2025-10-04,MIN,1,2025,15.0,9,3,0,3,1,0,1,3,5,0,0,401812486
4431690,Zeke Nnaji,DEN,F,2025-10-04,MIN,1,2025,12.0,4,2,1,0,1,0,0,2,6,0,0,401812486
4433607,DaRon Holmes II,DEN,F,2025-10-04,MIN,1,2025,9.0,5,1,2,1,0,0,0,1,2,2,2,401812486
4592427,Spencer Jones,DEN,F,2025-10-04,MIN,1,2025,10.0,0,1,0,0,2,0,0,0,0,0,0,401812486
6477,Jonas Valanciunas,DEN,C,2025-10-04,MIN,1,2025,13.0,6,1,2,0,1,1,4,3,5,0,0,401812486
4397126,Moses Brown,DEN,C,2025-10-04,MIN,1,2025,4.0,8,3,0,0,0,0,0,4,5,0,0,401812486
2528210,Tim Hardaway Jr.,DEN,G,2025-10-04,MIN,1,2025,15.0,3,2,3,0,0,0,1,0,3,3,4,401812486
4065670,Bruce Brown,DEN,G,2025-10-04,MIN,1,2025,16.0,2,1,2,0,2,1,1,1,3,0,0,401812486
4398390,Jalen Pickett,DEN,G,2025-10-04,MIN,1,2025,14.0,13,3,4,3,0,0,1,5,9,0,0,401812486
4432181,Julian Strawther,DEN,G,2025-10-04,MIN,1,2025,18.0,7,3,0,1,0,0,1,3,6,0,1,401812486
4576087,Peyton Watson,DEN,G,2025-10-04,MIN,1,2025,18.0,10,4,0,0,0,0,0,5,5,0,0,401812486
4683933,Tamar Bates,DEN,G,2025-10-04,MIN,1,2025,4.0,0,0,0,0,1,0,0,0,1,0,0,401812486
4898369,Curtis Jones,DEN,G,2025-10-04,MIN,1,2025,12.0,0,1,4,0,0,0,0,0,5,0,0,401812486
4432823,Jaylin Williams,OKC,F,2025-10-05,CHA,0,2025,22.0,17,2,3,5,0,0,2,6,9,0,0,401812676
4997526,Ousmane Dieng,OKC,F,2025-10-05,CHA,0,2025,33.0,17,8,6,3,1,0,2,7,14,0,0,401812676
4395702,Isaiah Joe,OKC,G,2025-10-05,CHA,0,2025,20.0,7,6,2,0,0,0,0,2,7,3,3,401812676
4397183,Aaron Wiggins,OKC,G,2025-10-05,CHA,0,2025,25.0,23,2,6,2,0,0,3,10,14,1,1,401812676
5159925,Nikola Topic,OKC,G,2025-10-05,CHA,0,2025,31.0,10,4,7,0,1,0,3,4,9,2,2,401812676
4684208,Brooks Barnhizer,OKC,F,2025-10-05,CHA,0,2025,25.0,6,3,1,0,4,1,0,1,2,4,5,401812676
4702099,Zack Austin,OKC,F,2025-10-05,CHA,0,2025,12.0,2,2,0,0,1,0,1,0,1,2,2,401812676
4897449,Malevy Leons,OKC,F,2025-10-05,CHA,0,2025,23.0,11,11,1,3,3,1,2,3,7,2,2,401812676
4592435,Branden Carlson,OKC,C,2025-10-05,CHA,0,2025,11.0,7,3,2,1,1,0,0,3,8,0,0,401812676
4706557,Chris Youngblood,OKC,G,2025-10-05,CHA,0,2025,21.0,20,3,1,5,0,0,1,7,11,1,4,401812676
4708972,Jazian Gortman,OKC,G,2025-10-05,CHA,0,2025,17.0,15,0,4,1,0,0,0,7,12,0,0,401812676
4066383,Miles Bridges,CHA,F,2025-10-05,OKC,1,2025,16.0,7,8,3,1,0,0,1,3,6,0,0,401812676
4433249,Moussa Diabate,CHA,F,2025-10-05,OKC,1,2025,13.0,7,4,0,0,2,1,0,3,5,1,3,401812676
4433287,Brandon Miller,CHA,F,2025-10-05,OKC,1,2025,16.0,8,0,1,0,2,0,2,3,10,2,2,401812676
4432816,LaMelo Ball,CHA,G,2025-10-05,OKC,1,2025,15.0,11,2,3,3,0,0,1,4,7,0,0,401812676
5061575,Kon Knueppel,CHA,G,2025-10-05,OKC,1,2025,23.0,18,2,2,4,0,0,0,6,13,2,2,401812676
4397689,Drew Peterson,CHA,F,2025-10-05,OKC,1,2025,5.0,2,1,1,0,1,0,0,1,3,0,0,401812676
5211176,Tidjane Salaun,CHA,F,2025-10-05,OKC,1,2025,24.0,6,6,0,2,0,1,2,2,10,0,0,401812676
4576060,Ryan Kalkbrenner,CHA,C,2025-10-05,OKC,1,2025,25.0,11,7,0,0,2,1,1,4,6,3,5,401812676
4871140,Ibou Badji,CHA,C,2025-10-05,OKC,1,2025,11.0,2,3,0,0,0,1,0,0,1,2,2,401812676
2580782,Spencer Dinwiddie,CHA,PG,2025-10-05,OKC,1,2025,11.0,0,0,2,0,0,0,1,0,3,0,0,401812676
2578239,Pat Connaughton,CHA,G,2025-10-05,OKC,1,2025,9.0,3,3,0,1,0,0,2,1,4,0,0,401812676
4277811,Collin Sexton,CHA,G,2025-10-05,OKC,1,2025,17.0,11,1,2,0,0,0,1,2,6,7,7,401812676
4432819,Tre Mann,CHA,G,2025-10-05,OKC,1,2025,17.0,7,5,5,1,0,0,1,3,7,0,0,401812676
4602025,Sion James,CHA,G,2025-10-05,OKC,1,2025,10.0,4,3,0,0,0,0,0,1,1,2,2,401812676
4683834,KJ Simpson,CHA,G,2025-10-05,OKC,1,2025,12.0,10,0,2,3,0,0,3,3,6,1,2,401812676
5239590,Liam McNeeley,CHA,G,2025-10-05,OKC,1,2025,16.0,7,2,2,0,1,0,2,1,6,5,5,401812676
4066648,Rui Hachimura,LAL,F,2025-10-05,GS,0,2025,19.0,4,3,1,0,1,0,1,2,4,0,0,401812677
4278077,Jarred Vanderbilt,LAL,F,2025-10-05,GS,0,2025,21.0,9,7,4,1,3,0,3,4,8,0,1,401812677
4592691,Jake LaRavia,LAL,F,2025-10-05,GS,0,2025,20.0,10,0,3,0,1,0,2,5,10,0,0,401812677
4278129,Deandre Ayton,LAL,C,2025-10-05,GS,0,2025,21.0,7,7,0,0,0,2,1,3,8,1,2,401812677
3137259,Gabe Vincent,LAL,G,2025-10-05,GS,0,2025,19.0,16,0,5,3,0,0,2,4,9,5,5,401812677
4431705,Anton Watson,LAL,F,2025-10-05,GS,0,2025,7.0,3,0,1,1,0,0,0,1,1,0,0,401812677
4897943,Dalton Knecht,LAL,F,2025-10-05,GS,0,2025,34.0,12,6,3,2,0,1,0,3,11,4,4,401812677
4397077,Jaxson Hayes,LAL,C,2025-10-05,GS,0,2025,16.0,8,6,2,0,0,0,0,4,8,0,1,401812677
4431778,Christian Koloko,LAL,C,2025-10-05,GS,0,2025,11.0,4,2,0,1,1,0,0,1,1,1,2,401812677
4397821,Nate Williams,LAL,G,2025-10-05,GS,0,2025,19.0,5,6,0,1,0,0,2,2,8,0,0,401812677
4433176,RJ Davis,LAL,G,2025-10-05,GS,0,2025,19.0,11,1,1,1,0,0,2,1,2,8,8,401812677
4683686,Nick Smith Jr.,LAL,G,2025-10-05,GS,0,2025,12.0,9,2,2,1,0,1,0,3,8,2,4,401812677
4683774,Bronny James,LAL,G,2025-10-05,GS,0,2025,23.0,5,3,3,1,1,1,5,2,6,0,0,401812677
6430,Jimmy Butler III,GS,F,2025-10-05,LAL,1,2025,15.0,9,4,2,0,0,0,2,3,4,3,4,401812677
6589,Draymond Green,GS,F,2025-10-05,LAL,1,2025,14.0,2,3,5,0,0,0,3,1,6,0,0,401812677
3975,Stephen Curry,GS,G,2025-10-05,LAL,1,2025,15.0,14,1,2,3,0,0,1,5,7,1,1,401812677
4432171,Moses Moody,GS,G,2025-10-05,LAL,1,2025,15.0,19,0,1,5,1,0,1,7,9,0,0,401812677
4709138,Brandin Podziemski,GS,G,2025-10-05,LAL,1,2025,18.0,8,1,4,2,2,0,2,2,5,2,2,401812677
4066889,Jackson Rowe,GS,F,2025-10-05,LAL,1,2025,8.0,0,5,0,0,0,1,2,0,1,0,0,401812677
4431684,Trayce Jackson-Davis,GS,F,2025-10-05,LAL,1,2025,13.0,4,4,2,0,1,0,1,1,1,2,2,401812677
4433247,Jonathan Kuminga,GS,F,2025-10-05,LAL,1,2025,15.0,5,6,4,1,0,1,1,2,3,0,2,401812677
4997536,Gui Santos,GS,F,2025-10-05,LAL,1,2025,15.0,5,2,3,0,0,0,2,2,4,1,2,401812677
3213,Al Horford,GS,C,2025-10-05,LAL,1,2025,14.0,3,4,3,1,1,3,0,1,3,0,0,401812677
4065652,Marques Bolden,GS,C,2025-10-05,LAL,1,2025,3.0,2,1,0,0,0,0,0,1,4,0,0,401812677
4593016,Quinten Post,GS,C,2025-10-05,LAL,1,2025,16.0,7,3,0,1,1,0,1,2,5,2,2,401812677
2990984,Buddy Hield,GS,G,2025-10-05,LAL,1,2025,18.0,11,2,3,1,3,0,0,5,10,0,0,401812677
3134903,Gary Payton II,GS,G,2025-10-05,LAL,1,2025,11.0,7,0,0,1,0,0,0,3,3,0,0,401812677
4397537,Taevion Kinsey,GS,G,2025-10-05,LAL,1,2025,6.0,0,2,0,0,0,0,0,0,1,0,0,401812677
4433149,LJ Cryer,GS,G,2025-10-05,LAL,1,2025,9.0,0,1,1,0,0,0,0,0,6,0,0,401812677
4592714,Pat Spencer,GS,G,2025-10-05,LAL,1,2025,21.0,12,3,4,1,2,0,1,3,7,5,6,401812677
4897262,Will Richard,GS,G,2025-10-05,LAL,1,2025,15.0,3,2,1,1,0,2,1,1,5,0,0,401812677
3134907,Kyle Kuzma,MIL,F,2025-10-06,MIA,0,2025,17.0,2,8,1,0,0,0,1,1,6,0,0,401812678
3133628,Myles Turner,MIL,C,2025-10-06,MIA,0,2025,15.0,8,2,0,0,1,2,1,2,3,4,5,401812678
4277843,Gary Trent Jr.,MIL,G,2025-10-06,MIA,0,2025,13.0,11,0,2,1,1,0,0,3,6,4,6,401812678
4397140,Kevin Porter Jr.,MIL,G,2025-10-06,MIA,0,2025,15.0,10,2,4,0,1,1,0,5,7,0,1,401812678
4397475,AJ Green,MIL,G,2025-10-06,MIA,0,2025,17.0,9,2,0,3,0,0,0,3,8,0,0,401812678
2990962,Taurean Prince,MIL,F,2025-10-06,MIA,0,2025,11.0,5,0,0,1,1,0,2,1,1,2,2,401812678
3064482,Bobby Portis,MIL,F,2025-10-06,MIA,0,2025,13.0,2,4,0,0,2,0,0,1,6,0,0,401812678
3102533,Thanasis Antetokounmpo,MIL,F,2025-10-06,MIA,0,2025,5.0,0,1,1,0,0,0,0,0,0,0,0,401812678
4397233,Pete Nance,MIL,F,2025-10-06,MIA,0,2025,17.0,15,3,2,4,2,0,0,5,9,1,2,401812678
4433622,Chris Livingston,MIL,F,2025-10-06,MIA,0,2025,8.0,8,2,1,0,0,0,1,4,4,0,0,401812678
5167876,Tyler Smith,MIL,F,2025-10-06,MIA,0,2025,13.0,3,1,1,0,1,0,1,1,5,1,2,401812678
4277922,Jericho Sims,MIL,C,2025-10-06,MIA,0,2025,15.0,0,2,2,0,0,0,1,0,1,0,2,401812678
2999547,Gary Harris,MIL,G,2025-10-06,MIA,0,2025,12.0,0,2,2,0,0,0,4,0,4,0,0,401812678
4066387,Amir Coffey,MIL,G,2025-10-06,MIA,0,2025,12.0,3,1,0,1,0,1,0,1,5,0,0,401812678
4280245,Jamaree Bouyea,MIL,G,2025-10-06,MIA,0,2025,15.0,4,3,3,0,0,1,1,2,6,0,0,401812678
4397114,Cormac Ryan,MIL,G,2025-10-06,MIA,0,2025,4.0,7,1,0,1,2,0,0,1,2,4,4,401812678
4432190,Andre Jackson Jr.,MIL,G,2025-10-06,MIA,0,2025,13.0,2,5,1,0,2,0,1,1,2,0,0,401812678
4432809,Cole Anthony,MIL,G,2025-10-06,MIA,0,2025,7.0,2,0,1,0,1,0,0,1,4,0,0,401812678
4591725,Ryan Rollins,MIL,G,2025-10-06,MIA,0,2025,16.0,10,3,2,2,1,0,2,4,8,0,0,401812678
4703530,Mark Sears,MIL,G,2025-10-06,MIA,0,2025,2.0,2,1,1,0,0,0,0,0,0,2,2,401812678
3059319,Andrew Wiggins,MIA,F,2025-10-06,MIL,1,2025,16.0,7,1,0,1,0,0,0,3,7,0,0,401812678
4432848,Jaime Jaquez Jr.,MIA,F,2025-10-06,MIL,1,2025,23.0,9,4,3,1,0,0,2,3,6,2,2,401812678
4997528,Nikola Jovic,MIA,F,2025-10-06,MIL,1,2025,23.0,9,8,7,1,2,0,0,3,7,2,2,401812678
4066261,Bam Adebayo,MIA,C,2025-10-06,MIL,1,2025,16.0,5,7,2,0,0,1,5,1,3,3,4,401812678
2595516,Norman Powell,MIA,G,2025-10-06,MIL,1,2025,16.0,18,2,1,3,0,0,1,6,12,3,3,401812678
4431679,Precious Achiuwa,MIA,F,2025-10-06,MIL,1,2025,9.0,3,3,0,0,1,1,1,1,2,1,2,401812678
4431772,Myron Gardner,MIA,F,2025-10-06,MIL,1,2025,25.0,8,7,0,0,1,1,1,4,10,0,2,401812678
4431786,Keshad Johnson,MIA,F,2025-10-06,MIL,1,2025,25.0,8,7,5,0,0,0,5,2,3,4,8,401812678
5105623,Kel'el Ware,MIA,C,2025-10-06,MIL,1,2025,23.0,18,13,0,2,1,0,4,7,15,2,3,401812678
4066993,Dru Smith,MIA,G,2025-10-06,MIL,1,2025,8.0,2,3,1,0,0,0,1,1,3,0,0,401812678
4278516,Ethan Thompson,MIA,G,2025-10-06,MIL,1,2025,9.0,2,0,1,0,0,0,1,1,3,0,0,401812678
4432645,Trevor Keels,MIA,G,2025-10-06,MIL,1,2025,29.0,0,2,2,0,2,0,2,0,8,0,0,401812678
4433133,Jahmir Young,MIA,G,2025-10-06,MIL,1,2025,18.0,4,3,3,0,1,1,0,1,6,2,2,401812678
4701230,Jalen Johnson,ATL,F,2025-10-06,HOU,0,2025,17.0,11,2,0,1,2,2,0,5,8,0,1,401812679
5211175,Zaccharie Risacher,ATL,F,2025-10-06,HOU,0,2025,21.0,9,2,1,1,2,0,0,3,9,2,2,401812679
3102531,Kristaps Porzingis,ATL,C,2025-10-06,HOU,0,2025,15.0,5,0,1,0,1,0,1,2,6,1,4,401812679
4277905,Trae Young,ATL,G,2025-10-06,HOU,0,2025,18.0,9,2,8,2,0,0,3,3,7,1,1,401812679
4869342,Dyson Daniels,ATL,G,2025-10-06,HOU,0,2025,20.0,8,3,6,0,2,1,1,3,4,2,2,401812679
4431680,Onyeka Okongwu,ATL,F,2025-10-06,HOU,0,2025,16.0,11,1,1,1,1,0,0,4,8,2,2,401812679
4433623,Caleb Houstan,ATL,F,2025-10-06,HOU,0,2025,13.0,5,2,0,1,1,0,1,2,9,0,0,401812679
4592461,Jacob Toppin,ATL,F,2025-10-06,HOU,0,2025,12.0,4,0,2,0,0,0,0,1,4,2,4,401812679
4712863,Mouhamed Gueye,ATL,F,2025-10-06,HOU,0,2025,10.0,6,3,2,1,0,0,1,2,4,1,2,401812679
4873201,Asa Newell,ATL,F,2025-10-06,HOU,0,2025,12.0,3,3,1,1,0,1,0,1,4,0,0,401812679
5144067,Nikola Durisic,ATL,F,2025-10-06,HOU,0,2025,8.0,8,0,1,1,0,0,0,2,2,3,3,401812679
4397886,Charles Bassey,ATL,C,2025-10-06,HOU,0,2025,3.0,2,1,0,0,0,0,0,0,0,2,2,401812679
4592401,N'Faly Dante,ATL,C,2025-10-06,HOU,0,2025,8.0,0,10,1,0,0,1,1,0,0,0,2,401812679
5144071,Eli Ndiaye,ATL,C,2025-10-06,HOU,0,2025,3.0,2,0,0,0,0,0,1,1,1,0,0,401812679
3913174,Luke Kennard,ATL,G,2025-10-06,HOU,0,2025,20.0,8,1,1,2,0,0,0,3,4,0,0,401812679
4278039,Nickeil Alexander-Walker,ATL,G,2025-10-06,HOU,0,2025,16.0,13,1,3,3,1,0,1,5,8,0,0,401812679
4279118,Keaton Wallace,ATL,G,2025-10-06,HOU,0,2025,18.0,5,3,4,1,3,0,3,1,8,2,2,401812679
4578893,Vit Krejci,ATL,G,2025-10-06,HOU,0,2025,10.0,4,0,0,0,1,0,0,2,5,0,0,401812679
4432639,Jabari Smith Jr.,HOU,F,2025-10-06,ATL,1,2025,23.0,9,6,1,2,0,0,1,3,8,1,2,401812679
4433192,Tari Eason,HOU,F,2025-10-06,ATL,1,2025,18.0,10,6,2,0,0,0,1,5,8,0,0,401812679
4871144,Alperen Sengun,HOU,C,2025-10-06,ATL,1,2025,17.0,19,5,6,2,0,2,1,5,9,7,7,401812679
4684740,Amen Thompson,HOU,G,2025-10-06,ATL,1,2025,26.0,11,2,3,1,2,0,4,4,9,2,2,401812679
4711272,Reed Sheppard,HOU,G,2025-10-06,ATL,1,2025,19.0,7,3,1,1,0,0,3,2,6,2,2,401812679
3209,Jeff Green,HOU,F,2025-10-06,ATL,1,2025,15.0,2,5,0,0,2,0,1,0,2,2,2,401812679
4432394,Cameron Matthews,HOU,F,2025-10-06,ATL,1,2025,8.0,1,1,0,0,0,1,0,0,0,1,2,401812679
4592857,Isaiah Crawford,HOU,F,2025-10-06,ATL,1,2025,8.0,5,2,1,1,0,0,0,2,3,0,0,401812679
2991235,Steven Adams,HOU,C,2025-10-06,ATL,1,2025,16.0,8,5,2,0,0,0,3,4,4,0,0,401812679
3102529,Clint Capela,HOU,C,2025-10-06,ATL,1,2025,18.0,8,5,0,0,0,1,1,4,5,0,0,401812679
3922230,Aaron Holiday,HOU,G,2025-10-06,ATL,1,2025,20.0,8,4,3,2,1,0,3,2,12,2,2,401812679
4065663,Josh Okogie,HOU,G,2025-10-06,ATL,1,2025,17.0,8,3,0,0,1,2,0,0,1,8,10,401812679
4067858,Kevon Harris,HOU,G,2025-10-06,ATL,1,2025,12.0,9,3,1,0,0,0,0,2,5,5,6,401812679
4576085,JD Davison,HOU,G,2025-10-06,ATL,1,2025,22.0,17,3,4,5,0,0,1,6,9,0,0,401812679
6440,Tobias Harris,DET,F,2025-10-06,MEM,0,2025,14.0,13,4,2,1,2,0,0,5,7,2,3,401812680
4432810,Isaiah Stewart,DET,C,2025-10-06,MEM,0,2025,18.0,12,4,0,1,0,1,1,5,7,1,1,401812680
4432166,Cade Cunningham,DET,G,2025-10-06,MEM,0,2025,19.0,20,3,4,2,2,0,3,8,11,2,3,401812680
4433218,Jaden Ivey,DET,G,2025-10-06,MEM,0,2025,14.0,7,1,1,1,0,0,3,2,5,2,2,401812680
4684742,Ausar Thompson,DET,G,2025-10-06,MEM,0,2025,16.0,5,5,3,0,2,1,2,2,5,1,2,401812680
3157465,Duncan Robinson,DET,F,2025-10-06,MEM,0,2025,19.0,10,5,2,2,3,0,1,4,8,0,0,401812680
4278562,Paul Reed,DET,F,2025-10-06,MEM,0,2025,18.0,5,12,2,0,0,2,2,2,2,1,1,401812680
4397882,Tolu Smith,DET,F,2025-10-06,MEM,0,2025,12.0,11,11,2,0,0,1,0,4,6,3,7,401812680
4592843,Brice Williams,DET,F,2025-10-06,MEM,0,2025,12.0,0,0,1,0,0,0,0,0,4,0,0,401812680
4683771,Ronald Holland II,DET,F,2025-10-06,MEM,0,2025,16.0,9,2,1,1,1,1,3,3,6,2,2,401812680
4906923,Bobi Klintman,DET,F,2025-10-06,MEM,0,2025,9.0,3,3,0,1,0,0,3,1,3,0,0,401812680
2596112,Javonte Green,DET,G,2025-10-06,MEM,0,2025,7.0,2,1,0,0,1,0,0,1,2,0,0,401812680
2991043,Caris LeVert,DET,G,2025-10-06,MEM,0,2025,18.0,2,0,1,0,0,0,2,1,8,0,0,401812680
4432107,Marcus Sasser,DET,G,2025-10-06,MEM,0,2025,14.0,11,0,4,1,1,0,1,3,5,4,5,401812680
4700852,Chaz Lanier,DET,G,2025-10-06,MEM,0,2025,18.0,11,3,0,3,0,1,0,4,6,0,2,401812680
5107199,Daniss Jenkins,DET,G,2025-10-06,MEM,0,2025,16.0,7,1,6,1,1,0,1,3,5,0,1,401812680
4593125,Santi Aldama,MEM,F,2025-10-06,DET,1,2025,19.0,8,7,1,2,1,0,0,3,7,0,1,401812680
5112087,Jaylen Wells,MEM,F,2025-10-06,DET,1,2025,21.0,9,0,3,3,0,0,3,3,10,0,0,401812680
3146557,Jock Landale,MEM,C,2025-10-06,DET,1,2025,19.0,9,7,1,2,1,1,1,3,7,1,1,401812680
2581018,Kentavious Caldwell-Pope,MEM,G,2025-10-06,DET,1,2025,21.0,15,2,3,3,0,0,0,6,10,0,0,401812680
4065733,Ty Jerome,MEM,G,2025-10-06,DET,1,2025,19.0,16,4,3,2,2,0,1,5,9,4,5,401812680
4595400,Olivier-Maxence Prosper,MEM,F,2025-10-06,DET,1,2025,18.0,1,1,2,0,2,2,5,0,6,1,2,401812680
4903027,Cedric Coward,MEM,F,2025-10-06,DET,1,2025,18.0,1,5,1,0,1,0,1,0,7,1,2,401812680
5105550,GG Jackson,MEM,F,2025-10-06,DET,1,2025,18.0,6,3,1,0,0,0,2,3,5,0,1,401812680
4701225,PJ Hall,MEM,C,2025-10-06,DET,1,2025,16.0,10,3,0,2,3,1,1,4,7,0,0,401812680
3134932,John Konchar,MEM,G,2025-10-06,DET,1,2025,16.0,5,3,0,1,2,1,2,2,3,0,2,401812680
4397227,Vince Williams Jr.,MEM,G,2025-10-06,DET,1,2025,19.0,10,0,1,2,0,2,0,2,5,4,5,401812680
4431785,Scotty Pippen Jr.,MEM,G,2025-10-06,DET,1,2025,20.0,13,2,3,1,1,0,2,3,7,6,7,401812680
4433083,Cam Spencer,MEM,G,2025-10-06,DET,1,2025,15.0,9,1,2,2,0,0,0,2,5,3,3,401812680
2579294,Frank Kaminsky,GUA,F,2025-10-06,SA,0,2025,30.0,22,7,0,5,1,1,1,8,15,1,2,401812681
5312580,Li Xiangbo,GUA,C,2025-10-06,SA,0,2025,21.0,2,2,1,0,1,0,1,0,1,2,2,401812681
2488945,Tim Frazier,GUA,PG,2025-10-06,SA,0,2025,25.0,5,1,5,1,0,0,3,1,6,2,2,401812681
2527963,Victor Oladipo,GUA,SG,2025-10-06,SA,0,2025,29.0,20,5,3,1,5,1,4,8,19,3,3,401812681
5312579,Liu Yanthenz,GUA,G,2025-10-06,SA,0,2025,19.0,5,3,1,1,0,0,0,2,5,0,0,401812681
2284101,Justin Holiday,GUA,F,2025-10-06,SA,0,2025,16.0,3,0,3,0,3,0,1,1,6,1,2,401812681
3059358,Deonte Burton,GUA,F,2025-10-06,SA,0,2025,18.0,5,4,0,1,1,0,1,1,3,2,2,401812681
3064320,George King,GUA,F,2025-10-06,SA,0,2025,18.0,4,1,0,0,1,0,4,2,4,0,0,401812681
5312604,Pang Yanjun,GUA,F,2025-10-06,SA,0,2025,13.0,0,1,3,0,0,0,1,0,2,0,0,401812681
5312605,Chen Guohao,GUA,F,2025-10-06,SA,0,2025,23.0,14,3,0,1,0,0,1,3,6,7,9,401812681
5312607,Zhang Wenjie,GUA,F,2025-10-06,SA,0,2025,3.0,0,0,1,0,0,0,0,0,0,0,0,401812681
5312603,Guan Ziyu,GUA,G,2025-10-06,SA,0,2025,19.0,6,2,2,1,0,0,2,2,8,1,2,401812681
5312606,Zhang Huafei,GUA,G,2025-10-06,SA,0,2025,6.0,2,1,0,0,0,0,1,1,2,0,0,401812681
6578,Harrison Barnes,SA,F,2025-10-06,GUA,1,2025,15.0,2,3,1,0,2,0,0,0,3,2,2,401812681
4066317,Lindy Waters III,SA,F,2025-10-06,GUA,1,2025,20.0,9,4,3,3,1,0,0,3,6,0,0,401812681
4395723,Keldon Johnson,SA,F,2025-10-06,GUA,1,2025,16.0,16,2,0,1,1,1,2,6,8,3,3,401812681
4592479,Julian Champagnie,SA,F,2025-10-06,GUA,1,2025,16.0,16,4,2,4,2,0,1,4,8,4,5,401812681
5104157,Victor Wembanyama,SA,F,2025-10-06,GUA,1,2025,16.0,9,10,7,1,0,3,6,3,3,2,2,401812681
4433618,Harrison Ingram,SA,F,2025-10-06,GUA,1,2025,15.0,6,6,1,0,0,0,3,3,6,0,2,401812681
4713010,David Jones Garcia,SA,F,2025-10-06,GUA,1,2025,20.0,4,4,5,0,2,2,4,2,8,0,0,401812681
5061568,Carter Bryant,SA,F,2025-10-06,GUA,1,2025,23.0,15,1,1,1,2,0,0,6,11,2,4,401812681
5177362,Riley Minix,SA,F,2025-10-06,GUA,1,2025,18.0,8,1,3,2,0,0,1,3,4,0,0,401812681
6427,Bismack Biyombo,SA,C,2025-10-06,GUA,1,2025,13.0,3,5,0,0,1,1,0,1,2,1,2,401812681
3064560,Luke Kornet,SA,C,2025-10-06,GUA,1,2025,14.0,16,4,1,0,0,0,1,6,6,4,4,401812681
4066399,Micah Potter,SA,C,2025-10-06,GUA,1,2025,15.0,3,4,1,1,0,1,3,1,5,0,0,401812681
4279532,Stanley Umude,SA,G,2025-10-06,GUA,1,2025,12.0,2,2,0,0,2,0,1,1,2,0,0,401812681
4397654,Adam Flagler,SA,G,2025-10-06,GUA,1,2025,25.0,10,2,6,2,1,0,1,4,8,0,0,401812681
4432823,Jaylin Williams,OKC,F,2025-10-06,DAL,0,2025,28.0,14,6,2,4,0,2,2,5,14,0,0,401812682
4684208,Brooks Barnhizer,OKC,F,2025-10-06,DAL,0,2025,37.0,16,7,2,1,1,0,1,4,10,7,9,401812682
4997526,Ousmane Dieng,OKC,F,2025-10-06,DAL,0,2025,35.0,12,7,6,1,2,0,3,4,14,3,5,401812682
4395702,Isaiah Joe,OKC,G,2025-10-06,DAL,0,2025,21.0,3,3,3,1,3,0,1,1,7,0,0,401812682
4683692,Cason Wallace,OKC,G,2025-10-06,DAL,0,2025,25.0,8,6,2,1,1,1,0,3,14,1,2,401812682
4702099,Zack Austin,OKC,F,2025-10-06,DAL,0,2025,22.0,13,3,0,3,1,1,0,4,9,2,2,401812682
4897449,Malevy Leons,OKC,F,2025-10-06,DAL,0,2025,26.0,5,4,0,1,2,0,5,2,7,0,0,401812682
4706557,Chris Youngblood,OKC,G,2025-10-06,DAL,0,2025,26.0,6,3,1,2,3,1,0,2,10,0,0,401812682
4708972,Jazian Gortman,OKC,G,2025-10-06,DAL,0,2025,20.0,12,4,2,0,1,0,2,5,12,2,2,401812682
6583,Anthony Davis,DAL,F,2025-10-06,OKC,1,2025,16.0,7,7,1,1,0,2,1,3,5,0,0,401812682
5041939,Cooper Flagg,DAL,F,2025-10-06,OKC,1,2025,14.0,10,6,3,2,0,1,0,3,6,2,2,401812682
4683688,Dereck Lively II,DAL,C,2025-10-06,OKC,1,2025,16.0,4,4,2,0,1,1,0,2,4,0,0,401812682
6475,Klay Thompson,DAL,G,2025-10-06,OKC,1,2025,15.0,5,2,0,1,0,0,1,2,8,0,0,401812682
3136776,D'Angelo Russell,DAL,G,2025-10-06,OKC,1,2025,15.0,5,2,5,1,0,0,2,1,3,2,2,401812682
2531367,Dwight Powell,DAL,F,2025-10-06,OKC,1,2025,12.0,7,7,0,0,1,1,0,3,3,1,1,401812682
4278078,P.J. Washington,DAL,F,2025-10-06,OKC,1,2025,14.0,14,3,1,0,0,1,1,4,9,6,7,401812682
4278594,Naji Marshall,DAL,F,2025-10-06,OKC,1,2025,15.0,2,3,2,0,0,0,2,0,3,2,2,401812682
4432813,Jeremiah Robinson-Earl,DAL,F,2025-10-06,OKC,1,2025,18.0,7,5,1,0,0,1,3,2,6,3,3,401812682
4701208,Moussa Cisse,DAL,C,2025-10-06,OKC,1,2025,15.0,4,5,0,0,0,3,1,2,2,0,2,401812682
4432582,Max Christie,DAL,G,2025-10-06,OKC,1,2025,15.0,12,2,3,0,0,0,0,3,6,6,6,401812682
4433629,Ryan Nembhard,DAL,G,2025-10-06,OKC,1,2025,17.0,5,1,2,1,1,2,1,2,4,0,0,401812682
4696317,Miles Kelly,DAL,G,2025-10-06,OKC,1,2025,18.0,5,4,3,1,1,0,3,1,4,2,2,401812682
4868423,Jaden Hardy,DAL,G,2025-10-06,OKC,1,2025,22.0,12,3,1,3,1,0,4,4,13,1,1,401812682
4897007,Matthew Cleveland,DAL,G,2025-10-06,OKC,1,2025,18.0,7,4,2,1,0,0,2,2,5,2,2,401812682
3138196,Cameron Johnson,DEN,F,2025-10-06,TOR,0,2025,20.0,11,4,1,1,0,1,0,4,6,2,2,401812683
3112335,Nikola Jokic,DEN,C,2025-10-06,TOR,0,2025,21.0,17,6,5,0,1,0,6,5,5,7,9,401812683
3936299,Jamal Murray,DEN,G,2025-10-06,TOR,0,2025,21.0,17,4,2,3,0,0,2,6,10,2,2,401812683
4431767,Christian Braun,DEN,G,2025-10-06,TOR,0,2025,22.0,19,2,2,3,2,0,3,8,8,0,0,401812683
4576087,Peyton Watson,DEN,G,2025-10-06,TOR,0,2025,22.0,1,7,4,0,0,0,2,0,2,1,2,401812683
4395620,Hunter Tyson,DEN,F,2025-10-06,TOR,0,2025,12.0,3,1,1,0,0,0,2,1,4,1,2,401812683
4397693,Kessler Edwards,DEN,F,2025-10-06,TOR,0,2025,4.0,1,3,0,0,0,2,1,0,0,1,2,401812683
4431690,Zeke Nnaji,DEN,F,2025-10-06,TOR,0,2025,8.0,2,2,1,0,0,1,1,1,1,0,0,401812683
4433607,DaRon Holmes II,DEN,F,2025-10-06,TOR,0,2025,4.0,6,2,0,2,0,0,1,2,2,0,0,401812683
4592427,Spencer Jones,DEN,F,2025-10-06,TOR,0,2025,14.0,0,1,0,0,0,0,0,0,1,0,0,401812683
6477,Jonas Valanciunas,DEN,C,2025-10-06,TOR,0,2025,13.0,6,4,1,0,0,0,3,2,4,2,5,401812683
2528210,Tim Hardaway Jr.,DEN,G,2025-10-06,TOR,0,2025,16.0,7,2,0,1,0,0,0,2,7,2,3,401812683
4065670,Bruce Brown,DEN,G,2025-10-06,TOR,0,2025,18.0,7,2,1,0,2,2,4,3,5,1,2,401812683
4398390,Jalen Pickett,DEN,G,2025-10-06,TOR,0,2025,16.0,2,3,1,0,1,0,2,1,6,0,0,401812683
4432181,Julian Strawther,DEN,G,2025-10-06,TOR,0,2025,15.0,9,4,1,1,0,0,3,2,3,4,4,401812683
4683933,Tamar Bates,DEN,G,2025-10-06,TOR,0,2025,5.0,2,0,1,0,1,0,1,0,1,2,2,401812683
4898369,Curtis Jones,DEN,G,2025-10-06,TOR,0,2025,10.0,2,1,1,0,1,0,0,1,2,0,0,401812683
3913176,Brandon Ingram,TOR,F,2025-10-06,DEN,1,2025,22.0,19,1,2,1,0,0,1,6,12,6,7,401812683
4395625,RJ Barrett,TOR,F,2025-10-06,DEN,1,2025,21.0,19,4,3,3,1,0,0,7,12,2,4,401812683
4433134,Scottie Barnes,TOR,F,2025-10-06,DEN,1,2025,19.0,1,4,5,0,3,0,1,0,6,1,2,401812683
5107897,Jonathan Mogbo,TOR,F,2025-10-06,DEN,1,2025,16.0,6,2,0,0,2,0,1,3,6,0,0,401812683
4395724,Immanuel Quickley,TOR,G,2025-10-06,DEN,1,2025,20.0,8,1,3,1,1,0,0,3,6,1,2,401812683
4278046,Olivier Sarr,TOR,F,2025-10-06,DEN,1,2025,8.0,2,3,1,0,0,0,0,1,3,0,0,401812683
4278580,Sandro Mamukelashvili,TOR,F,2025-10-06,DEN,1,2025,23.0,15,6,2,3,2,0,0,6,8,0,0,401812683
4431893,Jamison Battle,TOR,F,2025-10-06,DEN,1,2025,8.0,2,1,1,0,1,0,0,1,5,0,0,401812683
5093267,Collin Murray-Boyles,TOR,F,2025-10-06,DEN,1,2025,17.0,4,3,1,0,0,0,0,2,7,0,0,401812683
4067017,A.J. Lawson,TOR,G,2025-10-06,DEN,1,2025,5.0,2,2,1,0,1,0,0,0,3,2,2,401812683
4397018,Ochai Agbaji,TOR,G,2025-10-06,DEN,1,2025,16.0,7,2,0,0,0,0,1,3,4,1,2,401812683
4432241,Jamal Shead,TOR,G,2025-10-06,DEN,1,2025,17.0,11,1,5,1,1,0,1,4,8,2,3,401812683
4590360,Chucky Hepburn,TOR,G,2025-10-06,DEN,1,2025,11.0,0,0,0,0,4,0,2,0,3,0,0,401812683
4684272,Ja'Kobe Walter,TOR,G,2025-10-06,DEN,1,2025,15.0,5,1,1,0,1,0,1,2,5,1,3,401812683
4702656,Alijah Martin,TOR,G,2025-10-06,DEN,1,2025,5.0,2,4,0,0,0,0,0,1,3,0,0,401812683
5106258,Gradey Dick,TOR,G,2025-10-06,DEN,1,2025,17.0,5,3,1,1,0,0,3,1,6,2,2,401812683
4432822,Isaac Okoro,CHI,F,2025-10-07,CLE,0,2025,18.0,11,2,2,2,1,0,5,3,7,3,4,401812684
4711294,Matas Buzelis,CHI,F,2025-10-07,CLE,0,2025,18.0,19,8,1,2,0,1,2,7,11,3,4,401812684
6478,Nikola Vucevic,CHI,C,2025-10-07,CLE,0,2025,19.0,3,6,1,0,0,0,1,1,3,1,2,401812684
4066372,Kevin Huerter,CHI,G,2025-10-07,CLE,0,2025,19.0,3,3,1,1,0,0,3,1,7,0,0,401812684
4871145,Josh Giddey,CHI,G,2025-10-07,CLE,0,2025,14.0,3,3,5,0,3,0,2,1,4,1,2,401812684
4066650,Zach Collins,CHI,F,2025-10-07,CLE,0,2025,14.0,16,2,3,1,0,0,3,7,8,1,1,401812684
4397189,Jalen Smith,CHI,F,2025-10-07,CLE,0,2025,15.0,5,9,2,0,0,1,0,1,8,3,4,401812684
4431687,Patrick Williams,CHI,F,2025-10-07,CLE,0,2025,16.0,11,2,3,1,0,0,1,3,3,4,6,401812684
5105553,Julian Phillips,CHI,F,2025-10-07,CLE,0,2025,12.0,0,0,0,0,0,1,1,0,1,0,0,401812684
5242496,Noa Essengue,CHI,F,2025-10-07,CLE,0,2025,14.0,8,5,0,1,0,0,2,2,4,3,4,401812684
3133635,Jevon Carter,CHI,G,2025-10-07,CLE,0,2025,12.0,10,1,2,2,1,0,0,4,7,0,0,401812684
4395626,Tre Jones,CHI,G,2025-10-07,CLE,0,2025,19.0,10,1,2,0,4,0,1,4,5,2,2,401812684
4397002,Ayo Dosunmu,CHI,G,2025-10-07,CLE,0,2025,19.0,12,3,1,2,0,0,0,5,6,0,0,401812684
4433159,Dalen Terry,CHI,G,2025-10-07,CLE,0,2025,17.0,4,3,3,0,0,1,2,2,3,0,0,401812684
5159895,Yuki Kawamura,CHI,G,2025-10-07,CLE,0,2025,14.0,3,3,5,1,0,0,3,1,4,0,0,401812684
4065732,De'Andre Hunter,CLE,F,2025-10-07,CHI,1,2025,18.0,17,7,1,1,1,0,3,7,9,2,2,401812684
4066328,Jarrett Allen,CLE,C,2025-10-07,CHI,1,2025,18.0,5,1,1,0,2,0,0,2,4,1,5,401812684
4432158,Evan Mobley,CLE,C,2025-10-07,CHI,1,2025,18.0,12,6,2,2,1,1,2,5,10,0,0,401812684
3908809,Donovan Mitchell,CLE,G,2025-10-07,CHI,1,2025,18.0,7,1,2,0,2,0,2,3,5,1,2,401812684
4683747,Jaylon Tyson,CLE,G,2025-10-07,CHI,1,2025,18.0,0,0,3,0,1,2,0,0,5,0,0,401812684
2580365,Larry Nance Jr.,CLE,F,2025-10-07,CHI,1,2025,18.0,11,3,4,0,2,0,1,4,9,3,3,401812684
3912848,Dean Wade,CLE,F,2025-10-07,CHI,1,2025,18.0,2,2,3,0,2,0,0,1,5,0,0,401812684
4397231,Miller Kopp,CLE,F,2025-10-07,CHI,1,2025,7.0,5,1,0,1,0,0,0,1,2,2,2,401812684
4431734,Tristan Enaruna,CLE,F,2025-10-07,CHI,1,2025,12.0,3,1,0,0,0,0,1,1,5,1,2,401812684
4997539,Luke Travers,CLE,F,2025-10-07,CHI,1,2025,12.0,5,1,0,0,1,0,0,2,5,1,2,401812684
5106268,Nae'Qwan Tomlin,CLE,F,2025-10-07,CHI,1,2025,18.0,11,3,0,1,2,0,0,4,8,2,2,401812684
3934723,Thomas Bryant,CLE,C,2025-10-07,CHI,1,2025,12.0,6,2,2,2,1,0,2,2,4,0,0,401812684
4066421,Lonzo Ball,CLE,G,2025-10-07,CHI,1,2025,12.0,0,0,1,0,0,0,1,0,4,0,0,401812684
4683024,Killian Hayes,CLE,G,2025-10-07,CHI,1,2025,12.0,2,0,2,0,1,0,1,1,4,0,0,401812684
4701233,Craig Porter Jr.,CLE,G,2025-10-07,CHI,1,2025,18.0,17,4,4,5,2,0,2,6,9,0,2,401812684
5023693,Tyrese Proctor,CLE,G,2025-10-07,CHI,1,2025,12.0,14,0,2,3,1,0,0,5,6,1,2,401812684
3149673,Pascal Siakam,IND,F,2025-10-07,MIN,0,2025,14.0,14,3,3,3,2,0,0,5,9,1,1,401812685
4432170,Isaiah Jackson,IND,F,2025-10-07,MIN,0,2025,9.0,2,3,0,0,0,0,2,0,2,2,2,401812685
4395712,Andrew Nembhard,IND,G,2025-10-07,MIN,0,2025,11.0,8,2,2,0,1,0,0,3,6,2,2,401812685
4396909,Aaron Nesmith,IND,G,2025-10-07,MIN,0,2025,14.0,12,1,1,2,1,0,0,3,5,4,4,401812685
4683634,Bennedict Mathurin,IND,G,2025-10-07,MIN,0,2025,14.0,8,4,0,1,1,1,3,3,5,1,1,401812685
4278355,Obi Toppin,IND,F,2025-10-07,MIN,0,2025,10.0,3,2,2,1,2,0,0,1,3,0,0,401812685
4398207,Jalen Slawson,IND,F,2025-10-07,MIN,0,2025,19.0,9,3,2,3,0,0,0,3,7,0,0,401812685
4398356,Gabe McGlothan,IND,F,2025-10-07,MIN,0,2025,20.0,5,6,1,1,1,0,0,2,9,0,0,401812685
5106060,Jarace Walker,IND,F,2025-10-07,MIN,0,2025,24.0,13,5,3,2,1,1,2,5,12,1,2,401812685
4065673,Tony Bradley,IND,C,2025-10-07,MIN,0,2025,5.0,0,2,0,0,0,0,0,0,0,0,0,401812685
4065731,Jay Huff,IND,C,2025-10-07,MIN,0,2025,19.0,6,3,1,0,0,2,3,3,4,0,0,401812685
4432808,James Wiseman,IND,C,2025-10-07,MIN,0,2025,16.0,5,4,2,0,0,1,3,2,2,1,2,401812685
2530530,T.J. McConnell,IND,G,2025-10-07,MIN,0,2025,8.0,7,2,3,0,1,0,0,3,3,1,2,401812685
3064447,Delon Wright,IND,G,2025-10-07,MIN,0,2025,4.0,2,0,0,0,0,0,1,0,1,2,2,401812685
4431941,RayJ Dennis,IND,G,2025-10-07,MIN,0,2025,19.0,16,0,5,4,0,0,2,4,11,4,5,401812685
4592829,Quenton Jackson,IND,G,2025-10-07,MIN,0,2025,10.0,3,2,4,0,0,0,2,1,1,1,2,401812685
4703421,Taelon Peter,IND,G,2025-10-07,MIN,0,2025,28.0,10,5,2,2,2,1,2,4,8,0,0,401812685
5157066,Johnny Furphy,IND,G,2025-10-07,MIN,0,2025,20.0,12,3,1,1,0,1,4,3,6,5,6,401812685
3064514,Julius Randle,MIN,F,2025-10-07,IND,1,2025,18.0,14,4,1,0,1,0,2,6,11,2,3,401812685
3032976,Rudy Gobert,MIN,C,2025-10-07,IND,1,2025,18.0,5,4,0,0,1,1,5,2,3,1,3,401812685
4396971,Naz Reid,MIN,C,2025-10-07,IND,1,2025,16.0,10,3,1,1,2,0,1,3,6,3,3,401812685
3195,Mike Conley,MIN,G,2025-10-07,IND,1,2025,14.0,2,1,1,0,0,0,1,0,0,2,2,401812685
4594268,Anthony Edwards,MIN,G,2025-10-07,IND,1,2025,19.0,17,1,2,1,0,0,0,6,15,4,5,401812685
4067045,Alize Johnson,MIN,F,2025-10-07,IND,1,2025,17.0,9,9,1,0,0,0,1,3,4,3,5,401812685
4592699,Enrique Freeman,MIN,F,2025-10-07,IND,1,2025,11.0,3,1,0,1,0,0,0,1,3,0,0,401812685
5279133,Joan Beringer,MIN,F,2025-10-07,IND,1,2025,21.0,4,4,1,0,1,1,0,1,3,2,2,401812685
5157587,Rocco Zikarsky,MIN,C,2025-10-07,IND,1,2025,3.0,0,1,1,0,0,1,0,0,0,0,0,401812685
3934673,Donte DiVincenzo,MIN,G,2025-10-07,IND,1,2025,9.0,3,2,1,1,0,1,2,1,3,0,0,401812685
4397127,Jules Bernard,MIN,G,2025-10-07,IND,1,2025,10.0,9,0,0,1,0,0,0,3,4,2,2,401812685
4432247,Jaylen Clark,MIN,G,2025-10-07,IND,1,2025,8.0,0,1,1,0,0,0,0,0,1,0,0,401812685
4432817,Johnny Juzang,MIN,G,2025-10-07,IND,1,2025,14.0,20,2,0,6,0,1,1,6,9,2,2,401812685
4432847,Terrence Shannon Jr.,MIN,G,2025-10-07,IND,1,2025,23.0,9,2,5,2,3,0,1,3,6,1,2,401812685
4592492,Bones Hyland,MIN,G,2025-10-07,IND,1,2025,12.0,11,1,0,3,2,0,0,4,7,0,0,401812685
4592965,Tristen Newton,MIN,G,2025-10-07,IND,1,2025,20.0,9,2,3,1,2,0,3,1,4,6,8,401812685
4592979,Zyon Pullin,MIN,G,2025-10-07,IND,1,2025,12.0,6,1,4,0,1,0,0,2,4,2,2,401812685
4684275,Rob Dillingham,MIN,G,2025-10-07,IND,1,2025,22.0,3,2,4,0,1,0,3,1,7,1,2,401812685
6578,Harrison Barnes,SA,F,2025-10-08,MIA,0,2025,26.0,8,3,2,2,0,0,0,2,7,2,4,401812686
4395723,Keldon Johnson,SA,F,2025-10-08,MIA,0,2025,26.0,19,6,1,1,0,0,0,7,9,4,4,401812686
4592479,Julian Champagnie,SA,F,2025-10-08,MIA,0,2025,24.0,15,3,4,5,2,1,0,5,8,0,0,401812686
5104157,Victor Wembanyama,SA,F,2025-10-08,MIA,0,2025,22.0,10,4,5,0,1,2,5,4,9,2,4,401812686
4395630,Devin Vassell,SA,G,2025-10-08,MIA,0,2025,23.0,12,6,2,0,1,0,2,5,12,2,2,401812686
4066317,Lindy Waters III,SA,F,2025-10-08,MIA,0,2025,16.0,9,1,0,3,0,0,2,3,4,0,0,401812686
4433618,Harrison Ingram,SA,F,2025-10-08,MIA,0,2025,9.0,2,2,0,0,1,0,0,1,1,0,0,401812686
4713010,David Jones Garcia,SA,F,2025-10-08,MIA,0,2025,12.0,7,2,1,0,0,0,2,3,9,1,1,401812686
5061568,Carter Bryant,SA,F,2025-10-08,MIA,0,2025,19.0,8,6,2,0,1,0,4,2,5,4,6,401812686
5177362,Riley Minix,SA,F,2025-10-08,MIA,0,2025,6.0,0,0,0,0,1,0,1,0,1,0,0,401812686
6427,Bismack Biyombo,SA,C,2025-10-08,MIA,0,2025,11.0,2,3,1,0,0,0,0,0,2,2,2,401812686
3064560,Luke Kornet,SA,C,2025-10-08,MIA,0,2025,16.0,9,11,4,0,1,1,3,4,6,1,2,401812686
4066399,Micah Potter,SA,C,2025-10-08,MIA,0,2025,7.0,0,2,0,0,1,1,1,0,2,0,0,401812686
4279532,Stanley Umude,SA,G,2025-10-08,MIA,0,2025,6.0,0,0,0,0,0,0,0,0,2,0,0,401812686
4397654,Adam Flagler,SA,G,2025-10-08,MIA,0,2025,19.0,11,0,2,2,1,0,1,4,9,1,2,401812686
3059319,Andrew Wiggins,MIA,F,2025-10-08,SA,1,2025,21.0,8,2,1,1,1,0,2,3,10,1,2,401812686
4997528,Nikola Jovic,MIA,F,2025-10-08,SA,1,2025,21.0,3,3,3,0,0,0,1,1,3,1,2,401812686
4066261,Bam Adebayo,MIA,C,2025-10-08,SA,1,2025,22.0,9,4,0,1,1,0,3,3,10,2,4,401812686
2595516,Norman Powell,MIA,G,2025-10-08,SA,1,2025,26.0,18,4,3,1,1,1,4,6,13,5,5,401812686
4066993,Dru Smith,MIA,G,2025-10-08,SA,1,2025,13.0,6,0,1,2,0,0,0,2,2,0,0,401812686
4431772,Myron Gardner,MIA,F,2025-10-08,SA,1,2025,14.0,0,1,0,0,0,0,0,0,0,0,0,401812686
4431786,Keshad Johnson,MIA,F,2025-10-08,SA,1,2025,27.0,3,5,2,0,1,0,3,1,3,1,2,401812686
4432848,Jaime Jaquez Jr.,MIA,F,2025-10-08,SA,1,2025,28.0,19,3,1,0,0,0,1,6,8,7,7,401812686
5105623,Kel'el Ware,MIA,C,2025-10-08,SA,1,2025,26.0,29,12,1,3,1,1,2,12,19,2,3,401812686
4601025,Pelle Larsson,MIA,G,2025-10-08,SA,1,2025,16.0,4,2,2,1,1,0,0,1,6,1,2,401812686
5214640,Kasparas Jakucionis,MIA,G,2025-10-08,SA,1,2025,25.0,8,0,10,1,2,1,3,2,7,3,3,401812686
4684806,Taylor Hendricks,UTAH,F,2025-10-08,HOU,0,2025,27.0,15,4,3,4,2,0,2,5,9,1,4,401812687
3102530,Jusuf Nurkic,UTAH,C,2025-10-08,HOU,0,2025,25.0,12,8,7,1,1,0,4,5,5,1,3,401812687
3133602,Svi Mykhailiuk,UTAH,G,2025-10-08,HOU,0,2025,24.0,9,2,2,1,2,0,4,4,11,0,0,401812687
4433627,Keyonte George,UTAH,G,2025-10-08,HOU,0,2025,28.0,16,2,9,2,0,0,0,7,11,0,0,401812687
4873138,Ace Bailey,UTAH,G,2025-10-08,HOU,0,2025,31.0,25,6,3,2,2,1,2,11,16,1,1,401812687
3449,Kevin Love,UTAH,F,2025-10-08,HOU,0,2025,20.0,12,6,2,2,1,0,4,3,3,4,4,401812687
2993874,Kyle Anderson,UTAH,F,2025-10-08,HOU,0,2025,17.0,2,2,6,0,0,2,0,1,3,0,0,401812687
4895758,Cody Williams,UTAH,F,2025-10-08,HOU,0,2025,13.0,2,0,0,0,0,0,0,1,5,0,0,401812687
5105839,Brice Sensabaugh,UTAH,F,2025-10-08,HOU,0,2025,26.0,24,3,1,6,1,1,1,9,15,0,0,401812687
4397449,Elijah Harkless,UTAH,G,2025-10-08,HOU,0,2025,9.0,3,1,0,1,0,0,0,1,1,0,0,401812687
4896372,Walter Clayton Jr.,UTAH,G,2025-10-08,HOU,0,2025,20.0,7,1,3,1,0,0,3,3,10,0,0,401812687
3202,Kevin Durant,HOU,F,2025-10-08,UTAH,1,2025,23.0,20,2,1,1,1,0,3,7,10,5,5,401812687
4432639,Jabari Smith Jr.,HOU,F,2025-10-08,UTAH,1,2025,24.0,18,3,0,3,0,1,3,7,11,1,1,401812687
4871144,Alperen Sengun,HOU,C,2025-10-08,UTAH,1,2025,28.0,13,5,13,0,4,0,1,5,8,3,3,401812687
4684740,Amen Thompson,HOU,G,2025-10-08,UTAH,1,2025,25.0,19,7,6,1,2,1,1,9,15,0,1,401812687
4711272,Reed Sheppard,HOU,G,2025-10-08,UTAH,1,2025,26.0,11,4,3,2,1,2,2,4,7,1,2,401812687
3209,Jeff Green,HOU,F,2025-10-08,UTAH,1,2025,12.0,10,3,0,0,0,1,0,2,6,6,6,401812687
4432394,Cameron Matthews,HOU,F,2025-10-08,UTAH,1,2025,5.0,2,1,1,0,0,0,0,1,1,0,0,401812687
4433192,Tari Eason,HOU,F,2025-10-08,UTAH,1,2025,19.0,8,3,3,1,0,0,1,2,7,3,4,401812687
4592857,Isaiah Crawford,HOU,F,2025-10-08,UTAH,1,2025,7.0,2,2,0,0,1,0,0,1,3,0,0,401812687
3102529,Clint Capela,HOU,C,2025-10-08,UTAH,1,2025,18.0,8,7,2,0,0,0,0,3,8,2,4,401812687
3922230,Aaron Holiday,HOU,G,2025-10-08,UTAH,1,2025,18.0,11,2,0,3,0,0,1,4,8,0,0,401812687
4065663,Josh Okogie,HOU,G,2025-10-08,UTAH,1,2025,13.0,7,4,0,1,0,0,1,3,3,0,0,401812687
4067858,Kevon Harris,HOU,G,2025-10-08,UTAH,1,2025,5.0,3,1,1,0,1,0,0,1,3,1,2,401812687
4576085,JD Davison,HOU,G,2025-10-08,UTAH,1,2025,17.0,8,3,2,1,0,1,0,3,7,1,2,401812687
3948153,Chris Boucher,BOS,F,2025-10-08,MEM,0,2025,20.0,11,4,0,1,1,1,0,3,9,4,5,401812688
4065804,Sam Hauser,BOS,F,2025-10-08,MEM,0,2025,18.0,9,1,2,3,1,0,0,3,7,0,0,401812688
4277964,Xavier Tillman,BOS,F,2025-10-08,MEM,0,2025,23.0,7,5,2,1,1,1,0,3,5,0,0,401812688
3078576,Derrick White,BOS,G,2025-10-08,MEM,0,2025,27.0,16,3,10,2,1,2,1,7,16,0,0,401812688
3917376,Jaylen Brown,BOS,G,2025-10-08,MEM,0,2025,20.0,21,1,0,3,0,0,2,6,13,6,8,401812688
4432946,Jalen Bridges,BOS,F,2025-10-08,MEM,0,2025,10.0,2,1,1,0,0,0,0,1,4,0,0,401812688
4687718,Josh Minott,BOS,F,2025-10-08,MEM,0,2025,26.0,8,7,3,0,3,1,1,4,9,0,0,401812688
4702745,Amari Williams,BOS,F,2025-10-08,MEM,0,2025,5.0,0,3,1,0,1,0,1,0,0,0,2,401812688
4277951,Luka Garza,BOS,C,2025-10-08,MEM,0,2025,16.0,10,10,0,0,0,1,1,2,3,6,9,401812688
4397251,Ron Harper Jr.,BOS,G,2025-10-08,MEM,0,2025,15.0,5,1,1,1,1,1,0,2,6,0,0,401812688
4433254,Kendall Brown,BOS,G,2025-10-08,MEM,0,2025,5.0,3,1,2,0,0,1,0,1,1,1,2,401812688
4593841,Baylor Scheierman,BOS,G,2025-10-08,MEM,0,2025,21.0,13,5,2,3,2,0,4,3,13,4,4,401812688
4683689,Jordan Walsh,BOS,G,2025-10-08,MEM,0,2025,8.0,2,3,1,0,0,0,0,1,1,0,0,401812688
4701992,Max Shulga,BOS,G,2025-10-08,MEM,0,2025,3.0,2,1,0,0,1,0,0,0,1,2,2,401812688
5106035,RJ Luis Jr.,BOS,G,2025-10-08,MEM,0,2025,3.0,4,0,0,0,0,0,0,2,2,0,0,401812688
5175647,Hugo Gonzalez,BOS,G,2025-10-08,MEM,0,2025,18.0,8,3,1,1,1,3,3,3,4,1,2,401812688
4593125,Santi Aldama,MEM,F,2025-10-08,BOS,1,2025,25.0,12,6,2,1,0,0,3,5,11,1,2,401812688
4903027,Cedric Coward,MEM,F,2025-10-08,BOS,1,2025,26.0,15,6,0,0,2,0,1,4,13,7,7,401812688
5112087,Jaylen Wells,MEM,F,2025-10-08,BOS,1,2025,24.0,21,1,3,3,0,0,3,6,9,6,7,401812688
4596528,Lawson Lovering,MEM,C,2025-10-08,BOS,1,2025,20.0,5,6,1,0,1,0,0,2,2,1,1,401812688
4781746,Javon Small,MEM,G,2025-10-08,BOS,1,2025,29.0,6,2,6,1,2,0,4,2,8,1,2,401812688
4066240,Braxton Key,MEM,F,2025-10-08,BOS,1,2025,17.0,8,6,1,0,1,0,3,3,8,2,4,401812688
4431914,Tyler Burton,MEM,F,2025-10-08,BOS,1,2025,10.0,3,3,0,0,0,0,0,1,2,1,2,401812688
4595400,Olivier-Maxence Prosper,MEM,F,2025-10-08,BOS,1,2025,11.0,5,2,0,0,0,0,0,0,2,5,6,401812688
5105550,GG Jackson,MEM,F,2025-10-08,BOS,1,2025,15.0,7,4,0,1,0,1,3,3,8,0,0,401812688
4701225,PJ Hall,MEM,C,2025-10-08,BOS,1,2025,11.0,4,6,1,0,1,0,3,2,6,0,0,401812688
3134932,John Konchar,MEM,G,2025-10-08,BOS,1,2025,18.0,6,7,0,0,1,0,1,2,4,2,2,401812688
4397227,Vince Williams Jr.,MEM,G,2025-10-08,BOS,1,2025,18.0,1,1,4,0,0,1,1,0,7,1,2,401812688
4433083,Cam Spencer,MEM,G,2025-10-08,BOS,1,2025,16.0,10,3,3,1,2,0,0,2,3,5,7,401812688
2991070,Jerami Grant,POR,F,2025-10-08,GS,0,2025,21.0,8,5,1,1,3,0,0,2,11,3,4,401812689
4431736,Toumani Camara,POR,F,2025-10-08,GS,0,2025,20.0,14,4,3,4,1,2,1,5,13,0,2,401812689
5105565,Donovan Clingan,POR,C,2025-10-08,GS,0,2025,11.0,4,7,0,0,1,0,1,2,4,0,0,401812689
3995,Jrue Holiday,POR,G,2025-10-08,GS,0,2025,17.0,4,2,7,0,0,0,1,1,5,2,3,401812689
4914336,Shaedon Sharpe,POR,G,2025-10-08,GS,0,2025,23.0,22,6,2,4,0,0,1,9,15,0,0,401812689
4594326,Kris Murray,POR,F,2025-10-08,GS,0,2025,19.0,12,4,1,2,0,0,0,4,5,2,2,401812689
4683021,Deni Avdija,POR,F,2025-10-08,GS,0,2025,20.0,14,8,3,2,0,1,1,4,9,4,7,401812689
4066268,Duop Reath,POR,C,2025-10-08,GS,0,2025,11.0,9,3,0,1,0,1,1,4,8,0,1,401812689
5217746,Yang Hansen,POR,C,2025-10-08,GS,0,2025,21.0,4,4,1,0,0,0,4,2,5,0,0,401812689
4433144,Caleb Love,POR,G,2025-10-08,GS,0,2025,18.0,6,1,2,0,0,0,3,3,8,0,0,401812689
4597259,Javonte Cooke,POR,G,2025-10-08,GS,0,2025,9.0,9,3,0,1,0,0,1,3,7,2,2,401812689
4683935,Blake Wesley,POR,G,2025-10-08,GS,0,2025,20.0,9,6,2,0,2,0,1,3,8,3,4,401812689
5081727,Sidy Cissoko,POR,G,2025-10-08,GS,0,2025,15.0,4,2,3,0,0,0,2,0,3,4,4,401812689
5099752,Rayan Rupert,POR,G,2025-10-08,GS,0,2025,14.0,4,5,1,1,2,0,1,1,2,1,4,401812689
6430,Jimmy Butler III,GS,F,2025-10-08,POR,1,2025,17.0,12,2,3,0,2,0,1,3,6,6,8,401812689
6589,Draymond Green,GS,F,2025-10-08,POR,1,2025,16.0,9,1,2,2,0,0,2,3,4,1,2,401812689
3213,Al Horford,GS,C,2025-10-08,POR,1,2025,11.0,0,2,2,0,0,0,2,0,4,0,0,401812689
3975,Stephen Curry,GS,G,2025-10-08,POR,1,2025,16.0,11,4,3,2,0,0,1,3,7,3,3,401812689
4432171,Moses Moody,GS,G,2025-10-08,POR,1,2025,20.0,10,4,1,2,1,1,0,4,12,0,0,401812689
4066889,Jackson Rowe,GS,F,2025-10-08,POR,1,2025,7.0,2,1,0,0,0,0,2,1,1,0,0,401812689
4431684,Trayce Jackson-Davis,GS,F,2025-10-08,POR,1,2025,8.0,6,5,3,0,0,1,0,3,5,0,2,401812689
4433247,Jonathan Kuminga,GS,F,2025-10-08,POR,1,2025,18.0,3,5,2,1,0,1,4,1,5,0,0,401812689
4997536,Gui Santos,GS,F,2025-10-08,POR,1,2025,14.0,5,1,2,1,1,1,1,1,2,2,2,401812689
4593016,Quinten Post,GS,C,2025-10-08,POR,1,2025,25.0,20,4,2,4,0,0,4,7,14,2,2,401812689
2990984,Buddy Hield,GS,G,2025-10-08,POR,1,2025,16.0,13,4,1,3,1,0,0,5,10,0,0,401812689
3134903,Gary Payton II,GS,G,2025-10-08,POR,1,2025,10.0,4,1,0,0,1,0,0,2,4,0,0,401812689
4397537,Taevion Kinsey,GS,G,2025-10-08,POR,1,2025,4.0,0,0,0,0,0,0,0,0,0,0,0,401812689
4433149,LJ Cryer,GS,G,2025-10-08,POR,1,2025,12.0,14,1,2,3,1,0,0,4,5,3,4,401812689
4592714,Pat Spencer,GS,G,2025-10-08,POR,1,2025,12.0,6,3,3,0,1,0,0,1,2,4,5,401812689
4709138,Brandin Podziemski,GS,G,2025-10-08,POR,1,2025,18.0,5,4,3,1,0,0,2,2,5,0,0,401812689
4897262,Will Richard,GS,G,2025-10-08,POR,1,2025,17.0,9,2,2,0,1,0,0,2,3,5,6,401812689
3913176,Brandon Ingram,TOR,F,2025-10-08,SAC,0,2025,23.0,21,6,3,5,0,0,0,7,15,2,2,401812690
4395625,RJ Barrett,TOR,F,2025-10-08,SAC,0,2025,23.0,13,2,4,3,1,0,0,3,11,4,6,401812690
5107897,Jonathan Mogbo,TOR,F,2025-10-08,SAC,0,2025,19.0,5,7,2,0,1,0,3,2,3,1,2,401812690
4395724,Immanuel Quickley,TOR,G,2025-10-08,SAC,0,2025,22.0,8,2,4,1,0,0,3,2,9,3,3,401812690
4397018,Ochai Agbaji,TOR,G,2025-10-08,SAC,0,2025,20.0,7,2,1,1,2,0,1,3,7,0,0,401812690
4278046,Olivier Sarr,TOR,F,2025-10-08,SAC,0,2025,6.0,0,1,0,0,0,0,0,0,0,0,0,401812690
4278580,Sandro Mamukelashvili,TOR,F,2025-10-08,SAC,0,2025,17.0,5,5,0,1,1,1,1,2,4,0,1,401812690
4431893,Jamison Battle,TOR,F,2025-10-08,SAC,0,2025,10.0,3,1,1,1,0,0,0,1,2,0,0,401812690
5093267,Collin Murray-Boyles,TOR,F,2025-10-08,SAC,0,2025,23.0,12,7,6,1,0,2,0,4,8,3,3,401812690
4067017,A.J. Lawson,TOR,G,2025-10-08,SAC,0,2025,6.0,6,1,0,1,0,0,0,2,4,1,2,401812690
4432241,Jamal Shead,TOR,G,2025-10-08,SAC,0,2025,16.0,7,2,3,1,2,0,2,3,5,0,0,401812690
4590360,Chucky Hepburn,TOR,G,2025-10-08,SAC,0,2025,10.0,9,1,3,1,2,0,0,3,6,2,2,401812690
4684272,Ja'Kobe Walter,TOR,G,2025-10-08,SAC,0,2025,22.0,15,3,3,2,1,1,1,4,7,5,5,401812690
4702656,Alijah Martin,TOR,G,2025-10-08,SAC,0,2025,9.0,5,0,1,1,0,1,4,2,3,0,0,401812690
5106258,Gradey Dick,TOR,G,2025-10-08,SAC,0,2025,15.0,14,2,1,1,1,1,1,6,7,1,1,401812690
3155942,Domantas Sabonis,SAC,F,2025-10-08,TOR,1,2025,23.0,19,4,1,0,1,2,4,7,10,5,6,401812690
4594327,Keegan Murray,SAC,F,2025-10-08,TOR,1,2025,25.0,6,3,0,0,1,4,0,2,9,2,3,401812690
3978,DeMar DeRozan,SAC,G,2025-10-08,TOR,1,2025,23.0,6,6,4,1,0,1,1,2,6,1,1,401812690
3032979,Dennis Schroder,SAC,G,2025-10-08,TOR,1,2025,24.0,5,6,1,0,0,0,1,1,5,3,4,401812690
3064440,Zach LaVine,SAC,G,2025-10-08,TOR,1,2025,15.0,16,1,1,3,0,0,1,5,7,3,3,401812690
3914285,Drew Eubanks,SAC,F,2025-10-08,TOR,1,2025,13.0,4,4,0,0,1,3,2,1,3,2,2,401812690
4433174,Dylan Cardwell,SAC,C,2025-10-08,TOR,1,2025,14.0,12,3,1,0,0,1,1,6,7,0,2,401812690
4898371,Maxime Raynaud,SAC,C,2025-10-08,TOR,1,2025,12.0,7,6,0,0,2,0,0,2,5,3,4,401812690
5107818,Isaac Jones,SAC,C,2025-10-08,TOR,1,2025,10.0,3,1,0,1,0,0,2,1,3,0,0,401812690
4066262,Malik Monk,SAC,G,2025-10-08,TOR,1,2025,14.0,8,2,2,1,1,0,0,2,5,3,4,401812690
4279318,Daeqwon Plowden,SAC,G,2025-10-08,TOR,1,2025,3.0,3,0,0,1,0,0,0,1,3,0,0,401812690
4432117,Isaiah Stevens,SAC,G,2025-10-08,TOR,1,2025,9.0,7,0,3,1,0,0,1,3,3,0,0,401812690
4433188,Devin Carter,SAC,G,2025-10-08,TOR,1,2025,16.0,8,3,3,1,1,0,1,3,6,1,2,401812690
4702177,Keon Ellis,SAC,G,2025-10-08,TOR,1,2025,16.0,8,1,0,1,1,0,1,3,5,1,2,401812690
4702384,Nique Clifford,SAC,G,2025-10-08,TOR,1,2025,24.0,10,3,9,0,2,0,3,3,7,4,4,401812690
3064514,Julius Randle,MIN,F,2025-10-09,NY,0,2025,23.0,16,5,1,2,0,0,3,4,10,6,6,401812691
4431671,Jaden McDaniels,MIN,F,2025-10-09,NY,0,2025,23.0,7,6,2,1,1,0,1,2,9,2,2,401812691
3032976,Rudy Gobert,MIN,C,2025-10-09,NY,0,2025,22.0,5,11,2,0,0,1,5,1,3,3,4,401812691
3934673,Donte DiVincenzo,MIN,G,2025-10-09,NY,0,2025,24.0,3,5,3,1,1,2,2,1,3,0,0,401812691
4594268,Anthony Edwards,MIN,G,2025-10-09,NY,0,2025,27.0,17,3,0,2,1,1,3,6,17,3,4,401812691
4067045,Alize Johnson,MIN,F,2025-10-09,NY,0,2025,5.0,0,1,0,0,0,0,0,0,0,0,0,401812691
4592699,Enrique Freeman,MIN,F,2025-10-09,NY,0,2025,6.0,0,0,0,0,0,0,0,0,0,0,0,401812691
5279133,Joan Beringer,MIN,F,2025-10-09,NY,0,2025,19.0,2,3,0,0,0,1,0,1,2,0,0,401812691
4396971,Naz Reid,MIN,C,2025-10-09,NY,0,2025,18.0,9,5,1,1,1,1,2,4,9,0,0,401812691
5157587,Rocco Zikarsky,MIN,C,2025-10-09,NY,0,2025,14.0,2,3,0,0,0,0,1,1,2,0,0,401812691
4397127,Jules Bernard,MIN,G,2025-10-09,NY,0,2025,5.0,0,0,1,0,0,0,0,0,4,0,0,401812691
4432817,Johnny Juzang,MIN,G,2025-10-09,NY,0,2025,13.0,8,2,0,2,0,0,2,3,7,0,0,401812691
4432847,Terrence Shannon Jr.,MIN,G,2025-10-09,NY,0,2025,21.0,11,8,1,3,0,0,3,4,5,0,1,401812691
4592492,Bones Hyland,MIN,G,2025-10-09,NY,0,2025,18.0,2,1,3,0,2,1,0,0,2,2,2,401812691
4592965,Tristen Newton,MIN,G,2025-10-09,NY,0,2025,5.0,3,0,1,1,0,0,0,1,1,0,0,401812691
4684275,Rob Dillingham,MIN,G,2025-10-09,NY,0,2025,22.0,10,2,5,2,0,0,1,4,11,0,0,401812691
3934719,OG Anunoby,NY,F,2025-10-09,MIN,1,2025,24.0,8,6,2,2,1,0,1,3,8,0,0,401812691
3136195,Karl-Anthony Towns,NY,C,2025-10-09,MIN,1,2025,26.0,10,11,2,0,2,1,3,2,11,6,7,401812691
4351852,Mitchell Robinson,NY,C,2025-10-09,MIN,1,2025,13.0,1,6,0,0,1,1,0,0,0,1,2,401812691
3147657,Mikal Bridges,NY,G,2025-10-09,MIN,1,2025,25.0,15,4,1,3,3,0,1,6,12,0,0,401812691
3934672,Jalen Brunson,NY,G,2025-10-09,MIN,1,2025,27.0,11,4,3,1,0,0,2,4,14,2,2,401812691
4017844,Guerschon Yabusele,NY,F,2025-10-09,MIN,1,2025,14.0,4,2,0,0,1,0,1,2,6,0,0,401812691
4597865,Tosan Evbuomwan,NY,F,2025-10-09,MIN,1,2025,8.0,3,1,0,1,0,1,0,1,2,0,0,401812691
5211983,Pacome Dadiet,NY,F,2025-10-09,MIN,1,2025,15.0,5,2,1,1,0,0,1,2,4,0,0,401812691
5289900,Mohamed Diawara,NY,F,2025-10-09,MIN,1,2025,6.0,0,2,0,0,0,0,0,0,1,0,0,401812691
4395623,Trey Jemison III,NY,C,2025-10-09,MIN,1,2025,6.0,2,2,1,0,0,0,1,1,2,0,0,401812691
4871141,Ariel Hukporti,NY,C,2025-10-09,MIN,1,2025,11.0,2,5,0,0,0,1,0,1,1,0,2,401812691
2528426,Jordan Clarkson,NY,G,2025-10-09,MIN,1,2025,18.0,10,3,3,0,0,0,0,4,11,2,2,401812691
2566769,Malcolm Brogdon,NY,G,2025-10-09,MIN,1,2025,9.0,5,2,2,1,1,0,0,1,4,2,2,401812691
3913180,Garrison Mathews,NY,G,2025-10-09,MIN,1,2025,11.0,6,1,1,2,0,0,0,2,6,0,0,401812691
3914044,Landry Shamet,NY,G,2025-10-09,MIN,1,2025,14.0,3,1,1,1,0,1,0,1,4,0,0,401812691
4431823,Miles McBride,NY,G,2025-10-09,MIN,1,2025,27.0,10,2,2,2,2,1,1,3,10,2,3,401812691
4433225,Tyler Kolek,NY,G,2025-10-09,MIN,1,2025,11.0,5,1,3,1,0,0,0,2,6,0,0,401812691
4065732,De'Andre Hunter,CLE,F,2025-10-09,CHI,0,2025,24.0,20,2,2,4,1,2,3,6,12,4,4,401812692
4066328,Jarrett Allen,CLE,C,2025-10-09,CHI,0,2025,24.0,4,9,1,0,1,4,0,1,6,2,2,401812692
4432158,Evan Mobley,CLE,C,2025-10-09,CHI,0,2025,26.0,21,5,4,1,2,2,3,6,10,8,10,401812692
3908809,Donovan Mitchell,CLE,G,2025-10-09,CHI,0,2025,25.0,22,6,4,3,3,1,3,8,16,3,3,401812692
4683747,Jaylon Tyson,CLE,G,2025-10-09,CHI,0,2025,22.0,6,4,3,1,2,0,3,2,7,1,2,401812692
2580365,Larry Nance Jr.,CLE,F,2025-10-09,CHI,0,2025,13.0,0,3,1,0,0,0,1,0,3,0,0,401812692
3912848,Dean Wade,CLE,F,2025-10-09,CHI,0,2025,19.0,8,1,2,2,0,0,0,3,6,0,0,401812692
4997539,Luke Travers,CLE,F,2025-10-09,CHI,0,2025,10.0,8,4,1,1,0,0,0,3,5,1,5,401812692
5106268,Nae'Qwan Tomlin,CLE,F,2025-10-09,CHI,0,2025,18.0,1,1,0,0,0,0,0,0,6,1,2,401812692
3934723,Thomas Bryant,CLE,C,2025-10-09,CHI,0,2025,6.0,7,5,0,1,0,0,1,3,3,0,0,401812692
4066421,Lonzo Ball,CLE,G,2025-10-09,CHI,0,2025,15.0,3,3,3,1,0,0,1,1,3,0,0,401812692
4683024,Killian Hayes,CLE,G,2025-10-09,CHI,0,2025,6.0,0,0,0,0,0,0,0,0,0,0,0,401812692
4701233,Craig Porter Jr.,CLE,G,2025-10-09,CHI,0,2025,21.0,5,5,1,1,1,0,1,2,6,0,1,401812692
5023693,Tyrese Proctor,CLE,G,2025-10-09,CHI,0,2025,10.0,7,1,4,1,0,0,1,2,7,2,3,401812692
4066650,Zach Collins,CHI,F,2025-10-09,CLE,1,2025,23.0,13,8,2,2,1,0,3,5,7,1,2,401812692
4432822,Isaac Okoro,CHI,F,2025-10-09,CLE,1,2025,25.0,6,4,3,0,2,0,0,3,11,0,1,401812692
4711294,Matas Buzelis,CHI,F,2025-10-09,CLE,1,2025,19.0,11,2,0,2,1,1,2,3,7,3,4,401812692
4395626,Tre Jones,CHI,G,2025-10-09,CLE,1,2025,24.0,10,5,7,2,4,0,1,4,5,0,0,401812692
4871145,Josh Giddey,CHI,G,2025-10-09,CLE,1,2025,22.0,14,7,6,2,0,0,3,5,13,2,2,401812692
4397189,Jalen Smith,CHI,F,2025-10-09,CLE,1,2025,18.0,8,7,4,0,1,2,1,3,6,2,2,401812692
4431687,Patrick Williams,CHI,F,2025-10-09,CLE,1,2025,21.0,8,3,1,1,1,0,2,3,8,1,2,401812692
4432872,Emanuel Miller,CHI,F,2025-10-09,CLE,1,2025,6.0,4,2,0,0,0,0,0,2,3,0,2,401812692
4592933,Mouhamadou Gueye,CHI,F,2025-10-09,CLE,1,2025,5.0,2,1,0,0,0,0,1,1,2,0,2,401812692
5242496,Noa Essengue,CHI,F,2025-10-09,CLE,1,2025,17.0,2,1,2,0,0,0,1,0,4,2,4,401812692
3133635,Jevon Carter,CHI,G,2025-10-09,CLE,1,2025,12.0,14,2,0,4,1,0,0,5,7,0,0,401812692
4397002,Ayo Dosunmu,CHI,G,2025-10-09,CLE,1,2025,22.0,16,4,1,1,0,0,3,6,14,3,3,401812692
4433159,Dalen Terry,CHI,G,2025-10-09,CLE,1,2025,12.0,2,2,3,0,0,1,2,0,5,2,4,401812692
5159895,Yuki Kawamura,CHI,G,2025-10-09,CLE,1,2025,7.0,3,5,3,0,1,0,0,0,2,3,4,401812692
3157465,Duncan Robinson,DET,F,2025-10-09,MIL,0,2025,24.0,7,3,3,1,1,0,2,3,8,0,0,401812693
4683771,Ronald Holland II,DET,F,2025-10-09,MIL,0,2025,23.0,7,1,3,1,0,0,1,3,6,0,2,401812693
4432810,Isaiah Stewart,DET,C,2025-10-09,MIL,0,2025,17.0,8,5,1,1,0,1,2,3,6,1,2,401812693
4432166,Cade Cunningham,DET,G,2025-10-09,MIL,0,2025,19.0,26,6,6,2,2,0,1,8,14,8,8,401812693
4684742,Ausar Thompson,DET,G,2025-10-09,MIL,0,2025,21.0,11,5,1,0,1,1,0,3,7,5,10,401812693
4278562,Paul Reed,DET,F,2025-10-09,MIL,0,2025,19.0,9,6,2,0,1,1,1,4,8,1,1,401812693
4397882,Tolu Smith,DET,F,2025-10-09,MIL,0,2025,9.0,5,4,1,0,1,0,3,2,2,1,1,401812693
4592843,Brice Williams,DET,F,2025-10-09,MIL,0,2025,12.0,8,1,0,0,0,0,1,2,4,4,4,401812693
4906923,Bobi Klintman,DET,F,2025-10-09,MIL,0,2025,19.0,8,6,2,2,0,0,1,3,6,0,1,401812693
4565203,Charles Bediako,DET,C,2025-10-09,MIL,0,2025,3.0,0,2,0,0,0,0,0,0,0,0,0,401812693
2596112,Javonte Green,DET,G,2025-10-09,MIL,0,2025,14.0,5,0,1,1,0,0,0,2,4,0,0,401812693
4432107,Marcus Sasser,DET,G,2025-10-09,MIL,0,2025,9.0,0,0,1,0,0,0,0,0,2,0,0,401812693
4700852,Chaz Lanier,DET,G,2025-10-09,MIL,0,2025,27.0,8,1,1,2,1,0,0,3,8,0,0,401812693
5107199,Daniss Jenkins,DET,G,2025-10-09,MIL,0,2025,24.0,9,2,1,0,1,0,2,3,11,3,4,401812693
3064482,Bobby Portis,MIL,F,2025-10-09,DET,1,2025,15.0,11,2,1,2,0,2,0,4,8,1,2,401812693
3133628,Myles Turner,MIL,C,2025-10-09,DET,1,2025,16.0,4,0,0,0,0,1,1,1,1,2,4,401812693
4277843,Gary Trent Jr.,MIL,G,2025-10-09,DET,1,2025,15.0,9,1,3,2,0,0,0,2,5,3,3,401812693
4397140,Kevin Porter Jr.,MIL,G,2025-10-09,DET,1,2025,14.0,10,2,2,2,0,0,2,4,4,0,3,401812693
4397475,AJ Green,MIL,G,2025-10-09,DET,1,2025,22.0,22,3,3,5,0,0,1,5,5,7,7,401812693
2990962,Taurean Prince,MIL,F,2025-10-09,DET,1,2025,17.0,9,2,1,3,0,0,2,3,6,0,0,401812693
3102533,Thanasis Antetokounmpo,MIL,F,2025-10-09,DET,1,2025,6.0,4,2,0,0,1,1,0,2,2,0,0,401812693
4397233,Pete Nance,MIL,F,2025-10-09,DET,1,2025,7.0,2,0,1,0,1,0,0,1,4,0,0,401812693
4433622,Chris Livingston,MIL,F,2025-10-09,DET,1,2025,11.0,9,2,0,0,0,0,2,0,1,9,10,401812693
5167876,Tyler Smith,MIL,F,2025-10-09,DET,1,2025,8.0,0,0,0,0,0,0,0,0,2,0,0,401812693
4277922,Jericho Sims,MIL,C,2025-10-09,DET,1,2025,19.0,0,5,1,0,0,0,2,0,0,0,0,401812693
2999547,Gary Harris,MIL,G,2025-10-09,DET,1,2025,10.0,5,0,1,1,0,0,0,2,4,0,0,401812693
4066387,Amir Coffey,MIL,G,2025-10-09,DET,1,2025,15.0,3,2,1,1,0,1,0,1,2,0,0,401812693
4280245,Jamaree Bouyea,MIL,G,2025-10-09,DET,1,2025,11.0,2,0,1,0,0,0,0,1,5,0,0,401812693
4397114,Cormac Ryan,MIL,G,2025-10-09,DET,1,2025,5.0,3,1,0,0,0,0,0,0,0,3,4,401812693
4432190,Andre Jackson Jr.,MIL,G,2025-10-09,DET,1,2025,11.0,4,1,0,1,1,0,1,1,1,1,2,401812693
4432809,Cole Anthony,MIL,G,2025-10-09,DET,1,2025,18.0,9,7,5,1,1,0,3,3,8,2,2,401812693
4591725,Ryan Rollins,MIL,G,2025-10-09,DET,1,2025,15.0,7,1,1,0,0,0,1,2,8,3,3,401812693
4703530,Mark Sears,MIL,G,2025-10-09,DET,1,2025,5.0,4,0,1,0,0,0,0,2,2,0,0,401812693
4066383,Miles Bridges,CHA,F,2025-10-09,OKC,0,2025,24.0,8,7,2,2,1,1,1,2,8,2,2,401812694
4433249,Moussa Diabate,CHA,F,2025-10-09,OKC,0,2025,26.0,14,7,2,0,2,0,2,5,9,4,7,401812694
4433287,Brandon Miller,CHA,F,2025-10-09,OKC,0,2025,23.0,14,1,3,2,1,0,3,3,11,6,8,401812694
4432816,LaMelo Ball,CHA,G,2025-10-09,OKC,0,2025,25.0,15,5,4,4,1,0,5,5,8,1,2,401812694
4432819,Tre Mann,CHA,G,2025-10-09,OKC,0,2025,23.0,18,4,2,4,0,0,1,7,12,0,0,401812694
4397689,Drew Peterson,CHA,F,2025-10-09,OKC,0,2025,6.0,2,0,0,0,0,0,0,1,2,0,0,401812694
5211176,Tidjane Salaun,CHA,F,2025-10-09,OKC,0,2025,29.0,6,10,0,0,1,2,3,2,11,2,3,401812694
2488653,Mason Plumlee,CHA,C,2025-10-09,OKC,0,2025,8.0,4,2,0,0,0,0,0,1,1,2,2,401812694
4576060,Ryan Kalkbrenner,CHA,C,2025-10-09,OKC,0,2025,12.0,8,7,0,0,0,0,1,4,6,0,1,401812694
4277811,Collin Sexton,CHA,G,2025-10-09,OKC,0,2025,15.0,15,1,2,3,1,0,2,5,9,2,2,401812694
4602025,Sion James,CHA,G,2025-10-09,OKC,0,2025,6.0,0,0,0,0,1,1,1,0,0,0,0,401812694
4683834,KJ Simpson,CHA,G,2025-10-09,OKC,0,2025,8.0,2,1,1,0,1,0,0,0,3,2,2,401812694
5061575,Kon Knueppel,CHA,G,2025-10-09,OKC,0,2025,24.0,8,5,3,1,0,0,0,3,11,1,1,401812694
5239590,Liam McNeeley,CHA,G,2025-10-09,OKC,0,2025,11.0,2,1,2,0,1,0,0,0,2,2,2,401812694
4222252,Isaiah Hartenstein,OKC,C,2025-10-09,CHA,1,2025,18.0,8,3,4,0,0,0,2,2,6,4,6,401812694
2991350,Alex Caruso,OKC,G,2025-10-09,CHA,1,2025,18.0,11,1,1,1,1,1,0,4,8,2,2,401812694
4278073,Shai Gilgeous-Alexander,OKC,G,2025-10-09,CHA,1,2025,20.0,16,1,5,2,1,1,3,7,9,0,0,401812694
4397020,Luguentz Dort,OKC,G,2025-10-09,CHA,1,2025,18.0,8,3,1,1,1,0,1,3,9,1,1,401812694
4683692,Cason Wallace,OKC,G,2025-10-09,CHA,1,2025,22.0,6,10,8,0,3,0,1,3,7,0,0,401812694
4432823,Jaylin Williams,OKC,F,2025-10-09,CHA,1,2025,22.0,6,2,0,0,1,5,1,3,7,0,1,401812694
4684208,Brooks Barnhizer,OKC,F,2025-10-09,CHA,1,2025,26.0,9,3,3,1,0,0,0,2,5,4,4,401812694
4702099,Zack Austin,OKC,F,2025-10-09,CHA,1,2025,6.0,2,2,0,0,0,0,0,1,1,0,0,401812694
4897449,Malevy Leons,OKC,F,2025-10-09,CHA,1,2025,15.0,10,4,0,1,0,2,1,4,6,1,2,401812694
4997526,Ousmane Dieng,OKC,F,2025-10-09,CHA,1,2025,18.0,0,4,2,0,0,0,3,0,6,0,0,401812694
4395702,Isaiah Joe,OKC,G,2025-10-09,CHA,1,2025,20.0,19,2,0,5,0,1,1,5,8,4,5,401812694
4397183,Aaron Wiggins,OKC,G,2025-10-09,CHA,1,2025,22.0,13,6,4,2,1,3,2,5,10,1,1,401812694
4706557,Chris Youngblood,OKC,G,2025-10-09,CHA,1,2025,11.0,7,1,2,1,1,0,0,2,3,2,2,401812694
4708972,Jazian Gortman,OKC,G,2025-10-09,CHA,1,2025,5.0,7,1,0,1,0,0,1,3,5,0,0,401812694
2579294,Frank Kaminsky,GUA,F,2025-10-09,LAC,0,2025,27.0,7,2,5,1,0,0,3,2,6,2,2,401812695
5312580,Li Xiangbo,GUA,C,2025-10-09,LAC,0,2025,14.0,5,0,0,1,0,0,2,1,2,2,2,401812695
2488945,Tim Frazier,GUA,PG,2025-10-09,LAC,0,2025,18.0,11,5,5,2,1,0,3,3,10,3,3,401812695
2527963,Victor Oladipo,GUA,SG,2025-10-09,LAC,0,2025,27.0,24,0,5,2,2,1,4,8,12,6,7,401812695
5313442,Liu Yancheng,GUA,G,2025-10-09,LAC,0,2025,24.0,12,1,0,4,0,0,0,4,5,0,0,401812695
2284101,Justin Holiday,GUA,F,2025-10-09,LAC,0,2025,24.0,10,6,0,2,2,0,1,3,9,2,2,401812695
3059358,Deonte Burton,GUA,F,2025-10-09,LAC,0,2025,20.0,2,2,0,0,1,0,2,1,3,0,0,401812695
3064320,George King,GUA,F,2025-10-09,LAC,0,2025,16.0,2,2,2,0,1,0,1,1,6,0,1,401812695
5312604,Pang Yanjun,GUA,F,2025-10-09,LAC,0,2025,18.0,2,0,2,0,0,0,0,0,4,2,2,401812695
5312605,Chen Guohao,GUA,F,2025-10-09,LAC,0,2025,18.0,13,5,0,2,0,0,0,3,8,5,7,401812695
5312607,Zhang Wenjie,GUA,F,2025-10-09,LAC,0,2025,6.0,1,0,0,0,0,0,0,0,2,1,2,401812695
5312608,Li Xiaotong,GUA,SG,2025-10-09,LAC,0,2025,2.0,0,1,0,0,0,0,0,0,1,0,0,401812695
5312603,Guan Ziyu,GUA,G,2025-10-09,LAC,0,2025,23.0,6,1,0,1,0,0,4,2,6,1,2,401812695
5312606,Zhang Huafei,GUA,G,2025-10-09,LAC,0,2025,4.0,0,0,0,0,0,0,1,0,0,0,0,401812695
6450,Kawhi Leonard,LAC,F,2025-10-09,GUA,1,2025,18.0,18,0,2,5,0,0,1,6,10,1,2,401812695
3936099,Derrick Jones Jr.,LAC,F,2025-10-09,GUA,1,2025,8.0,6,1,0,2,0,0,0,2,3,0,0,401812695
4017837,Ivica Zubac,LAC,C,2025-10-09,GUA,1,2025,16.0,15,5,2,0,1,0,0,7,8,1,4,401812695
3992,James Harden,LAC,G,2025-10-09,GUA,1,2025,16.0,5,2,9,0,0,0,3,2,3,1,2,401812695
3037789,Bogdan Bogdanovic,LAC,G,2025-10-09,GUA,1,2025,2.0,0,0,1,0,0,0,0,0,0,0,0,401812695
3416,Nicolas Batum,LAC,F,2025-10-09,GUA,1,2025,11.0,5,3,2,1,1,1,0,2,5,0,0,401812695
3908845,John Collins,LAC,F,2025-10-09,GUA,1,2025,17.0,15,4,0,1,1,0,2,6,8,2,2,401812695
4702785,Jahmyl Telfort,LAC,F,2025-10-09,GUA,1,2025,7.0,0,2,0,0,0,0,0,0,0,0,0,401812695
5165257,Trentyn Flowers,LAC,F,2025-10-09,GUA,1,2025,17.0,10,3,0,1,0,1,0,4,5,1,1,401812695
3448,Brook Lopez,LAC,C,2025-10-09,GUA,1,2025,16.0,9,2,3,1,0,1,1,4,7,0,1,401812695
5108024,Yanic Konan Niederhauser,LAC,C,2025-10-09,GUA,1,2025,15.0,3,3,0,0,0,2,2,1,2,1,2,401812695
2779,Chris Paul,LAC,G,2025-10-09,GUA,1,2025,17.0,15,6,4,4,1,2,2,4,6,3,3,401812695
2991139,Kris Dunn,LAC,G,2025-10-09,GUA,1,2025,11.0,4,3,2,0,2,1,0,0,2,4,4,401812695
4396818,Jordan Miller,LAC,G,2025-10-09,GUA,1,2025,12.0,11,2,3,2,0,0,0,4,6,1,1,401812695
4397916,Jason Preston,LAC,G,2025-10-09,GUA,1,2025,15.0,3,3,7,0,1,0,1,1,2,1,2,401812695
4431752,Kobe Brown,LAC,G,2025-10-09,GUA,1,2025,8.0,2,4,1,0,1,0,0,1,2,0,0,401812695
4433246,Patrick Baldwin Jr.,LAC,G,2025-10-09,GUA,1,2025,11.0,7,1,2,1,1,2,3,3,4,0,0,401812695
4702352,Kobe Sanders,LAC,G,2025-10-09,GUA,1,2025,12.0,6,1,3,2,1,0,1,2,4,0,0,401812695
4845363,Cam Christie,LAC,G,2025-10-09,GUA,1,2025,5.0,5,1,1,0,0,0,0,2,4,1,1,401812695
4898238,John Poulakidas,LAC,G,2025-10-09,GUA,1,2025,4.0,3,0,0,1,0,0,0,1,2,0,0,401812695
3155526,Dillon Brooks,PHX,F,2025-10-10,BKN,0,2025,27.0,18,1,3,2,2,1,3,7,18,2,2,401812696
4601023,Oso Ighodaro,PHX,F,2025-10-10,BKN,0,2025,22.0,12,3,1,0,1,3,2,5,7,2,4,401812696
4888725,Ryan Dunn,PHX,F,2025-10-10,BKN,0,2025,21.0,6,3,2,0,0,1,0,3,6,0,0,401812696
3135045,Grayson Allen,PHX,G,2025-10-10,BKN,0,2025,29.0,11,3,2,1,0,0,1,4,8,2,2,401812696
3136193,Devin Booker,PHX,G,2025-10-10,BKN,0,2025,27.0,18,0,5,2,5,0,3,4,9,8,9,401812696
2583632,Royce O'Neale,PHX,F,2025-10-10,BKN,0,2025,17.0,2,3,6,0,1,1,0,1,6,0,0,401812696
3059409,Nigel Hayes-Davis,PHX,F,2025-10-10,BKN,0,2025,23.0,2,3,1,0,1,0,0,1,5,0,0,401812696
5105977,Rasheer Fleming,PHX,F,2025-10-10,BKN,0,2025,15.0,6,2,0,1,2,2,1,2,5,1,2,401812696
4278076,Nick Richards,PHX,C,2025-10-10,BKN,0,2025,11.0,9,4,0,0,1,2,1,3,3,3,4,401812696
5203685,Khaman Maluach,PHX,C,2025-10-10,BKN,0,2025,20.0,10,5,2,0,0,0,2,3,4,4,6,401812696
4278402,Jordan Goodwin,PHX,G,2025-10-10,BKN,0,2025,18.0,19,7,0,3,2,0,3,5,10,6,9,401812696
4278585,Collin Gillespie,PHX,G,2025-10-10,BKN,0,2025,15.0,11,9,2,2,0,0,2,3,6,3,4,401812696
4395695,Jared Butler,PHX,G,2025-10-10,BKN,0,2025,20.0,8,4,4,0,3,0,3,2,10,4,4,401812696
4278104,Michael Porter Jr.,BKN,F,2025-10-10,PHX,1,2025,20.0,13,4,2,2,0,0,3,4,8,3,3,401812696
4278067,Nic Claxton,BKN,C,2025-10-10,PHX,1,2025,20.0,12,9,5,0,0,0,4,5,8,2,3,401812696
3907823,Terance Mann,BKN,G,2025-10-10,PHX,1,2025,20.0,4,2,2,1,2,0,2,1,3,1,2,401812696
4432174,Cam Thomas,BKN,G,2025-10-10,PHX,1,2025,24.0,22,3,6,2,1,0,1,7,12,6,6,401812696
5279130,Nolan Traore,BKN,G,2025-10-10,PHX,1,2025,17.0,6,1,1,0,0,0,4,3,5,0,0,401812696
4431695,Drew Timme,BKN,F,2025-10-10,PHX,1,2025,12.0,2,1,1,0,1,0,2,1,3,0,0,401812696
4431714,Jalen Wilson,BKN,F,2025-10-10,PHX,1,2025,14.0,6,1,1,2,0,0,0,2,3,0,0,401812696
4433137,Ziaire Williams,BKN,F,2025-10-10,PHX,1,2025,20.0,5,0,0,0,0,1,0,1,3,3,3,401812696
4683681,Fanbo Zeng,BKN,F,2025-10-10,PHX,1,2025,10.0,0,0,0,0,1,0,0,0,0,0,0,401812696
4712896,Noah Clowney,BKN,F,2025-10-10,PHX,1,2025,18.0,13,4,0,3,0,0,2,4,9,2,2,401812696
5107173,Danny Wolf,BKN,F,2025-10-10,PHX,1,2025,14.0,11,5,3,1,1,0,3,3,5,4,4,401812696
4432194,Day'Ron Sharpe,BKN,C,2025-10-10,PHX,1,2025,19.0,8,7,1,0,2,0,2,3,6,2,3,401812696
4397179,Tyrese Martin,BKN,G,2025-10-10,PHX,1,2025,13.0,4,2,2,1,0,0,2,1,5,1,2,401812696
4432887,Tyson Etienne,BKN,G,2025-10-10,PHX,1,2025,2.0,0,0,0,0,0,0,0,0,0,0,0,401812696
4683736,Kobe Bufkin,BKN,G,2025-10-10,PHX,1,2025,10.0,6,1,0,1,1,0,4,1,5,3,5,401812696
5037873,Drake Powell,BKN,G,2025-10-10,PHX,1,2025,13.0,6,2,2,1,1,0,1,2,5,1,2,401812696
5242502,Ben Saraf,BKN,G,2025-10-10,PHX,1,2025,19.0,9,1,0,0,1,0,2,2,5,5,6,401812696
3948153,Chris Boucher,BOS,F,2025-10-10,TOR,0,2025,23.0,19,9,2,2,1,1,2,7,10,3,4,401812697
4687718,Josh Minott,BOS,F,2025-10-10,TOR,0,2025,26.0,13,6,0,1,1,1,0,6,10,0,0,401812697
4397424,Neemias Queta,BOS,C,2025-10-10,TOR,0,2025,17.0,4,5,0,0,1,1,5,2,3,0,0,401812697
4066354,Payton Pritchard,BOS,G,2025-10-10,TOR,0,2025,26.0,19,4,3,3,1,0,3,7,17,2,2,401812697
4351851,Anfernee Simons,BOS,G,2025-10-10,TOR,0,2025,26.0,18,2,3,2,0,0,3,6,13,4,4,401812697
4277964,Xavier Tillman,BOS,F,2025-10-10,TOR,0,2025,19.0,0,4,2,0,1,0,0,0,2,0,0,401812697
4432946,Jalen Bridges,BOS,F,2025-10-10,TOR,0,2025,8.0,3,3,1,1,0,0,1,1,3,0,0,401812697
4592187,Wendell Moore Jr.,BOS,F,2025-10-10,TOR,0,2025,9.0,2,0,1,0,1,0,0,1,2,0,0,401812697
4702745,Amari Williams,BOS,F,2025-10-10,TOR,0,2025,8.0,4,3,0,0,0,0,3,0,0,4,4,401812697
4277951,Luka Garza,BOS,C,2025-10-10,TOR,0,2025,17.0,12,6,2,0,1,0,0,3,7,6,7,401812697
4397251,Ron Harper Jr.,BOS,G,2025-10-10,TOR,0,2025,9.0,3,0,1,1,0,0,1,1,2,0,0,401812697
4433254,Kendall Brown,BOS,G,2025-10-10,TOR,0,2025,6.0,2,0,0,0,1,0,1,1,2,0,0,401812697
4593841,Baylor Scheierman,BOS,G,2025-10-10,TOR,0,2025,25.0,4,6,6,0,1,1,5,2,9,0,0,401812697
4701992,Max Shulga,BOS,G,2025-10-10,TOR,0,2025,2.0,0,0,0,0,0,0,1,0,0,0,0,401812697
5106035,RJ Luis Jr.,BOS,G,2025-10-10,TOR,0,2025,2.0,0,1,0,0,0,0,1,0,0,0,0,401812697
5175647,Hugo Gonzalez,BOS,G,2025-10-10,TOR,0,2025,18.0,2,5,1,0,0,0,2,1,3,0,0,401812697
4278580,Sandro Mamukelashvili,TOR,F,2025-10-10,BOS,1,2025,21.0,7,5,3,0,0,0,2,2,7,3,3,401812697
5093267,Collin Murray-Boyles,TOR,F,2025-10-10,BOS,1,2025,8.0,4,1,1,0,0,0,0,2,3,0,0,401812697
4397018,Ochai Agbaji,TOR,G,2025-10-10,BOS,1,2025,22.0,8,2,0,1,2,0,0,3,6,1,1,401812697
4432241,Jamal Shead,TOR,G,2025-10-10,BOS,1,2025,21.0,8,3,5,2,0,0,3,3,9,0,0,401812697
5106258,Gradey Dick,TOR,G,2025-10-10,BOS,1,2025,24.0,22,6,1,3,1,0,1,8,13,3,6,401812697
4278046,Olivier Sarr,TOR,F,2025-10-10,BOS,1,2025,8.0,4,1,1,0,0,0,2,1,2,2,2,401812697
4431893,Jamison Battle,TOR,F,2025-10-10,BOS,1,2025,21.0,12,1,2,4,0,0,1,4,8,0,0,401812697
4593041,David Roddy,TOR,F,2025-10-10,BOS,1,2025,9.0,5,1,0,1,1,0,0,2,4,0,0,401812697
5107897,Jonathan Mogbo,TOR,F,2025-10-10,BOS,1,2025,19.0,8,5,3,0,1,0,5,4,7,0,0,401812697
4067017,A.J. Lawson,TOR,G,2025-10-10,BOS,1,2025,14.0,4,1,0,0,0,0,0,1,4,2,2,401812697
4397119,Jared Rhoden,TOR,G,2025-10-10,BOS,1,2025,4.0,2,1,1,0,2,0,1,1,1,0,0,401812697
4590360,Chucky Hepburn,TOR,G,2025-10-10,BOS,1,2025,27.0,13,3,8,3,4,0,2,4,11,2,3,401812697
4684272,Ja'Kobe Walter,TOR,G,2025-10-10,BOS,1,2025,22.0,1,2,5,0,0,0,1,0,8,1,2,401812697
4702656,Alijah Martin,TOR,G,2025-10-10,BOS,1,2025,20.0,9,2,0,2,1,0,0,3,5,1,2,401812697
4432573,Paolo Banchero,ORL,F,2025-10-10,PHI,0,2025,24.0,13,4,2,0,0,1,3,4,12,5,6,401812698
4566434,Franz Wagner,ORL,F,2025-10-10,PHI,0,2025,20.0,8,2,2,0,2,0,2,2,5,4,4,401812698
4277847,Wendell Carter Jr.,ORL,C,2025-10-10,PHI,0,2025,21.0,20,13,3,0,0,1,1,6,8,8,9,401812698
3135046,Tyus Jones,ORL,G,2025-10-10,PHI,0,2025,19.0,3,1,2,1,0,0,1,1,4,0,0,401812698
4066320,Desmond Bane,ORL,G,2025-10-10,PHI,0,2025,21.0,8,2,1,0,0,1,2,2,6,4,4,401812698
4065654,Jonathan Isaac,ORL,F,2025-10-10,PHI,0,2025,8.0,3,3,1,0,0,1,1,1,3,1,2,401812698
4278572,Jamal Cain,ORL,F,2025-10-10,PHI,0,2025,10.0,6,2,0,0,0,0,1,3,4,0,0,401812698
4702382,Tristan da Silva,ORL,F,2025-10-10,PHI,0,2025,13.0,12,1,1,2,1,0,1,4,6,2,2,401812698
5214637,Noah Penda,ORL,F,2025-10-10,PHI,0,2025,12.0,7,6,0,1,3,0,1,2,4,2,2,401812698
4348700,Goga Bitadze,ORL,C,2025-10-10,PHI,0,2025,15.0,11,6,2,0,1,2,0,5,7,1,1,401812698
4593049,Orlando Robinson,ORL,C,2025-10-10,PHI,0,2025,4.0,2,3,1,0,0,0,0,0,1,2,2,401812698
4431720,Lester Quinones,ORL,G,2025-10-10,PHI,0,2025,7.0,5,3,0,0,0,0,1,1,2,3,3,401812698
4432187,Reece Beekman,ORL,G,2025-10-10,PHI,0,2025,8.0,0,2,4,0,0,1,0,0,1,0,0,401812698
4712849,Anthony Black,ORL,G,2025-10-10,PHI,0,2025,21.0,12,2,5,2,0,1,2,3,9,4,6,401812698
5105806,Jett Howard,ORL,G,2025-10-10,PHI,0,2025,20.0,9,0,0,3,1,1,4,3,7,0,0,401812698
5239561,Jase Richardson,ORL,G,2025-10-10,PHI,0,2025,19.0,9,4,2,2,0,1,0,3,3,1,1,401812698
4711297,Justin Edwards,PHI,F,2025-10-10,ORL,1,2025,26.0,5,2,5,1,2,1,3,2,8,0,0,401812698
4870562,Dominick Barlow,PHI,F,2025-10-10,ORL,1,2025,29.0,12,9,0,0,1,0,0,4,10,4,6,401812698
5105637,Adem Bona,PHI,C,2025-10-10,ORL,1,2025,15.0,6,6,0,0,0,3,0,3,4,0,1,401812698
3133603,Kelly Oubre Jr.,PHI,G,2025-10-10,ORL,1,2025,18.0,12,5,2,1,2,1,3,3,7,5,6,401812698
4431678,Tyrese Maxey,PHI,G,2025-10-10,ORL,1,2025,12.0,17,0,2,3,0,0,0,7,14,0,0,401812698
4432446,Jabari Walker,PHI,F,2025-10-10,ORL,1,2025,24.0,7,5,1,1,0,0,1,3,7,0,0,401812698
4433569,Johni Broome,PHI,F,2025-10-10,ORL,1,2025,20.0,6,1,0,0,3,1,1,3,9,0,0,401812698
4433620,Emoni Bates,PHI,F,2025-10-10,ORL,1,2025,8.0,0,0,0,0,0,0,1,0,2,0,0,401812698
6585,Andre Drummond,PHI,C,2025-10-10,ORL,1,2025,13.0,8,4,2,2,1,0,0,3,4,0,0,401812698
3056245,Malcolm Hill,PHI,G,2025-10-10,ORL,1,2025,11.0,2,0,1,0,0,0,0,0,5,2,2,401812698
4432646,Kennedy Chandler,PHI,G,2025-10-10,ORL,1,2025,30.0,16,2,5,0,4,0,3,7,16,2,4,401812698
4433281,Hunter Sallis,PHI,G,2025-10-10,ORL,1,2025,34.0,7,2,3,0,1,0,3,3,12,1,1,401812698
4684806,Taylor Hendricks,UTAH,F,2025-10-10,SA,0,2025,34.0,15,5,1,0,0,0,0,4,11,7,7,401812699
3102530,Jusuf Nurkic,UTAH,C,2025-10-10,SA,0,2025,18.0,12,4,2,2,0,0,1,5,9,0,0,401812699
3133602,Svi Mykhailiuk,UTAH,G,2025-10-10,SA,0,2025,18.0,5,1,2,1,0,0,2,2,2,0,0,401812699
4433627,Keyonte George,UTAH,G,2025-10-10,SA,0,2025,36.0,12,9,8,2,1,0,3,4,11,2,4,401812699
4873138,Ace Bailey,UTAH,G,2025-10-10,SA,0,2025,39.0,20,7,1,2,2,0,2,8,13,2,2,401812699
3449,Kevin Love,UTAH,F,2025-10-10,SA,0,2025,16.0,8,3,0,2,0,0,0,2,2,2,2,401812699
2993874,Kyle Anderson,UTAH,F,2025-10-10,SA,0,2025,14.0,0,1,4,0,0,0,0,0,4,0,0,401812699
4593043,John Tonje,UTAH,F,2025-10-10,SA,0,2025,4.0,0,1,0,0,0,0,0,0,1,0,0,401812699
4895758,Cody Williams,UTAH,F,2025-10-10,SA,0,2025,26.0,12,4,2,1,1,0,0,4,8,3,4,401812699
5105839,Brice Sensabaugh,UTAH,F,2025-10-10,SA,0,2025,28.0,26,0,1,2,2,0,1,6,13,12,12,401812699
4896372,Walter Clayton Jr.,UTAH,G,2025-10-10,SA,0,2025,34.0,20,5,5,2,1,1,2,6,12,6,6,401812699
6578,Harrison Barnes,SA,F,2025-10-10,UTAH,1,2025,17.0,0,2,4,0,0,0,0,0,6,0,0,401812699
4395723,Keldon Johnson,SA,F,2025-10-10,UTAH,1,2025,17.0,11,5,1,0,0,0,0,4,6,3,3,401812699
4592479,Julian Champagnie,SA,F,2025-10-10,UTAH,1,2025,17.0,10,1,1,2,0,0,2,4,8,0,0,401812699
5104157,Victor Wembanyama,SA,F,2025-10-10,UTAH,1,2025,16.0,22,7,3,1,0,0,1,6,10,9,10,401812699
4395630,Devin Vassell,SA,G,2025-10-10,UTAH,1,2025,22.0,18,4,2,2,1,0,1,6,8,4,5,401812699
4066317,Lindy Waters III,SA,F,2025-10-10,UTAH,1,2025,20.0,9,2,2,2,0,0,0,2,6,3,4,401812699
4433618,Harrison Ingram,SA,F,2025-10-10,UTAH,1,2025,19.0,9,4,3,1,0,0,0,4,5,0,3,401812699
4713010,David Jones Garcia,SA,F,2025-10-10,UTAH,1,2025,17.0,20,5,4,0,1,0,2,6,13,8,9,401812699
5061568,Carter Bryant,SA,F,2025-10-10,UTAH,1,2025,27.0,6,4,1,2,0,1,4,2,8,0,0,401812699
5177362,Riley Minix,SA,F,2025-10-10,UTAH,1,2025,8.0,0,2,2,0,0,0,2,0,3,0,0,401812699
6427,Bismack Biyombo,SA,C,2025-10-10,UTAH,1,2025,17.0,0,2,0,0,0,1,1,0,0,0,0,401812699
3064560,Luke Kornet,SA,C,2025-10-10,UTAH,1,2025,18.0,7,6,3,0,0,2,1,2,4,3,4,401812699
4066399,Micah Potter,SA,C,2025-10-10,UTAH,1,2025,6.0,0,1,0,0,0,0,0,0,1,0,0,401812699
4279532,Stanley Umude,SA,G,2025-10-10,UTAH,1,2025,22.0,13,2,0,2,0,0,0,4,7,3,4,401812699
4397654,Adam Flagler,SA,G,2025-10-10,UTAH,1,2025,2.0,0,1,1,0,0,0,0,0,1,0,0,401812699
5037871,Dylan Harper,SA,G,2025-10-10,UTAH,1,2025,18.0,9,0,3,1,0,0,0,4,6,0,0,401812699
3155942,Domantas Sabonis,SAC,F,2025-10-10,POR,0,2025,17.0,8,4,3,0,1,1,2,3,11,2,3,401812700
4594327,Keegan Murray,SAC,F,2025-10-10,POR,0,2025,16.0,9,5,1,0,1,0,0,4,7,1,3,401812700
3978,DeMar DeRozan,SAC,G,2025-10-10,POR,0,2025,23.0,10,1,0,0,0,0,1,4,5,2,2,401812700
3032979,Dennis Schroder,SAC,G,2025-10-10,POR,0,2025,21.0,6,3,3,0,0,0,1,2,5,2,2,401812700
3064440,Zach LaVine,SAC,G,2025-10-10,POR,0,2025,25.0,19,4,2,5,1,0,1,7,11,0,0,401812700
3032978,Dario Saric,SAC,F,2025-10-10,POR,0,2025,14.0,14,0,0,4,0,0,0,4,5,2,2,401812700
3914285,Drew Eubanks,SAC,F,2025-10-10,POR,0,2025,16.0,11,3,0,0,1,0,3,3,5,5,6,401812700
4433174,Dylan Cardwell,SAC,C,2025-10-10,POR,0,2025,6.0,0,3,0,0,0,0,1,0,1,0,0,401812700
4898371,Maxime Raynaud,SAC,C,2025-10-10,POR,0,2025,12.0,2,5,4,0,0,0,1,1,3,0,0,401812700
5107818,Isaac Jones,SAC,C,2025-10-10,POR,0,2025,5.0,1,2,0,0,0,0,1,0,1,1,2,401812700
4066262,Malik Monk,SAC,G,2025-10-10,POR,0,2025,18.0,8,1,2,0,0,0,0,2,6,4,4,401812700
4279318,Daeqwon Plowden,SAC,G,2025-10-10,POR,0,2025,7.0,5,0,0,0,1,0,0,2,4,1,1,401812700
4432117,Isaiah Stevens,SAC,G,2025-10-10,POR,0,2025,12.0,7,1,2,0,0,1,1,3,5,1,2,401812700
4433188,Devin Carter,SAC,G,2025-10-10,POR,0,2025,15.0,6,2,0,0,1,0,1,3,7,0,0,401812700
4702177,Keon Ellis,SAC,G,2025-10-10,POR,0,2025,8.0,2,1,1,0,1,0,1,0,1,2,3,401812700
4702384,Nique Clifford,SAC,G,2025-10-10,POR,0,2025,26.0,15,3,2,2,1,1,3,5,11,3,3,401812700
4431736,Toumani Camara,POR,F,2025-10-10,SAC,1,2025,14.0,3,2,1,1,1,0,0,1,3,0,0,401812700
4683021,Deni Avdija,POR,F,2025-10-10,SAC,1,2025,23.0,15,6,2,1,0,0,2,4,9,6,6,401812700
5105565,Donovan Clingan,POR,C,2025-10-10,SAC,1,2025,18.0,2,8,1,0,0,2,1,1,4,0,2,401812700
3995,Jrue Holiday,POR,G,2025-10-10,SAC,1,2025,22.0,12,3,3,2,1,0,0,5,10,0,0,401812700
4914336,Shaedon Sharpe,POR,G,2025-10-10,SAC,1,2025,26.0,17,6,0,2,0,0,2,6,14,3,6,401812700
2991070,Jerami Grant,POR,F,2025-10-10,SAC,1,2025,18.0,18,4,1,0,0,0,0,6,13,6,8,401812700
4594326,Kris Murray,POR,F,2025-10-10,SAC,1,2025,23.0,8,2,1,0,0,0,1,3,4,2,3,401812700
4066268,Duop Reath,POR,C,2025-10-10,SAC,1,2025,9.0,2,1,1,0,0,0,0,1,3,0,0,401812700
5217746,Yang Hansen,POR,C,2025-10-10,SAC,1,2025,17.0,16,4,1,2,0,3,3,5,8,4,4,401812700
4433144,Caleb Love,POR,G,2025-10-10,SAC,1,2025,12.0,12,3,1,2,0,0,2,3,7,4,8,401812700
4597259,Javonte Cooke,POR,G,2025-10-10,SAC,1,2025,9.0,0,1,1,0,0,0,1,0,2,0,0,401812700
4683935,Blake Wesley,POR,G,2025-10-10,SAC,1,2025,19.0,13,2,1,0,1,0,3,5,6,3,3,401812700
5081727,Sidy Cissoko,POR,G,2025-10-10,SAC,1,2025,20.0,0,3,3,0,1,1,2,0,4,0,0,401812700
5099752,Rayan Rupert,POR,G,2025-10-10,SAC,1,2025,12.0,6,5,0,0,1,0,0,3,4,0,0,401812700
4684208,Brooks Barnhizer,OKC,F,2025-10-11,IND,0,2025,38.0,16,11,1,2,2,0,1,6,12,2,5,401812701
4997526,Ousmane Dieng,OKC,F,2025-10-11,IND,0,2025,29.0,10,6,3,2,2,0,2,3,12,2,2,401812701
4397183,Aaron Wiggins,OKC,G,2025-10-11,IND,0,2025,23.0,6,5,2,0,0,0,3,2,12,2,2,401812701
4683692,Cason Wallace,OKC,G,2025-10-11,IND,0,2025,17.0,7,2,2,1,0,1,0,2,8,2,2,401812701
4900671,Ajay Mitchell,OKC,G,2025-10-11,IND,0,2025,15.0,16,1,3,0,2,1,2,6,8,4,5,401812701
4702099,Zack Austin,OKC,F,2025-10-11,IND,0,2025,29.0,5,1,0,1,3,3,3,1,6,2,2,401812701
4897449,Malevy Leons,OKC,F,2025-10-11,IND,0,2025,29.0,7,3,1,0,2,0,2,3,8,1,1,401812701
4395702,Isaiah Joe,OKC,G,2025-10-11,IND,0,2025,7.0,4,1,1,1,0,0,0,1,1,1,1,401812701
4706557,Chris Youngblood,OKC,G,2025-10-11,IND,0,2025,31.0,25,5,3,4,0,0,1,6,11,9,10,401812701
4708972,Jazian Gortman,OKC,G,2025-10-11,IND,0,2025,24.0,5,2,2,1,2,0,4,2,5,0,0,401812701
4278355,Obi Toppin,IND,F,2025-10-11,OKC,1,2025,17.0,14,4,3,2,1,0,1,6,10,0,0,401812701
4432170,Isaiah Jackson,IND,F,2025-10-11,OKC,1,2025,12.0,3,3,1,0,1,1,1,1,2,1,1,401812701
5106060,Jarace Walker,IND,F,2025-10-11,OKC,1,2025,31.0,10,8,7,1,1,0,2,3,10,3,4,401812701
3064230,Cameron Payne,IND,PG,2025-10-11,OKC,1,2025,19.0,0,1,3,0,0,1,2,0,4,0,0,401812701
4683634,Bennedict Mathurin,IND,G,2025-10-11,OKC,1,2025,16.0,16,6,1,1,0,0,2,4,9,7,9,401812701
4398207,Jalen Slawson,IND,F,2025-10-11,OKC,1,2025,21.0,0,8,2,0,1,1,1,0,2,0,0,401812701
4398356,Gabe McGlothan,IND,F,2025-10-11,OKC,1,2025,22.0,2,4,2,0,0,0,1,1,9,0,0,401812701
4065673,Tony Bradley,IND,C,2025-10-11,OKC,1,2025,6.0,2,3,1,0,1,0,0,0,0,2,4,401812701
4065731,Jay Huff,IND,C,2025-10-11,OKC,1,2025,17.0,8,2,1,0,0,3,3,3,3,2,2,401812701
4432808,James Wiseman,IND,C,2025-10-11,OKC,1,2025,12.0,10,5,0,0,0,0,1,4,4,2,2,401812701
4431941,RayJ Dennis,IND,G,2025-10-11,OKC,1,2025,18.0,11,0,3,2,1,0,5,4,9,1,2,401812701
4592829,Quenton Jackson,IND,G,2025-10-11,OKC,1,2025,11.0,14,2,2,2,0,0,1,6,8,0,0,401812701
4703421,Taelon Peter,IND,G,2025-10-11,OKC,1,2025,27.0,18,5,5,4,2,0,1,6,11,2,3,401812701
5157066,Johnny Furphy,IND,G,2025-10-11,OKC,1,2025,11.0,8,3,0,0,1,0,0,3,6,2,2,401812701
4701230,Jalen Johnson,ATL,F,2025-10-11,MEM,0,2025,24.0,20,7,2,0,2,0,3,7,11,6,6,401812702
5211175,Zaccharie Risacher,ATL,F,2025-10-11,MEM,0,2025,25.0,16,1,2,2,1,0,0,6,8,2,2,401812702
3102531,Kristaps Porzingis,ATL,C,2025-10-11,MEM,0,2025,24.0,13,7,2,2,0,1,1,4,7,3,3,401812702
4277905,Trae Young,ATL,G,2025-10-11,MEM,0,2025,25.0,11,1,8,0,0,0,4,2,11,7,9,401812702
4869342,Dyson Daniels,ATL,G,2025-10-11,MEM,0,2025,24.0,9,7,1,0,0,0,2,4,9,1,2,401812702
4431680,Onyeka Okongwu,ATL,F,2025-10-11,MEM,0,2025,21.0,12,6,1,2,0,0,3,4,7,2,2,401812702
4433623,Caleb Houstan,ATL,F,2025-10-11,MEM,0,2025,12.0,7,1,0,2,0,0,1,2,4,1,2,401812702
4592461,Jacob Toppin,ATL,F,2025-10-11,MEM,0,2025,12.0,6,0,2,0,0,1,2,2,4,2,2,401812702
4712863,Mouhamed Gueye,ATL,F,2025-10-11,MEM,0,2025,12.0,2,3,2,0,0,0,1,1,4,0,0,401812702
4873201,Asa Newell,ATL,F,2025-10-11,MEM,0,2025,7.0,2,2,0,0,0,0,0,1,2,0,1,401812702
4592401,N'Faly Dante,ATL,C,2025-10-11,MEM,0,2025,5.0,4,3,1,0,0,0,0,2,4,0,0,401812702
3913174,Luke Kennard,ATL,G,2025-10-11,MEM,0,2025,18.0,4,6,3,0,0,0,0,2,3,0,0,401812702
4279118,Keaton Wallace,ATL,G,2025-10-11,MEM,0,2025,18.0,6,2,7,0,3,0,0,3,6,0,0,401812702
4578893,Vit Krejci,ATL,G,2025-10-11,MEM,0,2025,13.0,10,2,0,1,0,1,1,4,5,1,1,401812702
4593125,Santi Aldama,MEM,F,2025-10-11,ATL,1,2025,22.0,10,10,4,2,0,0,1,3,6,2,3,401812702
5112087,Jaylen Wells,MEM,F,2025-10-11,ATL,1,2025,25.0,15,3,2,2,1,0,0,3,9,7,9,401812702
3146557,Jock Landale,MEM,C,2025-10-11,ATL,1,2025,23.0,9,7,1,0,0,0,3,4,8,1,1,401812702
2581018,Kentavious Caldwell-Pope,MEM,G,2025-10-11,ATL,1,2025,19.0,13,5,3,3,1,0,3,5,7,0,0,401812702
4065733,Ty Jerome,MEM,G,2025-10-11,ATL,1,2025,16.0,10,0,4,1,0,0,1,4,11,1,1,401812702
4431914,Tyler Burton,MEM,F,2025-10-11,ATL,1,2025,7.0,0,2,0,0,0,0,0,0,0,0,0,401812702
4595400,Olivier-Maxence Prosper,MEM,F,2025-10-11,ATL,1,2025,12.0,9,4,1,1,0,1,0,3,6,2,3,401812702
4903027,Cedric Coward,MEM,F,2025-10-11,ATL,1,2025,22.0,15,1,1,1,1,0,3,4,9,6,7,401812702
5105550,GG Jackson,MEM,F,2025-10-11,ATL,1,2025,13.0,11,3,0,3,0,2,0,4,11,0,5,401812702
4596528,Lawson Lovering,MEM,C,2025-10-11,ATL,1,2025,12.0,3,3,0,0,0,0,0,1,2,1,1,401812702
4701225,PJ Hall,MEM,C,2025-10-11,ATL,1,2025,13.0,7,3,1,0,0,0,1,3,4,1,3,401812702
3134932,John Konchar,MEM,G,2025-10-11,ATL,1,2025,14.0,0,3,0,0,2,0,1,0,2,0,0,401812702
4433083,Cam Spencer,MEM,G,2025-10-11,ATL,1,2025,16.0,11,2,1,1,2,0,1,2,8,6,6,401812702
4781746,Javon Small,MEM,G,2025-10-11,ATL,1,2025,26.0,3,0,5,0,1,0,3,1,8,1,2,401812702
4066383,Miles Bridges,CHA,F,2025-10-11,DAL,0,2025,27.0,20,11,2,4,1,0,0,7,18,2,5,401812703
4433287,Brandon Miller,CHA,F,2025-10-11,DAL,0,2025,23.0,15,2,5,2,1,0,2,6,10,1,1,401812703
4576060,Ryan Kalkbrenner,CHA,C,2025-10-11,DAL,0,2025,25.0,14,10,1,0,0,1,1,7,7,0,0,401812703
4277811,Collin Sexton,CHA,G,2025-10-11,DAL,0,2025,21.0,12,4,3,2,0,0,3,2,7,6,6,401812703
4432816,LaMelo Ball,CHA,G,2025-10-11,DAL,0,2025,23.0,20,3,6,4,0,1,3,8,13,0,0,401812703
4433249,Moussa Diabate,CHA,F,2025-10-11,DAL,0,2025,12.0,6,2,1,0,0,0,0,2,4,2,6,401812703
5211176,Tidjane Salaun,CHA,F,2025-10-11,DAL,0,2025,15.0,3,6,1,1,1,0,3,1,2,0,0,401812703
2488653,Mason Plumlee,CHA,C,2025-10-11,DAL,0,2025,11.0,0,4,0,0,0,0,1,0,2,0,0,401812703
2580782,Spencer Dinwiddie,CHA,PG,2025-10-11,DAL,0,2025,19.0,6,3,4,0,0,0,2,2,3,2,4,401812703
2578239,Pat Connaughton,CHA,G,2025-10-11,DAL,0,2025,8.0,3,1,0,1,0,0,1,1,3,0,0,401812703
4432819,Tre Mann,CHA,G,2025-10-11,DAL,0,2025,3.0,0,0,0,0,0,0,0,0,2,0,0,401812703
4592686,Antonio Reeves,CHA,G,2025-10-11,DAL,0,2025,9.0,0,2,1,0,0,0,1,0,2,0,0,401812703
4683834,KJ Simpson,CHA,G,2025-10-11,DAL,0,2025,8.0,4,0,0,0,0,0,1,2,6,0,0,401812703
5061575,Kon Knueppel,CHA,G,2025-10-11,DAL,0,2025,22.0,12,4,1,1,1,0,5,5,11,1,1,401812703
5239590,Liam McNeeley,CHA,G,2025-10-11,DAL,0,2025,15.0,5,2,0,1,0,0,2,2,2,0,0,401812703
6583,Anthony Davis,DAL,F,2025-10-11,CHA,1,2025,24.0,12,4,1,0,0,0,1,6,12,0,0,401812703
5041939,Cooper Flagg,DAL,F,2025-10-11,CHA,1,2025,24.0,11,3,4,1,3,0,5,4,8,2,2,401812703
4683688,Dereck Lively II,DAL,C,2025-10-11,CHA,1,2025,22.0,10,6,3,0,2,2,1,5,6,0,0,401812703
6475,Klay Thompson,DAL,G,2025-10-11,CHA,1,2025,21.0,14,1,0,4,0,0,0,5,11,0,0,401812703
3136776,D'Angelo Russell,DAL,G,2025-10-11,CHA,1,2025,22.0,7,3,5,0,1,0,0,2,6,3,5,401812703
2531367,Dwight Powell,DAL,F,2025-10-11,CHA,1,2025,18.0,9,4,1,0,1,0,1,4,4,1,2,401812703
4278078,P.J. Washington,DAL,F,2025-10-11,CHA,1,2025,18.0,12,2,3,1,2,2,0,4,8,3,4,401812703
4278594,Naji Marshall,DAL,F,2025-10-11,CHA,1,2025,19.0,13,3,4,1,3,0,3,5,8,2,4,401812703
4432813,Jeremiah Robinson-Earl,DAL,F,2025-10-11,CHA,1,2025,8.0,9,1,3,1,1,0,0,4,5,0,0,401812703
4701208,Moussa Cisse,DAL,C,2025-10-11,CHA,1,2025,8.0,2,3,0,0,0,2,0,1,1,0,0,401812703
4065697,Dennis Smith Jr.,DAL,PG,2025-10-11,CHA,1,2025,6.0,0,1,2,0,1,0,0,0,1,0,0,401812703
4432582,Max Christie,DAL,G,2025-10-11,CHA,1,2025,18.0,6,1,1,1,0,0,2,2,9,1,2,401812703
4433629,Ryan Nembhard,DAL,G,2025-10-11,CHA,1,2025,9.0,4,3,2,0,1,0,0,2,5,0,0,401812703
4696317,Miles Kelly,DAL,G,2025-10-11,CHA,1,2025,9.0,2,1,1,0,1,0,0,1,3,0,0,401812703
4868423,Jaden Hardy,DAL,G,2025-10-11,CHA,1,2025,15.0,5,1,0,1,0,1,1,1,3,2,2,401812703
4278104,Michael Porter Jr.,BKN,F,2025-10-12,PHX,0,2025,24.0,15,4,0,3,2,0,3,6,11,0,1,401812704
4278067,Nic Claxton,BKN,C,2025-10-12,PHX,0,2025,22.0,4,7,2,0,1,1,1,2,8,0,2,401812704
3907823,Terance Mann,BKN,G,2025-10-12,PHX,0,2025,17.0,7,1,0,1,1,1,1,3,5,0,0,401812704
4432174,Cam Thomas,BKN,G,2025-10-12,PHX,0,2025,26.0,16,4,1,0,0,1,1,4,12,8,10,401812704
5279130,Nolan Traore,BKN,G,2025-10-12,PHX,0,2025,17.0,4,2,3,0,0,0,4,2,5,0,0,401812704
4431714,Jalen Wilson,BKN,F,2025-10-12,PHX,0,2025,8.0,3,3,0,1,0,0,0,1,1,0,0,401812704
4432735,Dariq Whitehead,BKN,F,2025-10-12,PHX,0,2025,6.0,0,0,1,0,0,0,0,0,1,0,0,401812704
4432821,E.J. Liddell,BKN,F,2025-10-12,PHX,0,2025,6.0,2,2,0,0,0,0,0,1,2,0,0,401812704
4433137,Ziaire Williams,BKN,F,2025-10-12,PHX,0,2025,19.0,15,4,0,4,0,0,1,5,8,1,1,401812704
4712896,Noah Clowney,BKN,F,2025-10-12,PHX,0,2025,18.0,8,2,0,2,1,0,1,3,7,0,0,401812704
5107173,Danny Wolf,BKN,F,2025-10-12,PHX,0,2025,12.0,9,1,4,2,0,0,2,3,4,1,2,401812704
4432194,Day'Ron Sharpe,BKN,C,2025-10-12,PHX,0,2025,19.0,7,7,1,0,1,0,2,1,3,5,6,401812704
4397179,Tyrese Martin,BKN,G,2025-10-12,PHX,0,2025,8.0,11,1,0,2,0,1,1,3,3,3,4,401812704
5037873,Drake Powell,BKN,G,2025-10-12,PHX,0,2025,16.0,6,2,2,2,0,0,1,2,5,0,0,401812704
5242502,Ben Saraf,BKN,G,2025-10-12,PHX,0,2025,22.0,4,4,11,0,1,0,3,2,5,0,0,401812704
3155526,Dillon Brooks,PHX,F,2025-10-12,BKN,1,2025,23.0,12,2,1,1,1,0,1,4,9,3,3,401812704
4601023,Oso Ighodaro,PHX,F,2025-10-12,BKN,1,2025,20.0,12,5,3,0,1,0,2,5,7,2,3,401812704
4888725,Ryan Dunn,PHX,F,2025-10-12,BKN,1,2025,21.0,7,5,1,1,1,1,0,3,8,0,0,401812704
3135045,Grayson Allen,PHX,G,2025-10-12,BKN,1,2025,23.0,9,3,3,3,0,3,1,3,7,0,0,401812704
3136193,Devin Booker,PHX,G,2025-10-12,BKN,1,2025,26.0,18,5,5,3,1,0,4,4,12,7,8,401812704
2583632,Royce O'Neale,PHX,F,2025-10-12,BKN,1,2025,22.0,9,4,3,1,0,1,3,3,8,2,2,401812704
3059409,Nigel Hayes-Davis,PHX,F,2025-10-12,BKN,1,2025,15.0,2,0,1,0,1,0,0,1,4,0,0,401812704
5105977,Rasheer Fleming,PHX,F,2025-10-12,BKN,1,2025,10.0,0,1,1,0,0,0,0,0,1,0,0,401812704
4278076,Nick Richards,PHX,C,2025-10-12,BKN,1,2025,16.0,11,5,2,0,0,1,0,4,5,3,5,401812704
5203685,Khaman Maluach,PHX,C,2025-10-12,BKN,1,2025,12.0,7,2,0,0,1,0,1,3,6,1,2,401812704
4278402,Jordan Goodwin,PHX,G,2025-10-12,BKN,1,2025,11.0,7,1,2,1,2,1,0,3,7,0,0,401812704
4278585,Collin Gillespie,PHX,G,2025-10-12,BKN,1,2025,17.0,8,2,2,2,1,0,1,3,7,0,0,401812704
4395695,Jared Butler,PHX,G,2025-10-12,BKN,1,2025,14.0,7,0,3,1,2,1,0,3,6,0,0,401812704
4397107,David Duke Jr.,PHX,G,2025-10-12,BKN,1,2025,6.0,0,0,1,0,0,0,0,0,0,0,0,401812704
4591259,Koby Brea,PHX,G,2025-10-12,BKN,1,2025,5.0,0,0,0,0,0,0,0,0,2,0,0,401812704
4278580,Sandro Mamukelashvili,TOR,F,2025-10-12,WSH,0,2025,20.0,8,9,3,0,2,0,1,4,11,0,0,401812705
4395625,RJ Barrett,TOR,F,2025-10-12,WSH,0,2025,24.0,15,3,1,2,2,0,2,4,12,5,5,401812705
4433134,Scottie Barnes,TOR,F,2025-10-12,WSH,0,2025,21.0,10,12,4,0,3,0,1,3,11,4,4,401812705
4395724,Immanuel Quickley,TOR,G,2025-10-12,WSH,0,2025,24.0,18,3,3,5,0,0,1,6,16,1,2,401812705
4684272,Ja'Kobe Walter,TOR,G,2025-10-12,WSH,0,2025,22.0,10,4,2,1,2,0,1,3,10,3,3,401812705
4278046,Olivier Sarr,TOR,F,2025-10-12,WSH,0,2025,18.0,4,4,0,0,0,3,0,1,4,2,2,401812705
4431893,Jamison Battle,TOR,F,2025-10-12,WSH,0,2025,15.0,7,3,0,1,0,0,0,3,5,0,0,401812705
4593041,David Roddy,TOR,F,2025-10-12,WSH,0,2025,12.0,4,1,1,0,1,0,0,1,6,2,2,401812705
5107897,Jonathan Mogbo,TOR,F,2025-10-12,WSH,0,2025,11.0,2,3,0,0,0,1,1,1,3,0,0,401812705
4397018,Ochai Agbaji,TOR,G,2025-10-12,WSH,0,2025,16.0,5,11,0,0,1,0,0,2,8,1,2,401812705
4397119,Jared Rhoden,TOR,G,2025-10-12,WSH,0,2025,7.0,3,0,1,0,0,0,0,1,2,1,2,401812705
4432241,Jamal Shead,TOR,G,2025-10-12,WSH,0,2025,13.0,7,2,4,0,0,0,0,1,6,5,5,401812705
4590360,Chucky Hepburn,TOR,G,2025-10-12,WSH,0,2025,11.0,12,0,0,3,1,0,2,4,6,1,1,401812705
4702656,Alijah Martin,TOR,G,2025-10-12,WSH,0,2025,8.0,0,3,1,0,0,0,0,0,2,0,0,401812705
5106258,Gradey Dick,TOR,G,2025-10-12,WSH,0,2025,18.0,8,1,1,2,0,0,1,2,5,2,2,401812705
6609,Khris Middleton,WSH,F,2025-10-12,TOR,1,2025,24.0,11,9,5,1,0,0,2,4,4,2,2,401812705
5174563,Kyshawn George,WSH,F,2025-10-12,TOR,1,2025,25.0,11,9,3,1,0,4,1,3,14,4,5,401812705
5160992,Alex Sarr,WSH,C,2025-10-12,TOR,1,2025,17.0,12,8,0,1,1,2,2,4,5,3,4,401812705
2490149,CJ McCollum,WSH,G,2025-10-12,TOR,1,2025,25.0,19,5,2,5,1,0,4,7,14,0,0,401812705
4845374,Bub Carrington,WSH,G,2025-10-12,TOR,1,2025,23.0,4,1,2,0,0,1,4,0,8,4,6,401812705
4277848,Marvin Bagley III,WSH,F,2025-10-12,TOR,1,2025,15.0,10,7,2,0,0,1,0,3,8,4,7,401812705
4280151,Corey Kispert,WSH,F,2025-10-12,TOR,1,2025,20.0,5,4,2,0,0,0,0,2,8,1,1,401812705
4565201,Malaki Branham,WSH,F,2025-10-12,TOR,1,2025,7.0,4,1,1,0,0,0,0,1,2,2,2,401812705
4702159,Dillon Jones,WSH,F,2025-10-12,TOR,1,2025,7.0,2,4,0,0,1,1,0,1,3,0,0,401812705
4997537,Tristan Vukcevic,WSH,F,2025-10-12,TOR,1,2025,16.0,9,4,1,0,0,1,4,2,2,5,5,401812705
5105592,Cam Whitmore,WSH,F,2025-10-12,TOR,1,2025,17.0,10,0,0,1,1,1,0,4,7,1,1,401812705
4606840,Jamir Watkins,WSH,G,2025-10-12,TOR,1,2025,7.0,3,2,0,0,1,0,0,1,2,1,2,401812705
5144126,Will Riley,WSH,G,2025-10-12,TOR,1,2025,15.0,4,2,2,0,0,0,0,0,3,4,4,401812705
5238230,Tre Johnson,WSH,G,2025-10-12,TOR,1,2025,23.0,8,7,1,0,0,0,2,3,9,2,2,401812705
4431786,Keshad Johnson,MIA,F,2025-10-12,ORL,0,2025,25.0,4,3,3,0,1,1,0,1,5,2,5,401812706
4432848,Jaime Jaquez Jr.,MIA,F,2025-10-12,ORL,0,2025,15.0,9,0,2,0,0,0,1,3,7,3,4,401812706
5105623,Kel'el Ware,MIA,C,2025-10-12,ORL,0,2025,25.0,24,10,1,2,2,0,1,9,17,4,4,401812706
4278053,Davion Mitchell,MIA,G,2025-10-12,ORL,0,2025,10.0,2,0,2,0,0,0,0,0,1,2,2,401812706
4601025,Pelle Larsson,MIA,G,2025-10-12,ORL,0,2025,21.0,14,2,3,2,2,0,4,3,8,6,8,401812706
4431679,Precious Achiuwa,MIA,F,2025-10-12,ORL,0,2025,19.0,7,8,1,0,1,1,1,3,9,1,2,401812706
4431772,Myron Gardner,MIA,F,2025-10-12,ORL,0,2025,30.0,11,7,2,1,0,3,2,5,12,0,1,401812706
4432189,Dain Dainja,MIA,F,2025-10-12,ORL,0,2025,9.0,5,3,0,0,0,0,1,2,3,1,2,401812706
4278516,Ethan Thompson,MIA,G,2025-10-12,ORL,0,2025,34.0,5,5,2,1,2,0,0,2,13,0,0,401812706
4432753,Gabe Madsen,MIA,G,2025-10-12,ORL,0,2025,16.0,3,1,2,1,2,0,0,1,5,0,0,401812706
4433133,Jahmir Young,MIA,G,2025-10-12,ORL,0,2025,32.0,18,2,1,2,3,0,4,6,11,4,4,401812706
5214640,Kasparas Jakucionis,MIA,G,2025-10-12,ORL,0,2025,4.0,2,0,1,0,0,0,1,0,0,2,2,401812706
4065654,Jonathan Isaac,ORL,F,2025-10-12,MIA,1,2025,18.0,6,4,1,0,0,1,0,0,2,6,6,401812706
4566434,Franz Wagner,ORL,F,2025-10-12,MIA,1,2025,16.0,17,5,3,1,0,0,3,3,8,10,10,401812706
4702382,Tristan da Silva,ORL,F,2025-10-12,MIA,1,2025,16.0,11,7,3,1,0,1,1,4,9,2,3,401812706
4277847,Wendell Carter Jr.,ORL,C,2025-10-12,MIA,1,2025,14.0,12,4,0,2,0,0,2,5,8,0,0,401812706
3135046,Tyus Jones,ORL,G,2025-10-12,MIA,1,2025,13.0,2,0,1,0,1,0,2,1,4,0,0,401812706
4278572,Jamal Cain,ORL,F,2025-10-12,MIA,1,2025,12.0,6,4,0,1,1,0,0,1,3,3,4,401812706
5214637,Noah Penda,ORL,F,2025-10-12,MIA,1,2025,23.0,7,5,1,0,2,0,1,3,10,1,2,401812706
4348700,Goga Bitadze,ORL,C,2025-10-12,MIA,1,2025,17.0,2,8,0,0,1,2,2,1,5,0,0,401812706
4397204,Colin Castleton,ORL,C,2025-10-12,MIA,1,2025,8.0,6,3,0,0,0,0,1,2,4,2,2,401812706
4593049,Orlando Robinson,ORL,C,2025-10-12,MIA,1,2025,8.0,5,6,1,0,1,0,1,2,4,1,2,401812706
4278352,Jalen Crutcher,ORL,G,2025-10-12,MIA,1,2025,5.0,3,0,0,1,0,0,0,1,1,0,0,401812706
4431720,Lester Quinones,ORL,G,2025-10-12,MIA,1,2025,9.0,4,2,1,0,0,0,0,2,5,0,0,401812706
4432187,Reece Beekman,ORL,G,2025-10-12,MIA,1,2025,12.0,0,1,3,0,0,0,4,0,1,0,0,401812706
4593034,Alex Morales,ORL,G,2025-10-12,MIA,1,2025,12.0,6,2,1,2,1,0,0,2,6,0,0,401812706
4712849,Anthony Black,ORL,G,2025-10-12,MIA,1,2025,20.0,9,2,4,1,0,0,1,3,6,2,2,401812706
5105806,Jett Howard,ORL,G,2025-10-12,MIA,1,2025,19.0,11,5,4,2,0,1,0,3,6,3,3,401812706
5239561,Jase Richardson,ORL,G,2025-10-12,MIA,1,2025,20.0,13,2,0,2,1,0,1,4,12,3,4,401812706
2580365,Larry Nance Jr.,CLE,F,2025-10-12,BOS,0,2025,23.0,11,9,1,1,3,0,0,2,10,6,7,401812707
3912848,Dean Wade,CLE,F,2025-10-12,BOS,0,2025,24.0,3,3,1,0,1,0,1,1,8,1,2,401812707
4683747,Jaylon Tyson,CLE,G,2025-10-12,BOS,0,2025,28.0,16,5,4,2,0,0,3,6,14,2,4,401812707
4701233,Craig Porter Jr.,CLE,G,2025-10-12,BOS,0,2025,27.0,6,6,3,0,2,1,3,3,9,0,0,401812707
5023693,Tyrese Proctor,CLE,G,2025-10-12,BOS,0,2025,28.0,12,2,4,2,1,0,3,5,14,0,1,401812707
4397231,Miller Kopp,CLE,F,2025-10-12,BOS,0,2025,7.0,7,2,0,1,1,0,0,2,3,2,2,401812707
4431734,Tristan Enaruna,CLE,F,2025-10-12,BOS,0,2025,12.0,7,0,0,0,0,1,2,2,5,3,5,401812707
4702134,Norchad Omier,CLE,F,2025-10-12,BOS,0,2025,7.0,6,4,0,0,0,0,0,2,2,2,5,401812707
4997539,Luke Travers,CLE,F,2025-10-12,BOS,0,2025,20.0,6,5,4,0,0,1,3,1,4,4,4,401812707
5106268,Nae'Qwan Tomlin,CLE,F,2025-10-12,BOS,0,2025,24.0,8,4,2,2,1,0,1,3,9,0,0,401812707
5174655,Chaney Johnson,CLE,F,2025-10-12,BOS,0,2025,7.0,4,0,1,0,2,0,0,2,5,0,0,401812707
3934723,Thomas Bryant,CLE,C,2025-10-12,BOS,0,2025,17.0,11,2,2,2,1,0,2,4,9,1,1,401812707
4683024,Killian Hayes,CLE,G,2025-10-12,BOS,0,2025,14.0,10,1,2,2,2,0,1,3,10,2,2,401812707
3948153,Chris Boucher,BOS,F,2025-10-12,CLE,1,2025,11.0,6,2,0,2,1,0,0,2,3,0,0,401812707
4065804,Sam Hauser,BOS,F,2025-10-12,CLE,1,2025,17.0,15,1,0,2,1,0,1,3,5,7,7,401812707
3078576,Derrick White,BOS,G,2025-10-12,CLE,1,2025,22.0,16,7,5,2,0,3,3,4,9,6,6,401812707
3917376,Jaylen Brown,BOS,G,2025-10-12,CLE,1,2025,22.0,8,5,6,0,3,1,4,2,6,4,6,401812707
4066354,Payton Pritchard,BOS,G,2025-10-12,CLE,1,2025,23.0,14,5,2,2,2,0,1,6,11,0,0,401812707
4277964,Xavier Tillman,BOS,F,2025-10-12,CLE,1,2025,10.0,2,1,3,0,0,1,1,1,1,0,0,401812707
4432946,Jalen Bridges,BOS,F,2025-10-12,CLE,1,2025,5.0,2,0,0,0,0,0,0,1,4,0,0,401812707
4592187,Wendell Moore Jr.,BOS,F,2025-10-12,CLE,1,2025,9.0,5,1,2,0,0,0,2,2,2,1,2,401812707
4687718,Josh Minott,BOS,F,2025-10-12,CLE,1,2025,23.0,16,6,1,2,1,0,1,5,9,4,5,401812707
4702745,Amari Williams,BOS,F,2025-10-12,CLE,1,2025,3.0,2,1,1,0,0,0,0,1,1,0,0,401812707
4277951,Luka Garza,BOS,C,2025-10-12,CLE,1,2025,15.0,7,5,0,0,2,1,1,2,3,3,4,401812707
4397424,Neemias Queta,BOS,C,2025-10-12,CLE,1,2025,7.0,4,4,0,0,0,0,2,2,2,0,0,401812707
4351851,Anfernee Simons,BOS,G,2025-10-12,CLE,1,2025,25.0,21,2,2,6,1,0,1,6,12,3,3,401812707
4397251,Ron Harper Jr.,BOS,G,2025-10-12,CLE,1,2025,7.0,5,1,1,1,0,0,0,1,2,2,2,401812707
4433254,Kendall Brown,BOS,G,2025-10-12,CLE,1,2025,4.0,2,2,0,0,0,0,0,1,1,0,0,401812707
4593841,Baylor Scheierman,BOS,G,2025-10-12,CLE,1,2025,14.0,5,3,2,1,2,0,1,1,5,2,2,401812707
4701992,Max Shulga,BOS,G,2025-10-12,CLE,1,2025,5.0,2,2,2,0,0,0,1,0,0,2,2,401812707
5106035,RJ Luis Jr.,BOS,G,2025-10-12,CLE,1,2025,3.0,2,1,0,0,0,0,2,1,2,0,0,401812707
5175647,Hugo Gonzalez,BOS,G,2025-10-12,CLE,1,2025,15.0,4,2,0,0,0,0,0,2,4,0,0,401812707
3032977,Giannis Antetokounmpo,MIL,F,2025-10-12,CHI,0,2025,21.0,13,10,3,0,0,0,1,6,10,1,2,401812708
3133628,Myles Turner,MIL,C,2025-10-12,CHI,0,2025,24.0,19,6,1,5,0,1,1,5,8,4,6,401812708
4277843,Gary Trent Jr.,MIL,G,2025-10-12,CHI,0,2025,23.0,13,2,1,3,2,0,0,5,14,0,1,401812708
4397140,Kevin Porter Jr.,MIL,G,2025-10-12,CHI,0,2025,23.0,7,4,8,0,1,0,0,2,9,3,3,401812708
4397475,AJ Green,MIL,G,2025-10-12,CHI,0,2025,22.0,11,4,3,3,0,0,0,4,9,0,0,401812708
2990962,Taurean Prince,MIL,F,2025-10-12,CHI,0,2025,14.0,6,1,0,2,0,0,1,2,3,0,0,401812708
3064482,Bobby Portis,MIL,F,2025-10-12,CHI,0,2025,14.0,5,1,1,1,0,0,2,1,5,2,2,401812708
3134907,Kyle Kuzma,MIL,F,2025-10-12,CHI,0,2025,18.0,19,5,1,2,0,0,0,7,15,3,3,401812708
4397233,Pete Nance,MIL,F,2025-10-12,CHI,0,2025,7.0,2,3,0,0,0,1,0,1,1,0,0,401812708
4277922,Jericho Sims,MIL,C,2025-10-12,CHI,0,2025,10.0,1,2,0,0,0,0,0,0,0,1,2,401812708
4066387,Amir Coffey,MIL,G,2025-10-12,CHI,0,2025,7.0,3,1,0,1,0,0,2,1,2,0,0,401812708
4280245,Jamaree Bouyea,MIL,G,2025-10-12,CHI,0,2025,3.0,0,0,0,0,0,0,0,0,1,0,0,401812708
4432190,Andre Jackson Jr.,MIL,G,2025-10-12,CHI,0,2025,8.0,5,3,1,0,0,0,0,1,2,3,4,401812708
4432809,Cole Anthony,MIL,G,2025-10-12,CHI,0,2025,19.0,6,3,6,0,0,0,3,3,5,0,0,401812708
4591725,Ryan Rollins,MIL,G,2025-10-12,CHI,0,2025,22.0,14,4,3,2,1,1,1,6,8,0,0,401812708
4703530,Mark Sears,MIL,G,2025-10-12,CHI,0,2025,3.0,3,0,0,1,0,0,0,1,1,0,0,401812708
4432822,Isaac Okoro,CHI,F,2025-10-12,MIL,1,2025,21.0,7,1,0,1,1,1,0,2,7,2,2,401812708
4711294,Matas Buzelis,CHI,F,2025-10-12,MIL,1,2025,25.0,19,4,0,2,0,0,1,6,11,5,5,401812708
6478,Nikola Vucevic,CHI,C,2025-10-12,MIL,1,2025,24.0,6,9,3,0,0,0,1,3,10,0,2,401812708
4395626,Tre Jones,CHI,G,2025-10-12,MIL,1,2025,24.0,8,4,6,0,0,0,3,1,2,6,8,401812708
4871145,Josh Giddey,CHI,G,2025-10-12,MIL,1,2025,24.0,14,8,7,1,0,1,0,4,7,5,8,401812708
4066650,Zach Collins,CHI,F,2025-10-12,MIL,1,2025,15.0,8,2,3,0,1,0,0,4,4,0,0,401812708
4397189,Jalen Smith,CHI,F,2025-10-12,MIL,1,2025,7.0,7,1,0,1,0,0,0,3,3,0,0,401812708
4431687,Patrick Williams,CHI,F,2025-10-12,MIL,1,2025,23.0,10,8,5,2,1,0,4,4,7,0,0,401812708
4432872,Emanuel Miller,CHI,F,2025-10-12,MIL,1,2025,5.0,1,0,0,0,0,0,0,0,1,1,2,401812708
4592933,Mouhamadou Gueye,CHI,F,2025-10-12,MIL,1,2025,3.0,2,1,0,0,0,0,0,1,2,0,0,401812708
5242496,Noa Essengue,CHI,F,2025-10-12,MIL,1,2025,13.0,5,2,1,0,3,0,0,2,4,1,3,401812708
3133635,Jevon Carter,CHI,G,2025-10-12,MIL,1,2025,20.0,12,1,3,3,1,0,0,4,17,1,1,401812708
4397002,Ayo Dosunmu,CHI,G,2025-10-12,MIL,1,2025,25.0,22,3,2,1,0,0,0,8,12,5,5,401812708
4433159,Dalen Terry,CHI,G,2025-10-12,MIL,1,2025,6.0,0,0,0,0,0,0,1,0,0,0,0,401812708
3064290,Aaron Gordon,DEN,F,2025-10-12,LAC,0,2025,22.0,18,7,2,2,1,0,3,6,11,4,6,401812709
3138196,Cameron Johnson,DEN,F,2025-10-12,LAC,0,2025,22.0,8,0,0,2,3,0,1,3,8,0,0,401812709
3112335,Nikola Jokic,DEN,C,2025-10-12,LAC,0,2025,22.0,12,9,6,0,1,1,1,6,9,0,0,401812709
3936299,Jamal Murray,DEN,G,2025-10-12,LAC,0,2025,20.0,7,1,3,1,1,1,3,3,9,0,0,401812709
4431767,Christian Braun,DEN,G,2025-10-12,LAC,0,2025,23.0,11,1,3,3,0,0,1,4,5,0,0,401812709
4395620,Hunter Tyson,DEN,F,2025-10-12,LAC,0,2025,4.0,0,1,2,0,0,0,0,0,0,0,0,401812709
4431690,Zeke Nnaji,DEN,F,2025-10-12,LAC,0,2025,10.0,2,3,1,0,1,0,2,0,4,2,2,401812709
4433607,DaRon Holmes II,DEN,F,2025-10-12,LAC,0,2025,7.0,2,0,0,0,0,0,0,1,2,0,0,401812709
4592427,Spencer Jones,DEN,F,2025-10-12,LAC,0,2025,10.0,0,2,0,0,0,0,0,0,0,0,0,401812709
6477,Jonas Valanciunas,DEN,C,2025-10-12,LAC,0,2025,18.0,10,9,1,0,0,0,4,5,7,0,1,401812709
2528210,Tim Hardaway Jr.,DEN,G,2025-10-12,LAC,0,2025,18.0,1,1,2,0,1,0,0,0,4,1,2,401812709
4065670,Bruce Brown,DEN,G,2025-10-12,LAC,0,2025,17.0,0,0,1,0,0,0,0,0,3,0,0,401812709
4398390,Jalen Pickett,DEN,G,2025-10-12,LAC,0,2025,9.0,5,3,0,1,0,0,0,2,3,0,0,401812709
4432181,Julian Strawther,DEN,G,2025-10-12,LAC,0,2025,14.0,6,6,0,2,0,0,0,2,5,0,0,401812709
4576087,Peyton Watson,DEN,G,2025-10-12,LAC,0,2025,17.0,9,2,1,1,0,0,0,3,6,2,4,401812709
4898369,Curtis Jones,DEN,G,2025-10-12,LAC,0,2025,7.0,11,0,1,3,1,0,0,3,6,2,2,401812709
6450,Kawhi Leonard,LAC,F,2025-10-12,DEN,1,2025,19.0,17,2,1,1,2,0,0,5,10,6,6,401812709
3908845,John Collins,LAC,F,2025-10-12,DEN,1,2025,24.0,9,4,1,1,0,1,3,3,7,2,2,401812709
3936099,Derrick Jones Jr.,LAC,F,2025-10-12,DEN,1,2025,20.0,12,3,1,0,2,0,0,5,8,2,3,401812709
4017837,Ivica Zubac,LAC,C,2025-10-12,DEN,1,2025,23.0,11,10,2,0,2,0,3,5,6,1,4,401812709
3992,James Harden,LAC,G,2025-10-12,DEN,1,2025,24.0,5,5,11,1,2,0,3,1,6,2,2,401812709
3416,Nicolas Batum,LAC,F,2025-10-12,DEN,1,2025,14.0,0,0,0,0,0,0,1,0,2,0,0,401812709
3448,Brook Lopez,LAC,C,2025-10-12,DEN,1,2025,17.0,15,1,1,3,0,3,1,6,10,0,0,401812709
5108024,Yanic Konan Niederhauser,LAC,C,2025-10-12,DEN,1,2025,8.0,4,5,1,0,0,1,0,1,1,2,4,401812709
2779,Chris Paul,LAC,G,2025-10-12,DEN,1,2025,21.0,2,2,2,0,0,0,1,1,5,0,0,401812709
2991139,Kris Dunn,LAC,G,2025-10-12,DEN,1,2025,19.0,3,2,1,1,0,0,1,1,3,0,0,401812709
4396818,Jordan Miller,LAC,G,2025-10-12,DEN,1,2025,17.0,5,1,0,1,0,0,0,2,7,0,0,401812709
4397916,Jason Preston,LAC,G,2025-10-12,DEN,1,2025,8.0,0,1,0,0,0,0,2,0,1,0,0,401812709
4431752,Kobe Brown,LAC,G,2025-10-12,DEN,1,2025,17.0,6,4,2,1,0,0,0,1,7,3,4,401812709
4845363,Cam Christie,LAC,G,2025-10-12,DEN,1,2025,9.0,5,2,1,0,1,0,0,2,4,1,1,401812709
6589,Draymond Green,GS,F,2025-10-12,LAL,0,2025,22.0,2,1,4,0,2,0,4,1,2,0,0,401812710
4433247,Jonathan Kuminga,GS,F,2025-10-12,LAL,0,2025,22.0,13,0,6,1,1,0,5,5,8,2,2,401812710
4593016,Quinten Post,GS,C,2025-10-12,LAL,0,2025,18.0,9,2,1,3,1,1,0,3,7,0,0,401812710
2990984,Buddy Hield,GS,G,2025-10-12,LAL,0,2025,23.0,6,4,2,0,1,0,2,3,7,0,0,401812710
4709138,Brandin Podziemski,GS,G,2025-10-12,LAL,0,2025,26.0,23,5,8,3,1,0,2,10,16,0,0,401812710
4066889,Jackson Rowe,GS,F,2025-10-12,LAL,0,2025,10.0,4,1,1,0,0,0,2,2,2,0,0,401812710
4431684,Trayce Jackson-Davis,GS,F,2025-10-12,LAL,0,2025,20.0,14,7,1,0,1,2,0,7,9,0,0,401812710
4997536,Gui Santos,GS,F,2025-10-12,LAL,0,2025,19.0,3,5,1,1,1,1,1,1,5,0,0,401812710
4065652,Marques Bolden,GS,C,2025-10-12,LAL,0,2025,8.0,7,3,0,0,0,0,0,2,3,3,4,401812710
3134903,Gary Payton II,GS,G,2025-10-12,LAL,0,2025,15.0,11,2,1,1,0,0,0,5,5,0,0,401812710
4397537,Taevion Kinsey,GS,G,2025-10-12,LAL,0,2025,3.0,0,0,1,0,0,0,0,0,0,0,0,401812710
4433149,LJ Cryer,GS,G,2025-10-12,LAL,0,2025,10.0,11,0,2,3,0,0,0,4,7,0,0,401812710
4592714,Pat Spencer,GS,G,2025-10-12,LAL,0,2025,19.0,8,1,0,1,0,0,2,3,11,1,2,401812710
4897262,Will Richard,GS,G,2025-10-12,LAL,0,2025,23.0,5,1,4,1,2,0,2,2,9,0,0,401812710
4066648,Rui Hachimura,LAL,F,2025-10-12,GS,1,2025,27.0,16,3,2,3,1,0,4,6,10,1,1,401812710
4278077,Jarred Vanderbilt,LAL,F,2025-10-12,GS,1,2025,25.0,6,4,2,0,0,0,1,3,9,0,0,401812710
4897943,Dalton Knecht,LAL,F,2025-10-12,GS,1,2025,34.0,16,3,2,2,0,0,0,4,9,6,8,401812710
4278129,Deandre Ayton,LAL,C,2025-10-12,GS,1,2025,26.0,14,8,5,0,2,1,1,6,8,2,2,401812710
4066457,Austin Reaves,LAL,G,2025-10-12,GS,1,2025,23.0,21,3,3,2,1,1,5,7,10,5,6,401812710
4592691,Jake LaRavia,LAL,F,2025-10-12,GS,1,2025,28.0,11,3,5,1,4,0,2,4,13,2,2,401812710
4397077,Jaxson Hayes,LAL,C,2025-10-12,GS,1,2025,14.0,5,4,1,0,1,0,0,2,4,1,4,401812710
4431778,Christian Koloko,LAL,C,2025-10-12,GS,1,2025,8.0,0,2,4,0,0,0,1,0,0,0,0,401812710
3137259,Gabe Vincent,LAL,G,2025-10-12,GS,1,2025,22.0,13,4,2,2,2,0,3,3,8,5,5,401812710
4397821,Nate Williams,LAL,G,2025-10-12,GS,1,2025,6.0,5,0,0,1,0,0,1,2,2,0,0,401812710
4433176,RJ Davis,LAL,G,2025-10-12,GS,1,2025,6.0,5,3,0,1,0,0,1,2,2,0,0,401812710
4683686,Nick Smith Jr.,LAL,G,2025-10-12,GS,1,2025,6.0,7,0,1,0,0,0,0,3,3,1,2,401812710
4683774,Bronny James,LAL,G,2025-10-12,GS,1,2025,16.0,7,1,1,0,0,0,1,1,2,5,5,401812710
3059319,Andrew Wiggins,MIA,F,2025-10-13,ATL,0,2025,24.0,6,1,0,0,0,0,1,3,11,0,0,401812711
4066261,Bam Adebayo,MIA,C,2025-10-13,ATL,0,2025,19.0,13,9,3,0,0,0,0,4,11,5,7,401812711
5105623,Kel'el Ware,MIA,C,2025-10-13,ATL,0,2025,21.0,6,11,2,0,0,1,1,3,7,0,0,401812711
2595516,Norman Powell,MIA,G,2025-10-13,ATL,0,2025,28.0,17,4,1,2,2,0,5,4,14,7,9,401812711
4066993,Dru Smith,MIA,G,2025-10-13,ATL,0,2025,17.0,3,2,1,0,1,1,0,1,5,1,1,401812711
3899664,Simone Fontecchio,MIA,F,2025-10-13,ATL,0,2025,14.0,4,5,1,0,0,1,1,2,8,0,0,401812711
4431679,Precious Achiuwa,MIA,F,2025-10-13,ATL,0,2025,9.0,4,6,0,0,0,0,1,2,4,0,0,401812711
4431772,Myron Gardner,MIA,F,2025-10-13,ATL,0,2025,14.0,4,5,1,0,0,1,3,2,5,0,0,401812711
4431786,Keshad Johnson,MIA,F,2025-10-13,ATL,0,2025,16.0,8,5,3,0,0,0,1,2,7,4,4,401812711
4432848,Jaime Jaquez Jr.,MIA,F,2025-10-13,ATL,0,2025,26.0,17,4,3,1,0,1,1,7,14,2,2,401812711
4700818,Vladislav Goldin,MIA,C,2025-10-13,ATL,0,2025,12.0,0,5,0,0,0,1,1,0,1,0,0,401812711
4278053,Davion Mitchell,MIA,G,2025-10-13,ATL,0,2025,22.0,10,4,1,0,1,0,2,5,8,0,1,401812711
4278516,Ethan Thompson,MIA,G,2025-10-13,ATL,0,2025,15.0,17,2,1,1,0,0,1,6,11,4,4,401812711
4432753,Gabe Madsen,MIA,G,2025-10-13,ATL,0,2025,13.0,6,4,2,1,0,0,0,2,4,1,1,401812711
4601025,Pelle Larsson,MIA,G,2025-10-13,ATL,0,2025,15.0,3,3,3,0,0,0,1,1,3,1,1,401812711
4592461,Jacob Toppin,ATL,F,2025-10-13,MIA,1,2025,42.0,26,9,5,2,1,2,2,9,23,6,9,401812711
4873201,Asa Newell,ATL,F,2025-10-13,MIA,1,2025,36.0,19,8,2,0,2,2,0,7,18,5,9,401812711
4592401,N'Faly Dante,ATL,C,2025-10-13,MIA,1,2025,21.0,4,7,0,0,3,1,2,2,4,0,0,401812711
4279118,Keaton Wallace,ATL,G,2025-10-13,MIA,1,2025,13.0,5,1,4,0,0,0,1,2,7,1,2,401812711
4578893,Vit Krejci,ATL,G,2025-10-13,MIA,1,2025,20.0,7,2,2,1,0,1,1,2,8,2,2,401812711
4433623,Caleb Houstan,ATL,F,2025-10-13,MIA,1,2025,33.0,21,2,1,5,0,2,1,5,11,6,7,401812711
5144067,Nikola Durisic,ATL,F,2025-10-13,MIA,1,2025,16.0,7,3,2,1,0,1,1,2,6,2,2,401812711
4397886,Charles Bassey,ATL,C,2025-10-13,MIA,1,2025,31.0,7,17,1,0,2,5,2,3,9,1,2,401812711
5144071,Eli Ndiaye,ATL,C,2025-10-13,MIA,1,2025,15.0,5,3,0,0,0,1,1,2,7,1,2,401812711
4433183,Lamont Butler,ATL,G,2025-10-13,MIA,1,2025,37.0,18,6,5,3,3,0,5,5,15,5,6,401812711
6578,Harrison Barnes,SA,F,2025-10-13,IND,0,2025,23.0,4,2,3,1,0,0,2,1,7,1,2,401812712
4592479,Julian Champagnie,SA,F,2025-10-13,IND,0,2025,26.0,12,2,1,3,2,0,0,4,6,1,1,401812712
5104157,Victor Wembanyama,SA,F,2025-10-13,IND,0,2025,25.0,27,11,4,2,3,1,7,9,13,7,7,401812712
4395630,Devin Vassell,SA,G,2025-10-13,IND,0,2025,28.0,8,4,4,0,0,0,0,4,11,0,0,401812712
4845367,Stephon Castle,SA,G,2025-10-13,IND,0,2025,19.0,14,3,4,2,3,1,2,5,12,2,5,401812712
4066317,Lindy Waters III,SA,F,2025-10-13,IND,0,2025,11.0,2,1,1,0,1,0,0,1,2,0,0,401812712
4395723,Keldon Johnson,SA,F,2025-10-13,IND,0,2025,20.0,14,3,1,3,3,0,2,5,5,1,1,401812712
4433618,Harrison Ingram,SA,F,2025-10-13,IND,0,2025,9.0,0,2,0,0,1,0,0,0,3,0,0,401812712
4713010,David Jones Garcia,SA,F,2025-10-13,IND,0,2025,6.0,3,1,1,0,2,0,1,1,4,1,1,401812712
5061568,Carter Bryant,SA,F,2025-10-13,IND,0,2025,9.0,8,1,0,2,0,0,0,2,4,2,2,401812712
5177362,Riley Minix,SA,F,2025-10-13,IND,0,2025,6.0,0,3,1,0,0,0,0,0,4,0,0,401812712
6427,Bismack Biyombo,SA,C,2025-10-13,IND,0,2025,6.0,2,2,0,0,0,0,1,1,1,0,0,401812712
3064560,Luke Kornet,SA,C,2025-10-13,IND,0,2025,22.0,16,7,1,0,1,0,0,6,6,4,5,401812712
4066399,Micah Potter,SA,C,2025-10-13,IND,0,2025,3.0,0,2,0,0,0,0,0,0,3,0,0,401812712
4279532,Stanley Umude,SA,G,2025-10-13,IND,0,2025,3.0,3,1,1,1,0,0,0,1,3,0,0,401812712
5037871,Dylan Harper,SA,G,2025-10-13,IND,0,2025,22.0,11,0,8,1,2,0,2,4,8,2,3,401812712
3149673,Pascal Siakam,IND,F,2025-10-13,SA,1,2025,24.0,17,3,3,3,2,0,1,7,10,0,0,401812712
4432170,Isaiah Jackson,IND,F,2025-10-13,SA,1,2025,16.0,0,3,1,0,3,1,1,0,2,0,0,401812712
4395712,Andrew Nembhard,IND,G,2025-10-13,SA,1,2025,23.0,11,2,8,1,1,0,3,4,9,2,2,401812712
4396909,Aaron Nesmith,IND,G,2025-10-13,SA,1,2025,22.0,9,4,1,3,0,0,0,3,6,0,0,401812712
4683634,Bennedict Mathurin,IND,G,2025-10-13,SA,1,2025,23.0,31,4,1,4,1,0,3,11,12,5,5,401812712
4278355,Obi Toppin,IND,F,2025-10-13,SA,1,2025,17.0,6,4,3,2,1,1,2,2,5,0,0,401812712
4398207,Jalen Slawson,IND,F,2025-10-13,SA,1,2025,12.0,0,2,0,0,0,0,1,0,2,0,0,401812712
4398356,Gabe McGlothan,IND,F,2025-10-13,SA,1,2025,12.0,5,3,0,1,1,0,2,2,2,0,0,401812712
5106060,Jarace Walker,IND,F,2025-10-13,SA,1,2025,20.0,12,3,1,2,2,0,5,5,10,0,0,401812712
4065673,Tony Bradley,IND,C,2025-10-13,SA,1,2025,12.0,3,4,0,0,0,1,0,0,2,3,4,401812712
4065731,Jay Huff,IND,C,2025-10-13,SA,1,2025,11.0,0,2,0,0,1,0,1,0,3,0,2,401812712
4432808,James Wiseman,IND,C,2025-10-13,SA,1,2025,7.0,0,1,0,0,0,0,1,0,3,0,0,401812712
3064230,Cameron Payne,IND,PG,2025-10-13,SA,1,2025,17.0,10,1,2,2,0,0,2,3,8,2,2,401812712
4431941,RayJ Dennis,IND,G,2025-10-13,SA,1,2025,6.0,1,1,2,0,0,0,2,0,2,1,2,401812712
4703421,Taelon Peter,IND,G,2025-10-13,SA,1,2025,19.0,3,3,2,1,0,0,0,1,5,0,0,401812712
4277848,Marvin Bagley III,WSH,F,2025-10-13,NY,0,2025,24.0,18,11,3,0,2,1,3,7,8,4,6,401812713
4432907,Justin Champagnie,WSH,F,2025-10-13,NY,0,2025,22.0,10,7,2,1,0,2,0,4,8,1,1,401812713
5174563,Kyshawn George,WSH,F,2025-10-13,NY,0,2025,12.0,11,0,2,1,0,0,1,3,6,4,4,401812713
4845374,Bub Carrington,WSH,G,2025-10-13,NY,0,2025,14.0,8,3,4,2,0,0,1,3,3,0,1,401812713
5238230,Tre Johnson,WSH,G,2025-10-13,NY,0,2025,14.0,10,0,3,2,0,0,0,4,7,0,0,401812713
2581184,Anthony Gill,WSH,F,2025-10-13,NY,0,2025,12.0,1,5,2,0,2,0,0,0,3,1,4,401812713
4280151,Corey Kispert,WSH,F,2025-10-13,NY,0,2025,12.0,5,3,3,1,0,0,1,2,4,0,1,401812713
4702159,Dillon Jones,WSH,F,2025-10-13,NY,0,2025,20.0,4,3,2,0,3,0,2,1,4,2,2,401812713
4997537,Tristan Vukcevic,WSH,F,2025-10-13,NY,0,2025,17.0,15,4,3,3,1,0,2,6,9,0,0,401812713
5105592,Cam Whitmore,WSH,F,2025-10-13,NY,0,2025,10.0,7,2,2,1,0,0,1,3,4,0,0,401812713
4432173,Sharife Cooper,WSH,G,2025-10-13,NY,0,2025,21.0,3,0,2,1,1,0,0,1,5,0,0,401812713
4592216,Alondes Williams,WSH,G,2025-10-13,NY,0,2025,11.0,0,0,1,0,0,0,1,0,3,0,0,401812713
4606840,Jamir Watkins,WSH,G,2025-10-13,NY,0,2025,17.0,9,6,0,1,0,1,1,2,5,4,8,401812713
4701845,Kadary Richmond,WSH,G,2025-10-13,NY,0,2025,6.0,2,0,0,0,0,0,0,1,2,0,0,401812713
5144126,Will Riley,WSH,G,2025-10-13,NY,0,2025,26.0,17,2,2,1,0,0,1,7,11,2,3,401812713
4017844,Guerschon Yabusele,NY,F,2025-10-13,WSH,1,2025,23.0,11,5,2,2,0,0,1,4,8,1,1,401812713
5211983,Pacome Dadiet,NY,F,2025-10-13,WSH,1,2025,25.0,8,6,0,2,0,0,1,2,7,2,2,401812713
2528426,Jordan Clarkson,NY,G,2025-10-13,WSH,1,2025,21.0,12,1,0,2,0,0,4,4,11,2,3,401812713
2566769,Malcolm Brogdon,NY,G,2025-10-13,WSH,1,2025,18.0,4,2,3,0,1,0,0,2,7,0,0,401812713
4431823,Miles McBride,NY,G,2025-10-13,WSH,1,2025,28.0,11,1,2,2,1,0,3,4,12,1,2,401812713
3908336,Matt Ryan,NY,F,2025-10-13,WSH,1,2025,9.0,0,0,2,0,0,0,1,0,1,0,0,401812713
4597865,Tosan Evbuomwan,NY,F,2025-10-13,WSH,1,2025,16.0,7,3,1,1,0,0,2,3,3,0,4,401812713
5289900,Mohamed Diawara,NY,F,2025-10-13,WSH,1,2025,6.0,5,2,0,1,0,0,0,2,2,0,0,401812713
2596107,Alex Len,NY,C,2025-10-13,WSH,1,2025,12.0,2,1,1,0,0,0,1,1,2,0,0,401812713
4395623,Trey Jemison III,NY,C,2025-10-13,WSH,1,2025,16.0,9,5,0,0,0,1,2,3,3,3,5,401812713
3913180,Garrison Mathews,NY,G,2025-10-13,WSH,1,2025,19.0,6,2,2,1,1,0,0,1,6,3,3,401812713
4411057,Kevin McCullar Jr.,NY,G,2025-10-13,WSH,1,2025,23.0,8,2,5,1,0,1,3,3,6,1,1,401812713
4433225,Tyler Kolek,NY,G,2025-10-13,WSH,1,2025,23.0,20,4,6,1,1,0,0,7,13,5,5,401812713
2579294,Frank Kaminsky,GUA,F,2025-10-13,MIN,0,2025,23.0,10,8,1,0,0,3,2,4,9,2,2,401812714
5312580,Li Xiangbo,GUA,C,2025-10-13,MIN,0,2025,18.0,1,2,1,0,0,0,0,0,3,1,2,401812714
2488945,Tim Frazier,GUA,PG,2025-10-13,MIN,0,2025,23.0,8,0,3,1,0,0,2,3,9,1,1,401812714
2527963,Victor Oladipo,GUA,SG,2025-10-13,MIN,0,2025,28.0,14,1,1,1,1,0,3,5,14,3,3,401812714
5313442,Liu Yancheng,GUA,G,2025-10-13,MIN,0,2025,22.0,5,2,0,1,0,0,2,2,4,0,0,401812714
2284101,Justin Holiday,GUA,F,2025-10-13,MIN,0,2025,18.0,2,3,3,0,1,1,1,0,4,2,2,401812714
3059358,Deonte Burton,GUA,F,2025-10-13,MIN,0,2025,17.0,8,2,0,0,4,0,1,4,8,0,0,401812714
3064320,George King,GUA,F,2025-10-13,MIN,0,2025,20.0,8,2,0,2,0,0,1,3,6,0,0,401812714
5312604,Pang Yanjun,GUA,F,2025-10-13,MIN,0,2025,20.0,7,1,0,0,2,1,3,1,4,5,6,401812714
5312605,Chen Guohao,GUA,F,2025-10-13,MIN,0,2025,19.0,6,2,1,0,1,0,0,1,5,4,4,401812714
5312607,Zhang Wenjie,GUA,F,2025-10-13,MIN,0,2025,5.0,2,0,1,0,0,0,1,0,1,2,2,401812714
5312608,Li Xiaotong,GUA,SG,2025-10-13,MIN,0,2025,3.0,1,0,0,0,0,0,0,0,0,1,2,401812714
5312603,Guan Ziyu,GUA,G,2025-10-13,MIN,0,2025,20.0,2,2,0,0,1,0,1,1,5,0,0,401812714
5312606,Zhang Huafei,GUA,G,2025-10-13,MIN,0,2025,3.0,0,0,0,0,0,0,1,0,0,0,0,401812714
5044385,Leonard Miller,MIN,F,2025-10-13,GUA,1,2025,23.0,15,11,1,1,0,1,1,6,8,2,2,401812714
5279133,Joan Beringer,MIN,F,2025-10-13,GUA,1,2025,22.0,10,10,1,0,0,2,2,5,8,0,0,401812714
4432847,Terrence Shannon Jr.,MIN,G,2025-10-13,GUA,1,2025,25.0,15,2,4,4,0,0,3,5,8,1,1,401812714
4592492,Bones Hyland,MIN,G,2025-10-13,GUA,1,2025,16.0,0,6,7,0,0,1,2,0,5,0,0,401812714
4684275,Rob Dillingham,MIN,G,2025-10-13,GUA,1,2025,28.0,27,2,9,4,2,0,1,10,14,3,4,401812714
4067045,Alize Johnson,MIN,F,2025-10-13,GUA,1,2025,11.0,6,1,1,0,0,0,1,3,3,0,0,401812714
4592699,Enrique Freeman,MIN,F,2025-10-13,GUA,1,2025,20.0,8,6,1,2,0,0,0,2,4,2,3,401812714
5157587,Rocco Zikarsky,MIN,C,2025-10-13,GUA,1,2025,26.0,16,3,2,0,1,1,1,6,7,4,6,401812714
4397127,Jules Bernard,MIN,G,2025-10-13,GUA,1,2025,14.0,11,2,2,2,1,0,1,3,6,3,4,401812714
4432817,Johnny Juzang,MIN,G,2025-10-13,GUA,1,2025,20.0,17,5,2,3,2,0,2,6,11,2,2,401812714
4592965,Tristen Newton,MIN,G,2025-10-13,GUA,1,2025,19.0,9,3,1,1,1,0,1,4,7,0,0,401812714
4592979,Zyon Pullin,MIN,G,2025-10-13,GUA,1,2025,15.0,0,1,3,0,2,0,1,0,2,0,0,401812714
6583,Anthony Davis,DAL,F,2025-10-13,UTAH,0,2025,25.0,25,6,2,2,2,2,1,8,14,7,7,401812715
4278078,P.J. Washington,DAL,F,2025-10-13,UTAH,0,2025,23.0,6,6,3,0,1,1,3,2,6,2,2,401812715
5041939,Cooper Flagg,DAL,F,2025-10-13,UTAH,0,2025,21.0,11,7,1,1,2,2,0,3,13,4,4,401812715
4683688,Dereck Lively II,DAL,C,2025-10-13,UTAH,0,2025,7.0,2,6,0,0,0,1,0,1,1,0,0,401812715
6475,Klay Thompson,DAL,G,2025-10-13,UTAH,0,2025,13.0,5,2,1,0,0,0,1,1,5,3,5,401812715
2531367,Dwight Powell,DAL,F,2025-10-13,UTAH,0,2025,19.0,2,5,4,0,0,1,1,1,2,0,0,401812715
4278594,Naji Marshall,DAL,F,2025-10-13,UTAH,0,2025,21.0,17,2,1,1,0,1,1,4,7,8,10,401812715
4432813,Jeremiah Robinson-Earl,DAL,F,2025-10-13,UTAH,0,2025,14.0,8,6,0,2,1,0,0,3,6,0,0,401812715
4701208,Moussa Cisse,DAL,C,2025-10-13,UTAH,0,2025,11.0,0,4,1,0,0,2,2,0,1,0,0,401812715
4065697,Dennis Smith Jr.,DAL,PG,2025-10-13,UTAH,0,2025,9.0,0,2,2,0,0,0,0,0,0,0,2,401812715
4432582,Max Christie,DAL,G,2025-10-13,UTAH,0,2025,20.0,5,1,2,1,0,0,1,2,6,0,0,401812715
4433629,Ryan Nembhard,DAL,G,2025-10-13,UTAH,0,2025,26.0,6,5,12,1,1,0,1,2,6,1,2,401812715
4696317,Miles Kelly,DAL,G,2025-10-13,UTAH,0,2025,12.0,14,1,0,4,1,0,1,5,12,0,0,401812715
4868423,Jaden Hardy,DAL,G,2025-10-13,UTAH,0,2025,18.0,13,6,3,3,0,0,3,5,15,0,0,401812715
4066336,Lauri Markkanen,UTAH,F,2025-10-13,DAL,1,2025,18.0,10,4,3,0,1,0,0,4,9,2,3,401812715
4684806,Taylor Hendricks,UTAH,F,2025-10-13,DAL,1,2025,28.0,14,5,3,1,1,0,2,6,12,1,2,401812715
3102530,Jusuf Nurkic,UTAH,C,2025-10-13,DAL,1,2025,24.0,13,15,2,3,1,1,2,4,7,2,4,401812715
4433627,Keyonte George,UTAH,G,2025-10-13,DAL,1,2025,23.0,9,0,2,0,0,0,4,3,8,3,3,401812715
4873138,Ace Bailey,UTAH,G,2025-10-13,DAL,1,2025,11.0,3,1,0,1,1,0,0,1,5,0,0,401812715
3449,Kevin Love,UTAH,F,2025-10-13,DAL,1,2025,17.0,3,3,1,1,0,0,0,1,4,0,0,401812715
4684793,Kyle Filipowski,UTAH,F,2025-10-13,DAL,1,2025,14.0,2,3,1,0,0,0,1,1,6,0,2,401812715
4895758,Cody Williams,UTAH,F,2025-10-13,DAL,1,2025,26.0,13,3,1,1,1,2,0,5,14,2,2,401812715
5105839,Brice Sensabaugh,UTAH,F,2025-10-13,DAL,1,2025,19.0,16,3,1,3,0,0,0,6,10,1,2,401812715
4432827,Oscar Tshiebwe,UTAH,C,2025-10-13,DAL,1,2025,7.0,2,4,0,0,0,0,0,0,0,2,2,401812715
3133602,Svi Mykhailiuk,UTAH,G,2025-10-13,DAL,1,2025,13.0,2,2,0,0,1,0,1,1,2,0,0,401812715
4397449,Elijah Harkless,UTAH,G,2025-10-13,DAL,1,2025,9.0,6,0,1,0,1,0,0,2,3,2,2,401812715
4896372,Walter Clayton Jr.,UTAH,G,2025-10-13,DAL,1,2025,29.0,8,5,7,1,3,0,3,1,7,5,5,401812715
6440,Tobias Harris,DET,F,2025-10-14,CLE,0,2025,22.0,19,5,1,2,0,1,2,5,11,7,9,401812716
3157465,Duncan Robinson,DET,F,2025-10-14,CLE,0,2025,21.0,3,5,2,1,1,0,0,1,3,0,0,401812716
4433621,Jalen Duren,DET,C,2025-10-14,CLE,0,2025,13.0,8,5,2,0,1,0,1,3,6,2,2,401812716
4684742,Ausar Thompson,DET,G,2025-10-14,CLE,0,2025,24.0,9,5,4,0,1,1,2,4,7,1,5,401812716
5107199,Daniss Jenkins,DET,G,2025-10-14,CLE,0,2025,35.0,19,2,6,3,1,0,5,5,6,6,7,401812716
4278562,Paul Reed,DET,F,2025-10-14,CLE,0,2025,11.0,3,3,1,0,0,0,1,1,4,1,3,401812716
4397882,Tolu Smith,DET,F,2025-10-14,CLE,0,2025,13.0,6,4,0,0,1,0,0,3,4,0,2,401812716
4592843,Brice Williams,DET,F,2025-10-14,CLE,0,2025,7.0,0,1,0,0,0,0,0,0,1,0,0,401812716
4683771,Ronald Holland II,DET,F,2025-10-14,CLE,0,2025,21.0,11,4,2,1,1,1,4,3,10,4,5,401812716
4906923,Bobi Klintman,DET,F,2025-10-14,CLE,0,2025,14.0,4,1,2,0,0,0,3,2,4,0,0,401812716
4432810,Isaiah Stewart,DET,C,2025-10-14,CLE,0,2025,11.0,6,0,0,0,2,2,2,2,5,2,3,401812716
4565203,Charles Bediako,DET,C,2025-10-14,CLE,0,2025,3.0,0,0,0,0,0,0,1,0,0,0,0,401812716
2596112,Javonte Green,DET,G,2025-10-14,CLE,0,2025,19.0,6,4,1,0,1,1,1,3,7,0,0,401812716
4433378,Colby Jones,DET,G,2025-10-14,CLE,0,2025,8.0,4,1,1,1,2,0,2,1,1,1,2,401812716
4700852,Chaz Lanier,DET,G,2025-10-14,CLE,0,2025,18.0,2,0,1,0,1,0,0,1,4,0,0,401812716
4065732,De'Andre Hunter,CLE,F,2025-10-14,DET,1,2025,14.0,14,1,2,2,1,0,1,3,6,6,7,401812716
4066328,Jarrett Allen,CLE,C,2025-10-14,DET,1,2025,28.0,15,6,2,0,1,2,1,5,12,5,6,401812716
4432158,Evan Mobley,CLE,C,2025-10-14,DET,1,2025,33.0,8,6,5,0,2,3,1,3,13,2,2,401812716
3908809,Donovan Mitchell,CLE,G,2025-10-14,DET,1,2025,29.0,17,2,3,3,3,0,5,6,11,2,3,401812716
4066757,Sam Merrill,CLE,G,2025-10-14,DET,1,2025,20.0,10,1,1,2,1,0,1,4,7,0,0,401812716
2580365,Larry Nance Jr.,CLE,F,2025-10-14,DET,1,2025,15.0,5,4,3,1,1,1,1,2,3,0,0,401812716
3912848,Dean Wade,CLE,F,2025-10-14,DET,1,2025,22.0,15,9,1,2,0,1,1,5,10,3,4,401812716
4997539,Luke Travers,CLE,F,2025-10-14,DET,1,2025,3.0,3,0,0,1,0,0,1,1,1,0,0,401812716
5106268,Nae'Qwan Tomlin,CLE,F,2025-10-14,DET,1,2025,3.0,3,1,0,1,1,0,0,1,1,0,0,401812716
3934723,Thomas Bryant,CLE,C,2025-10-14,DET,1,2025,3.0,0,0,0,0,0,0,1,0,1,0,0,401812716
4066421,Lonzo Ball,CLE,G,2025-10-14,DET,1,2025,20.0,9,4,9,2,0,3,2,3,5,1,4,401812716
4683747,Jaylon Tyson,CLE,G,2025-10-14,DET,1,2025,23.0,10,4,2,2,1,1,0,4,7,0,0,401812716
4701233,Craig Porter Jr.,CLE,G,2025-10-14,DET,1,2025,15.0,2,2,2,0,2,0,2,1,3,0,0,401812716
5023693,Tyrese Proctor,CLE,G,2025-10-14,DET,1,2025,13.0,7,2,3,1,0,0,0,2,5,2,2,401812716
3202,Kevin Durant,HOU,F,2025-10-14,NO,0,2025,28.0,15,4,2,0,0,1,1,6,13,3,4,401812717
4432639,Jabari Smith Jr.,HOU,F,2025-10-14,NO,0,2025,22.0,26,5,1,4,1,1,1,7,16,8,8,401812717
2991235,Steven Adams,HOU,C,2025-10-14,NO,0,2025,24.0,2,9,1,0,1,1,0,1,4,0,0,401812717
4871144,Alperen Sengun,HOU,C,2025-10-14,NO,0,2025,27.0,8,12,7,0,2,1,6,3,8,2,2,401812717
4684740,Amen Thompson,HOU,G,2025-10-14,NO,0,2025,24.0,21,5,3,2,0,0,3,5,8,9,9,401812717
3209,Jeff Green,HOU,F,2025-10-14,NO,0,2025,7.0,0,2,0,0,0,0,0,0,3,0,0,401812717
4433192,Tari Eason,HOU,F,2025-10-14,NO,0,2025,21.0,20,1,0,0,2,1,1,9,15,2,3,401812717
3102529,Clint Capela,HOU,C,2025-10-14,NO,0,2025,21.0,6,6,1,0,0,1,0,3,3,0,0,401812717
3922230,Aaron Holiday,HOU,G,2025-10-14,NO,0,2025,14.0,7,0,4,1,0,0,0,3,7,0,0,401812717
4065663,Josh Okogie,HOU,G,2025-10-14,NO,0,2025,20.0,9,3,3,1,1,0,0,4,8,0,0,401812717
4576085,JD Davison,HOU,G,2025-10-14,NO,0,2025,12.0,3,0,2,0,1,0,1,1,4,1,2,401812717
4711272,Reed Sheppard,HOU,G,2025-10-14,NO,0,2025,19.0,13,3,2,3,1,1,4,4,8,2,2,401812717
4277813,Herbert Jones,NO,F,2025-10-14,HOU,1,2025,24.0,10,2,1,1,1,0,0,4,13,1,1,401812717
4395628,Zion Williamson,NO,F,2025-10-14,HOU,1,2025,23.0,13,3,4,0,4,0,1,6,11,1,3,401812717
4397688,Trey Murphy III,NO,F,2025-10-14,HOU,1,2025,24.0,11,4,1,1,2,0,1,5,10,0,0,401812717
5061589,Yves Missi,NO,C,2025-10-14,HOU,1,2025,22.0,10,10,0,0,0,2,3,5,8,0,0,401812717
4277956,Jordan Poole,NO,G,2025-10-14,HOU,1,2025,21.0,10,2,3,2,0,1,1,3,10,2,2,401812717
4997538,Karlo Matkovic,NO,F,2025-10-14,HOU,1,2025,9.0,3,2,1,1,0,0,0,1,2,0,0,401812717
4432180,Hunter Dickinson,NO,C,2025-10-14,HOU,1,2025,16.0,4,4,1,0,0,0,1,2,3,0,0,401812717
4277869,Jose Alvarado,NO,G,2025-10-14,HOU,1,2025,15.0,8,3,2,0,1,0,2,2,7,4,4,401812717
4397136,Saddiq Bey,NO,G,2025-10-14,HOU,1,2025,25.0,16,5,3,1,0,1,0,4,10,7,7,401812717
4432185,Micah Peavy,NO,G,2025-10-14,HOU,1,2025,12.0,4,2,1,0,0,0,1,2,3,0,0,401812717
4576086,Bryce McGowens,NO,G,2025-10-14,HOU,1,2025,7.0,6,1,0,0,0,0,1,2,2,2,2,401812717
4683750,Jordan Hawkins,NO,G,2025-10-14,HOU,1,2025,19.0,13,2,0,1,1,0,2,3,7,6,6,401812717
5144091,Jeremiah Fears,NO,G,2025-10-14,HOU,1,2025,22.0,20,6,4,2,2,0,3,8,15,2,2,401812717
4222252,Isaiah Hartenstein,OKC,C,2025-10-14,MIL,0,2025,22.0,13,8,1,1,0,2,2,6,10,0,0,401812718
2991350,Alex Caruso,OKC,G,2025-10-14,MIL,0,2025,17.0,9,0,2,1,0,0,0,4,6,0,0,401812718
4278073,Shai Gilgeous-Alexander,OKC,G,2025-10-14,MIL,0,2025,19.0,23,2,6,1,3,1,2,8,10,6,8,401812718
4397020,Luguentz Dort,OKC,G,2025-10-14,MIL,0,2025,18.0,8,4,2,2,2,0,1,3,4,0,0,401812718
4683692,Cason Wallace,OKC,G,2025-10-14,MIL,0,2025,27.0,9,2,8,1,5,0,4,3,9,2,2,401812718
4684208,Brooks Barnhizer,OKC,F,2025-10-14,MIL,0,2025,28.0,10,12,2,1,2,0,2,4,8,1,2,401812718
4897449,Malevy Leons,OKC,F,2025-10-14,MIL,0,2025,12.0,6,2,0,2,1,0,0,2,2,0,0,401812718
4997526,Ousmane Dieng,OKC,F,2025-10-14,MIL,0,2025,21.0,8,2,1,2,1,1,2,2,7,2,2,401812718
4592435,Branden Carlson,OKC,C,2025-10-14,MIL,0,2025,24.0,17,9,0,3,0,0,2,4,8,6,8,401812718
4397183,Aaron Wiggins,OKC,G,2025-10-14,MIL,0,2025,27.0,8,4,7,1,2,0,1,3,12,1,2,401812718
4706557,Chris Youngblood,OKC,G,2025-10-14,MIL,0,2025,25.0,5,0,0,1,0,0,2,1,7,2,2,401812718
3032977,Giannis Antetokounmpo,MIL,F,2025-10-14,OKC,1,2025,25.0,16,7,4,0,2,1,2,5,8,6,10,401812718
3064482,Bobby Portis,MIL,F,2025-10-14,OKC,1,2025,20.0,9,8,1,1,1,1,3,3,7,2,2,401812718
4277843,Gary Trent Jr.,MIL,G,2025-10-14,OKC,1,2025,22.0,11,1,0,2,0,0,1,3,7,3,3,401812718
4397140,Kevin Porter Jr.,MIL,G,2025-10-14,OKC,1,2025,24.0,15,0,4,4,0,0,4,5,8,1,1,401812718
4397475,AJ Green,MIL,G,2025-10-14,OKC,1,2025,20.0,3,5,2,1,0,0,1,1,5,0,0,401812718
2990962,Taurean Prince,MIL,F,2025-10-14,OKC,1,2025,13.0,3,3,0,1,1,0,0,1,3,0,0,401812718
3102533,Thanasis Antetokounmpo,MIL,F,2025-10-14,OKC,1,2025,7.0,4,0,0,0,0,0,1,2,2,0,0,401812718
3134907,Kyle Kuzma,MIL,F,2025-10-14,OKC,1,2025,20.0,5,7,4,1,0,0,1,2,10,0,2,401812718
4397233,Pete Nance,MIL,F,2025-10-14,OKC,1,2025,7.0,3,2,1,1,1,0,1,1,4,0,0,401812718
4277922,Jericho Sims,MIL,C,2025-10-14,OKC,1,2025,17.0,2,3,2,0,0,0,1,1,1,0,0,401812718
4066387,Amir Coffey,MIL,G,2025-10-14,OKC,1,2025,11.0,4,0,1,0,0,0,0,2,2,0,0,401812718
4432190,Andre Jackson Jr.,MIL,G,2025-10-14,OKC,1,2025,10.0,0,0,0,0,2,0,1,0,4,0,0,401812718
4432809,Cole Anthony,MIL,G,2025-10-14,OKC,1,2025,19.0,21,2,2,5,2,0,3,7,11,2,2,401812718
4591725,Ryan Rollins,MIL,G,2025-10-14,OKC,1,2025,17.0,13,0,2,2,1,1,2,5,6,1,2,401812718
4703530,Mark Sears,MIL,G,2025-10-14,OKC,1,2025,8.0,3,1,1,0,1,0,0,1,3,1,1,401812718
4432822,Isaac Okoro,CHI,F,2025-10-14,DEN,0,2025,10.0,0,1,1,0,0,0,0,0,2,0,2,401812719
4711294,Matas Buzelis,CHI,F,2025-10-14,DEN,0,2025,30.0,20,3,1,3,0,5,4,7,12,3,3,401812719
6478,Nikola Vucevic,CHI,C,2025-10-14,DEN,0,2025,24.0,5,10,4,1,0,1,5,2,7,0,0,401812719
4397002,Ayo Dosunmu,CHI,G,2025-10-14,DEN,0,2025,28.0,11,3,3,0,0,0,1,5,7,1,1,401812719
4871145,Josh Giddey,CHI,G,2025-10-14,DEN,0,2025,29.0,25,9,6,3,0,1,4,7,14,8,8,401812719
4066650,Zach Collins,CHI,F,2025-10-14,DEN,0,2025,17.0,11,5,0,0,2,1,1,4,6,3,4,401812719
4397189,Jalen Smith,CHI,F,2025-10-14,DEN,0,2025,9.0,0,1,1,0,0,1,1,0,1,0,0,401812719
4431687,Patrick Williams,CHI,F,2025-10-14,DEN,0,2025,25.0,9,1,5,2,0,0,1,3,8,1,1,401812719
4432872,Emanuel Miller,CHI,F,2025-10-14,DEN,0,2025,4.0,0,0,0,0,0,0,0,0,1,0,0,401812719
5242496,Noa Essengue,CHI,F,2025-10-14,DEN,0,2025,17.0,2,1,1,0,0,0,0,1,4,0,0,401812719
3133635,Jevon Carter,CHI,G,2025-10-14,DEN,0,2025,22.0,17,4,3,3,0,0,0,7,11,0,0,401812719
4433159,Dalen Terry,CHI,G,2025-10-14,DEN,0,2025,21.0,11,5,6,1,1,0,1,3,6,4,5,401812719
3064290,Aaron Gordon,DEN,F,2025-10-14,CHI,1,2025,22.0,17,4,1,2,1,0,1,6,11,3,3,401812719
3138196,Cameron Johnson,DEN,F,2025-10-14,CHI,1,2025,22.0,11,3,1,2,2,0,1,2,7,5,5,401812719
3112335,Nikola Jokic,DEN,C,2025-10-14,CHI,1,2025,24.0,18,8,8,0,1,0,0,7,10,4,4,401812719
3936299,Jamal Murray,DEN,G,2025-10-14,CHI,1,2025,27.0,30,2,2,2,0,0,0,9,18,10,10,401812719
4431767,Christian Braun,DEN,G,2025-10-14,CHI,1,2025,28.0,6,7,5,0,2,0,1,3,7,0,0,401812719
4395620,Hunter Tyson,DEN,F,2025-10-14,CHI,1,2025,4.0,0,0,1,0,0,0,0,0,2,0,0,401812719
4431690,Zeke Nnaji,DEN,F,2025-10-14,CHI,1,2025,4.0,1,0,0,0,0,0,0,0,0,1,2,401812719
4433607,DaRon Holmes II,DEN,F,2025-10-14,CHI,1,2025,3.0,0,1,0,0,0,0,0,0,0,0,0,401812719
4592427,Spencer Jones,DEN,F,2025-10-14,CHI,1,2025,9.0,0,1,1,0,0,0,0,0,1,0,0,401812719
6477,Jonas Valanciunas,DEN,C,2025-10-14,CHI,1,2025,18.0,7,4,2,0,0,1,1,2,5,3,4,401812719
2528210,Tim Hardaway Jr.,DEN,G,2025-10-14,CHI,1,2025,21.0,10,1,1,1,0,1,1,2,8,5,6,401812719
4065670,Bruce Brown,DEN,G,2025-10-14,CHI,1,2025,21.0,5,2,2,1,0,1,0,2,5,0,0,401812719
4398390,Jalen Pickett,DEN,G,2025-10-14,CHI,1,2025,4.0,0,0,0,0,0,0,0,0,1,0,0,401812719
4432181,Julian Strawther,DEN,G,2025-10-14,CHI,1,2025,9.0,4,2,1,0,0,1,1,2,4,0,0,401812719
4576087,Peyton Watson,DEN,G,2025-10-14,CHI,1,2025,22.0,12,2,1,0,1,0,3,3,7,6,7,401812719
4898369,Curtis Jones,DEN,G,2025-10-14,CHI,1,2025,3.0,3,0,0,1,0,0,0,1,4,0,0,401812719
4433247,Jonathan Kuminga,GS,F,2025-10-14,POR,0,2025,18.0,7,6,4,0,0,0,2,3,5,1,1,401812720
3213,Al Horford,GS,C,2025-10-14,POR,0,2025,21.0,8,4,1,2,1,2,1,3,7,0,0,401812720
3975,Stephen Curry,GS,G,2025-10-14,POR,0,2025,27.0,28,6,5,4,0,0,5,6,15,12,13,401812720
4709138,Brandin Podziemski,GS,G,2025-10-14,POR,0,2025,25.0,4,2,4,1,1,0,2,1,9,1,2,401812720
4897262,Will Richard,GS,G,2025-10-14,POR,0,2025,29.0,13,6,2,3,1,0,5,4,7,2,4,401812720
4066889,Jackson Rowe,GS,F,2025-10-14,POR,0,2025,14.0,8,2,0,1,1,0,0,3,3,1,2,401812720
4431684,Trayce Jackson-Davis,GS,F,2025-10-14,POR,0,2025,17.0,7,10,3,0,0,0,1,2,5,3,3,401812720
4593016,Quinten Post,GS,C,2025-10-14,POR,0,2025,20.0,16,5,1,3,1,1,3,5,11,3,3,401812720
2990984,Buddy Hield,GS,G,2025-10-14,POR,0,2025,22.0,8,6,2,2,0,0,4,2,5,2,3,401812720
3134903,Gary Payton II,GS,G,2025-10-14,POR,0,2025,17.0,11,3,0,1,0,0,1,5,8,0,0,401812720
4433149,LJ Cryer,GS,G,2025-10-14,POR,0,2025,9.0,0,2,2,0,0,0,0,0,2,0,0,401812720
4592714,Pat Spencer,GS,G,2025-10-14,POR,0,2025,21.0,8,3,2,1,2,0,1,3,10,1,2,401812720
2991070,Jerami Grant,POR,F,2025-10-14,GS,1,2025,24.0,14,6,1,1,0,0,2,3,11,7,7,401812720
4683021,Deni Avdija,POR,F,2025-10-14,GS,1,2025,27.0,15,7,3,2,1,0,5,5,11,3,4,401812720
5105565,Donovan Clingan,POR,C,2025-10-14,GS,1,2025,20.0,15,11,1,1,2,0,0,6,11,2,6,401812720
3995,Jrue Holiday,POR,G,2025-10-14,GS,1,2025,27.0,13,4,6,0,0,0,2,6,12,1,1,401812720
4914336,Shaedon Sharpe,POR,G,2025-10-14,GS,1,2025,27.0,18,4,2,1,3,0,2,7,16,3,5,401812720
4594326,Kris Murray,POR,F,2025-10-14,GS,1,2025,24.0,4,7,1,0,3,0,1,2,4,0,0,401812720
5217746,Yang Hansen,POR,C,2025-10-14,GS,1,2025,20.0,9,6,1,1,0,1,1,4,11,0,0,401812720
4433144,Caleb Love,POR,G,2025-10-14,GS,1,2025,21.0,17,2,1,3,1,0,2,6,16,2,2,401812720
4597259,Javonte Cooke,POR,G,2025-10-14,GS,1,2025,4.0,1,1,0,0,0,0,0,0,1,1,2,401812720
4683935,Blake Wesley,POR,G,2025-10-14,GS,1,2025,20.0,0,1,5,0,1,0,2,0,5,0,0,401812720
5081727,Sidy Cissoko,POR,G,2025-10-14,GS,1,2025,22.0,5,2,0,0,1,0,2,1,5,3,4,401812720
5099752,Rayan Rupert,POR,G,2025-10-14,GS,1,2025,6.0,0,1,0,0,1,0,0,0,1,0,0,401812720
4592691,Jake LaRavia,LAL,F,2025-10-14,PHX,0,2025,34.0,8,8,3,1,0,1,1,2,7,3,4,401812721
4278129,Deandre Ayton,LAL,C,2025-10-14,PHX,0,2025,26.0,10,13,1,0,2,3,2,4,9,2,2,401812721
2990992,Marcus Smart,LAL,G,2025-10-14,PHX,0,2025,20.0,0,0,1,0,0,0,0,0,0,0,0,401812721
3945274,Luka Doncic,LAL,G,2025-10-14,PHX,0,2025,22.0,25,7,4,4,0,0,5,7,15,7,9,401812721
4066457,Austin Reaves,LAL,G,2025-10-14,PHX,0,2025,31.0,25,4,2,2,1,1,4,8,16,7,8,401812721
4431705,Anton Watson,LAL,F,2025-10-14,PHX,0,2025,6.0,0,1,0,0,0,0,0,0,0,0,0,401812721
4897943,Dalton Knecht,LAL,F,2025-10-14,PHX,0,2025,19.0,5,1,1,1,0,1,1,2,4,0,1,401812721
4431778,Christian Koloko,LAL,C,2025-10-14,PHX,0,2025,22.0,6,8,2,0,1,1,2,3,5,0,0,401812721
4397821,Nate Williams,LAL,G,2025-10-14,PHX,0,2025,10.0,7,1,1,1,1,0,1,3,6,0,0,401812721
4433176,RJ Davis,LAL,G,2025-10-14,PHX,0,2025,10.0,3,1,0,0,1,0,1,1,4,1,2,401812721
4683686,Nick Smith Jr.,LAL,G,2025-10-14,PHX,0,2025,15.0,8,1,1,2,0,0,1,3,7,0,0,401812721
4683774,Bronny James,LAL,G,2025-10-14,PHX,0,2025,22.0,7,4,2,0,1,1,0,3,8,1,2,401812721
3059409,Nigel Hayes-Davis,PHX,F,2025-10-14,LAL,1,2025,27.0,10,6,1,2,0,0,1,4,12,0,0,401812721
5105977,Rasheer Fleming,PHX,F,2025-10-14,LAL,1,2025,31.0,9,5,0,3,1,1,1,3,9,0,0,401812721
5203685,Khaman Maluach,PHX,C,2025-10-14,LAL,1,2025,31.0,17,8,2,1,3,2,1,8,10,0,0,401812721
4278402,Jordan Goodwin,PHX,G,2025-10-14,LAL,1,2025,37.0,24,4,6,3,1,0,4,10,20,1,1,401812721
4395695,Jared Butler,PHX,G,2025-10-14,LAL,1,2025,34.0,35,7,9,5,1,0,0,14,25,2,6,401812721
4277957,Isaiah Livers,PHX,F,2025-10-14,LAL,1,2025,25.0,7,5,2,1,1,0,1,3,8,0,0,401812721
4702602,CJ Huntley,PHX,F,2025-10-14,LAL,1,2025,13.0,2,1,0,0,4,0,0,1,2,0,1,401812721
4397107,David Duke Jr.,PHX,G,2025-10-14,LAL,1,2025,17.0,5,1,2,1,0,0,1,2,4,0,0,401812721
4591259,Koby Brea,PHX,G,2025-10-14,LAL,1,2025,25.0,4,1,5,0,1,0,1,2,12,0,0,401812721
4277961,Jaren Jackson Jr.,MEM,F,2025-10-15,CHA,0,2025,22.0,17,2,1,3,0,1,1,7,20,0,0,401812722
5112087,Jaylen Wells,MEM,F,2025-10-15,CHA,0,2025,25.0,12,1,2,2,0,0,2,5,9,0,1,401812722
3146557,Jock Landale,MEM,C,2025-10-15,CHA,0,2025,22.0,12,3,0,4,0,1,1,4,6,0,0,401812722
2581018,Kentavious Caldwell-Pope,MEM,G,2025-10-15,CHA,0,2025,26.0,15,2,3,2,2,0,1,5,10,3,3,401812722
4781746,Javon Small,MEM,G,2025-10-15,CHA,0,2025,28.0,18,4,8,5,0,1,4,6,9,1,2,401812722
4593125,Santi Aldama,MEM,F,2025-10-15,CHA,0,2025,23.0,5,6,2,1,0,0,3,2,7,0,0,401812722
4903027,Cedric Coward,MEM,F,2025-10-15,CHA,0,2025,23.0,12,3,4,2,1,0,1,5,13,0,0,401812722
5105550,GG Jackson,MEM,F,2025-10-15,CHA,0,2025,12.0,3,0,0,1,0,0,2,1,4,0,0,401812722
4596528,Lawson Lovering,MEM,C,2025-10-15,CHA,0,2025,4.0,0,1,0,0,1,0,0,0,0,0,0,401812722
4701225,PJ Hall,MEM,C,2025-10-15,CHA,0,2025,15.0,2,3,0,0,1,1,0,0,3,2,2,401812722
3134932,John Konchar,MEM,G,2025-10-15,CHA,0,2025,15.0,0,6,1,0,0,0,0,0,2,0,0,401812722
4397227,Vince Williams Jr.,MEM,G,2025-10-15,CHA,0,2025,15.0,11,2,5,3,1,0,0,3,8,2,2,401812722
4433083,Cam Spencer,MEM,G,2025-10-15,CHA,0,2025,11.0,9,0,6,3,0,0,0,3,5,0,0,401812722
4066383,Miles Bridges,CHA,F,2025-10-15,MEM,1,2025,30.0,29,10,5,5,0,0,0,11,16,2,2,401812722
4433287,Brandon Miller,CHA,F,2025-10-15,MEM,1,2025,30.0,21,2,6,3,3,1,1,7,16,4,5,401812722
4576060,Ryan Kalkbrenner,CHA,C,2025-10-15,MEM,1,2025,18.0,7,7,1,0,0,1,2,3,5,1,2,401812722
4432816,LaMelo Ball,CHA,G,2025-10-15,MEM,1,2025,28.0,23,5,8,4,1,0,5,7,16,5,5,401812722
5061575,Kon Knueppel,CHA,G,2025-10-15,MEM,1,2025,25.0,9,1,4,3,0,0,1,3,7,0,0,401812722
4433249,Moussa Diabate,CHA,F,2025-10-15,MEM,1,2025,25.0,18,13,0,0,0,1,1,6,7,6,8,401812722
5211176,Tidjane Salaun,CHA,F,2025-10-15,MEM,1,2025,9.0,3,1,1,1,0,0,2,1,3,0,0,401812722
2488653,Mason Plumlee,CHA,C,2025-10-15,MEM,1,2025,5.0,0,4,1,0,0,0,0,0,2,0,2,401812722
2578239,Pat Connaughton,CHA,G,2025-10-15,MEM,1,2025,9.0,0,2,0,0,1,0,0,0,5,0,0,401812722
4277811,Collin Sexton,CHA,G,2025-10-15,MEM,1,2025,18.0,13,3,6,2,2,0,1,5,7,1,1,401812722
4602025,Sion James,CHA,G,2025-10-15,MEM,1,2025,15.0,8,3,2,1,1,0,0,3,6,1,2,401812722
4683834,KJ Simpson,CHA,G,2025-10-15,MEM,1,2025,6.0,7,0,0,1,0,0,0,2,2,2,2,401812722
5239590,Liam McNeeley,CHA,G,2025-10-15,MEM,1,2025,21.0,7,5,1,0,1,0,1,3,8,1,1,401812722
3913176,Brandon Ingram,TOR,F,2025-10-15,BOS,0,2025,32.0,20,10,1,2,0,1,2,8,22,2,2,401812723
4395625,RJ Barrett,TOR,F,2025-10-15,BOS,0,2025,28.0,17,6,4,1,0,1,1,7,12,2,2,401812723
4433134,Scottie Barnes,TOR,F,2025-10-15,BOS,0,2025,26.0,7,10,4,0,0,2,3,3,13,1,2,401812723
3134908,Jakob Poeltl,TOR,C,2025-10-15,BOS,0,2025,20.0,8,7,2,0,0,3,1,4,7,0,0,401812723
4395724,Immanuel Quickley,TOR,G,2025-10-15,BOS,0,2025,30.0,14,4,6,1,1,0,1,3,14,7,8,401812723
4278580,Sandro Mamukelashvili,TOR,F,2025-10-15,BOS,0,2025,22.0,5,7,3,1,0,0,2,2,6,0,0,401812723
4431893,Jamison Battle,TOR,F,2025-10-15,BOS,0,2025,6.0,6,1,0,2,1,0,0,2,5,0,0,401812723
5107897,Jonathan Mogbo,TOR,F,2025-10-15,BOS,0,2025,8.0,6,1,0,0,0,0,2,3,4,0,0,401812723
4397018,Ochai Agbaji,TOR,G,2025-10-15,BOS,0,2025,22.0,10,6,1,2,1,0,0,4,7,0,0,401812723
4432241,Jamal Shead,TOR,G,2025-10-15,BOS,0,2025,18.0,3,1,7,1,2,0,3,1,3,0,0,401812723
4590360,Chucky Hepburn,TOR,G,2025-10-15,BOS,0,2025,6.0,3,0,2,1,1,0,0,1,1,0,0,401812723
4684272,Ja'Kobe Walter,TOR,G,2025-10-15,BOS,0,2025,21.0,9,2,1,1,2,0,1,2,5,4,4,401812723
3948153,Chris Boucher,BOS,F,2025-10-15,TOR,1,2025,19.0,5,9,0,1,1,1,2,2,8,0,2,401812723
4397424,Neemias Queta,BOS,C,2025-10-15,TOR,1,2025,21.0,8,12,2,0,1,4,1,4,7,0,0,401812723
3078576,Derrick White,BOS,G,2025-10-15,TOR,1,2025,35.0,33,9,6,6,0,4,1,10,23,7,9,401812723
3917376,Jaylen Brown,BOS,G,2025-10-15,TOR,1,2025,7.0,7,2,0,1,1,0,0,2,4,2,2,401812723
4066354,Payton Pritchard,BOS,G,2025-10-15,TOR,1,2025,32.0,10,3,10,0,2,0,0,1,11,8,8,401812723
4277964,Xavier Tillman,BOS,F,2025-10-15,TOR,1,2025,16.0,7,7,1,1,0,0,1,3,5,0,0,401812723
4687718,Josh Minott,BOS,F,2025-10-15,TOR,1,2025,25.0,9,4,0,1,0,2,1,3,6,2,2,401812723
4277951,Luka Garza,BOS,C,2025-10-15,TOR,1,2025,14.0,7,2,0,1,0,0,3,3,4,0,0,401812723
4351851,Anfernee Simons,BOS,G,2025-10-15,TOR,1,2025,32.0,14,4,2,2,2,0,6,4,13,4,4,401812723
4593841,Baylor Scheierman,BOS,G,2025-10-15,TOR,1,2025,15.0,0,3,1,0,2,0,1,0,3,0,0,401812723
4683689,Jordan Walsh,BOS,G,2025-10-15,TOR,1,2025,11.0,2,1,1,0,1,0,1,1,3,0,0,401812723
5175647,Hugo Gonzalez,BOS,G,2025-10-15,TOR,1,2025,14.0,8,1,1,2,0,1,1,3,6,0,0,401812723
6450,Kawhi Leonard,LAC,F,2025-10-15,SAC,0,2025,27.0,15,2,2,0,0,1,1,5,13,5,5,401812725
3936099,Derrick Jones Jr.,LAC,F,2025-10-15,SAC,0,2025,23.0,12,1,0,1,1,0,2,5,10,1,3,401812725
4017837,Ivica Zubac,LAC,C,2025-10-15,SAC,0,2025,23.0,4,8,4,0,0,0,0,2,6,0,0,401812725
3992,James Harden,LAC,G,2025-10-15,SAC,0,2025,23.0,8,3,3,0,1,0,3,4,10,0,2,401812725
4396818,Jordan Miller,LAC,G,2025-10-15,SAC,0,2025,16.0,7,5,0,1,0,0,0,2,4,2,2,401812725
3416,Nicolas Batum,LAC,F,2025-10-15,SAC,0,2025,16.0,3,3,1,1,0,0,0,1,3,0,0,401812725
3908845,John Collins,LAC,F,2025-10-15,SAC,0,2025,18.0,24,6,0,2,0,0,0,7,8,8,10,401812725
4702785,Jahmyl Telfort,LAC,F,2025-10-15,SAC,0,2025,7.0,0,0,0,0,0,0,1,0,1,0,0,401812725
3448,Brook Lopez,LAC,C,2025-10-15,SAC,0,2025,18.0,16,4,0,4,1,1,0,6,8,0,0,401812725
5108024,Yanic Konan Niederhauser,LAC,C,2025-10-15,SAC,0,2025,7.0,2,1,1,0,0,2,3,0,1,2,4,401812725
2779,Chris Paul,LAC,G,2025-10-15,SAC,0,2025,18.0,8,1,10,2,1,0,1,3,6,0,0,401812725
2991139,Kris Dunn,LAC,G,2025-10-15,SAC,0,2025,16.0,4,2,3,0,1,0,0,2,2,0,0,401812725
4397916,Jason Preston,LAC,G,2025-10-15,SAC,0,2025,9.0,0,2,1,0,0,0,0,0,1,0,0,401812725
4431752,Kobe Brown,LAC,G,2025-10-15,SAC,0,2025,7.0,2,3,0,0,1,0,0,1,1,0,0,401812725
4433246,Patrick Baldwin Jr.,LAC,G,2025-10-15,SAC,0,2025,8.0,2,1,0,0,1,0,1,1,3,0,0,401812725
4702352,Kobe Sanders,LAC,G,2025-10-15,SAC,0,2025,5.0,2,1,0,0,0,0,0,1,2,0,0,401812725
3032978,Dario Saric,SAC,F,2025-10-15,LAC,1,2025,17.0,5,2,1,1,0,0,0,2,6,0,0,401812725
3155942,Domantas Sabonis,SAC,F,2025-10-15,LAC,1,2025,24.0,15,14,5,0,1,0,4,7,14,1,2,401812725
3978,DeMar DeRozan,SAC,G,2025-10-15,LAC,1,2025,32.0,9,3,2,1,0,0,1,2,7,4,5,401812725
3032979,Dennis Schroder,SAC,G,2025-10-15,LAC,1,2025,26.0,4,1,1,0,0,0,0,2,9,0,0,401812725
3064440,Zach LaVine,SAC,G,2025-10-15,LAC,1,2025,28.0,13,4,6,1,3,0,0,6,11,0,0,401812725
2528588,Doug McDermott,SAC,F,2025-10-15,LAC,1,2025,4.0,0,1,1,0,1,0,0,0,2,0,0,401812725
3914285,Drew Eubanks,SAC,F,2025-10-15,LAC,1,2025,11.0,2,2,1,0,0,0,1,1,5,0,0,401812725
4433174,Dylan Cardwell,SAC,C,2025-10-15,LAC,1,2025,13.0,4,7,2,0,1,1,0,2,3,0,0,401812725
4898371,Maxime Raynaud,SAC,C,2025-10-15,LAC,1,2025,16.0,5,4,0,1,0,0,0,2,4,0,0,401812725
5107818,Isaac Jones,SAC,C,2025-10-15,LAC,1,2025,13.0,5,3,0,1,0,0,1,2,3,0,0,401812725
3919454,Terence Davis,SAC,G,2025-10-15,LAC,1,2025,5.0,0,0,1,0,0,0,0,0,2,0,0,401812725
4279318,Daeqwon Plowden,SAC,G,2025-10-15,LAC,1,2025,7.0,6,2,0,2,0,0,1,2,5,0,0,401812725
4432117,Isaiah Stevens,SAC,G,2025-10-15,LAC,1,2025,1.0,0,0,0,0,0,0,1,0,0,0,0,401812725
4433188,Devin Carter,SAC,G,2025-10-15,LAC,1,2025,16.0,4,2,2,0,1,0,0,2,8,0,0,401812725
4702177,Keon Ellis,SAC,G,2025-10-15,LAC,1,2025,8.0,0,0,0,0,0,0,2,0,1,0,0,401812725
4702384,Nique Clifford,SAC,G,2025-10-15,LAC,1,2025,20.0,19,3,0,2,1,0,2,8,13,1,1,401812725
6583,Anthony Davis,DAL,F,2025-10-15,LAL,0,2025,32.0,18,9,2,0,0,1,3,7,15,4,7,401812724
4278078,P.J. Washington,DAL,F,2025-10-15,LAL,0,2025,28.0,13,5,6,1,2,0,0,5,8,2,2,401812724
5041939,Cooper Flagg,DAL,F,2025-10-15,LAL,0,2025,28.0,13,2,3,0,0,0,0,5,11,3,3,401812724
4683688,Dereck Lively II,DAL,C,2025-10-15,LAL,0,2025,25.0,12,11,1,0,1,2,0,5,7,2,3,401812724
6475,Klay Thompson,DAL,G,2025-10-15,LAL,0,2025,18.0,12,1,1,2,0,0,0,4,11,2,2,401812724
2531367,Dwight Powell,DAL,F,2025-10-15,LAL,0,2025,9.0,4,2,1,0,2,0,0,2,2,0,0,401812724
4278594,Naji Marshall,DAL,F,2025-10-15,LAL,0,2025,22.0,6,3,2,0,0,0,1,3,8,0,0,401812724
4397885,Dalano Banton,DAL,F,2025-10-15,LAL,0,2025,6.0,3,2,1,1,1,0,1,1,2,0,0,401812724
4432813,Jeremiah Robinson-Earl,DAL,F,2025-10-15,LAL,0,2025,8.0,5,4,1,0,1,0,0,2,5,1,2,401812724
3136776,D'Angelo Russell,DAL,G,2025-10-15,LAL,0,2025,16.0,6,4,2,0,2,0,3,1,4,4,5,401812724
4397040,Brandon Williams,DAL,G,2025-10-15,LAL,0,2025,3.0,5,1,0,1,0,0,0,2,3,0,0,401812724
4432582,Max Christie,DAL,G,2025-10-15,LAL,0,2025,17.0,7,1,1,1,0,0,0,2,5,2,2,401812724
4433629,Ryan Nembhard,DAL,G,2025-10-15,LAL,0,2025,12.0,5,1,4,1,1,0,0,2,3,0,0,401812724
4696317,Miles Kelly,DAL,G,2025-10-15,LAL,0,2025,7.0,5,0,4,1,0,0,0,2,3,0,0,401812724
4868423,Jaden Hardy,DAL,G,2025-10-15,LAL,0,2025,10.0,7,0,1,1,1,0,0,2,2,2,2,401812724
4066648,Rui Hachimura,LAL,F,2025-10-15,DAL,1,2025,31.0,19,3,1,1,0,0,2,9,18,0,1,401812724
4278077,Jarred Vanderbilt,LAL,F,2025-10-15,DAL,1,2025,13.0,5,7,4,1,0,1,2,2,4,0,0,401812724
4897943,Dalton Knecht,LAL,F,2025-10-15,DAL,1,2025,35.0,8,8,7,1,1,0,2,3,12,1,2,401812724
4397077,Jaxson Hayes,LAL,C,2025-10-15,DAL,1,2025,25.0,12,10,4,0,1,1,0,5,8,2,4,401812724
3137259,Gabe Vincent,LAL,G,2025-10-15,DAL,1,2025,25.0,22,0,3,6,0,0,1,6,15,4,4,401812724
4431705,Anton Watson,LAL,F,2025-10-15,DAL,1,2025,15.0,2,3,1,0,1,0,2,0,2,2,2,401812724
4431778,Christian Koloko,LAL,C,2025-10-15,DAL,1,2025,17.0,4,7,1,0,0,4,2,1,3,2,2,401812724
4397821,Nate Williams,LAL,G,2025-10-15,DAL,1,2025,27.0,4,2,1,0,1,1,2,1,4,2,2,401812724
4433176,RJ Davis,LAL,G,2025-10-15,DAL,1,2025,27.0,10,2,0,1,0,0,1,4,10,1,1,401812724
4683686,Nick Smith Jr.,LAL,G,2025-10-15,DAL,1,2025,25.0,8,4,2,2,0,1,3,3,10,0,0,401812724
4277813,Herbert Jones,NO,F,2025-10-16,ORL,0,2025,21.0,7,3,1,0,2,0,1,1,4,5,6,401812726
4395628,Zion Williamson,NO,F,2025-10-16,ORL,0,2025,22.0,18,5,6,0,1,0,4,9,11,0,0,401812726
4397688,Trey Murphy III,NO,F,2025-10-16,ORL,0,2025,23.0,18,7,3,4,0,0,1,7,14,0,0,401812726
5061589,Yves Missi,NO,C,2025-10-16,ORL,0,2025,22.0,6,7,0,0,0,1,0,3,6,0,0,401812726
4277956,Jordan Poole,NO,G,2025-10-16,ORL,0,2025,25.0,21,0,2,2,1,0,0,7,15,5,5,401812726
4701228,Christian Shumate,NO,F,2025-10-16,ORL,0,2025,8.0,4,1,0,0,0,1,0,2,2,0,0,401812726
4432180,Hunter Dickinson,NO,C,2025-10-16,ORL,0,2025,23.0,12,5,3,0,2,0,0,6,9,0,0,401812726
4277869,Jose Alvarado,NO,G,2025-10-16,ORL,0,2025,13.0,0,2,2,0,0,0,1,0,3,0,0,401812726
4432164,Jaden Springer,NO,G,2025-10-16,ORL,0,2025,4.0,2,0,1,0,0,0,0,0,0,2,2,401812726
4432185,Micah Peavy,NO,G,2025-10-16,ORL,0,2025,24.0,2,4,3,0,0,0,2,1,4,0,0,401812726
4433268,Trey Alexander,NO,G,2025-10-16,ORL,0,2025,7.0,2,0,0,0,0,0,0,1,1,0,0,401812726
4576086,Bryce McGowens,NO,G,2025-10-16,ORL,0,2025,10.0,2,1,0,0,0,0,1,1,3,0,0,401812726
4683750,Jordan Hawkins,NO,G,2025-10-16,ORL,0,2025,17.0,15,1,1,2,0,0,2,6,11,1,1,401812726
5144091,Jeremiah Fears,NO,G,2025-10-16,ORL,0,2025,22.0,16,6,2,1,0,0,3,5,12,5,6,401812726
4432573,Paolo Banchero,ORL,F,2025-10-16,NO,1,2025,30.0,19,10,3,2,0,2,4,6,11,5,6,401812726
4566434,Franz Wagner,ORL,F,2025-10-16,NO,1,2025,25.0,24,2,3,3,2,0,0,8,14,5,6,401812726
4277847,Wendell Carter Jr.,ORL,C,2025-10-16,NO,1,2025,29.0,14,7,6,1,0,2,2,5,8,3,5,401812726
3135046,Tyus Jones,ORL,G,2025-10-16,NO,1,2025,24.0,5,1,5,1,1,0,1,2,4,0,0,401812726
4066320,Desmond Bane,ORL,G,2025-10-16,NO,1,2025,28.0,11,1,2,0,0,0,2,3,9,5,5,401812726
4065654,Jonathan Isaac,ORL,F,2025-10-16,NO,1,2025,13.0,13,6,0,0,0,2,1,6,7,1,1,401812726
4278572,Jamal Cain,ORL,F,2025-10-16,NO,1,2025,4.0,1,0,0,0,0,0,0,0,0,1,2,401812726
4702382,Tristan da Silva,ORL,F,2025-10-16,NO,1,2025,15.0,7,2,3,1,0,0,1,2,5,2,2,401812726
5214637,Noah Penda,ORL,F,2025-10-16,NO,1,2025,4.0,1,0,0,0,0,0,0,0,0,1,2,401812726
4348700,Goga Bitadze,ORL,C,2025-10-16,NO,1,2025,11.0,6,5,0,0,0,0,0,3,3,0,0,401812726
4593049,Orlando Robinson,ORL,C,2025-10-16,NO,1,2025,4.0,7,1,1,1,0,1,0,3,3,0,0,401812726
4431720,Lester Quinones,ORL,G,2025-10-16,NO,1,2025,3.0,5,0,0,1,0,0,1,2,2,0,0,401812726
4712849,Anthony Black,ORL,G,2025-10-16,NO,1,2025,21.0,11,1,3,2,2,0,1,3,7,3,4,401812726
5105806,Jett Howard,ORL,G,2025-10-16,NO,1,2025,16.0,5,1,1,1,0,0,1,1,4,2,2,401812726
5239561,Jase Richardson,ORL,G,2025-10-16,NO,1,2025,13.0,3,1,6,1,1,0,1,1,4,0,0,401812726
6609,Khris Middleton,WSH,F,2025-10-16,DET,0,2025,24.0,3,4,4,0,0,0,1,0,7,3,3,401812727
5174563,Kyshawn George,WSH,F,2025-10-16,DET,0,2025,27.0,20,6,2,1,1,1,2,8,11,3,5,401812727
5160992,Alex Sarr,WSH,C,2025-10-16,DET,0,2025,23.0,10,9,2,0,0,2,2,2,8,6,6,401812727
2490149,CJ McCollum,WSH,G,2025-10-16,DET,0,2025,24.0,17,4,2,4,1,0,2,6,13,1,1,401812727
4845374,Bub Carrington,WSH,G,2025-10-16,DET,0,2025,4.0,0,0,0,0,0,0,0,0,0,0,0,401812727
2581184,Anthony Gill,WSH,F,2025-10-16,DET,0,2025,4.0,2,1,0,0,0,0,0,1,2,0,0,401812727
4277848,Marvin Bagley III,WSH,F,2025-10-16,DET,0,2025,13.0,9,5,2,0,0,0,1,4,8,1,2,401812727
4280151,Corey Kispert,WSH,F,2025-10-16,DET,0,2025,23.0,12,5,2,1,1,0,2,5,13,1,2,401812727
4432907,Justin Champagnie,WSH,F,2025-10-16,DET,0,2025,17.0,5,1,0,0,1,0,0,1,3,3,4,401812727
4565201,Malaki Branham,WSH,F,2025-10-16,DET,0,2025,9.0,2,1,0,0,0,0,1,1,5,0,0,401812727
4702159,Dillon Jones,WSH,F,2025-10-16,DET,0,2025,6.0,0,2,0,0,0,0,0,0,0,0,0,401812727
4997537,Tristan Vukcevic,WSH,F,2025-10-16,DET,0,2025,8.0,7,1,0,1,0,0,1,1,3,4,4,401812727
4432173,Sharife Cooper,WSH,G,2025-10-16,DET,0,2025,6.0,5,0,1,1,0,0,2,1,2,2,2,401812727
4606840,Jamir Watkins,WSH,G,2025-10-16,DET,0,2025,8.0,0,2,0,0,0,0,2,0,0,0,0,401812727
5144126,Will Riley,WSH,G,2025-10-16,DET,0,2025,21.0,4,1,2,0,0,0,0,1,4,2,2,401812727
5238230,Tre Johnson,WSH,G,2025-10-16,DET,0,2025,23.0,2,6,2,0,1,1,3,1,8,0,0,401812727
6440,Tobias Harris,DET,F,2025-10-16,WSH,1,2025,27.0,9,4,4,0,0,2,0,4,8,1,2,401812727
3157465,Duncan Robinson,DET,F,2025-10-16,WSH,1,2025,21.0,10,0,1,3,0,0,1,3,8,1,1,401812727
4433621,Jalen Duren,DET,C,2025-10-16,WSH,1,2025,19.0,20,6,1,0,2,3,1,8,10,4,4,401812727
4432166,Cade Cunningham,DET,G,2025-10-16,WSH,1,2025,24.0,16,1,12,3,2,1,2,6,10,1,1,401812727
4684742,Ausar Thompson,DET,G,2025-10-16,WSH,1,2025,23.0,8,7,2,0,2,1,1,3,6,2,2,401812727
4278562,Paul Reed,DET,F,2025-10-16,WSH,1,2025,13.0,11,5,2,0,1,0,0,4,5,3,4,401812727
4397882,Tolu Smith,DET,F,2025-10-16,WSH,1,2025,7.0,0,2,1,0,0,1,1,0,2,0,0,401812727
4592843,Brice Williams,DET,F,2025-10-16,WSH,1,2025,6.0,3,0,0,1,0,1,0,1,2,0,0,401812727
4683771,Ronald Holland II,DET,F,2025-10-16,WSH,1,2025,22.0,4,3,4,0,1,0,3,2,2,0,1,401812727
4906923,Bobi Klintman,DET,F,2025-10-16,WSH,1,2025,8.0,2,1,0,0,0,0,1,1,4,0,0,401812727
4432810,Isaiah Stewart,DET,C,2025-10-16,WSH,1,2025,7.0,2,3,0,0,0,1,0,1,3,0,0,401812727
2596112,Javonte Green,DET,G,2025-10-16,WSH,1,2025,7.0,3,4,0,1,0,0,0,1,1,0,0,401812727
2991043,Caris LeVert,DET,G,2025-10-16,WSH,1,2025,10.0,3,3,1,1,0,1,1,1,4,0,0,401812727
4433378,Colby Jones,DET,G,2025-10-16,WSH,1,2025,6.0,8,2,0,2,2,0,1,3,4,0,0,401812727
4700852,Chaz Lanier,DET,G,2025-10-16,WSH,1,2025,23.0,9,0,4,3,1,1,0,3,8,0,0,401812727
5107199,Daniss Jenkins,DET,G,2025-10-16,WSH,1,2025,17.0,11,1,3,1,2,0,2,4,7,2,2,401812727
3209,Jeff Green,HOU,F,2025-10-16,ATL,0,2025,37.0,16,8,3,4,2,0,2,5,15,2,2,401812728
4592857,Isaiah Crawford,HOU,F,2025-10-16,ATL,0,2025,31.0,20,9,3,4,2,0,1,8,14,0,0,401812728
3922230,Aaron Holiday,HOU,G,2025-10-16,ATL,0,2025,34.0,16,5,6,0,1,0,1,5,12,6,6,401812728
4065663,Josh Okogie,HOU,G,2025-10-16,ATL,0,2025,32.0,28,3,3,2,2,3,2,8,15,10,12,401812728
4711272,Reed Sheppard,HOU,G,2025-10-16,ATL,0,2025,29.0,29,6,6,5,4,3,2,12,22,0,0,401812728
4432394,Cameron Matthews,HOU,F,2025-10-16,ATL,0,2025,23.0,0,1,2,0,2,0,2,0,0,0,0,401812728
4067858,Kevon Harris,HOU,G,2025-10-16,ATL,0,2025,21.0,10,7,0,2,0,0,1,2,5,4,4,401812728
4576085,JD Davison,HOU,G,2025-10-16,ATL,0,2025,33.0,14,4,6,2,4,0,2,5,11,2,3,401812728
4431680,Onyeka Okongwu,ATL,F,2025-10-16,HOU,1,2025,28.0,5,7,0,1,1,0,0,2,3,0,1,401812728
5211175,Zaccharie Risacher,ATL,F,2025-10-16,HOU,1,2025,25.0,24,8,3,2,2,1,2,10,18,2,2,401812728
3102531,Kristaps Porzingis,ATL,C,2025-10-16,HOU,1,2025,28.0,23,13,2,1,0,1,4,8,14,6,8,401812728
4277905,Trae Young,ATL,G,2025-10-16,HOU,1,2025,28.0,12,7,10,2,2,0,4,4,14,2,2,401812728
4278039,Nickeil Alexander-Walker,ATL,G,2025-10-16,HOU,1,2025,28.0,17,2,2,1,0,1,4,6,15,4,4,401812728
4433623,Caleb Houstan,ATL,F,2025-10-16,HOU,1,2025,5.0,0,0,0,0,1,0,0,0,2,0,0,401812728
4592461,Jacob Toppin,ATL,F,2025-10-16,HOU,1,2025,7.0,4,0,0,0,0,0,1,2,3,0,0,401812728
4873201,Asa Newell,ATL,F,2025-10-16,HOU,1,2025,21.0,6,4,1,0,0,2,1,2,3,2,2,401812728
4592401,N'Faly Dante,ATL,C,2025-10-16,HOU,1,2025,20.0,7,7,0,0,0,1,0,3,5,1,2,401812728
3913174,Luke Kennard,ATL,G,2025-10-16,HOU,1,2025,22.0,8,0,3,2,0,0,2,3,7,0,0,401812728
4279118,Keaton Wallace,ATL,G,2025-10-16,HOU,1,2025,17.0,6,1,5,0,0,0,1,2,5,2,2,401812728
4578893,Vit Krejci,ATL,G,2025-10-16,HOU,1,2025,12.0,3,4,0,1,0,0,1,1,4,0,0,401812728
3064514,Julius Randle,MIN,F,2025-10-16,CHI,0,2025,27.0,23,8,4,2,2,0,3,10,18,1,2,401812729
4431671,Jaden McDaniels,MIN,F,2025-10-16,CHI,0,2025,23.0,4,3,1,0,0,1,1,2,7,0,0,401812729
3032976,Rudy Gobert,MIN,C,2025-10-16,CHI,0,2025,26.0,16,8,1,0,1,2,2,7,12,2,5,401812729
3195,Mike Conley,MIN,G,2025-10-16,CHI,0,2025,20.0,3,2,6,1,1,0,1,1,2,0,0,401812729
4594268,Anthony Edwards,MIN,G,2025-10-16,CHI,0,2025,30.0,25,7,5,3,0,0,3,9,19,4,5,401812729
5044385,Leonard Miller,MIN,F,2025-10-16,CHI,0,2025,14.0,3,3,2,1,1,0,1,1,2,0,0,401812729
5279133,Joan Beringer,MIN,F,2025-10-16,CHI,0,2025,12.0,4,7,0,0,0,1,1,2,5,0,2,401812729
3934673,Donte DiVincenzo,MIN,G,2025-10-16,CHI,0,2025,18.0,9,3,0,1,0,0,2,4,8,0,0,401812729
4432247,Jaylen Clark,MIN,G,2025-10-16,CHI,0,2025,15.0,0,2,0,0,1,0,1,0,0,0,0,401812729
4432847,Terrence Shannon Jr.,MIN,G,2025-10-16,CHI,0,2025,24.0,14,3,7,2,2,0,3,5,12,2,4,401812729
4592492,Bones Hyland,MIN,G,2025-10-16,CHI,0,2025,8.0,6,1,0,2,1,0,1,2,4,0,0,401812729
4684275,Rob Dillingham,MIN,G,2025-10-16,CHI,0,2025,23.0,13,0,5,1,1,0,1,6,11,0,0,401812729
4397189,Jalen Smith,CHI,F,2025-10-16,MIN,1,2025,24.0,15,5,0,1,0,3,2,5,9,4,4,401812729
4711294,Matas Buzelis,CHI,F,2025-10-16,MIN,1,2025,25.0,19,1,1,2,1,2,1,8,13,1,3,401812729
6478,Nikola Vucevic,CHI,C,2025-10-16,MIN,1,2025,24.0,13,10,2,1,0,0,3,5,12,2,2,401812729
4395626,Tre Jones,CHI,G,2025-10-16,MIN,1,2025,24.0,8,5,4,0,4,0,1,3,6,2,4,401812729
4871145,Josh Giddey,CHI,G,2025-10-16,MIN,1,2025,29.0,14,7,9,0,1,0,3,5,10,4,6,401812729
4066650,Zach Collins,CHI,F,2025-10-16,MIN,1,2025,18.0,10,4,2,0,1,0,1,5,7,0,0,401812729
4432872,Emanuel Miller,CHI,F,2025-10-16,MIN,1,2025,3.0,2,1,0,0,0,1,0,1,1,0,0,401812729
5105553,Julian Phillips,CHI,F,2025-10-16,MIN,1,2025,22.0,17,6,1,1,0,0,0,5,10,6,6,401812729
5242496,Noa Essengue,CHI,F,2025-10-16,MIN,1,2025,9.0,2,0,1,0,0,0,1,1,2,0,0,401812729
3133635,Jevon Carter,CHI,G,2025-10-16,MIN,1,2025,13.0,12,0,1,4,1,0,0,4,9,0,0,401812729
4066372,Kevin Huerter,CHI,G,2025-10-16,MIN,1,2025,22.0,8,2,5,2,0,0,2,2,10,2,2,401812729
4433159,Dalen Terry,CHI,G,2025-10-16,MIN,1,2025,25.0,6,9,4,0,2,2,1,2,9,2,3,401812729
2991070,Jerami Grant,POR,F,2025-10-16,UTAH,0,2025,31.0,32,6,0,5,2,3,2,7,16,13,14,401812730
4683021,Deni Avdija,POR,F,2025-10-16,UTAH,0,2025,16.0,8,3,3,0,0,0,1,3,9,2,2,401812730
5105565,Donovan Clingan,POR,C,2025-10-16,UTAH,0,2025,29.0,9,10,2,1,0,3,1,3,8,2,4,401812730
3995,Jrue Holiday,POR,G,2025-10-16,UTAH,0,2025,32.0,24,7,7,6,2,0,3,8,13,2,2,401812730
4914336,Shaedon Sharpe,POR,G,2025-10-16,UTAH,0,2025,35.0,20,3,3,2,1,0,4,6,17,6,7,401812730
4594326,Kris Murray,POR,F,2025-10-16,UTAH,0,2025,19.0,5,6,2,1,1,0,0,1,1,2,4,401812730
5217746,Yang Hansen,POR,C,2025-10-16,UTAH,0,2025,15.0,3,0,1,1,1,1,3,1,2,0,0,401812730
4433144,Caleb Love,POR,G,2025-10-16,UTAH,0,2025,21.0,16,3,2,3,1,0,1,6,12,1,1,401812730
4683935,Blake Wesley,POR,G,2025-10-16,UTAH,0,2025,18.0,2,4,3,0,1,0,2,1,4,0,0,401812730
5081727,Sidy Cissoko,POR,G,2025-10-16,UTAH,0,2025,16.0,7,0,4,1,2,0,1,3,6,0,0,401812730
5099752,Rayan Rupert,POR,G,2025-10-16,UTAH,0,2025,8.0,3,3,1,1,0,0,1,1,2,0,0,401812730
4066336,Lauri Markkanen,UTAH,F,2025-10-16,POR,1,2025,21.0,15,3,5,1,0,1,3,6,10,2,2,401812730
4684793,Kyle Filipowski,UTAH,F,2025-10-16,POR,1,2025,24.0,9,2,0,1,2,0,0,2,7,4,4,401812730
4433136,Walker Kessler,UTAH,C,2025-10-16,POR,1,2025,26.0,14,10,8,1,2,2,1,6,9,1,2,401812730
3133602,Svi Mykhailiuk,UTAH,G,2025-10-16,POR,1,2025,26.0,15,2,4,5,0,0,2,5,13,0,0,401812730
4433627,Keyonte George,UTAH,G,2025-10-16,POR,1,2025,26.0,20,1,2,3,2,1,2,7,11,3,3,401812730
4593043,John Tonje,UTAH,F,2025-10-16,POR,1,2025,10.0,2,3,0,0,0,0,1,0,3,2,2,401812730
4684806,Taylor Hendricks,UTAH,F,2025-10-16,POR,1,2025,25.0,8,7,2,1,0,0,0,3,4,1,2,401812730
5105839,Brice Sensabaugh,UTAH,F,2025-10-16,POR,1,2025,21.0,12,5,1,1,0,0,4,4,7,3,4,401812730
3102530,Jusuf Nurkic,UTAH,C,2025-10-16,POR,1,2025,14.0,12,4,1,0,0,0,0,3,6,6,8,401812730
4277919,Mo Bamba,UTAH,C,2025-10-16,POR,1,2025,9.0,8,3,2,1,0,1,0,1,3,5,6,401812730
4397449,Elijah Harkless,UTAH,G,2025-10-16,POR,1,2025,21.0,9,0,0,0,2,0,0,1,4,7,8,401812730
4896372,Walter Clayton Jr.,UTAH,G,2025-10-16,POR,1,2025,19.0,8,3,5,0,1,0,2,3,9,2,2,401812730
4278104,Michael Porter Jr.,BKN,F,2025-10-17,TOR,0,2025,33.0,34,10,3,6,0,0,4,12,20,4,5,401812731
4278067,Nic Claxton,BKN,C,2025-10-17,TOR,0,2025,28.0,13,11,5,0,1,1,5,6,10,1,1,401812731
3907823,Terance Mann,BKN,G,2025-10-17,TOR,0,2025,23.0,6,3,1,2,0,1,0,2,4,0,0,401812731
4432174,Cam Thomas,BKN,G,2025-10-17,TOR,0,2025,32.0,7,1,6,0,1,0,2,1,10,5,6,401812731
5242502,Ben Saraf,BKN,G,2025-10-17,TOR,0,2025,22.0,3,1,5,0,1,0,4,1,4,1,2,401812731
4433137,Ziaire Williams,BKN,F,2025-10-17,TOR,0,2025,28.0,20,2,0,4,1,0,0,8,14,0,0,401812731
4712896,Noah Clowney,BKN,F,2025-10-17,TOR,0,2025,16.0,3,2,1,0,0,0,0,0,6,3,4,401812731
4432194,Day'Ron Sharpe,BKN,C,2025-10-17,TOR,0,2025,19.0,6,4,5,0,1,0,3,2,3,2,2,401812731
4397179,Tyrese Martin,BKN,G,2025-10-17,TOR,0,2025,11.0,7,6,0,1,0,0,0,3,5,0,0,401812731
5037873,Drake Powell,BKN,G,2025-10-17,TOR,0,2025,2.0,0,0,0,0,0,0,0,0,0,0,0,401812731
5175643,Egor Demin,BKN,G,2025-10-17,TOR,0,2025,19.0,14,5,1,2,0,1,2,3,5,6,7,401812731
5279130,Nolan Traore,BKN,G,2025-10-17,TOR,0,2025,6.0,1,1,1,0,0,0,3,0,1,1,2,401812731
3913176,Brandon Ingram,TOR,F,2025-10-17,BKN,1,2025,34.0,13,4,6,1,3,1,3,5,9,2,2,401812731
4395625,RJ Barrett,TOR,F,2025-10-17,BKN,1,2025,33.0,25,4,4,3,1,1,1,9,17,4,7,401812731
4433134,Scottie Barnes,TOR,F,2025-10-17,BKN,1,2025,35.0,31,6,4,0,3,1,3,10,15,11,12,401812731
3134908,Jakob Poeltl,TOR,C,2025-10-17,BKN,1,2025,24.0,10,10,1,0,2,2,1,5,15,0,0,401812731
4395724,Immanuel Quickley,TOR,G,2025-10-17,BKN,1,2025,34.0,18,3,10,5,1,0,3,6,16,1,2,401812731
4278580,Sandro Mamukelashvili,TOR,F,2025-10-17,BKN,1,2025,18.0,10,5,2,0,1,1,1,5,6,0,0,401812731
5107897,Jonathan Mogbo,TOR,F,2025-10-17,BKN,1,2025,1.0,0,0,0,0,0,0,0,0,0,0,0,401812731
4397018,Ochai Agbaji,TOR,G,2025-10-17,BKN,1,2025,17.0,2,2,1,0,0,0,0,1,4,0,0,401812731
4432241,Jamal Shead,TOR,G,2025-10-17,BKN,1,2025,14.0,0,1,4,0,0,1,1,0,0,0,0,401812731
4684272,Ja'Kobe Walter,TOR,G,2025-10-17,BKN,1,2025,9.0,3,2,4,1,0,0,0,1,2,0,0,401812731
5106258,Gradey Dick,TOR,G,2025-10-17,BKN,1,2025,21.0,7,3,1,0,1,0,0,2,7,3,4,401812731
5044385,Leonard Miller,MIN,F,2025-10-17,PHI,0,2025,31.0,21,5,3,2,2,0,5,7,10,5,5,401812732
5279133,Joan Beringer,MIN,F,2025-10-17,PHI,0,2025,28.0,13,3,1,0,1,3,0,6,7,1,3,401812732
4432247,Jaylen Clark,MIN,G,2025-10-17,PHI,0,2025,21.0,14,2,2,2,0,0,1,3,8,6,6,401812732
4432817,Johnny Juzang,MIN,G,2025-10-17,PHI,0,2025,22.0,8,6,0,0,0,1,1,4,10,0,0,401812732
4684275,Rob Dillingham,MIN,G,2025-10-17,PHI,0,2025,26.0,11,2,7,0,1,0,5,5,11,1,2,401812732
4067045,Alize Johnson,MIN,F,2025-10-17,PHI,0,2025,11.0,4,4,0,0,0,0,1,1,4,2,4,401812732
4592699,Enrique Freeman,MIN,F,2025-10-17,PHI,0,2025,14.0,3,5,0,1,0,0,1,1,2,0,0,401812732
5157587,Rocco Zikarsky,MIN,C,2025-10-17,PHI,0,2025,20.0,9,4,2,1,1,1,1,3,5,2,2,401812732
4397127,Jules Bernard,MIN,G,2025-10-17,PHI,0,2025,11.0,11,1,0,1,1,0,0,2,4,6,6,401812732
4592492,Bones Hyland,MIN,G,2025-10-17,PHI,0,2025,20.0,10,4,2,2,1,0,3,4,11,0,0,401812732
4592965,Tristen Newton,MIN,G,2025-10-17,PHI,0,2025,20.0,3,2,3,0,1,0,3,0,5,3,4,401812732
4592979,Zyon Pullin,MIN,G,2025-10-17,PHI,0,2025,16.0,3,1,2,1,1,0,1,1,3,0,0,401812732
3059318,Joel Embiid,PHI,C,2025-10-17,MIN,1,2025,19.0,14,7,8,2,3,0,4,5,10,2,2,401812732
5105637,Adem Bona,PHI,C,2025-10-17,MIN,1,2025,23.0,4,7,0,0,0,1,0,2,5,0,0,401812732
3133603,Kelly Oubre Jr.,PHI,G,2025-10-17,MIN,1,2025,25.0,4,3,1,0,0,1,1,1,8,2,2,401812732
4431678,Tyrese Maxey,PHI,G,2025-10-17,MIN,1,2025,30.0,27,4,7,3,2,1,3,10,17,4,4,401812732
5124612,VJ Edgecombe,PHI,G,2025-10-17,MIN,1,2025,34.0,26,6,3,2,5,0,1,10,18,4,4,401812732
4432446,Jabari Walker,PHI,F,2025-10-17,MIN,1,2025,20.0,8,4,0,0,0,0,3,2,5,4,4,401812732
4711297,Justin Edwards,PHI,F,2025-10-17,MIN,1,2025,15.0,0,2,2,0,1,1,2,0,3,0,0,401812732
4870562,Dominick Barlow,PHI,F,2025-10-17,MIN,1,2025,20.0,6,5,0,0,0,0,0,3,6,0,1,401812732
6585,Andre Drummond,PHI,C,2025-10-17,MIN,1,2025,10.0,7,4,0,0,0,2,0,3,6,1,2,401812732
3056245,Malcolm Hill,PHI,G,2025-10-17,MIN,1,2025,5.0,6,1,0,2,1,0,0,2,3,0,0,401812732
4397014,Quentin Grimes,PHI,G,2025-10-17,MIN,1,2025,26.0,22,2,5,4,3,0,2,7,13,4,4,401812732
4432646,Kennedy Chandler,PHI,G,2025-10-17,MIN,1,2025,5.0,0,0,1,0,0,0,0,0,1,0,0,401812732
4433281,Hunter Sallis,PHI,G,2025-10-17,MIN,1,2025,9.0,2,2,0,0,0,0,1,1,2,0,0,401812732
4066383,Miles Bridges,CHA,F,2025-10-17,NY,0,2025,18.0,20,5,0,4,0,0,2,8,13,0,0,401812733
4433249,Moussa Diabate,CHA,F,2025-10-17,NY,0,2025,23.0,11,5,1,0,3,1,1,3,4,5,6,401812733
4277811,Collin Sexton,CHA,G,2025-10-17,NY,0,2025,27.0,21,2,10,5,1,0,9,6,9,4,4,401812733
5061575,Kon Knueppel,CHA,G,2025-10-17,NY,0,2025,24.0,12,5,3,1,2,0,3,5,12,1,1,401812733
5239590,Liam McNeeley,CHA,G,2025-10-17,NY,0,2025,31.0,11,2,4,1,1,0,1,4,9,2,2,401812733
4397689,Drew Peterson,CHA,F,2025-10-17,NY,0,2025,11.0,3,3,1,1,0,0,1,1,4,0,0,401812733
5211176,Tidjane Salaun,CHA,F,2025-10-17,NY,0,2025,29.0,9,10,3,1,0,0,2,4,9,0,2,401812733
2488653,Mason Plumlee,CHA,C,2025-10-17,NY,0,2025,10.0,3,3,0,0,0,0,1,1,2,1,3,401812733
4576060,Ryan Kalkbrenner,CHA,C,2025-10-17,NY,0,2025,15.0,6,1,2,0,0,1,0,3,3,0,0,401812733
2578239,Pat Connaughton,CHA,G,2025-10-17,NY,0,2025,4.0,3,0,0,1,1,0,0,1,2,0,0,401812733
4592686,Antonio Reeves,CHA,G,2025-10-17,NY,0,2025,12.0,4,0,0,0,0,0,1,2,3,0,0,401812733
4602025,Sion James,CHA,G,2025-10-17,NY,0,2025,15.0,1,2,2,0,0,0,0,0,2,1,2,401812733
4683834,KJ Simpson,CHA,G,2025-10-17,NY,0,2025,21.0,4,3,4,0,1,1,0,1,11,2,2,401812733
5289900,Mohamed Diawara,NY,F,2025-10-17,CHA,1,2025,21.0,8,7,3,0,2,0,3,3,7,2,2,401812733
4395623,Trey Jemison III,NY,C,2025-10-17,CHA,1,2025,26.0,2,7,4,0,0,1,0,1,2,0,0,401812733
2528426,Jordan Clarkson,NY,G,2025-10-17,CHA,1,2025,23.0,13,3,3,2,2,0,2,5,13,1,2,401812733
3147657,Mikal Bridges,NY,G,2025-10-17,CHA,1,2025,33.0,16,7,4,2,2,2,3,7,16,0,0,401812733
3934672,Jalen Brunson,NY,G,2025-10-17,CHA,1,2025,34.0,31,7,6,5,1,0,6,12,25,2,3,401812733
4017844,Guerschon Yabusele,NY,F,2025-10-17,CHA,1,2025,22.0,6,3,1,2,1,1,0,2,8,0,0,401812733
4871141,Ariel Hukporti,NY,C,2025-10-17,CHA,1,2025,22.0,5,5,2,0,0,0,1,2,2,1,2,401812733
3914044,Landry Shamet,NY,G,2025-10-17,CHA,1,2025,20.0,11,1,0,3,0,0,0,3,5,2,2,401812733
4431823,Miles McBride,NY,G,2025-10-17,CHA,1,2025,24.0,15,2,4,4,2,0,0,4,9,3,5,401812733
4433225,Tyler Kolek,NY,G,2025-10-17,CHA,1,2025,14.0,6,2,1,0,1,0,0,2,5,2,2,401812733
4277961,Jaren Jackson Jr.,MEM,F,2025-10-17,MIA,0,2025,26.0,16,3,2,1,0,0,4,4,13,7,9,401812734
5112087,Jaylen Wells,MEM,F,2025-10-17,MIA,0,2025,22.0,21,4,1,3,0,0,0,7,10,4,4,401812734
3146557,Jock Landale,MEM,C,2025-10-17,MIA,0,2025,17.0,12,6,1,1,0,0,1,5,6,1,1,401812734
2581018,Kentavious Caldwell-Pope,MEM,G,2025-10-17,MIA,0,2025,24.0,10,5,2,2,0,0,1,4,8,0,0,401812734
4065733,Ty Jerome,MEM,G,2025-10-17,MIA,0,2025,4.0,0,2,2,0,1,0,2,0,0,0,2,401812734
4593125,Santi Aldama,MEM,F,2025-10-17,MIA,0,2025,16.0,9,5,0,1,0,0,1,4,11,0,0,401812734
4595400,Olivier-Maxence Prosper,MEM,F,2025-10-17,MIA,0,2025,24.0,11,6,5,0,2,1,1,4,8,3,5,401812734
4903027,Cedric Coward,MEM,F,2025-10-17,MIA,0,2025,25.0,7,4,2,0,1,1,1,1,3,5,6,401812734
5105550,GG Jackson,MEM,F,2025-10-17,MIA,0,2025,12.0,13,2,0,3,1,1,1,5,6,0,0,401812734
4596528,Lawson Lovering,MEM,C,2025-10-17,MIA,0,2025,2.0,0,0,0,0,0,0,0,0,0,0,0,401812734
4701225,PJ Hall,MEM,C,2025-10-17,MIA,0,2025,10.0,10,7,0,1,0,0,0,2,4,5,6,401812734
3134932,John Konchar,MEM,G,2025-10-17,MIA,0,2025,15.0,5,2,1,1,0,1,0,1,2,2,4,401812734
4396629,Nate Hinton,MEM,G,2025-10-17,MIA,0,2025,2.0,0,0,0,0,0,0,1,0,0,0,0,401812734
4433083,Cam Spencer,MEM,G,2025-10-17,MIA,0,2025,21.0,11,3,5,3,1,0,0,3,8,2,2,401812734
4781746,Javon Small,MEM,G,2025-10-17,MIA,0,2025,21.0,16,1,5,4,0,0,0,6,8,0,0,401812734
3059319,Andrew Wiggins,MIA,F,2025-10-17,MEM,1,2025,23.0,10,3,5,1,0,0,1,4,8,1,2,401812734
4066261,Bam Adebayo,MIA,C,2025-10-17,MEM,1,2025,26.0,23,8,4,2,2,1,2,9,17,3,5,401812734
5105623,Kel'el Ware,MIA,C,2025-10-17,MEM,1,2025,30.0,20,14,0,0,1,1,1,7,15,6,6,401812734
2595516,Norman Powell,MIA,G,2025-10-17,MEM,1,2025,25.0,23,0,6,3,1,0,1,8,13,4,5,401812734
4278053,Davion Mitchell,MIA,G,2025-10-17,MEM,1,2025,18.0,10,0,2,1,0,0,1,4,4,1,1,401812734
3899664,Simone Fontecchio,MIA,F,2025-10-17,MEM,1,2025,18.0,8,3,1,2,0,0,0,3,5,0,0,401812734
4431772,Myron Gardner,MIA,F,2025-10-17,MEM,1,2025,5.0,2,2,0,0,0,0,1,1,1,0,0,401812734
4431786,Keshad Johnson,MIA,F,2025-10-17,MEM,1,2025,8.0,0,2,1,0,0,0,1,0,1,0,0,401812734
4432848,Jaime Jaquez Jr.,MIA,F,2025-10-17,MEM,1,2025,27.0,3,1,6,1,0,0,1,1,8,0,0,401812734
4700818,Vladislav Goldin,MIA,C,2025-10-17,MEM,1,2025,4.0,3,0,0,0,0,0,0,1,1,1,2,401812734
3074752,Terry Rozier,MIA,G,2025-10-17,MEM,1,2025,11.0,4,2,0,0,1,0,0,2,4,0,0,401812734
4066993,Dru Smith,MIA,G,2025-10-17,MEM,1,2025,12.0,4,3,1,0,0,0,1,0,0,4,4,401812734
4278516,Ethan Thompson,MIA,G,2025-10-17,MEM,1,2025,4.0,3,0,1,1,0,0,1,1,3,0,0,401812734
4433133,Jahmir Young,MIA,G,2025-10-17,MEM,1,2025,7.0,7,0,1,1,0,0,1,3,5,0,0,401812734
4601025,Pelle Larsson,MIA,G,2025-10-17,MEM,1,2025,21.0,5,0,1,1,0,0,2,2,6,0,0,401812734
3138196,Cameron Johnson,DEN,F,2025-10-17,OKC,0,2025,25.0,9,6,4,2,0,0,2,3,9,1,2,401812735
6477,Jonas Valanciunas,DEN,C,2025-10-17,OKC,0,2025,21.0,5,5,2,1,0,2,1,2,5,0,0,401812735
2528210,Tim Hardaway Jr.,DEN,G,2025-10-17,OKC,0,2025,22.0,13,3,1,4,0,0,1,4,7,1,2,401812735
4065670,Bruce Brown,DEN,G,2025-10-17,OKC,0,2025,25.0,10,5,2,2,0,0,1,3,8,2,2,401812735
4576087,Peyton Watson,DEN,G,2025-10-17,OKC,0,2025,25.0,15,6,4,1,1,1,6,5,11,4,4,401812735
4395620,Hunter Tyson,DEN,F,2025-10-17,OKC,0,2025,11.0,2,3,2,0,1,0,0,1,6,0,0,401812735
4397693,Kessler Edwards,DEN,F,2025-10-17,OKC,0,2025,4.0,0,0,0,0,0,0,1,0,0,0,0,401812735
4431690,Zeke Nnaji,DEN,F,2025-10-17,OKC,0,2025,21.0,5,3,0,1,5,0,0,2,8,0,0,401812735
4433607,DaRon Holmes II,DEN,F,2025-10-17,OKC,0,2025,12.0,0,4,1,0,0,0,0,0,3,0,0,401812735
4592427,Spencer Jones,DEN,F,2025-10-17,OKC,0,2025,12.0,0,2,0,0,4,0,0,0,2,0,0,401812735
4397126,Moses Brown,DEN,C,2025-10-17,OKC,0,2025,4.0,1,3,0,0,0,0,0,0,2,1,2,401812735
4398390,Jalen Pickett,DEN,G,2025-10-17,OKC,0,2025,25.0,12,1,4,2,1,1,1,5,9,0,0,401812735
4432181,Julian Strawther,DEN,G,2025-10-17,OKC,0,2025,18.0,14,3,2,4,1,0,0,5,8,0,2,401812735
4683933,Tamar Bates,DEN,G,2025-10-17,OKC,0,2025,6.0,3,0,0,0,0,0,0,1,3,1,2,401812735
4898369,Curtis Jones,DEN,G,2025-10-17,OKC,0,2025,8.0,2,1,1,0,0,1,0,1,5,0,1,401812735
4222252,Isaiah Hartenstein,OKC,C,2025-10-17,DEN,1,2025,16.0,6,3,1,0,1,1,0,3,6,0,0,401812735
4433255,Chet Holmgren,OKC,C,2025-10-17,DEN,1,2025,19.0,9,6,3,1,1,1,2,3,8,2,2,401812735
2991350,Alex Caruso,OKC,G,2025-10-17,DEN,1,2025,11.0,3,1,0,1,0,0,3,1,3,0,0,401812735
4278073,Shai Gilgeous-Alexander,OKC,G,2025-10-17,DEN,1,2025,18.0,12,4,5,2,1,0,1,5,5,0,0,401812735
4397020,Luguentz Dort,OKC,G,2025-10-17,DEN,1,2025,19.0,8,2,0,2,0,0,0,3,9,0,0,401812735
4432823,Jaylin Williams,OKC,F,2025-10-17,DEN,1,2025,20.0,8,7,2,2,0,1,2,3,6,0,0,401812735
4684208,Brooks Barnhizer,OKC,F,2025-10-17,DEN,1,2025,24.0,0,4,2,0,3,0,1,0,2,0,0,401812735
4897449,Malevy Leons,OKC,F,2025-10-17,DEN,1,2025,13.0,7,3,2,1,0,1,1,1,1,4,4,401812735
4997526,Ousmane Dieng,OKC,F,2025-10-17,DEN,1,2025,20.0,17,4,1,2,1,1,1,6,12,3,4,401812735
4592435,Branden Carlson,OKC,C,2025-10-17,DEN,1,2025,15.0,7,5,1,1,0,0,0,2,5,2,3,401812735
4397183,Aaron Wiggins,OKC,G,2025-10-17,DEN,1,2025,22.0,2,1,2,0,1,0,3,1,7,0,0,401812735
4683692,Cason Wallace,OKC,G,2025-10-17,DEN,1,2025,19.0,10,4,2,2,0,0,3,4,10,0,0,401812735
4706557,Chris Youngblood,OKC,G,2025-10-17,DEN,1,2025,23.0,5,5,1,1,0,0,0,2,10,0,0,401812735
3149673,Pascal Siakam,IND,F,2025-10-17,SA,0,2025,18.0,9,2,4,1,0,0,2,3,5,2,2,401812736
4432170,Isaiah Jackson,IND,F,2025-10-17,SA,0,2025,15.0,8,2,0,0,2,0,0,4,7,0,0,401812736
4395712,Andrew Nembhard,IND,G,2025-10-17,SA,0,2025,18.0,10,2,5,2,1,0,3,4,11,0,0,401812736
4396909,Aaron Nesmith,IND,G,2025-10-17,SA,0,2025,18.0,12,1,3,2,1,0,1,5,7,0,0,401812736
4683634,Bennedict Mathurin,IND,G,2025-10-17,SA,0,2025,18.0,11,4,0,1,0,0,2,4,6,2,3,401812736
4278355,Obi Toppin,IND,F,2025-10-17,SA,0,2025,20.0,2,2,2,0,1,0,0,1,7,0,0,401812736
4398207,Jalen Slawson,IND,F,2025-10-17,SA,0,2025,15.0,2,1,1,0,1,1,3,0,3,2,2,401812736
4398356,Gabe McGlothan,IND,F,2025-10-17,SA,0,2025,20.0,5,2,2,1,1,0,1,2,7,0,0,401812736
4065673,Tony Bradley,IND,C,2025-10-17,SA,0,2025,7.0,4,3,0,0,0,0,2,2,2,0,0,401812736
4065731,Jay Huff,IND,C,2025-10-17,SA,0,2025,14.0,9,5,1,1,0,2,2,2,7,4,4,401812736
4432808,James Wiseman,IND,C,2025-10-17,SA,0,2025,19.0,6,2,0,0,0,0,0,3,6,0,0,401812736
3064230,Cameron Payne,IND,PG,2025-10-17,SA,0,2025,15.0,10,1,2,2,1,0,1,3,9,2,2,401812736
4431941,RayJ Dennis,IND,G,2025-10-17,SA,0,2025,9.0,2,4,1,0,0,1,0,1,6,0,0,401812736
4433076,Ben Sheppard,IND,G,2025-10-17,SA,0,2025,12.0,5,2,1,1,0,1,0,2,4,0,0,401812736
4703421,Taelon Peter,IND,G,2025-10-17,SA,0,2025,22.0,9,5,4,1,1,1,2,3,7,2,2,401812736
6578,Harrison Barnes,SA,F,2025-10-17,IND,1,2025,21.0,9,1,2,1,1,1,0,2,2,4,4,401812736
4592479,Julian Champagnie,SA,F,2025-10-17,IND,1,2025,23.0,15,3,0,5,0,1,1,5,6,0,0,401812736
5104157,Victor Wembanyama,SA,F,2025-10-17,IND,1,2025,24.0,17,12,1,1,1,4,4,7,9,2,2,401812736
4395630,Devin Vassell,SA,G,2025-10-17,IND,1,2025,23.0,10,3,4,1,1,1,1,4,8,1,2,401812736
4845367,Stephon Castle,SA,G,2025-10-17,IND,1,2025,25.0,16,2,9,1,2,0,1,5,9,5,6,401812736
4395723,Keldon Johnson,SA,F,2025-10-17,IND,1,2025,17.0,12,1,1,0,0,0,0,6,12,0,0,401812736
4713010,David Jones Garcia,SA,F,2025-10-17,IND,1,2025,6.0,1,1,1,0,1,0,0,0,1,1,2,401812736
5061568,Carter Bryant,SA,F,2025-10-17,IND,1,2025,21.0,7,4,4,1,0,1,0,2,8,2,2,401812736
5177362,Riley Minix,SA,F,2025-10-17,IND,1,2025,10.0,3,3,2,1,0,0,0,1,2,0,0,401812736
3064560,Luke Kornet,SA,C,2025-10-17,IND,1,2025,21.0,15,6,0,0,0,1,2,5,7,5,5,401812736
4066399,Micah Potter,SA,C,2025-10-17,IND,1,2025,10.0,11,0,0,2,1,1,1,3,6,3,3,401812736
3134916,Jordan McLaughlin,SA,G,2025-10-17,IND,1,2025,11.0,3,1,3,1,1,0,1,1,2,0,0,401812736
4279532,Stanley Umude,SA,G,2025-10-17,IND,1,2025,10.0,8,3,1,0,0,0,0,3,5,2,2,401812736
5037871,Dylan Harper,SA,G,2025-10-17,IND,1,2025,19.0,6,2,3,0,1,0,4,3,10,0,2,401812736
3936099,Derrick Jones Jr.,LAC,F,2025-10-17,GS,0,2025,7.0,4,0,2,0,3,0,0,2,2,0,0,401812737
4017837,Ivica Zubac,LAC,C,2025-10-17,GS,0,2025,17.0,2,3,2,0,2,0,4,1,3,0,0,401812737
6580,Bradley Beal,LAC,G,2025-10-17,GS,0,2025,15.0,12,2,0,0,1,1,3,6,9,0,0,401812737
2991139,Kris Dunn,LAC,G,2025-10-17,GS,0,2025,7.0,4,1,3,0,0,0,0,2,4,0,1,401812737
4431752,Kobe Brown,LAC,G,2025-10-17,GS,0,2025,26.0,6,9,1,2,1,0,3,2,8,0,0,401812737
3908845,John Collins,LAC,F,2025-10-17,GS,0,2025,9.0,0,1,1,0,0,1,1,0,4,0,0,401812737
4702785,Jahmyl Telfort,LAC,F,2025-10-17,GS,0,2025,16.0,9,3,0,1,0,0,0,4,7,0,0,401812737
5108024,Yanic Konan Niederhauser,LAC,C,2025-10-17,GS,0,2025,26.0,13,11,3,0,0,2,4,5,10,3,4,401812737
3037789,Bogdan Bogdanovic,LAC,G,2025-10-17,GS,0,2025,14.0,4,0,3,0,0,0,0,2,4,0,0,401812737
4396818,Jordan Miller,LAC,G,2025-10-17,GS,0,2025,13.0,7,6,0,0,2,0,2,3,6,1,2,401812737
4397916,Jason Preston,LAC,G,2025-10-17,GS,0,2025,15.0,6,3,3,0,0,0,0,2,3,2,4,401812737
4433246,Patrick Baldwin Jr.,LAC,G,2025-10-17,GS,0,2025,18.0,0,5,3,0,0,0,2,0,5,0,0,401812737
4683749,TyTy Washington Jr.,LAC,G,2025-10-17,GS,0,2025,9.0,2,1,5,0,1,0,0,1,2,0,0,401812737
4702352,Kobe Sanders,LAC,G,2025-10-17,GS,0,2025,37.0,25,4,2,4,1,0,2,8,15,5,6,401812737
4845363,Cam Christie,LAC,G,2025-10-17,GS,0,2025,12.0,12,0,2,1,0,0,0,4,6,3,4,401812737
6589,Draymond Green,GS,F,2025-10-17,LAC,1,2025,22.0,9,5,3,1,3,0,5,4,5,0,1,401812737
3213,Al Horford,GS,C,2025-10-17,LAC,1,2025,20.0,10,0,2,1,0,0,1,4,8,1,1,401812737
3975,Stephen Curry,GS,G,2025-10-17,LAC,1,2025,30.0,20,4,5,4,0,1,1,7,16,2,2,401812737
4709138,Brandin Podziemski,GS,G,2025-10-17,LAC,1,2025,20.0,5,2,1,1,0,0,6,2,4,0,0,401812737
4897262,Will Richard,GS,G,2025-10-17,LAC,1,2025,27.0,13,4,0,3,3,0,1,5,14,0,0,401812737
4066889,Jackson Rowe,GS,F,2025-10-17,LAC,1,2025,3.0,0,1,1,0,0,0,0,0,0,0,0,401812737
4431684,Trayce Jackson-Davis,GS,F,2025-10-17,LAC,1,2025,12.0,8,2,0,0,0,1,2,4,5,0,0,401812737
4997536,Gui Santos,GS,F,2025-10-17,LAC,1,2025,23.0,7,3,1,1,1,0,1,3,4,0,0,401812737
4593016,Quinten Post,GS,C,2025-10-17,LAC,1,2025,17.0,3,4,2,1,0,1,2,1,6,0,0,401812737
2990984,Buddy Hield,GS,G,2025-10-17,LAC,1,2025,23.0,11,2,1,3,1,0,2,4,10,0,0,401812737
3134903,Gary Payton II,GS,G,2025-10-17,LAC,1,2025,16.0,8,3,1,0,2,0,0,3,6,2,4,401812737
4433149,LJ Cryer,GS,G,2025-10-17,LAC,1,2025,8.0,0,4,2,0,1,0,0,0,1,0,0,401812737
4592714,Pat Spencer,GS,G,2025-10-17,LAC,1,2025,20.0,9,5,6,0,1,0,2,3,7,3,3,401812737
3914285,Drew Eubanks,SAC,F,2025-10-17,LAL,0,2025,20.0,10,5,4,0,1,2,2,3,4,4,6,401812738
5107818,Isaac Jones,SAC,C,2025-10-17,LAL,0,2025,23.0,10,3,2,0,0,1,1,4,4,2,3,401812738
3032979,Dennis Schroder,SAC,G,2025-10-17,LAL,0,2025,28.0,25,3,2,1,1,0,2,10,17,4,4,401812738
3064440,Zach LaVine,SAC,G,2025-10-17,LAL,0,2025,28.0,15,4,6,3,0,0,4,4,11,4,4,401812738
4702384,Nique Clifford,SAC,G,2025-10-17,LAL,0,2025,33.0,13,5,7,1,1,0,2,5,12,2,2,401812738
3032978,Dario Saric,SAC,F,2025-10-17,LAL,0,2025,25.0,10,6,0,2,0,1,1,3,6,2,2,401812738
4433174,Dylan Cardwell,SAC,C,2025-10-17,LAL,0,2025,13.0,1,7,0,0,0,0,1,0,0,1,2,401812738
4898371,Maxime Raynaud,SAC,C,2025-10-17,LAL,0,2025,16.0,9,2,0,0,0,0,1,3,4,3,5,401812738
4279318,Daeqwon Plowden,SAC,G,2025-10-17,LAL,0,2025,15.0,2,1,0,0,1,0,0,1,2,0,0,401812738
4433188,Devin Carter,SAC,G,2025-10-17,LAL,0,2025,14.0,2,2,3,0,1,0,2,1,3,0,0,401812738
4702177,Keon Ellis,SAC,G,2025-10-17,LAL,0,2025,26.0,20,2,2,6,2,0,0,7,12,0,0,401812738
4066648,Rui Hachimura,LAL,F,2025-10-17,SAC,1,2025,30.0,18,1,1,4,1,0,0,6,10,2,2,401812738
4278129,Deandre Ayton,LAL,C,2025-10-17,SAC,1,2025,30.0,12,9,2,0,0,1,1,5,8,2,4,401812738
3137259,Gabe Vincent,LAL,G,2025-10-17,SAC,1,2025,23.0,14,0,2,4,1,0,0,5,6,0,0,401812738
3945274,Luka Doncic,LAL,G,2025-10-17,SAC,1,2025,32.0,31,5,9,6,1,1,3,8,16,9,12,401812738
4066457,Austin Reaves,LAL,G,2025-10-17,SAC,1,2025,33.0,8,4,8,0,2,0,2,3,15,2,2,401812738
2960236,Maxi Kleber,LAL,F,2025-10-17,SAC,1,2025,10.0,3,2,0,0,0,0,2,0,1,3,4,401812738
4278077,Jarred Vanderbilt,LAL,F,2025-10-17,SAC,1,2025,14.0,4,2,0,0,0,1,0,2,6,0,0,401812738
4592691,Jake LaRavia,LAL,F,2025-10-17,SAC,1,2025,21.0,0,0,3,0,0,0,0,0,2,0,0,401812738
4897943,Dalton Knecht,LAL,F,2025-10-17,SAC,1,2025,6.0,5,1,0,1,0,0,0,2,4,0,0,401812738
4397077,Jaxson Hayes,LAL,C,2025-10-17,SAC,1,2025,8.0,6,4,0,0,1,0,0,3,4,0,1,401812738
4431778,Christian Koloko,LAL,C,2025-10-17,SAC,1,2025,4.0,1,1,1,0,0,0,0,0,0,1,2,401812738
2990992,Marcus Smart,LAL,G,2025-10-17,SAC,1,2025,23.0,14,3,2,2,4,0,1,5,11,2,2,401812738
4683686,Nick Smith Jr.,LAL,G,2025-10-17,SAC,1,2025,4.0,0,1,0,0,0,0,0,0,3,0,0,401812738
